First Name,Last Name,Headline,Job Title,Company,Location,Industry,Email,Linkedin,Profile Picture,Languages,Date of Birth,Followers,Enriched Private Email,Enriched Business Email,Enriched Phone,Notes,Tags,Last contact date,Date Connected,Mutual Connection
Laura,Peters,PD | sonstige | Mammographie | EBIR,"sonstige, Klinik für Mammographie",Klinikum Birkweiler,"Germany, Birkweiler, Rheinland-Pfalz, Germany",Medical Practices,laura.peters@mail.de,https://www.linkedin.com/in/laura-peters-493495/,https://media.licdn.com/dms/image/v2/C5603AQFt22gzn2sul0vtfkw65i8wo3s7p7cx3e8xpxqpncwcsp/profile-displayphoto-shrink_200_200/0/1634918689088?e=2147483647&v=beta&t=ANtxAwI7SwAKbYJ-yaUuLBaL61Ea4ybtVAYfj1oFSCM,,,,,,,,"LinkedIn,LinkedIn 1st",,2024-06-27 15:43,No
Felix,König,PD | Facharzt | Psychiatrie | EBIR,"Facharzt, Klinik für Psychiatrie",Klinikum Geußnitz,"Germany, Geußnitz, Sachsen-Anhalt, Germany",Medical Practices,felix.könig@mail.de,https://www.linkedin.com/in/felix-könig-659467/,https://media.licdn.com/dms/image/v2/C5603AQFmmbcnpm73080kzu6sxu5cji9tctwi2yapipi7sy248v/profile-displayphoto-shrink_200_200/0/1634918689088?e=2147483647&v=beta&t=ANtxAwI7SwAKbYJ-yaUuLBaL61Ea4ybtVAYfj1oFSCM,,,,,,,,"LinkedIn,LinkedIn 1st",,2026-10-18 11:34,No
Ben,Böhm,Prof. Dr. | Ltd. OA | Pädiatrie/ Kindermedizin | EBIR,"Ltd. OA, Klinik für Pädiatrie/ Kindermedizin",Klinikum Plattling,"Germany, Plattling, Bayern, Germany",Medical Practices,ben.böhm@mail.de,https://www.linkedin.com/in/ben-böhm-742479/,https://media.licdn.com/dms/image/v2/C5603AQFipgexgvny752z2t3voabamohq2axurt2wpfrermd3r6/profile-displayphoto-shrink_200_200/0/1634918689088?e=2147483647&v=beta&t=ANtxAwI7SwAKbYJ-yaUuLBaL61Ea4ybtVAYfj1oFSCM,,,,,,,,"LinkedIn,LinkedIn 1st",,2025-10-09 10:12,No
Julia,Frank,Dr. med. | Ltd. OA | Pädiatrie/ Kindermedizin | EBIR,"Ltd. OA, Klinik für Pädiatrie/ Kindermedizin",Klinikum Wasserleben,"Germany, Wasserleben, Sachsen-Anhalt, Germany",Medical Practices,julia.frank@mail.de,https://www.linkedin.com/in/julia-frank-337644/,https://media.licdn.com/dms/image/v2/C5603AQFpgn6tjib9v4dvjc2th95trlnqewqqntebr8o8ikbzjw/profile-displayphoto-shrink_200_200/0/1634918689088?e=2147483647&v=beta&t=ANtxAwI7SwAKbYJ-yaUuLBaL61Ea4ybtVAYfj1oFSCM,,,,,,,,"LinkedIn,LinkedIn 1st",,2023-12-22 10:35,No
Jan,Haas,Dr. med. | Ltd. OA | Diagnostische und Interventionelle Radiologie | EBIR,"Ltd. OA, Klinik für Diagnostische und Interventionelle Radiologie",Klinikum Rödinghausen,"Germany, Rödinghausen, Nordrhein-Westfalen, Germany",Medical Practices,jan.haas@mail.de,https://www.linkedin.com/in/jan-haas-237208/,https://media.licdn.com/dms/image/v2/C5603AQFh3gnvgnepdlh4tyeyu4u0jlbqln6m6xu2mcmvbrmtk0/profile-displayphoto-shrink_200_200/0/1634918689088?e=2147483647&v=beta&t=ANtxAwI7SwAKbYJ-yaUuLBaL61Ea4ybtVAYfj1oFSCM,,,,,,,,"LinkedIn,LinkedIn 1st",,2024-09-13 12:50,No
Tobias,Schneider,Dr. med. | Oberarzt | Neuroradiologie | EBIR,"Oberarzt, Klinik für Neuroradiologie",Klinikum Fehrbellin Deutschhof,"Germany, Fehrbellin Deutschhof, Brandenburg, Germany",Medical Practices,tobias.schneider@mail.de,https://www.linkedin.com/in/tobias-schneider-503258/,https://media.licdn.com/dms/image/v2/C5603AQF1eltxmjq70nkn8zkqd2m596qfquco3pwbft5098fxen/profile-displayphoto-shrink_200_200/0/1634918689088?e=2147483647&v=beta&t=ANtxAwI7SwAKbYJ-yaUuLBaL61Ea4ybtVAYfj1oFSCM,,,,,,,,"LinkedIn,LinkedIn 1st",,2024-07-23 16:48,No
Peter,Braun,Ltd. OA | Pädiatrie/ Kindermedizin | EBIR,"Ltd. OA, Klinik für Pädiatrie/ Kindermedizin",Klinikum Fahrbinde,"Germany, Fahrbinde, Mecklenburg-Vorpommern, Germany",Medical Practices,peter.braun@mail.de,https://www.linkedin.com/in/peter-braun-268455/,https://media.licdn.com/dms/image/v2/C5603AQFzra4v3lfa7vz0gg7bcc2nco8tui2fitms9f15jwldq9/profile-displayphoto-shrink_200_200/0/1634918689088?e=2147483647&v=beta&t=ANtxAwI7SwAKbYJ-yaUuLBaL61Ea4ybtVAYfj1oFSCM,,,,,,,,"LinkedIn,LinkedIn 1st",,2026-08-04 11:44,No
Fabian,Albrecht,Prof. Dr. | Ltd. OA | Mammographie | EBIR,"Ltd. OA, Klinik für Mammographie",Klinikum Drewitz,"Germany, Drewitz, Brandenburg, Germany",Medical Practices,fabian.albrecht@mail.de,https://www.linkedin.com/in/fabian-albrecht-156262/,https://media.licdn.com/dms/image/v2/C5603AQF2zcezdyqz6ydnhijjua9wnzt50q8wi22ezshzjq112f/profile-displayphoto-shrink_200_200/0/1634918689088?e=2147483647&v=beta&t=ANtxAwI7SwAKbYJ-yaUuLBaL61Ea4ybtVAYfj1oFSCM,,,,,,,,"LinkedIn,LinkedIn 1st",,2026-10-16 18:27,No
Melissa,Groß,Dr. med. | Oberarzt | Nuklearmedizin | EBIR,"Oberarzt, Klinik für Nuklearmedizin",Klinikum Norheim,"Germany, Norheim, Rheinland-Pfalz, Germany",Medical Practices,melissa.groß@mail.de,https://www.linkedin.com/in/melissa-groß-268268/,https://media.licdn.com/dms/image/v2/C5603AQF8l4tsv51oe9b3lgc0kyo65f8vo5zui3c42fjdhtx11p/profile-displayphoto-shrink_200_200/0/1634918689088?e=2147483647&v=beta&t=ANtxAwI7SwAKbYJ-yaUuLBaL61Ea4ybtVAYfj1oFSCM,,,,,,,,"LinkedIn,LinkedIn 1st",,2023-11-12 08:25,No
Andreas,Vogel,PD | Gesellschafter | Neuroradiologie | EBIR,"Gesellschafter, Klinik für Neuroradiologie",Klinikum Großkorbetha,"Germany, Großkorbetha, Sachsen-Anhalt, Germany",Medical Practices,andreas.vogel@mail.de,https://www.linkedin.com/in/andreas-vogel-342966/,https://media.licdn.com/dms/image/v2/C5603AQFed2cw2dxv39y1jxcojyceun6qytvi0i05l4ibfb4htz/profile-displayphoto-shrink_200_200/0/1634918689088?e=2147483647&v=beta&t=ANtxAwI7SwAKbYJ-yaUuLBaL61Ea4ybtVAYfj1oFSCM,,,,,,,,"LinkedIn,LinkedIn 1st",,2026-08-11 13:33,No
Luise,Schumacher,Gesellschafter | Diagnostische und Interventionelle Radiologie | EBIR,"Gesellschafter, Klinik für Diagnostische und Interventionelle Radiologie",Klinikum Rehsen,"Germany, Rehsen, Sachsen-Anhalt, Germany",Medical Practices,luise.schumacher@mail.de,https://www.linkedin.com/in/luise-schumacher-420759/,https://media.licdn.com/dms/image/v2/C5603AQFmkzn70iuwsyh1s940k11yg4uc89zsfsz7ryfifia65u/profile-displayphoto-shrink_200_200/0/1634918689088?e=2147483647&v=beta&t=ANtxAwI7SwAKbYJ-yaUuLBaL61Ea4ybtVAYfj1oFSCM,,,,,,,,"LinkedIn,LinkedIn 1st",,2023-04-20 08:44,No
Sebastian,Krämer,PD | MTRA | Innere Medizin | EBIR,"MTRA, Klinik für Innere Medizin",Klinikum Waldbreitbach,"Germany, Waldbreitbach, Rheinland-Pfalz, Germany",Medical Practices,sebastian.krämer@mail.de,https://www.linkedin.com/in/sebastian-krämer-461877/,https://media.licdn.com/dms/image/v2/C5603AQFs7xboeo9pvaap1hflya4b4p7nyzvwyx3tgv2jyzmdjq/profile-displayphoto-shrink_200_200/0/1634918689088?e=2147483647&v=beta&t=ANtxAwI7SwAKbYJ-yaUuLBaL61Ea4ybtVAYfj1oFSCM,,,,,,,,"LinkedIn,LinkedIn 1st",,2025-02-23 13:25,No
Emily,Schulz,Gesellschafter | Mammographie | EBIR,"Gesellschafter, Klinik für Mammographie",Klinikum Gerstungen,"Germany, Gerstungen, Thüringen, Germany",Medical Practices,emily.schulz@mail.de,https://www.linkedin.com/in/emily-schulz-399050/,https://media.licdn.com/dms/image/v2/C5603AQFaon7hwatqllilb4oihyn6kqt5xt8zjg068llykrod0a/profile-displayphoto-shrink_200_200/0/1634918689088?e=2147483647&v=beta&t=ANtxAwI7SwAKbYJ-yaUuLBaL61Ea4ybtVAYfj1oFSCM,,,,,,,,"LinkedIn,LinkedIn 1st",,2026-04-13 18:02,No
Emma,Müller,Dr. med. | Oberarzt | Psychiatrie | EBIR,"Oberarzt, Klinik für Psychiatrie",Klinikum Singen,"Germany, Singen, Baden-Württemberg, Germany",Medical Practices,emma.müller@mail.de,https://www.linkedin.com/in/emma-müller-423657/,https://media.licdn.com/dms/image/v2/C5603AQFnkwb6h8whm96ngc053gb2xqe8klc40mkl7vpzoszs32/profile-displayphoto-shrink_200_200/0/1634918689088?e=2147483647&v=beta&t=ANtxAwI7SwAKbYJ-yaUuLBaL61Ea4ybtVAYfj1oFSCM,,,,,,,,"LinkedIn,LinkedIn 1st",,2023-02-24 10:11,No
Ben,König,Prof. Dr. | Facharzt | Pädiatrie/ Kindermedizin | EBIR,"Facharzt, Klinik für Pädiatrie/ Kindermedizin","Klinikum Falkenberg Kruge/Gersdorf, Gersdorf","Germany, Falkenberg Kruge/Gersdorf, Gersdorf, Brandenburg, Germany",Medical Practices,ben.könig@mail.de,https://www.linkedin.com/in/ben-könig-178222/,https://media.licdn.com/dms/image/v2/C5603AQFl4cgz6dkwu3ytub6bok4alko2cvx9j8pat0enim86tt/profile-displayphoto-shrink_200_200/0/1634918689088?e=2147483647&v=beta&t=ANtxAwI7SwAKbYJ-yaUuLBaL61Ea4ybtVAYfj1oFSCM,,,,,,,,"LinkedIn,LinkedIn 1st",,2026-12-03 10:47,No
Hannah,Schmitz,Prof. Dr. | sonstige | Pädiatrie | EBIR,"sonstige, Klinik für Pädiatrie",Klinikum Urnshausen,"Germany, Urnshausen, Thüringen, Germany",Medical Practices,hannah.schmitz@mail.de,https://www.linkedin.com/in/hannah-schmitz-658850/,https://media.licdn.com/dms/image/v2/C5603AQFvtqfxoydhxjfwh13h8uh429xg0b3tcqa3c85xq9dqyu/profile-displayphoto-shrink_200_200/0/1634918689088?e=2147483647&v=beta&t=ANtxAwI7SwAKbYJ-yaUuLBaL61Ea4ybtVAYfj1oFSCM,,,,,,,,"LinkedIn,LinkedIn 1st",,2024-09-01 18:59,No
Louis,Walter,sonstige | Psychiatrie | EBIR,"sonstige, Klinik für Psychiatrie",Klinikum Niederkirchen,"Germany, Niederkirchen, Rheinland-Pfalz, Germany",Medical Practices,louis.walter@mail.de,https://www.linkedin.com/in/louis-walter-526285/,https://media.licdn.com/dms/image/v2/C5603AQFbgnc8dh5jfiawxg3n9ixfkownvettju3om89tzpy745/profile-displayphoto-shrink_200_200/0/1634918689088?e=2147483647&v=beta&t=ANtxAwI7SwAKbYJ-yaUuLBaL61Ea4ybtVAYfj1oFSCM,,,,,,,,"LinkedIn,LinkedIn 1st",,2023-11-17 16:27,No
Birgit,Becker,Dr. med. | Ltd. OA | Diagnostische und Interventionelle Radiologie | EBIR,"Ltd. OA, Klinik für Diagnostische und Interventionelle Radiologie",Klinikum Schwendi,"Germany, Schwendi, Baden-Württemberg, Germany",Medical Practices,birgit.becker@mail.de,https://www.linkedin.com/in/birgit-becker-962229/,https://media.licdn.com/dms/image/v2/C5603AQF7itdadpr362etqn521yhpytvrxzl7p0ryctzzhphiv5/profile-displayphoto-shrink_200_200/0/1634918689088?e=2147483647&v=beta&t=ANtxAwI7SwAKbYJ-yaUuLBaL61Ea4ybtVAYfj1oFSCM,,,,,,,,"LinkedIn,LinkedIn 1st",,2026-01-11 11:17,No
Martin,Groß,Dr. med. | Standortleiter | Pädiatrie/ Kindermedizin | EBIR,"Standortleiter, Klinik für Pädiatrie/ Kindermedizin",Klinikum Breuberg,"Germany, Breuberg, Hessen, Germany",Medical Practices,martin.groß@mail.de,https://www.linkedin.com/in/martin-groß-186224/,https://media.licdn.com/dms/image/v2/C5603AQFwbsrjg97wf3tc964v7ebttqf11oiwcjdwmbbk02qx6g/profile-displayphoto-shrink_200_200/0/1634918689088?e=2147483647&v=beta&t=ANtxAwI7SwAKbYJ-yaUuLBaL61Ea4ybtVAYfj1oFSCM,,,,,,,,"LinkedIn,LinkedIn 1st",,2023-01-13 18:09,No
Anna,Schmid,Prof. Dr. | Assistenzarzt | Chirurgie | EBIR,"Assistenzarzt, Klinik für Chirurgie",Klinikum Wust,"Germany, Wust, Sachsen-Anhalt, Germany",Medical Practices,anna.schmid@mail.de,https://www.linkedin.com/in/anna-schmid-746353/,https://media.licdn.com/dms/image/v2/C5603AQFcndv7swta16qcsvl8obgts71ydpw7fkod7iok9u11pl/profile-displayphoto-shrink_200_200/0/1634918689088?e=2147483647&v=beta&t=ANtxAwI7SwAKbYJ-yaUuLBaL61Ea4ybtVAYfj1oFSCM,,,,,,,,"LinkedIn,LinkedIn 1st",,2026-06-25 09:02,No
Finn,Peters,Dr. med. | Standortleiter | Mammographie | EBIR,"Standortleiter, Klinik für Mammographie",Klinikum Groß Döbbern,"Germany, Groß Döbbern, Brandenburg, Germany",Medical Practices,finn.peters@mail.de,https://www.linkedin.com/in/finn-peters-883230/,https://media.licdn.com/dms/image/v2/C5603AQFbdhyfhm5w58l2flhvg7w2azd99pefzl60gbhmzkb7uv/profile-displayphoto-shrink_200_200/0/1634918689088?e=2147483647&v=beta&t=ANtxAwI7SwAKbYJ-yaUuLBaL61Ea4ybtVAYfj1oFSCM,,,,,,,,"LinkedIn,LinkedIn 1st",,2026-01-15 18:10,No
David,Werner,Dr. | Gesellschafter | Anästhesie | EBIR,"Gesellschafter, Klinik für Anästhesie",Klinikum Morscheid,"Germany, Morscheid, Rheinland-Pfalz, Germany",Medical Practices,david.werner@mail.de,https://www.linkedin.com/in/david-werner-900976/,https://media.licdn.com/dms/image/v2/C5603AQFofjn6e2kt2al8d2ypo05v2p849y3281pzw2owhi33gp/profile-displayphoto-shrink_200_200/0/1634918689088?e=2147483647&v=beta&t=ANtxAwI7SwAKbYJ-yaUuLBaL61Ea4ybtVAYfj1oFSCM,,,,,,,,"LinkedIn,LinkedIn 1st",,2024-11-15 11:35,No
Finn,Braun,PD | MTRA | Gynäkologie | EBIR,"MTRA, Klinik für Gynäkologie",Klinikum Villenbach,"Germany, Villenbach, Bayern, Germany",Medical Practices,finn.braun@mail.de,https://www.linkedin.com/in/finn-braun-430131/,https://media.licdn.com/dms/image/v2/C5603AQFxkap3hrb7zhiq2gglyj0f7hxdxrvmkmut0uwbn78mwo/profile-displayphoto-shrink_200_200/0/1634918689088?e=2147483647&v=beta&t=ANtxAwI7SwAKbYJ-yaUuLBaL61Ea4ybtVAYfj1oFSCM,,,,,,,,"LinkedIn,LinkedIn 1st",,2026-03-28 15:23,No
Oskar,Schröder,Prof. Dr. | Oberarzt | Pädiatrie/ Kindermedizin | EBIR,"Oberarzt, Klinik für Pädiatrie/ Kindermedizin",Klinikum Drachselsried,"Germany, Drachselsried, Bayern, Germany",Medical Practices,oskar.schröder@mail.de,https://www.linkedin.com/in/oskar-schröder-880116/,https://media.licdn.com/dms/image/v2/C5603AQFr0fdk74twdcxwhg9n0y8ammt8lutowdz9yd3o9jzvei/profile-displayphoto-shrink_200_200/0/1634918689088?e=2147483647&v=beta&t=ANtxAwI7SwAKbYJ-yaUuLBaL61Ea4ybtVAYfj1oFSCM,,,,,,,,"LinkedIn,LinkedIn 1st",,2024-05-19 11:18,No
Tim,Frank,Prof. Dr. | Ltd. OA | Pädiatrie/ Kindermedizin | EBIR,"Ltd. OA, Klinik für Pädiatrie/ Kindermedizin",Klinikum Willingen,"Germany, Willingen, Rheinland-Pfalz, Germany",Medical Practices,tim.frank@mail.de,https://www.linkedin.com/in/tim-frank-521452/,https://media.licdn.com/dms/image/v2/C5603AQFi7gxcy5jiho8vy72wumemm8mly2kx41kevuojxn4mp6/profile-displayphoto-shrink_200_200/0/1634918689088?e=2147483647&v=beta&t=ANtxAwI7SwAKbYJ-yaUuLBaL61Ea4ybtVAYfj1oFSCM,,,,,,,,"LinkedIn,LinkedIn 1st",,2026-06-28 12:33,No
Oliver,Winkler,Prof. Dr. | Assistenzarzt | Neuroradiologie | EBIR,"Assistenzarzt, Klinik für Neuroradiologie",Klinikum Hamburg Eilbek,"Germany, Hamburg Eilbek, Hamburg, Germany",Medical Practices,oliver.winkler@mail.de,https://www.linkedin.com/in/oliver-winkler-648230/,https://media.licdn.com/dms/image/v2/C5603AQF409bkt5sx1cz6zzdgmvskt24fsbg2e28mv1oeo0k8c3/profile-displayphoto-shrink_200_200/0/1634918689088?e=2147483647&v=beta&t=ANtxAwI7SwAKbYJ-yaUuLBaL61Ea4ybtVAYfj1oFSCM,,,,,,,,"LinkedIn,LinkedIn 1st",,2023-07-02 18:46,No
Elias,Lange,Standortleiter | Innere Medizin | EBIR,"Standortleiter, Klinik für Innere Medizin",Klinikum Schwabmünchen,"Germany, Schwabmünchen, Bayern, Germany",Medical Practices,elias.lange@mail.de,https://www.linkedin.com/in/elias-lange-509583/,https://media.licdn.com/dms/image/v2/C5603AQFzrf0d5s5fkm039hgmjo23atmxbrptnz5gqjlmcof7g6/profile-displayphoto-shrink_200_200/0/1634918689088?e=2147483647&v=beta&t=ANtxAwI7SwAKbYJ-yaUuLBaL61Ea4ybtVAYfj1oFSCM,,,,,,,,"LinkedIn,LinkedIn 1st",,2025-01-09 17:27,No
Amelie,Krause,Prof. Dr. | Facharzt | Mammographie | EBIR,"Facharzt, Klinik für Mammographie",Klinikum Geilenkirchen,"Germany, Geilenkirchen, Nordrhein-Westfalen, Germany",Medical Practices,amelie.krause@mail.de,https://www.linkedin.com/in/amelie-krause-469319/,https://media.licdn.com/dms/image/v2/C5603AQFhk21r9f2yppf1v8e087snux20etq5zov92ih4d1k7cg/profile-displayphoto-shrink_200_200/0/1634918689088?e=2147483647&v=beta&t=ANtxAwI7SwAKbYJ-yaUuLBaL61Ea4ybtVAYfj1oFSCM,,,,,,,,"LinkedIn,LinkedIn 1st",,2026-07-07 16:45,No
Frank,Albrecht,Gesellschafter | Kinderradiologie | EBIR,"Gesellschafter, Klinik für Kinderradiologie",Klinikum Bad Bramstedt,"Germany, Bad Bramstedt, Schleswig-Holstein, Germany",Medical Practices,frank.albrecht@mail.de,https://www.linkedin.com/in/frank-albrecht-631722/,https://media.licdn.com/dms/image/v2/C5603AQFyyr738ucwg2boyr1lp8t8gv2kfyvtktp919vw10d3gu/profile-displayphoto-shrink_200_200/0/1634918689088?e=2147483647&v=beta&t=ANtxAwI7SwAKbYJ-yaUuLBaL61Ea4ybtVAYfj1oFSCM,,,,,,,,"LinkedIn,LinkedIn 1st",,2026-07-27 15:13,No
Peter,Simon,Dr. | Gesellschafter | Anästhesie | EBIR,"Gesellschafter, Klinik für Anästhesie",Klinikum Dreikirchen,"Germany, Dreikirchen, Rheinland-Pfalz, Germany",Medical Practices,peter.simon@mail.de,https://www.linkedin.com/in/peter-simon-575478/,https://media.licdn.com/dms/image/v2/C5603AQFxxkskl8ah5k0scen63yujyzboh40zvg7lq6au2sbx0x/profile-displayphoto-shrink_200_200/0/1634918689088?e=2147483647&v=beta&t=ANtxAwI7SwAKbYJ-yaUuLBaL61Ea4ybtVAYfj1oFSCM,,,,,,,,"LinkedIn,LinkedIn 1st",,2026-04-20 11:08,No
Birgit,Schmid,sonstige | Orthopädie & UCH | EBIR,"sonstige, Klinik für Orthopädie & UCH",Klinikum Clenze Groß Sachau,"Germany, Clenze Groß Sachau, Niedersachsen, Germany",Medical Practices,birgit.schmid@mail.de,https://www.linkedin.com/in/birgit-schmid-103936/,https://media.licdn.com/dms/image/v2/C5603AQFs1ufy2sohhjwufesza129r0d4e5y9qtq7v64ia5m6l6/profile-displayphoto-shrink_200_200/0/1634918689088?e=2147483647&v=beta&t=ANtxAwI7SwAKbYJ-yaUuLBaL61Ea4ybtVAYfj1oFSCM,,,,,,,,"LinkedIn,LinkedIn 1st",,2023-02-14 11:30,No
Ida,Weber,Dr. | Facharzt | Psychiatrie | EBIR,"Facharzt, Klinik für Psychiatrie",Klinikum Stockach,"Germany, Stockach, Baden-Württemberg, Germany",Medical Practices,ida.weber@mail.de,https://www.linkedin.com/in/ida-weber-738975/,https://media.licdn.com/dms/image/v2/C5603AQF8958sh2cszkl5o7zxa5iotzeznjvugt0l2lj3ceet9x/profile-displayphoto-shrink_200_200/0/1634918689088?e=2147483647&v=beta&t=ANtxAwI7SwAKbYJ-yaUuLBaL61Ea4ybtVAYfj1oFSCM,,,,,,,,"LinkedIn,LinkedIn 1st",,2024-05-05 08:33,No
Frieda,Schuster,MTRA | Innere Medizin | EBIR,"MTRA, Klinik für Innere Medizin",Klinikum Lebehn,"Germany, Lebehn, Mecklenburg-Vorpommern, Germany",Medical Practices,frieda.schuster@mail.de,https://www.linkedin.com/in/frieda-schuster-345948/,https://media.licdn.com/dms/image/v2/C5603AQFgnj127fmls0qwerjrjo953xdn41iov7k6ij2gr6gpf9/profile-displayphoto-shrink_200_200/0/1634918689088?e=2147483647&v=beta&t=ANtxAwI7SwAKbYJ-yaUuLBaL61Ea4ybtVAYfj1oFSCM,,,,,,,,"LinkedIn,LinkedIn 1st",,2024-11-09 16:35,No
Vanessa,Keller,PD | Assistenzarzt | Orthopädie & UCH | EBIR,"Assistenzarzt, Klinik für Orthopädie & UCH",Klinikum Balingen,"Germany, Balingen, Baden-Württemberg, Germany",Medical Practices,vanessa.keller@mail.de,https://www.linkedin.com/in/vanessa-keller-780775/,https://media.licdn.com/dms/image/v2/C5603AQF9s8h8nz698xipksgt1erttibj8re4k9lkf5dkdwt6tu/profile-displayphoto-shrink_200_200/0/1634918689088?e=2147483647&v=beta&t=ANtxAwI7SwAKbYJ-yaUuLBaL61Ea4ybtVAYfj1oFSCM,,,,,,,,"LinkedIn,LinkedIn 1st",,2023-07-18 12:13,No
Simon,Böhm,Dr. med. | Chefarzt | Innere Medizin | EBIR,"Chefarzt, Klinik für Innere Medizin",Klinikum Bockhorn Jührdenerfeld,"Germany, Bockhorn Jührdenerfeld, Niedersachsen, Germany",Medical Practices,simon.böhm@mail.de,https://www.linkedin.com/in/simon-böhm-767206/,https://media.licdn.com/dms/image/v2/C5603AQF262zfjge7k5i31ml4i9h72o8j1j870y7q6btnfpkpho/profile-displayphoto-shrink_200_200/0/1634918689088?e=2147483647&v=beta&t=ANtxAwI7SwAKbYJ-yaUuLBaL61Ea4ybtVAYfj1oFSCM,,,,,,,,"LinkedIn,LinkedIn 1st",,2026-01-25 09:38,No
Tim,Schneider,Dr. | Ltd. OA | Pädiatrie/ Kindermedizin | EBIR,"Ltd. OA, Klinik für Pädiatrie/ Kindermedizin",Klinikum Brennberg,"Germany, Brennberg, Bayern, Germany",Medical Practices,tim.schneider@mail.de,https://www.linkedin.com/in/tim-schneider-996039/,https://media.licdn.com/dms/image/v2/C5603AQFn9h8ckwazwibbzwc7th6nakuiqw9gzcltwdfvhq5zme/profile-displayphoto-shrink_200_200/0/1634918689088?e=2147483647&v=beta&t=ANtxAwI7SwAKbYJ-yaUuLBaL61Ea4ybtVAYfj1oFSCM,,,,,,,,"LinkedIn,LinkedIn 1st",,2023-05-02 16:00,No
Oliver,Krause,Dr. med. | sonstige | Pädiatrie/ Kindermedizin | EBIR,"sonstige, Klinik für Pädiatrie/ Kindermedizin",Klinikum Pahlen,"Germany, Pahlen, Schleswig-Holstein, Germany",Medical Practices,oliver.krause@mail.de,https://www.linkedin.com/in/oliver-krause-247391/,https://media.licdn.com/dms/image/v2/C5603AQFn2g48sz5hw3wq7ky8tmojcj0hb3105wy16rs540riu7/profile-displayphoto-shrink_200_200/0/1634918689088?e=2147483647&v=beta&t=ANtxAwI7SwAKbYJ-yaUuLBaL61Ea4ybtVAYfj1oFSCM,,,,,,,,"LinkedIn,LinkedIn 1st",,2023-02-02 13:17,No
Lena,Schuster,Assistenzarzt | Pädiatrie/ Kindermedizin | EBIR,"Assistenzarzt, Klinik für Pädiatrie/ Kindermedizin",Klinikum Cottbus,"Germany, Cottbus, Brandenburg, Germany",Medical Practices,lena.schuster@mail.de,https://www.linkedin.com/in/lena-schuster-565891/,https://media.licdn.com/dms/image/v2/C5603AQF2bddfr8t62vr2wezq4xoj5shtwftso44m7zze2xot4f/profile-displayphoto-shrink_200_200/0/1634918689088?e=2147483647&v=beta&t=ANtxAwI7SwAKbYJ-yaUuLBaL61Ea4ybtVAYfj1oFSCM,,,,,,,,"LinkedIn,LinkedIn 1st",,2023-08-04 09:46,No
Moritz,Schubert,Dr. med. | MTRA | Pädiatrie | EBIR,"MTRA, Klinik für Pädiatrie",Klinikum Rollwitz,"Germany, Rollwitz, Mecklenburg-Vorpommern, Germany",Medical Practices,moritz.schubert@mail.de,https://www.linkedin.com/in/moritz-schubert-191997/,https://media.licdn.com/dms/image/v2/C5603AQF29bjszps9sbhuov2gs3sjq9el9yzvb655ssmbmg9281/profile-displayphoto-shrink_200_200/0/1634918689088?e=2147483647&v=beta&t=ANtxAwI7SwAKbYJ-yaUuLBaL61Ea4ybtVAYfj1oFSCM,,,,,,,,"LinkedIn,LinkedIn 1st",,2023-10-28 13:58,No
Matteo,Vogel,Prof. Dr. | Facharzt | Nuklearmedizin | EBIR,"Facharzt, Klinik für Nuklearmedizin",Klinikum Neuberend,"Germany, Neuberend, Schleswig-Holstein, Germany",Medical Practices,matteo.vogel@mail.de,https://www.linkedin.com/in/matteo-vogel-919134/,https://media.licdn.com/dms/image/v2/C5603AQFfmjfzgfrqydeujj61hpamgrjowr34v055tz4pm849uc/profile-displayphoto-shrink_200_200/0/1634918689088?e=2147483647&v=beta&t=ANtxAwI7SwAKbYJ-yaUuLBaL61Ea4ybtVAYfj1oFSCM,,,,,,,,"LinkedIn,LinkedIn 1st",,2023-02-12 15:19,No
Philipp,Huber,Dr. med. | Ltd. OA | Chirurgie | EBIR,"Ltd. OA, Klinik für Chirurgie",Klinikum Weitenhagen,"Germany, Weitenhagen, Mecklenburg-Vorpommern, Germany",Medical Practices,philipp.huber@mail.de,https://www.linkedin.com/in/philipp-huber-935790/,https://media.licdn.com/dms/image/v2/C5603AQFkgn21gwvp256dlq4cd8w093y0iryama7q0xbd3yh04b/profile-displayphoto-shrink_200_200/0/1634918689088?e=2147483647&v=beta&t=ANtxAwI7SwAKbYJ-yaUuLBaL61Ea4ybtVAYfj1oFSCM,,,,,,,,"LinkedIn,LinkedIn 1st",,2024-02-02 18:40,No
Oskar,Hoffmann,Assistenzarzt | Pädiatrie | EBIR,"Assistenzarzt, Klinik für Pädiatrie",Klinikum Clenze Granstedt,"Germany, Clenze Granstedt, Niedersachsen, Germany",Medical Practices,oskar.hoffmann@mail.de,https://www.linkedin.com/in/oskar-hoffmann-768364/,https://media.licdn.com/dms/image/v2/C5603AQFcidefudb3oshl2iyikcy3wbzbg317vtkxcq2bcc4dhj/profile-displayphoto-shrink_200_200/0/1634918689088?e=2147483647&v=beta&t=ANtxAwI7SwAKbYJ-yaUuLBaL61Ea4ybtVAYfj1oFSCM,,,,,,,,"LinkedIn,LinkedIn 1st",,2023-12-28 14:31,No
Emil,Ludwig,PD | Oberarzt | Gynäkologie | EBIR,"Oberarzt, Klinik für Gynäkologie",Klinikum Tauche Kossenblatt,"Germany, Tauche Kossenblatt, Brandenburg, Germany",Medical Practices,emil.ludwig@mail.de,https://www.linkedin.com/in/emil-ludwig-305898/,https://media.licdn.com/dms/image/v2/C5603AQFo8lkfqwp7vi5fhr97idouiy98xe39prz11hi3o2zvzn/profile-displayphoto-shrink_200_200/0/1634918689088?e=2147483647&v=beta&t=ANtxAwI7SwAKbYJ-yaUuLBaL61Ea4ybtVAYfj1oFSCM,,,,,,,,"LinkedIn,LinkedIn 1st",,2025-07-07 12:31,No
Hannah,Weber,Chefarzt | Orthopädie & UCH | EBIR,"Chefarzt, Klinik für Orthopädie & UCH",Klinikum Dübrichen,"Germany, Dübrichen, Brandenburg, Germany",Medical Practices,hannah.weber@mail.de,https://www.linkedin.com/in/hannah-weber-743458/,https://media.licdn.com/dms/image/v2/C5603AQFj871bslumwvnhlkqixmhgnsvmo4naegt8l5yj3lcuwz/profile-displayphoto-shrink_200_200/0/1634918689088?e=2147483647&v=beta&t=ANtxAwI7SwAKbYJ-yaUuLBaL61Ea4ybtVAYfj1oFSCM,,,,,,,,"LinkedIn,LinkedIn 1st",,2025-03-16 10:57,No
Oskar,Müller,Dr. med. | Assistenzarzt | Innere Medizin | EBIR,"Assistenzarzt, Klinik für Innere Medizin",Klinikum Wilzenberg-Hußweiler,"Germany, Wilzenberg-Hußweiler, Rheinland-Pfalz, Germany",Medical Practices,oskar.müller@mail.de,https://www.linkedin.com/in/oskar-müller-788967/,https://media.licdn.com/dms/image/v2/C5603AQFycdn5l7apecuuhphds8k3imgvealzhwffexny2562yy/profile-displayphoto-shrink_200_200/0/1634918689088?e=2147483647&v=beta&t=ANtxAwI7SwAKbYJ-yaUuLBaL61Ea4ybtVAYfj1oFSCM,,,,,,,,"LinkedIn,LinkedIn 1st",,2026-07-23 13:53,No
Anton,Koch,PD | Assistenzarzt | Orthopädie & UCH | EBIR,"Assistenzarzt, Klinik für Orthopädie & UCH",Klinikum Neuhaus,"Germany, Neuhaus, Niedersachsen, Germany",Medical Practices,anton.koch@mail.de,https://www.linkedin.com/in/anton-koch-883233/,https://media.licdn.com/dms/image/v2/C5603AQFe0pp8rcazs0ix8u3a0bmnqlm7lznrwvo5j89hcf3kx4/profile-displayphoto-shrink_200_200/0/1634918689088?e=2147483647&v=beta&t=ANtxAwI7SwAKbYJ-yaUuLBaL61Ea4ybtVAYfj1oFSCM,,,,,,,,"LinkedIn,LinkedIn 1st",,2025-07-20 18:35,No
Elias,Schmitz,Prof. Dr. | Standortleiter | Kinderradiologie | EBIR,"Standortleiter, Klinik für Kinderradiologie",Klinikum Hundeshagen,"Germany, Hundeshagen, Thüringen, Germany",Medical Practices,elias.schmitz@mail.de,https://www.linkedin.com/in/elias-schmitz-585332/,https://media.licdn.com/dms/image/v2/C5603AQFwfomi4xnwjhwcnlrajely59hh9kkzwizvft4xg1jsni/profile-displayphoto-shrink_200_200/0/1634918689088?e=2147483647&v=beta&t=ANtxAwI7SwAKbYJ-yaUuLBaL61Ea4ybtVAYfj1oFSCM,,,,,,,,"LinkedIn,LinkedIn 1st",,2024-08-22 08:14,No
Emily,Herrmann,Dr. | Standortleiter | Anästhesie | EBIR,"Standortleiter, Klinik für Anästhesie",Klinikum Friedeburg Bentstreek,"Germany, Friedeburg Bentstreek, Niedersachsen, Germany",Medical Practices,emily.herrmann@mail.de,https://www.linkedin.com/in/emily-herrmann-594178/,https://media.licdn.com/dms/image/v2/C5603AQFicgibmf78k3ij5atqxjbae4b48thstdi8uo110ry0qo/profile-displayphoto-shrink_200_200/0/1634918689088?e=2147483647&v=beta&t=ANtxAwI7SwAKbYJ-yaUuLBaL61Ea4ybtVAYfj1oFSCM,,,,,,,,"LinkedIn,LinkedIn 1st",,2025-12-13 11:59,No
Jonathan,Simon,Dr. med. | Chefarzt | Anästhesie | EBIR,"Chefarzt, Klinik für Anästhesie",Klinikum Ragow-Merz Ragow,"Germany, Ragow-Merz Ragow, Brandenburg, Germany",Medical Practices,jonathan.simon@mail.de,https://www.linkedin.com/in/jonathan-simon-868282/,https://media.licdn.com/dms/image/v2/C5603AQFm5015y7uz971biz92ba09runzva0mqelq0hdkoyvs0a/profile-displayphoto-shrink_200_200/0/1634918689088?e=2147483647&v=beta&t=ANtxAwI7SwAKbYJ-yaUuLBaL61Ea4ybtVAYfj1oFSCM,,,,,,,,"LinkedIn,LinkedIn 1st",,2024-06-05 17:27,No
Lisa,Weber,Prof. Dr. | Facharzt | Mammographie | EBIR,"Facharzt, Klinik für Mammographie",Klinikum Rheda-Wiedenbrück,"Germany, Rheda-Wiedenbrück, Nordrhein-Westfalen, Germany",Medical Practices,lisa.weber@mail.de,https://www.linkedin.com/in/lisa-weber-892804/,https://media.licdn.com/dms/image/v2/C5603AQFk402rwqrr7l12bxirzyzvgw367mfk32gn7semzffsky/profile-displayphoto-shrink_200_200/0/1634918689088?e=2147483647&v=beta&t=ANtxAwI7SwAKbYJ-yaUuLBaL61Ea4ybtVAYfj1oFSCM,,,,,,,,"LinkedIn,LinkedIn 1st",,2024-03-24 08:04,No
Sophia,Schumacher,PD | Ltd. OA | Kinderradiologie | EBIR,"Ltd. OA, Klinik für Kinderradiologie",Klinikum Löbnitz,"Germany, Löbnitz, Sachsen-Anhalt, Germany",Medical Practices,sophia.schumacher@mail.de,https://www.linkedin.com/in/sophia-schumacher-212374/,https://media.licdn.com/dms/image/v2/C5603AQFqrrkwvt3p6t3g7gxn819chqg9g0cu0zk42heswsqk90/profile-displayphoto-shrink_200_200/0/1634918689088?e=2147483647&v=beta&t=ANtxAwI7SwAKbYJ-yaUuLBaL61Ea4ybtVAYfj1oFSCM,,,,,,,,"LinkedIn,LinkedIn 1st",,2023-01-05 10:53,No
Mila,Lange,Dr. | Gesellschafter | Mammographie | EBIR,"Gesellschafter, Klinik für Mammographie",Klinikum Alt Tellin,"Germany, Alt Tellin, Mecklenburg-Vorpommern, Germany",Medical Practices,mila.lange@mail.de,https://www.linkedin.com/in/mila-lange-550301/,https://media.licdn.com/dms/image/v2/C5603AQFzw7il4l15c5sweyzdtwobzno12upbx5um7notuqygmv/profile-displayphoto-shrink_200_200/0/1634918689088?e=2147483647&v=beta&t=ANtxAwI7SwAKbYJ-yaUuLBaL61Ea4ybtVAYfj1oFSCM,,,,,,,,"LinkedIn,LinkedIn 1st",,2023-02-08 17:58,No
Sofia,Möller,Dr. | Oberarzt | Pädiatrie | EBIR,"Oberarzt, Klinik für Pädiatrie",Klinikum Jessen (Elster) Kleinkorga,"Germany, Jessen (Elster) Kleinkorga, Sachsen-Anhalt, Germany",Medical Practices,sofia.möller@mail.de,https://www.linkedin.com/in/sofia-möller-903741/,https://media.licdn.com/dms/image/v2/C5603AQFntcl13el08qwz5tnvunffw62v9d9rk6k2ophskr5gz1/profile-displayphoto-shrink_200_200/0/1634918689088?e=2147483647&v=beta&t=ANtxAwI7SwAKbYJ-yaUuLBaL61Ea4ybtVAYfj1oFSCM,,,,,,,,"LinkedIn,LinkedIn 1st",,2023-08-16 12:32,No
Luise,Günther,Prof. Dr. | Assistenzarzt | Chirurgie | EBIR,"Assistenzarzt, Klinik für Chirurgie",Klinikum Wiesmoor Voßbarg,"Germany, Wiesmoor Voßbarg, Niedersachsen, Germany",Medical Practices,luise.günther@mail.de,https://www.linkedin.com/in/luise-günther-168608/,https://media.licdn.com/dms/image/v2/C5603AQFxfjjtvrl8r2mbdhmuh5nyjjq64bxpz4fwgyvshujqxq/profile-displayphoto-shrink_200_200/0/1634918689088?e=2147483647&v=beta&t=ANtxAwI7SwAKbYJ-yaUuLBaL61Ea4ybtVAYfj1oFSCM,,,,,,,,"LinkedIn,LinkedIn 1st",,2023-03-27 15:06,No
Andreas,Huber,Gesellschafter | Chirurgie | EBIR,"Gesellschafter, Klinik für Chirurgie",Klinikum Storkow (Mark) Limsdorf,"Germany, Storkow (Mark) Limsdorf, Brandenburg, Germany",Medical Practices,andreas.huber@mail.de,https://www.linkedin.com/in/andreas-huber-296356/,https://media.licdn.com/dms/image/v2/C5603AQF54ybtmsi2x3y2usfuirtnje1e6gfo3bc07rviba1ti1/profile-displayphoto-shrink_200_200/0/1634918689088?e=2147483647&v=beta&t=ANtxAwI7SwAKbYJ-yaUuLBaL61Ea4ybtVAYfj1oFSCM,,,,,,,,"LinkedIn,LinkedIn 1st",,2024-09-05 18:37,No
Marie,Horn,Dr. med. | sonstige | Diagnostische und Interventionelle Radiologie | EBIR,"sonstige, Klinik für Diagnostische und Interventionelle Radiologie",Klinikum Gemünden am Main,"Germany, Gemünden am Main, Bayern, Germany",Medical Practices,marie.horn@mail.de,https://www.linkedin.com/in/marie-horn-869447/,https://media.licdn.com/dms/image/v2/C5603AQFnpj2r3g942hbw1o8rwmngv3xn4nr8db8icvrmhbou27/profile-displayphoto-shrink_200_200/0/1634918689088?e=2147483647&v=beta&t=ANtxAwI7SwAKbYJ-yaUuLBaL61Ea4ybtVAYfj1oFSCM,,,,,,,,"LinkedIn,LinkedIn 1st",,2026-05-09 16:46,No
Julia,Vogel,Gesellschafter | Diagnostische und Interventionelle Radiologie | EBIR,"Gesellschafter, Klinik für Diagnostische und Interventionelle Radiologie",Klinikum Zens,"Germany, Zens, Sachsen-Anhalt, Germany",Medical Practices,julia.vogel@mail.de,https://www.linkedin.com/in/julia-vogel-930562/,https://media.licdn.com/dms/image/v2/C5603AQFbuvwce77iy4xgdy0fjsrcmclzb097aun89p691h0dpg/profile-displayphoto-shrink_200_200/0/1634918689088?e=2147483647&v=beta&t=ANtxAwI7SwAKbYJ-yaUuLBaL61Ea4ybtVAYfj1oFSCM,,,,,,,,"LinkedIn,LinkedIn 1st",,2026-02-05 18:53,No
Ella,Kurz,Dr. | sonstige | Nuklearmedizin | EBIR,"sonstige, Klinik für Nuklearmedizin",Klinikum Nanzdietschweiler,"Germany, Nanzdietschweiler, Rheinland-Pfalz, Germany",Medical Practices,ella.kurz@mail.de,https://www.linkedin.com/in/ella-kurz-519631/,https://media.licdn.com/dms/image/v2/C5603AQFq0i3kxpalcocdjtv7civo7metqyla878szcn1os1pbj/profile-displayphoto-shrink_200_200/0/1634918689088?e=2147483647&v=beta&t=ANtxAwI7SwAKbYJ-yaUuLBaL61Ea4ybtVAYfj1oFSCM,,,,,,,,"LinkedIn,LinkedIn 1st",,2023-02-05 13:38,No
Paul,Krämer,Dr. med. | Ltd. OA | Gynäkologie | EBIR,"Ltd. OA, Klinik für Gynäkologie",Klinikum Halberstadt,"Germany, Halberstadt, Sachsen-Anhalt, Germany",Medical Practices,paul.krämer@mail.de,https://www.linkedin.com/in/paul-krämer-315721/,https://media.licdn.com/dms/image/v2/C5603AQFuikj3z2np4poznyc5smdd2asadw7wmkaiwmbklygrzu/profile-displayphoto-shrink_200_200/0/1634918689088?e=2147483647&v=beta&t=ANtxAwI7SwAKbYJ-yaUuLBaL61Ea4ybtVAYfj1oFSCM,,,,,,,,"LinkedIn,LinkedIn 1st",,2024-09-09 10:15,No
Andreas,Schwarz,PD | MTRA | Anästhesie | EBIR,"MTRA, Klinik für Anästhesie",Klinikum Mehring,"Germany, Mehring, Rheinland-Pfalz, Germany",Medical Practices,andreas.schwarz@mail.de,https://www.linkedin.com/in/andreas-schwarz-817345/,https://media.licdn.com/dms/image/v2/C5603AQF5pcy9yocswk1e2kgi4v6mme0clwst8z2hotndwwa93h/profile-displayphoto-shrink_200_200/0/1634918689088?e=2147483647&v=beta&t=ANtxAwI7SwAKbYJ-yaUuLBaL61Ea4ybtVAYfj1oFSCM,,,,,,,,"LinkedIn,LinkedIn 1st",,2023-06-05 16:10,No
Lea,Winkler,Standortleiter | Innere Medizin | EBIR,"Standortleiter, Klinik für Innere Medizin",Klinikum Bischofsheim,"Germany, Bischofsheim, Hessen, Germany",Medical Practices,lea.winkler@mail.de,https://www.linkedin.com/in/lea-winkler-137921/,https://media.licdn.com/dms/image/v2/C5603AQF94vunhts565ycbvnjmxihsvh64yd9u01ljsipsb05hf/profile-displayphoto-shrink_200_200/0/1634918689088?e=2147483647&v=beta&t=ANtxAwI7SwAKbYJ-yaUuLBaL61Ea4ybtVAYfj1oFSCM,,,,,,,,"LinkedIn,LinkedIn 1st",,2023-06-19 11:32,No
Sebastian,Becker,PD | Ltd. OA | Mammographie | EBIR,"Ltd. OA, Klinik für Mammographie",Klinikum Münchweiler am Klingbach,"Germany, Münchweiler am Klingbach, Rheinland-Pfalz, Germany",Medical Practices,sebastian.becker@mail.de,https://www.linkedin.com/in/sebastian-becker-699178/,https://media.licdn.com/dms/image/v2/C5603AQFaljgnmdkllhbmi7m2ky7u5akgczdu0xxc2elosywnsl/profile-displayphoto-shrink_200_200/0/1634918689088?e=2147483647&v=beta&t=ANtxAwI7SwAKbYJ-yaUuLBaL61Ea4ybtVAYfj1oFSCM,,,,,,,,"LinkedIn,LinkedIn 1st",,2023-08-07 11:21,No
Mila,Schmid,Prof. Dr. | sonstige | Diagnostische und Interventionelle Radiologie | EBIR,"sonstige, Klinik für Diagnostische und Interventionelle Radiologie",Klinikum Syke,"Germany, Syke, Niedersachsen, Germany",Medical Practices,mila.schmid@mail.de,https://www.linkedin.com/in/mila-schmid-880826/,https://media.licdn.com/dms/image/v2/C5603AQF0037x8l26bm5ekxi3fawhtl3ck46kk4mhsglfi7e4oq/profile-displayphoto-shrink_200_200/0/1634918689088?e=2147483647&v=beta&t=ANtxAwI7SwAKbYJ-yaUuLBaL61Ea4ybtVAYfj1oFSCM,,,,,,,,"LinkedIn,LinkedIn 1st",,2024-09-11 13:44,No
Ben,Braun,Prof. Dr. | Chefarzt | Psychiatrie | EBIR,"Chefarzt, Klinik für Psychiatrie",Klinikum Oberhaid,"Germany, Oberhaid, Rheinland-Pfalz, Germany",Medical Practices,ben.braun@mail.de,https://www.linkedin.com/in/ben-braun-395999/,https://media.licdn.com/dms/image/v2/C5603AQF4ntoaxi93j70mpp7x1ozgeh65793e8ex7t9glmkhzfd/profile-displayphoto-shrink_200_200/0/1634918689088?e=2147483647&v=beta&t=ANtxAwI7SwAKbYJ-yaUuLBaL61Ea4ybtVAYfj1oFSCM,,,,,,,,"LinkedIn,LinkedIn 1st",,2026-11-28 12:51,No
Emilia,Kaiser,Dr. med. | Facharzt | Gynäkologie | EBIR,"Facharzt, Klinik für Gynäkologie",Klinikum Menden,"Germany, Menden, Nordrhein-Westfalen, Germany",Medical Practices,emilia.kaiser@mail.de,https://www.linkedin.com/in/emilia-kaiser-569356/,https://media.licdn.com/dms/image/v2/C5603AQFamimtv50tmdfukrprtkx2bsfz5y8oecne4pxqr5zjak/profile-displayphoto-shrink_200_200/0/1634918689088?e=2147483647&v=beta&t=ANtxAwI7SwAKbYJ-yaUuLBaL61Ea4ybtVAYfj1oFSCM,,,,,,,,"LinkedIn,LinkedIn 1st",,2024-11-09 12:42,No
Moritz,Möller,PD | Ltd. OA | Neuroradiologie | EBIR,"Ltd. OA, Klinik für Neuroradiologie",Klinikum Lütz,"Germany, Lütz, Rheinland-Pfalz, Germany",Medical Practices,moritz.möller@mail.de,https://www.linkedin.com/in/moritz-möller-512659/,https://media.licdn.com/dms/image/v2/C5603AQFwxm9i59uyiay8q8jjgf9y5sgnxgno52gtxxmssiz1lw/profile-displayphoto-shrink_200_200/0/1634918689088?e=2147483647&v=beta&t=ANtxAwI7SwAKbYJ-yaUuLBaL61Ea4ybtVAYfj1oFSCM,,,,,,,,"LinkedIn,LinkedIn 1st",,2023-12-02 12:31,No
Simon,Schmidt,Dr. med. | Standortleiter | Psychiatrie | EBIR,"Standortleiter, Klinik für Psychiatrie",Klinikum Monreal,"Germany, Monreal, Rheinland-Pfalz, Germany",Medical Practices,simon.schmidt@mail.de,https://www.linkedin.com/in/simon-schmidt-268792/,https://media.licdn.com/dms/image/v2/C5603AQF6t56il96ebnh01g8ex2pa6fylwzlwkvarcdhickq1n3/profile-displayphoto-shrink_200_200/0/1634918689088?e=2147483647&v=beta&t=ANtxAwI7SwAKbYJ-yaUuLBaL61Ea4ybtVAYfj1oFSCM,,,,,,,,"LinkedIn,LinkedIn 1st",,2025-11-05 10:01,No
Maximilian,Baumann,Standortleiter | Gynäkologie | EBIR,"Standortleiter, Klinik für Gynäkologie",Klinikum Hamburg Steinwerder,"Germany, Hamburg Steinwerder, Hamburg, Germany",Medical Practices,maximilian.baumann@mail.de,https://www.linkedin.com/in/maximilian-baumann-531778/,https://media.licdn.com/dms/image/v2/C5603AQFr0j4007klz9hltt02r9mr8grdxpuv5uq7zuvlc48csj/profile-displayphoto-shrink_200_200/0/1634918689088?e=2147483647&v=beta&t=ANtxAwI7SwAKbYJ-yaUuLBaL61Ea4ybtVAYfj1oFSCM,,,,,,,,"LinkedIn,LinkedIn 1st",,2023-05-02 15:26,No
Luise,Winkler,PD | Chefarzt | Pädiatrie/ Kindermedizin | EBIR,"Chefarzt, Klinik für Pädiatrie/ Kindermedizin",Klinikum Brachstedt,"Germany, Brachstedt, Sachsen-Anhalt, Germany",Medical Practices,luise.winkler@mail.de,https://www.linkedin.com/in/luise-winkler-311242/,https://media.licdn.com/dms/image/v2/C5603AQF0l1cyxy03urhl7sc99d4bwg7aepdilk6k0gtty7yhbq/profile-displayphoto-shrink_200_200/0/1634918689088?e=2147483647&v=beta&t=ANtxAwI7SwAKbYJ-yaUuLBaL61Ea4ybtVAYfj1oFSCM,,,,,,,,"LinkedIn,LinkedIn 1st",,2023-01-02 16:12,No
Ella,Werner,PD | Standortleiter | Anästhesie | EBIR,"Standortleiter, Klinik für Anästhesie",Klinikum Goosefeld,"Germany, Goosefeld, Schleswig-Holstein, Germany",Medical Practices,ella.werner@mail.de,https://www.linkedin.com/in/ella-werner-922393/,https://media.licdn.com/dms/image/v2/C5603AQFikqsuu9ph7wb8ipjbgagin1cpgt71war5mpd8ytzuqt/profile-displayphoto-shrink_200_200/0/1634918689088?e=2147483647&v=beta&t=ANtxAwI7SwAKbYJ-yaUuLBaL61Ea4ybtVAYfj1oFSCM,,,,,,,,"LinkedIn,LinkedIn 1st",,2023-07-07 12:38,No
Emil,Ritter,Facharzt | Orthopädie & UCH | EBIR,"Facharzt, Klinik für Orthopädie & UCH",Klinikum Kemmern,"Germany, Kemmern, Bayern, Germany",Medical Practices,emil.ritter@mail.de,https://www.linkedin.com/in/emil-ritter-416944/,https://media.licdn.com/dms/image/v2/C5603AQF9zq7wfkcny0y4cxqlkccc4rziqlk65aov4gmk043iy0/profile-displayphoto-shrink_200_200/0/1634918689088?e=2147483647&v=beta&t=ANtxAwI7SwAKbYJ-yaUuLBaL61Ea4ybtVAYfj1oFSCM,,,,,,,,"LinkedIn,LinkedIn 1st",,2024-07-14 10:08,No
Klaus,Richter,PD | Ltd. OA | Pädiatrie | EBIR,"Ltd. OA, Klinik für Pädiatrie",Klinikum Markersdorf,"Germany, Markersdorf, Sachsen, Germany",Medical Practices,klaus.richter@mail.de,https://www.linkedin.com/in/klaus-richter-974014/,https://media.licdn.com/dms/image/v2/C5603AQFk96sfwb4t10qoxuc0n3qgckh1571ck3lah0ftqcnekz/profile-displayphoto-shrink_200_200/0/1634918689088?e=2147483647&v=beta&t=ANtxAwI7SwAKbYJ-yaUuLBaL61Ea4ybtVAYfj1oFSCM,,,,,,,,"LinkedIn,LinkedIn 1st",,2025-12-03 18:38,No
Thomas,Hartmann,PD | Gesellschafter | Pädiatrie/ Kindermedizin | EBIR,"Gesellschafter, Klinik für Pädiatrie/ Kindermedizin",Klinikum Mantel,"Germany, Mantel, Bayern, Germany",Medical Practices,thomas.hartmann@mail.de,https://www.linkedin.com/in/thomas-hartmann-996113/,https://media.licdn.com/dms/image/v2/C5603AQFhngi1ovq8r6fiv3bby4zq9vqtk35i6kow3hjouhkt80/profile-displayphoto-shrink_200_200/0/1634918689088?e=2147483647&v=beta&t=ANtxAwI7SwAKbYJ-yaUuLBaL61Ea4ybtVAYfj1oFSCM,,,,,,,,"LinkedIn,LinkedIn 1st",,2024-05-06 11:12,No
Klaus,Hoffmann,Dr. med. | Facharzt | Mammographie | EBIR,"Facharzt, Klinik für Mammographie",Klinikum Deersheim,"Germany, Deersheim, Sachsen-Anhalt, Germany",Medical Practices,klaus.hoffmann@mail.de,https://www.linkedin.com/in/klaus-hoffmann-715204/,https://media.licdn.com/dms/image/v2/C5603AQFage4hnh85yk5ouizdoplix9xq726o4ebhhv7mlyn40x/profile-displayphoto-shrink_200_200/0/1634918689088?e=2147483647&v=beta&t=ANtxAwI7SwAKbYJ-yaUuLBaL61Ea4ybtVAYfj1oFSCM,,,,,,,,"LinkedIn,LinkedIn 1st",,2024-03-20 17:25,No
Lena,Roth,Dr. med. | Assistenzarzt | Psychiatrie | EBIR,"Assistenzarzt, Klinik für Psychiatrie",Klinikum Haselbach,"Germany, Haselbach, Bayern, Germany",Medical Practices,lena.roth@mail.de,https://www.linkedin.com/in/lena-roth-327646/,https://media.licdn.com/dms/image/v2/C5603AQFbd0b47wxav29h4pyd01i3oxmeg4zokq9rv9ruqdvdmf/profile-displayphoto-shrink_200_200/0/1634918689088?e=2147483647&v=beta&t=ANtxAwI7SwAKbYJ-yaUuLBaL61Ea4ybtVAYfj1oFSCM,,,,,,,,"LinkedIn,LinkedIn 1st",,2024-12-03 18:58,No
Mila,Schröder,Dr. med. | MTRA | Kinderradiologie | EBIR,"MTRA, Klinik für Kinderradiologie",Klinikum Emmerzhausen,"Germany, Emmerzhausen, Rheinland-Pfalz, Germany",Medical Practices,mila.schröder@mail.de,https://www.linkedin.com/in/mila-schröder-720819/,https://media.licdn.com/dms/image/v2/C5603AQF09bbscellmez1plcxl6fkkplhspy4wikdjsm0jdtfa4/profile-displayphoto-shrink_200_200/0/1634918689088?e=2147483647&v=beta&t=ANtxAwI7SwAKbYJ-yaUuLBaL61Ea4ybtVAYfj1oFSCM,,,,,,,,"LinkedIn,LinkedIn 1st",,2024-12-05 15:58,No
Markus,Schmidt,Dr. med. | Ltd. OA | Neuroradiologie | EBIR,"Ltd. OA, Klinik für Neuroradiologie",Klinikum Hülsede Meinsen,"Germany, Hülsede Meinsen, Niedersachsen, Germany",Medical Practices,markus.schmidt@mail.de,https://www.linkedin.com/in/markus-schmidt-494336/,https://media.licdn.com/dms/image/v2/C5603AQF80ckz05b7e3omvg35jnqbawna5rlua17aml8iaptumx/profile-displayphoto-shrink_200_200/0/1634918689088?e=2147483647&v=beta&t=ANtxAwI7SwAKbYJ-yaUuLBaL61Ea4ybtVAYfj1oFSCM,,,,,,,,"LinkedIn,LinkedIn 1st",,2024-04-09 18:31,No
Lea,Sommer,Prof. Dr. | Facharzt | Mammographie | EBIR,"Facharzt, Klinik für Mammographie",Klinikum Mainz-Kostheim,"Germany, Mainz-Kostheim, Hessen, Germany",Medical Practices,lea.sommer@mail.de,https://www.linkedin.com/in/lea-sommer-152688/,https://media.licdn.com/dms/image/v2/C5603AQFp9veu2b38yrdfmj4zly3qntcayk35aad0rmd0u0c2ey/profile-displayphoto-shrink_200_200/0/1634918689088?e=2147483647&v=beta&t=ANtxAwI7SwAKbYJ-yaUuLBaL61Ea4ybtVAYfj1oFSCM,,,,,,,,"LinkedIn,LinkedIn 1st",,2025-07-24 12:12,No
Sabine,Zimmermann,Dr. med. | Ltd. OA | Chirurgie | EBIR,"Ltd. OA, Klinik für Chirurgie",Klinikum Waddeweitz Kukate,"Germany, Waddeweitz Kukate, Niedersachsen, Germany",Medical Practices,sabine.zimmermann@mail.de,https://www.linkedin.com/in/sabine-zimmermann-141394/,https://media.licdn.com/dms/image/v2/C5603AQF2t5aws16j25o8etdklwufs0knac9qnmt3omydum7ylq/profile-displayphoto-shrink_200_200/0/1634918689088?e=2147483647&v=beta&t=ANtxAwI7SwAKbYJ-yaUuLBaL61Ea4ybtVAYfj1oFSCM,,,,,,,,"LinkedIn,LinkedIn 1st",,2023-11-16 10:07,No
Melissa,Schneider,PD | Facharzt | Pädiatrie | EBIR,"Facharzt, Klinik für Pädiatrie",Klinikum Bad Doberan,"Germany, Bad Doberan, Mecklenburg-Vorpommern, Germany",Medical Practices,melissa.schneider@mail.de,https://www.linkedin.com/in/melissa-schneider-828528/,https://media.licdn.com/dms/image/v2/C5603AQFnzrlqfonyobzamm8v2xun31f9ffn1pqbalucm5bajjh/profile-displayphoto-shrink_200_200/0/1634918689088?e=2147483647&v=beta&t=ANtxAwI7SwAKbYJ-yaUuLBaL61Ea4ybtVAYfj1oFSCM,,,,,,,,"LinkedIn,LinkedIn 1st",,2023-01-13 15:44,No
Matteo,Maier,Dr. | Chefarzt | Anästhesie | EBIR,"Chefarzt, Klinik für Anästhesie",Klinikum Schimm,"Germany, Schimm, Mecklenburg-Vorpommern, Germany",Medical Practices,matteo.maier@mail.de,https://www.linkedin.com/in/matteo-maier-251874/,https://media.licdn.com/dms/image/v2/C5603AQFymtcxqcazyekh3lh8sqilch6hwu4htsgl4hz5eyq4jx/profile-displayphoto-shrink_200_200/0/1634918689088?e=2147483647&v=beta&t=ANtxAwI7SwAKbYJ-yaUuLBaL61Ea4ybtVAYfj1oFSCM,,,,,,,,"LinkedIn,LinkedIn 1st",,2026-08-19 09:25,No
Daniel,Schumacher,Dr. | Ltd. OA | Gynäkologie | EBIR,"Ltd. OA, Klinik für Gynäkologie",Klinikum Zell am Main,"Germany, Zell am Main, Bayern, Germany",Medical Practices,daniel.schumacher@mail.de,https://www.linkedin.com/in/daniel-schumacher-118742/,https://media.licdn.com/dms/image/v2/C5603AQFn8e1o2hlil8jmm8omqxfgozm3xf5a9map0eafgkz1uy/profile-displayphoto-shrink_200_200/0/1634918689088?e=2147483647&v=beta&t=ANtxAwI7SwAKbYJ-yaUuLBaL61Ea4ybtVAYfj1oFSCM,,,,,,,,"LinkedIn,LinkedIn 1st",,2025-12-27 11:41,No
Amelie,Neumann,PD | sonstige | Nuklearmedizin | EBIR,"sonstige, Klinik für Nuklearmedizin",Klinikum Vilsbiburg,"Germany, Vilsbiburg, Bayern, Germany",Medical Practices,amelie.neumann@mail.de,https://www.linkedin.com/in/amelie-neumann-546395/,https://media.licdn.com/dms/image/v2/C5603AQFibgtroqvwvedcnku6mmnilojz0wcgsk429lwz17tlb8/profile-displayphoto-shrink_200_200/0/1634918689088?e=2147483647&v=beta&t=ANtxAwI7SwAKbYJ-yaUuLBaL61Ea4ybtVAYfj1oFSCM,,,,,,,,"LinkedIn,LinkedIn 1st",,2023-01-19 18:28,No
Philipp,Wagner,Dr. med. | Standortleiter | Kinderradiologie | EBIR,"Standortleiter, Klinik für Kinderradiologie",Klinikum Eslarn,"Germany, Eslarn, Bayern, Germany",Medical Practices,philipp.wagner@mail.de,https://www.linkedin.com/in/philipp-wagner-681653/,https://media.licdn.com/dms/image/v2/C5603AQFcfg4o546ho6g80en7jxt9xeig424ciespag1qyggj4o/profile-displayphoto-shrink_200_200/0/1634918689088?e=2147483647&v=beta&t=ANtxAwI7SwAKbYJ-yaUuLBaL61Ea4ybtVAYfj1oFSCM,,,,,,,,"LinkedIn,LinkedIn 1st",,2026-07-06 17:20,No
Luise,Müller,Ltd. OA | Chirurgie | EBIR,"Ltd. OA, Klinik für Chirurgie",Klinikum Gernrode,"Germany, Gernrode, Thüringen, Germany",Medical Practices,luise.müller@mail.de,https://www.linkedin.com/in/luise-müller-252516/,https://media.licdn.com/dms/image/v2/C5603AQFkqhac47rjwhmwzlvzxde6fhh2a5ksaz9wsq44bfez0w/profile-displayphoto-shrink_200_200/0/1634918689088?e=2147483647&v=beta&t=ANtxAwI7SwAKbYJ-yaUuLBaL61Ea4ybtVAYfj1oFSCM,,,,,,,,"LinkedIn,LinkedIn 1st",,2026-06-28 17:25,No
Thomas,Albrecht,PD | Chefarzt | Pädiatrie | EBIR,"Chefarzt, Klinik für Pädiatrie",Klinikum Steinau,"Germany, Steinau, Niedersachsen, Germany",Medical Practices,thomas.albrecht@mail.de,https://www.linkedin.com/in/thomas-albrecht-188042/,https://media.licdn.com/dms/image/v2/C5603AQFomcuyjhz598fk3v6dfviiq5b6cjy91nd63r5lkkkvzd/profile-displayphoto-shrink_200_200/0/1634918689088?e=2147483647&v=beta&t=ANtxAwI7SwAKbYJ-yaUuLBaL61Ea4ybtVAYfj1oFSCM,,,,,,,,"LinkedIn,LinkedIn 1st",,2024-10-25 17:54,No
Philipp,Sommer,PD | sonstige | Mammographie | EBIR,"sonstige, Klinik für Mammographie",Klinikum Nieden,"Germany, Nieden, Mecklenburg-Vorpommern, Germany",Medical Practices,philipp.sommer@mail.de,https://www.linkedin.com/in/philipp-sommer-796946/,https://media.licdn.com/dms/image/v2/C5603AQF77j4p9fqo0ern34152omdfhfxkf05fhdpwt9d7iubf7/profile-displayphoto-shrink_200_200/0/1634918689088?e=2147483647&v=beta&t=ANtxAwI7SwAKbYJ-yaUuLBaL61Ea4ybtVAYfj1oFSCM,,,,,,,,"LinkedIn,LinkedIn 1st",,2026-10-05 13:46,No
Simon,Vogel,Dr. med. | Oberarzt | Mammographie | EBIR,"Oberarzt, Klinik für Mammographie",Klinikum Dolgen,"Germany, Dolgen, Mecklenburg-Vorpommern, Germany",Medical Practices,simon.vogel@mail.de,https://www.linkedin.com/in/simon-vogel-893952/,https://media.licdn.com/dms/image/v2/C5603AQFbbdvfdblc1ba9902ss3phupdvdu25x1chjvrslgj2aw/profile-displayphoto-shrink_200_200/0/1634918689088?e=2147483647&v=beta&t=ANtxAwI7SwAKbYJ-yaUuLBaL61Ea4ybtVAYfj1oFSCM,,,,,,,,"LinkedIn,LinkedIn 1st",,2024-09-04 17:40,No
Anton,Huber,Dr. med. | Assistenzarzt | Nuklearmedizin | EBIR,"Assistenzarzt, Klinik für Nuklearmedizin",Klinikum Gertewitz,"Germany, Gertewitz, Thüringen, Germany",Medical Practices,anton.huber@mail.de,https://www.linkedin.com/in/anton-huber-928547/,https://media.licdn.com/dms/image/v2/C5603AQFzjx2nv7y04mdtttsivz7jmoh308yf3vifsp4p5vo08m/profile-displayphoto-shrink_200_200/0/1634918689088?e=2147483647&v=beta&t=ANtxAwI7SwAKbYJ-yaUuLBaL61Ea4ybtVAYfj1oFSCM,,,,,,,,"LinkedIn,LinkedIn 1st",,2026-12-06 17:40,No
Hannah,Schäfer,PD | Assistenzarzt | Gynäkologie | EBIR,"Assistenzarzt, Klinik für Gynäkologie",Klinikum Jatznick,"Germany, Jatznick, Mecklenburg-Vorpommern, Germany",Medical Practices,hannah.schäfer@mail.de,https://www.linkedin.com/in/hannah-schäfer-381821/,https://media.licdn.com/dms/image/v2/C5603AQFnx5ty6ktnekqbwv2d1g3ctj3nbiziiotj6wl8odjcwz/profile-displayphoto-shrink_200_200/0/1634918689088?e=2147483647&v=beta&t=ANtxAwI7SwAKbYJ-yaUuLBaL61Ea4ybtVAYfj1oFSCM,,,,,,,,"LinkedIn,LinkedIn 1st",,2026-01-24 18:24,No
Matthias,Engel,Dr. med. | Ltd. OA | Kinderradiologie | EBIR,"Ltd. OA, Klinik für Kinderradiologie",Klinikum Ziertheim,"Germany, Ziertheim, Bayern, Germany",Medical Practices,matthias.engel@mail.de,https://www.linkedin.com/in/matthias-engel-243057/,https://media.licdn.com/dms/image/v2/C5603AQFvakw8lg1arsl7j42c55c8h2cslsb6ofqqt9xkkv0sgw/profile-displayphoto-shrink_200_200/0/1634918689088?e=2147483647&v=beta&t=ANtxAwI7SwAKbYJ-yaUuLBaL61Ea4ybtVAYfj1oFSCM,,,,,,,,"LinkedIn,LinkedIn 1st",,2026-04-08 12:26,No
Jan,Schumacher,PD | MTRA | Gynäkologie | EBIR,"MTRA, Klinik für Gynäkologie",Klinikum Göttin,"Germany, Göttin, Schleswig-Holstein, Germany",Medical Practices,jan.schumacher@mail.de,https://www.linkedin.com/in/jan-schumacher-790229/,https://media.licdn.com/dms/image/v2/C5603AQFimlbuaryqsiblvaxxlfgt2o9zqar8dhyqqpavsgd8po/profile-displayphoto-shrink_200_200/0/1634918689088?e=2147483647&v=beta&t=ANtxAwI7SwAKbYJ-yaUuLBaL61Ea4ybtVAYfj1oFSCM,,,,,,,,"LinkedIn,LinkedIn 1st",,2024-01-15 12:44,No
Matthias,Schubert,Prof. Dr. | MTRA | Gynäkologie | EBIR,"MTRA, Klinik für Gynäkologie",Klinikum Bayerbach,"Germany, Bayerbach, Bayern, Germany",Medical Practices,matthias.schubert@mail.de,https://www.linkedin.com/in/matthias-schubert-369901/,https://media.licdn.com/dms/image/v2/C5603AQFf7zbh0yg1detmqcn8npt9mgqjuzn6k0hjdtva2l6b4f/profile-displayphoto-shrink_200_200/0/1634918689088?e=2147483647&v=beta&t=ANtxAwI7SwAKbYJ-yaUuLBaL61Ea4ybtVAYfj1oFSCM,,,,,,,,"LinkedIn,LinkedIn 1st",,2024-09-11 13:48,No
Marie,Groß,Facharzt | Gynäkologie | EBIR,"Facharzt, Klinik für Gynäkologie",Klinikum Kirschau,"Germany, Kirschau, Sachsen, Germany",Medical Practices,marie.groß@mail.de,https://www.linkedin.com/in/marie-groß-294695/,https://media.licdn.com/dms/image/v2/C5603AQFxgofry4ppwnfuc3ln7uhjvmo7rgab6g7cds2ql88o2k/profile-displayphoto-shrink_200_200/0/1634918689088?e=2147483647&v=beta&t=ANtxAwI7SwAKbYJ-yaUuLBaL61Ea4ybtVAYfj1oFSCM,,,,,,,,"LinkedIn,LinkedIn 1st",,2025-08-26 09:55,No
Tim,Engel,Dr. med. | MTRA | Chirurgie | EBIR,"MTRA, Klinik für Chirurgie",Klinikum Garzau-Garzin Garzau,"Germany, Garzau-Garzin Garzau, Brandenburg, Germany",Medical Practices,tim.engel@mail.de,https://www.linkedin.com/in/tim-engel-392169/,https://media.licdn.com/dms/image/v2/C5603AQF5z8saxnmh7m1awg4uyhujn5ykql6qdsyzudiaekxx5m/profile-displayphoto-shrink_200_200/0/1634918689088?e=2147483647&v=beta&t=ANtxAwI7SwAKbYJ-yaUuLBaL61Ea4ybtVAYfj1oFSCM,,,,,,,,"LinkedIn,LinkedIn 1st",,2025-08-15 16:29,No
Charlotte,Schubert,PD | Oberarzt | Nuklearmedizin | EBIR,"Oberarzt, Klinik für Nuklearmedizin",Klinikum Grillenberg,"Germany, Grillenberg, Sachsen-Anhalt, Germany",Medical Practices,charlotte.schubert@mail.de,https://www.linkedin.com/in/charlotte-schubert-325568/,https://media.licdn.com/dms/image/v2/C5603AQF1i2uwh1aqkdan78y4x1px602msf86xx064d2vh7pfr4/profile-displayphoto-shrink_200_200/0/1634918689088?e=2147483647&v=beta&t=ANtxAwI7SwAKbYJ-yaUuLBaL61Ea4ybtVAYfj1oFSCM,,,,,,,,"LinkedIn,LinkedIn 1st",,2023-07-20 14:06,No
Jakob,Werner,Prof. Dr. | Assistenzarzt | Gynäkologie | EBIR,"Assistenzarzt, Klinik für Gynäkologie",Klinikum Löbnitz,"Germany, Löbnitz, Sachsen, Germany",Medical Practices,jakob.werner@mail.de,https://www.linkedin.com/in/jakob-werner-411109/,https://media.licdn.com/dms/image/v2/C5603AQF1el5k5myqejxvm4gcl0krg7dot3q4codckg2dtbsrwd/profile-displayphoto-shrink_200_200/0/1634918689088?e=2147483647&v=beta&t=ANtxAwI7SwAKbYJ-yaUuLBaL61Ea4ybtVAYfj1oFSCM,,,,,,,,"LinkedIn,LinkedIn 1st",,2024-03-13 09:45,No
Emily,Keller,Prof. Dr. | sonstige | Innere Medizin | EBIR,"sonstige, Klinik für Innere Medizin",Klinikum Rühstädt,"Germany, Rühstädt, Brandenburg, Germany",Medical Practices,emily.keller@mail.de,https://www.linkedin.com/in/emily-keller-222946/,https://media.licdn.com/dms/image/v2/C5603AQF4bh6mps2jqoxkztxj6nppbitnb8nmxx8kbd0jsjxb65/profile-displayphoto-shrink_200_200/0/1634918689088?e=2147483647&v=beta&t=ANtxAwI7SwAKbYJ-yaUuLBaL61Ea4ybtVAYfj1oFSCM,,,,,,,,"LinkedIn,LinkedIn 1st",,2025-04-01 11:54,No
Lisa,Richter,Dr. med. | MTRA | Neuroradiologie | EBIR,"MTRA, Klinik für Neuroradiologie",Klinikum Boden,"Germany, Boden, Rheinland-Pfalz, Germany",Medical Practices,lisa.richter@mail.de,https://www.linkedin.com/in/lisa-richter-574335/,https://media.licdn.com/dms/image/v2/C5603AQFrmxmphshvdohalgexecmal77fsq6x17wvd0jd764nt9/profile-displayphoto-shrink_200_200/0/1634918689088?e=2147483647&v=beta&t=ANtxAwI7SwAKbYJ-yaUuLBaL61Ea4ybtVAYfj1oFSCM,,,,,,,,"LinkedIn,LinkedIn 1st",,2025-04-06 08:47,No
Florian,Baumann,Prof. Dr. | Assistenzarzt | Gynäkologie | EBIR,"Assistenzarzt, Klinik für Gynäkologie",Klinikum Dürrlauingen,"Germany, Dürrlauingen, Bayern, Germany",Medical Practices,florian.baumann@mail.de,https://www.linkedin.com/in/florian-baumann-490937/,https://media.licdn.com/dms/image/v2/C5603AQFqmce4qm31z6784llski2lfzu31v2qgrsowy8yf8uir4/profile-displayphoto-shrink_200_200/0/1634918689088?e=2147483647&v=beta&t=ANtxAwI7SwAKbYJ-yaUuLBaL61Ea4ybtVAYfj1oFSCM,,,,,,,,"LinkedIn,LinkedIn 1st",,2025-11-12 08:43,No
Anna,Sauer,Ltd. OA | Chirurgie | EBIR,"Ltd. OA, Klinik für Chirurgie",Klinikum Steesow,"Germany, Steesow, Mecklenburg-Vorpommern, Germany",Medical Practices,anna.sauer@mail.de,https://www.linkedin.com/in/anna-sauer-193829/,https://media.licdn.com/dms/image/v2/C5603AQFitkzcg1xn6kvc9wfdnxz2514kg7mtmbshmrr6jacmij/profile-displayphoto-shrink_200_200/0/1634918689088?e=2147483647&v=beta&t=ANtxAwI7SwAKbYJ-yaUuLBaL61Ea4ybtVAYfj1oFSCM,,,,,,,,"LinkedIn,LinkedIn 1st",,2025-02-18 14:01,No
Johanna,Müller,Prof. Dr. | sonstige | Pädiatrie | EBIR,"sonstige, Klinik für Pädiatrie",Klinikum Bliesdorf Kunersdorf,"Germany, Bliesdorf Kunersdorf, Brandenburg, Germany",Medical Practices,johanna.müller@mail.de,https://www.linkedin.com/in/johanna-müller-670099/,https://media.licdn.com/dms/image/v2/C5603AQFe8p0ykkweajirt69phxemjdik39uwapy4d7ufzm85m4/profile-displayphoto-shrink_200_200/0/1634918689088?e=2147483647&v=beta&t=ANtxAwI7SwAKbYJ-yaUuLBaL61Ea4ybtVAYfj1oFSCM,,,,,,,,"LinkedIn,LinkedIn 1st",,2025-11-03 17:57,No
Henry,Wolf,Dr. | Assistenzarzt | Pädiatrie | EBIR,"Assistenzarzt, Klinik für Pädiatrie",Klinikum Nothweiler,"Germany, Nothweiler, Rheinland-Pfalz, Germany",Medical Practices,henry.wolf@mail.de,https://www.linkedin.com/in/henry-wolf-391201/,https://media.licdn.com/dms/image/v2/C5603AQFkk8a8chvfutvqdtqe4w0uyoxh3w0re7zubpqygew2yv/profile-displayphoto-shrink_200_200/0/1634918689088?e=2147483647&v=beta&t=ANtxAwI7SwAKbYJ-yaUuLBaL61Ea4ybtVAYfj1oFSCM,,,,,,,,"LinkedIn,LinkedIn 1st",,2025-09-12 16:55,No
Johanna,Möller,Prof. Dr. | Assistenzarzt | Kinderradiologie | EBIR,"Assistenzarzt, Klinik für Kinderradiologie",Klinikum Wickede,"Germany, Wickede, Nordrhein-Westfalen, Germany",Medical Practices,johanna.möller@mail.de,https://www.linkedin.com/in/johanna-möller-464055/,https://media.licdn.com/dms/image/v2/C5603AQFukv4v5pb47be58hfd2wjomjqkre80gk04bbvo518ik7/profile-displayphoto-shrink_200_200/0/1634918689088?e=2147483647&v=beta&t=ANtxAwI7SwAKbYJ-yaUuLBaL61Ea4ybtVAYfj1oFSCM,,,,,,,,"LinkedIn,LinkedIn 1st",,2026-02-26 17:00,No
Fabian,Becker,Dr. med. | MTRA | Psychiatrie | EBIR,"MTRA, Klinik für Psychiatrie",Klinikum Bad Hindelang,"Germany, Bad Hindelang, Bayern, Germany",Medical Practices,fabian.becker@mail.de,https://www.linkedin.com/in/fabian-becker-876057/,https://media.licdn.com/dms/image/v2/C5603AQFybh9liz77rr8j31uwd1pvixu4rq5tu825639wk8r9qs/profile-displayphoto-shrink_200_200/0/1634918689088?e=2147483647&v=beta&t=ANtxAwI7SwAKbYJ-yaUuLBaL61Ea4ybtVAYfj1oFSCM,,,,,,,,"LinkedIn,LinkedIn 1st",,2024-05-17 15:01,No
Jonathan,Roth,sonstige | Anästhesie | EBIR,"sonstige, Klinik für Anästhesie",Klinikum Bad Pyrmont,"Germany, Bad Pyrmont, Niedersachsen, Germany",Medical Practices,jonathan.roth@mail.de,https://www.linkedin.com/in/jonathan-roth-894444/,https://media.licdn.com/dms/image/v2/C5603AQF9e16l7lsr56u6t0zfyplay4ed8sumph93jsv92kfya5/profile-displayphoto-shrink_200_200/0/1634918689088?e=2147483647&v=beta&t=ANtxAwI7SwAKbYJ-yaUuLBaL61Ea4ybtVAYfj1oFSCM,,,,,,,,"LinkedIn,LinkedIn 1st",,2025-03-12 18:52,No
Melissa,Lehmann,Prof. Dr. | Ltd. OA | Anästhesie | EBIR,"Ltd. OA, Klinik für Anästhesie",Klinikum Trinwillershagen,"Germany, Trinwillershagen, Mecklenburg-Vorpommern, Germany",Medical Practices,melissa.lehmann@mail.de,https://www.linkedin.com/in/melissa-lehmann-951268/,https://media.licdn.com/dms/image/v2/C5603AQF7b25yadlslzeeo2ukkj8tgkz0v6qg4259b8p32xauvr/profile-displayphoto-shrink_200_200/0/1634918689088?e=2147483647&v=beta&t=ANtxAwI7SwAKbYJ-yaUuLBaL61Ea4ybtVAYfj1oFSCM,,,,,,,,"LinkedIn,LinkedIn 1st",,2023-04-24 18:47,No
Susanne,Schmitz,Oberarzt | Nuklearmedizin | EBIR,"Oberarzt, Klinik für Nuklearmedizin",Klinikum Bechhofen,"Germany, Bechhofen, Rheinland-Pfalz, Germany",Medical Practices,susanne.schmitz@mail.de,https://www.linkedin.com/in/susanne-schmitz-623775/,https://media.licdn.com/dms/image/v2/C5603AQF3cwj48fj4vyzrunfufm9x323q0db5z9a3y3469j1pn9/profile-displayphoto-shrink_200_200/0/1634918689088?e=2147483647&v=beta&t=ANtxAwI7SwAKbYJ-yaUuLBaL61Ea4ybtVAYfj1oFSCM,,,,,,,,"LinkedIn,LinkedIn 1st",,2023-01-22 11:10,No
Marie,Neumann,Ltd. OA | Pädiatrie/ Kindermedizin | EBIR,"Ltd. OA, Klinik für Pädiatrie/ Kindermedizin",Klinikum Kiedrich,"Germany, Kiedrich, Hessen, Germany",Medical Practices,marie.neumann@mail.de,https://www.linkedin.com/in/marie-neumann-975376/,https://media.licdn.com/dms/image/v2/C5603AQF5feewh4qn3i6dxle38g9n94quldi43w7wg1msok6s1e/profile-displayphoto-shrink_200_200/0/1634918689088?e=2147483647&v=beta&t=ANtxAwI7SwAKbYJ-yaUuLBaL61Ea4ybtVAYfj1oFSCM,,,,,,,,"LinkedIn,LinkedIn 1st",,2024-06-07 11:47,No
Jan,Hahn,MTRA | Gynäkologie | EBIR,"MTRA, Klinik für Gynäkologie",Klinikum Neulewin Neulietzegöricke,"Germany, Neulewin Neulietzegöricke, Brandenburg, Germany",Medical Practices,jan.hahn@mail.de,https://www.linkedin.com/in/jan-hahn-362364/,https://media.licdn.com/dms/image/v2/C5603AQF49eruv7njmjwjo9wqn8qmvgas6mk5vgjgw1u5pzgwzs/profile-displayphoto-shrink_200_200/0/1634918689088?e=2147483647&v=beta&t=ANtxAwI7SwAKbYJ-yaUuLBaL61Ea4ybtVAYfj1oFSCM,,,,,,,,"LinkedIn,LinkedIn 1st",,2024-11-02 15:20,No
Christian,Ritter,PD | Gesellschafter | Pädiatrie/ Kindermedizin | EBIR,"Gesellschafter, Klinik für Pädiatrie/ Kindermedizin",Klinikum Boos,"Germany, Boos, Rheinland-Pfalz, Germany",Medical Practices,christian.ritter@mail.de,https://www.linkedin.com/in/christian-ritter-930829/,https://media.licdn.com/dms/image/v2/C5603AQFxorh3b39et2sexk7x3umbdnowm7mwjak0m4r8qqinra/profile-displayphoto-shrink_200_200/0/1634918689088?e=2147483647&v=beta&t=ANtxAwI7SwAKbYJ-yaUuLBaL61Ea4ybtVAYfj1oFSCM,,,,,,,,"LinkedIn,LinkedIn 1st",,2026-03-28 12:55,No
Mila,Jung,Facharzt | Innere Medizin | EBIR,"Facharzt, Klinik für Innere Medizin",Klinikum Halberstadt,"Germany, Halberstadt, Sachsen-Anhalt, Germany",Medical Practices,mila.jung@mail.de,https://www.linkedin.com/in/mila-jung-337840/,https://media.licdn.com/dms/image/v2/C5603AQF9gymjsm0myuefisqy05oa0sgt2xjcwb3hfhvmzscfio/profile-displayphoto-shrink_200_200/0/1634918689088?e=2147483647&v=beta&t=ANtxAwI7SwAKbYJ-yaUuLBaL61Ea4ybtVAYfj1oFSCM,,,,,,,,"LinkedIn,LinkedIn 1st",,2025-04-01 14:48,No
Anton,Hartmann,Prof. Dr. | Oberarzt | Pädiatrie/ Kindermedizin | EBIR,"Oberarzt, Klinik für Pädiatrie/ Kindermedizin",Klinikum Neuendorf B,"Germany, Neuendorf B, Mecklenburg-Vorpommern, Germany",Medical Practices,anton.hartmann@mail.de,https://www.linkedin.com/in/anton-hartmann-506026/,https://media.licdn.com/dms/image/v2/C5603AQFirqbjydvixovp0rc6mq22a6ogwewenksaaqowmmzx8e/profile-displayphoto-shrink_200_200/0/1634918689088?e=2147483647&v=beta&t=ANtxAwI7SwAKbYJ-yaUuLBaL61Ea4ybtVAYfj1oFSCM,,,,,,,,"LinkedIn,LinkedIn 1st",,2023-05-28 13:40,No
Christian,Stein,PD | MTRA | Mammographie | EBIR,"MTRA, Klinik für Mammographie",Klinikum Ammeldingen bei Neuerburg,"Germany, Ammeldingen bei Neuerburg, Rheinland-Pfalz, Germany",Medical Practices,christian.stein@mail.de,https://www.linkedin.com/in/christian-stein-621329/,https://media.licdn.com/dms/image/v2/C5603AQF2qrjlxtksj1euexiq0z94vavcb8lqmers34t2f1m826/profile-displayphoto-shrink_200_200/0/1634918689088?e=2147483647&v=beta&t=ANtxAwI7SwAKbYJ-yaUuLBaL61Ea4ybtVAYfj1oFSCM,,,,,,,,"LinkedIn,LinkedIn 1st",,2024-07-23 13:43,No
Jonas,Sauer,Ltd. OA | Neuroradiologie | EBIR,"Ltd. OA, Klinik für Neuroradiologie",Klinikum Meitingen,"Germany, Meitingen, Bayern, Germany",Medical Practices,jonas.sauer@mail.de,https://www.linkedin.com/in/jonas-sauer-362696/,https://media.licdn.com/dms/image/v2/C5603AQFletrzc9pyax8t9qtig7vnrttkgn0q52s6lanz3ibgtr/profile-displayphoto-shrink_200_200/0/1634918689088?e=2147483647&v=beta&t=ANtxAwI7SwAKbYJ-yaUuLBaL61Ea4ybtVAYfj1oFSCM,,,,,,,,"LinkedIn,LinkedIn 1st",,2026-12-21 15:59,No
Louis,Koch,Dr. med. | sonstige | Gynäkologie | EBIR,"sonstige, Klinik für Gynäkologie",Klinikum Eichenau,"Germany, Eichenau, Bayern, Germany",Medical Practices,louis.koch@mail.de,https://www.linkedin.com/in/louis-koch-826108/,https://media.licdn.com/dms/image/v2/C5603AQFxedwfi13742qvaa4lx5xddey4sttsarijmfx7rn01yh/profile-displayphoto-shrink_200_200/0/1634918689088?e=2147483647&v=beta&t=ANtxAwI7SwAKbYJ-yaUuLBaL61Ea4ybtVAYfj1oFSCM,,,,,,,,"LinkedIn,LinkedIn 1st",,2023-05-26 08:19,No
Michael,Scholz,Dr. | MTRA | Neuroradiologie | EBIR,"MTRA, Klinik für Neuroradiologie",Klinikum Schildau,"Germany, Schildau, Sachsen, Germany",Medical Practices,michael.scholz@mail.de,https://www.linkedin.com/in/michael-scholz-975345/,https://media.licdn.com/dms/image/v2/C5603AQFtpvtgnijftpgeke1ad4yr6142p4dx8ytxo2d2x2fky3/profile-displayphoto-shrink_200_200/0/1634918689088?e=2147483647&v=beta&t=ANtxAwI7SwAKbYJ-yaUuLBaL61Ea4ybtVAYfj1oFSCM,,,,,,,,"LinkedIn,LinkedIn 1st",,2026-02-09 09:18,No
Lena,Meier,Dr. | Standortleiter | Mammographie | EBIR,"Standortleiter, Klinik für Mammographie",Klinikum Unterwachingen,"Germany, Unterwachingen, Baden-Württemberg, Germany",Medical Practices,lena.meier@mail.de,https://www.linkedin.com/in/lena-meier-607059/,https://media.licdn.com/dms/image/v2/C5603AQFe8u4ywmc6nnfkq90edvg3wyalro5k9wc9pfd0sq0gd9/profile-displayphoto-shrink_200_200/0/1634918689088?e=2147483647&v=beta&t=ANtxAwI7SwAKbYJ-yaUuLBaL61Ea4ybtVAYfj1oFSCM,,,,,,,,"LinkedIn,LinkedIn 1st",,2026-04-26 14:03,No
Frank,Möller,Chefarzt | Psychiatrie | EBIR,"Chefarzt, Klinik für Psychiatrie",Klinikum Papenhusen,"Germany, Papenhusen, Mecklenburg-Vorpommern, Germany",Medical Practices,frank.möller@mail.de,https://www.linkedin.com/in/frank-möller-948992/,https://media.licdn.com/dms/image/v2/C5603AQFiwpnpz121ky2n2w6gmtqu8w2hc9nos08hepnjckpxb8/profile-displayphoto-shrink_200_200/0/1634918689088?e=2147483647&v=beta&t=ANtxAwI7SwAKbYJ-yaUuLBaL61Ea4ybtVAYfj1oFSCM,,,,,,,,"LinkedIn,LinkedIn 1st",,2023-03-24 16:34,No
Johanna,Günther,Chefarzt | Pädiatrie | EBIR,"Chefarzt, Klinik für Pädiatrie",Klinikum Diepholz,"Germany, Diepholz, Niedersachsen, Germany",Medical Practices,johanna.günther@mail.de,https://www.linkedin.com/in/johanna-günther-959547/,https://media.licdn.com/dms/image/v2/C5603AQFuvutnr0qmmbp6622a78q5gc463kuy86um9tqpc9kt5a/profile-displayphoto-shrink_200_200/0/1634918689088?e=2147483647&v=beta&t=ANtxAwI7SwAKbYJ-yaUuLBaL61Ea4ybtVAYfj1oFSCM,,,,,,,,"LinkedIn,LinkedIn 1st",,2025-10-10 10:29,No
David,Kaiser,Dr. | Facharzt | Pädiatrie | EBIR,"Facharzt, Klinik für Pädiatrie",Klinikum Winterrieden,"Germany, Winterrieden, Bayern, Germany",Medical Practices,david.kaiser@mail.de,https://www.linkedin.com/in/david-kaiser-753209/,https://media.licdn.com/dms/image/v2/C5603AQFdz7elx3epfb6gcyqb6phvwu78i2tnovxvannd6hvplc/profile-displayphoto-shrink_200_200/0/1634918689088?e=2147483647&v=beta&t=ANtxAwI7SwAKbYJ-yaUuLBaL61Ea4ybtVAYfj1oFSCM,,,,,,,,"LinkedIn,LinkedIn 1st",,2024-12-08 08:17,No
Ella,Otto,PD | Ltd. OA | Pädiatrie | EBIR,"Ltd. OA, Klinik für Pädiatrie",Klinikum Renthendorf,"Germany, Renthendorf, Thüringen, Germany",Medical Practices,ella.otto@mail.de,https://www.linkedin.com/in/ella-otto-912419/,https://media.licdn.com/dms/image/v2/C5603AQF5kqmjgnsv37vqf0g71qlqob747sdhbmiuzd8i718y7v/profile-displayphoto-shrink_200_200/0/1634918689088?e=2147483647&v=beta&t=ANtxAwI7SwAKbYJ-yaUuLBaL61Ea4ybtVAYfj1oFSCM,,,,,,,,"LinkedIn,LinkedIn 1st",,2024-09-12 15:19,No
Jonathan,Hartmann,Dr. | sonstige | Orthopädie & UCH | EBIR,"sonstige, Klinik für Orthopädie & UCH",Klinikum Reinsfeld,"Germany, Reinsfeld, Rheinland-Pfalz, Germany",Medical Practices,jonathan.hartmann@mail.de,https://www.linkedin.com/in/jonathan-hartmann-576074/,https://media.licdn.com/dms/image/v2/C5603AQF9ncpdb05uh9uuuyr8h87x755iyccsrhzsoh3zcdivtr/profile-displayphoto-shrink_200_200/0/1634918689088?e=2147483647&v=beta&t=ANtxAwI7SwAKbYJ-yaUuLBaL61Ea4ybtVAYfj1oFSCM,,,,,,,,"LinkedIn,LinkedIn 1st",,2023-07-24 09:55,No
Elias,Meier,PD | sonstige | Pädiatrie/ Kindermedizin | EBIR,"sonstige, Klinik für Pädiatrie/ Kindermedizin",Klinikum Friedland,"Germany, Friedland, Niedersachsen, Germany",Medical Practices,elias.meier@mail.de,https://www.linkedin.com/in/elias-meier-485739/,https://media.licdn.com/dms/image/v2/C5603AQFoib28gikibc2podycqvz9jv2y7pm5uxv2r1g1m1tglt/profile-displayphoto-shrink_200_200/0/1634918689088?e=2147483647&v=beta&t=ANtxAwI7SwAKbYJ-yaUuLBaL61Ea4ybtVAYfj1oFSCM,,,,,,,,"LinkedIn,LinkedIn 1st",,2026-01-07 18:40,No
Matthias,Schröder,PD | Oberarzt | Nuklearmedizin | EBIR,"Oberarzt, Klinik für Nuklearmedizin",Klinikum Eriskirch,"Germany, Eriskirch, Baden-Württemberg, Germany",Medical Practices,matthias.schröder@mail.de,https://www.linkedin.com/in/matthias-schröder-955545/,https://media.licdn.com/dms/image/v2/C5603AQFftcls8p4tlke4uy47t2nggym6hieti35y94ub8ebvkj/profile-displayphoto-shrink_200_200/0/1634918689088?e=2147483647&v=beta&t=ANtxAwI7SwAKbYJ-yaUuLBaL61Ea4ybtVAYfj1oFSCM,,,,,,,,"LinkedIn,LinkedIn 1st",,2024-07-07 13:34,No
Moritz,Schuster,Dr. med. | Chefarzt | Chirurgie | EBIR,"Chefarzt, Klinik für Chirurgie",Klinikum Seebenau,"Germany, Seebenau, Sachsen-Anhalt, Germany",Medical Practices,moritz.schuster@mail.de,https://www.linkedin.com/in/moritz-schuster-918412/,https://media.licdn.com/dms/image/v2/C5603AQFzyvwjnwni4qin4bzkw6he8tt1h9usycf1k546j12pnp/profile-displayphoto-shrink_200_200/0/1634918689088?e=2147483647&v=beta&t=ANtxAwI7SwAKbYJ-yaUuLBaL61Ea4ybtVAYfj1oFSCM,,,,,,,,"LinkedIn,LinkedIn 1st",,2023-07-27 15:44,No
Lena,König,PD | Assistenzarzt | Anästhesie | EBIR,"Assistenzarzt, Klinik für Anästhesie",Klinikum Lemgo,"Germany, Lemgo, Nordrhein-Westfalen, Germany",Medical Practices,lena.könig@mail.de,https://www.linkedin.com/in/lena-könig-864188/,https://media.licdn.com/dms/image/v2/C5603AQF1c3da2tladuoqhtcdcir8ko20lhcl4kqy3v2o6ufbbs/profile-displayphoto-shrink_200_200/0/1634918689088?e=2147483647&v=beta&t=ANtxAwI7SwAKbYJ-yaUuLBaL61Ea4ybtVAYfj1oFSCM,,,,,,,,"LinkedIn,LinkedIn 1st",,2023-08-15 10:53,No
Sebastian,Meier,Dr. med. | Oberarzt | Orthopädie & UCH | EBIR,"Oberarzt, Klinik für Orthopädie & UCH",Klinikum Bresegard,"Germany, Bresegard, Mecklenburg-Vorpommern, Germany",Medical Practices,sebastian.meier@mail.de,https://www.linkedin.com/in/sebastian-meier-109838/,https://media.licdn.com/dms/image/v2/C5603AQFb5ckfir3aq7exs30dwalz9hxzbypz4bvlojmivkfwrx/profile-displayphoto-shrink_200_200/0/1634918689088?e=2147483647&v=beta&t=ANtxAwI7SwAKbYJ-yaUuLBaL61Ea4ybtVAYfj1oFSCM,,,,,,,,"LinkedIn,LinkedIn 1st",,2024-11-04 14:37,No
Lisa,Simon,Dr. med. | Assistenzarzt | Diagnostische und Interventionelle Radiologie | EBIR,"Assistenzarzt, Klinik für Diagnostische und Interventionelle Radiologie",Klinikum Walldorf,"Germany, Walldorf, Thüringen, Germany",Medical Practices,lisa.simon@mail.de,https://www.linkedin.com/in/lisa-simon-213259/,https://media.licdn.com/dms/image/v2/C5603AQF0s4skmz117mrfforcs13a4hs6yb9vihjl2mr8xpxbcd/profile-displayphoto-shrink_200_200/0/1634918689088?e=2147483647&v=beta&t=ANtxAwI7SwAKbYJ-yaUuLBaL61Ea4ybtVAYfj1oFSCM,,,,,,,,"LinkedIn,LinkedIn 1st",,2024-04-05 08:58,No
Lisa,Seidel,Dr. med. | Facharzt | Gynäkologie | EBIR,"Facharzt, Klinik für Gynäkologie",Klinikum Uebigau-Wahrenbrück,"Germany, Uebigau-Wahrenbrück, Brandenburg, Germany",Medical Practices,lisa.seidel@mail.de,https://www.linkedin.com/in/lisa-seidel-161700/,https://media.licdn.com/dms/image/v2/C5603AQFz2sh59j3zn0qe84zqhmr0fgovfqi7py82r6dttxqp4k/profile-displayphoto-shrink_200_200/0/1634918689088?e=2147483647&v=beta&t=ANtxAwI7SwAKbYJ-yaUuLBaL61Ea4ybtVAYfj1oFSCM,,,,,,,,"LinkedIn,LinkedIn 1st",,2024-02-08 13:53,No
Lea,Albrecht,Gesellschafter | Neuroradiologie | EBIR,"Gesellschafter, Klinik für Neuroradiologie",Klinikum Oberstreit,"Germany, Oberstreit, Rheinland-Pfalz, Germany",Medical Practices,lea.albrecht@mail.de,https://www.linkedin.com/in/lea-albrecht-537117/,https://media.licdn.com/dms/image/v2/C5603AQFl3tumn8v3bfwcndzafrgk53set4hxctvdvmh6i6v3nu/profile-displayphoto-shrink_200_200/0/1634918689088?e=2147483647&v=beta&t=ANtxAwI7SwAKbYJ-yaUuLBaL61Ea4ybtVAYfj1oFSCM,,,,,,,,"LinkedIn,LinkedIn 1st",,2025-11-19 17:30,No
Vanessa,Böhm,Dr. | Standortleiter | Gynäkologie | EBIR,"Standortleiter, Klinik für Gynäkologie",Klinikum Matgendorf,"Germany, Matgendorf, Mecklenburg-Vorpommern, Germany",Medical Practices,vanessa.böhm@mail.de,https://www.linkedin.com/in/vanessa-böhm-215216/,https://media.licdn.com/dms/image/v2/C5603AQF15qfic64dgiojys7vwe2oyt1rqorochqhdwm23gb7o7/profile-displayphoto-shrink_200_200/0/1634918689088?e=2147483647&v=beta&t=ANtxAwI7SwAKbYJ-yaUuLBaL61Ea4ybtVAYfj1oFSCM,,,,,,,,"LinkedIn,LinkedIn 1st",,2026-06-02 17:35,No
Jan,Günther,PD | Standortleiter | Neuroradiologie | EBIR,"Standortleiter, Klinik für Neuroradiologie",Klinikum Droyßig,"Germany, Droyßig, Sachsen-Anhalt, Germany",Medical Practices,jan.günther@mail.de,https://www.linkedin.com/in/jan-günther-347977/,https://media.licdn.com/dms/image/v2/C5603AQFi57lisivkrwvonfqaapjdckw3a0yu0qr0rztm70j8ic/profile-displayphoto-shrink_200_200/0/1634918689088?e=2147483647&v=beta&t=ANtxAwI7SwAKbYJ-yaUuLBaL61Ea4ybtVAYfj1oFSCM,,,,,,,,"LinkedIn,LinkedIn 1st",,2026-10-08 16:30,No
Leonard,Horn,Dr. med. | Ltd. OA | Pädiatrie/ Kindermedizin | EBIR,"Ltd. OA, Klinik für Pädiatrie/ Kindermedizin",Klinikum Oberlahr,"Germany, Oberlahr, Rheinland-Pfalz, Germany",Medical Practices,leonard.horn@mail.de,https://www.linkedin.com/in/leonard-horn-794150/,https://media.licdn.com/dms/image/v2/C5603AQFn3o1yomwy26psfe9sdzxwx34meozog0mkm3k9e9dfdp/profile-displayphoto-shrink_200_200/0/1634918689088?e=2147483647&v=beta&t=ANtxAwI7SwAKbYJ-yaUuLBaL61Ea4ybtVAYfj1oFSCM,,,,,,,,"LinkedIn,LinkedIn 1st",,2023-04-28 17:48,No
Oliver,Albrecht,Prof. Dr. | Facharzt | Neuroradiologie | EBIR,"Facharzt, Klinik für Neuroradiologie",Klinikum Osnabrück,"Germany, Osnabrück, Niedersachsen, Germany",Medical Practices,oliver.albrecht@mail.de,https://www.linkedin.com/in/oliver-albrecht-392813/,https://media.licdn.com/dms/image/v2/C5603AQFt95e9ow64qt51e9srm9g1fzflv6g18q8nwafnc8jaeh/profile-displayphoto-shrink_200_200/0/1634918689088?e=2147483647&v=beta&t=ANtxAwI7SwAKbYJ-yaUuLBaL61Ea4ybtVAYfj1oFSCM,,,,,,,,"LinkedIn,LinkedIn 1st",,2023-08-27 17:45,No
Oliver,Peters,PD | Standortleiter | Chirurgie | EBIR,"Standortleiter, Klinik für Chirurgie",Klinikum Eckfeld,"Germany, Eckfeld, Rheinland-Pfalz, Germany",Medical Practices,oliver.peters@mail.de,https://www.linkedin.com/in/oliver-peters-457591/,https://media.licdn.com/dms/image/v2/C5603AQFvgpqd5t0kdk86jrwytzhos1ugrtd3v6wkrjx734yske/profile-displayphoto-shrink_200_200/0/1634918689088?e=2147483647&v=beta&t=ANtxAwI7SwAKbYJ-yaUuLBaL61Ea4ybtVAYfj1oFSCM,,,,,,,,"LinkedIn,LinkedIn 1st",,2025-08-06 15:28,No
Greta,Günther,Dr. med. | MTRA | Kinderradiologie | EBIR,"MTRA, Klinik für Kinderradiologie",Klinikum Kuhlhausen,"Germany, Kuhlhausen, Sachsen-Anhalt, Germany",Medical Practices,greta.günther@mail.de,https://www.linkedin.com/in/greta-günther-828014/,https://media.licdn.com/dms/image/v2/C5603AQFnb2oy9kv1hy8c0fu5qbi8biombqe04usc0bbz7eclz0/profile-displayphoto-shrink_200_200/0/1634918689088?e=2147483647&v=beta&t=ANtxAwI7SwAKbYJ-yaUuLBaL61Ea4ybtVAYfj1oFSCM,,,,,,,,"LinkedIn,LinkedIn 1st",,2024-08-12 16:40,No
Tim,Schwarz,PD | Chefarzt | Chirurgie | EBIR,"Chefarzt, Klinik für Chirurgie",Klinikum Krombach,"Germany, Krombach, Thüringen, Germany",Medical Practices,tim.schwarz@mail.de,https://www.linkedin.com/in/tim-schwarz-791025/,https://media.licdn.com/dms/image/v2/C5603AQFbmhikcwtdyo8sb0dfa6u3bcztw1z0ys23od5n1lyig5/profile-displayphoto-shrink_200_200/0/1634918689088?e=2147483647&v=beta&t=ANtxAwI7SwAKbYJ-yaUuLBaL61Ea4ybtVAYfj1oFSCM,,,,,,,,"LinkedIn,LinkedIn 1st",,2023-11-13 17:51,No
Leon,Hofmann,Dr. med. | Facharzt | Innere Medizin | EBIR,"Facharzt, Klinik für Innere Medizin",Klinikum Illerrieden,"Germany, Illerrieden, Baden-Württemberg, Germany",Medical Practices,leon.hofmann@mail.de,https://www.linkedin.com/in/leon-hofmann-113702/,https://media.licdn.com/dms/image/v2/C5603AQFxlchn4c4i9qqk25jz98470tqlmogz9tfhpzkmavmzl6/profile-displayphoto-shrink_200_200/0/1634918689088?e=2147483647&v=beta&t=ANtxAwI7SwAKbYJ-yaUuLBaL61Ea4ybtVAYfj1oFSCM,,,,,,,,"LinkedIn,LinkedIn 1st",,2023-05-26 08:09,No
Lukas,Berger,Prof. Dr. | Gesellschafter | Innere Medizin | EBIR,"Gesellschafter, Klinik für Innere Medizin",Klinikum Edingen-Neckarhausen,"Germany, Edingen-Neckarhausen, Baden-Württemberg, Germany",Medical Practices,lukas.berger@mail.de,https://www.linkedin.com/in/lukas-berger-558526/,https://media.licdn.com/dms/image/v2/C5603AQFl5lalwiwt5f7ociw6kjsyvftu8cj99bakdv7ov3e7tg/profile-displayphoto-shrink_200_200/0/1634918689088?e=2147483647&v=beta&t=ANtxAwI7SwAKbYJ-yaUuLBaL61Ea4ybtVAYfj1oFSCM,,,,,,,,"LinkedIn,LinkedIn 1st",,2026-07-14 17:45,No
Frieda,Schröder,Prof. Dr. | Gesellschafter | Anästhesie | EBIR,"Gesellschafter, Klinik für Anästhesie",Klinikum Wolfratshausen,"Germany, Wolfratshausen, Bayern, Germany",Medical Practices,frieda.schröder@mail.de,https://www.linkedin.com/in/frieda-schröder-505230/,https://media.licdn.com/dms/image/v2/C5603AQFyny9vjfdgeo96dhya1in8nbrazdpjnixt35b0fvd4o7/profile-displayphoto-shrink_200_200/0/1634918689088?e=2147483647&v=beta&t=ANtxAwI7SwAKbYJ-yaUuLBaL61Ea4ybtVAYfj1oFSCM,,,,,,,,"LinkedIn,LinkedIn 1st",,2024-07-26 09:45,No
Lisa,Zimmermann,Dr. med. | Assistenzarzt | Innere Medizin | EBIR,"Assistenzarzt, Klinik für Innere Medizin",Klinikum Friedewald,"Germany, Friedewald, Rheinland-Pfalz, Germany",Medical Practices,lisa.zimmermann@mail.de,https://www.linkedin.com/in/lisa-zimmermann-357166/,https://media.licdn.com/dms/image/v2/C5603AQF5cklmszu7l4wwwg44ys1mvk72tthotzlg0wlfaakr0k/profile-displayphoto-shrink_200_200/0/1634918689088?e=2147483647&v=beta&t=ANtxAwI7SwAKbYJ-yaUuLBaL61Ea4ybtVAYfj1oFSCM,,,,,,,,"LinkedIn,LinkedIn 1st",,2024-03-21 09:43,No
Ella,Huber,PD | Oberarzt | Neuroradiologie | EBIR,"Oberarzt, Klinik für Neuroradiologie",Klinikum Neuenstein,"Germany, Neuenstein, Baden-Württemberg, Germany",Medical Practices,ella.huber@mail.de,https://www.linkedin.com/in/ella-huber-862772/,https://media.licdn.com/dms/image/v2/C5603AQFh66a2k1cljz06ptbfrr3hthjv9ilvugmm9ziswr1f8k/profile-displayphoto-shrink_200_200/0/1634918689088?e=2147483647&v=beta&t=ANtxAwI7SwAKbYJ-yaUuLBaL61Ea4ybtVAYfj1oFSCM,,,,,,,,"LinkedIn,LinkedIn 1st",,2025-05-08 12:42,No
Luise,Zimmermann,Dr. | Assistenzarzt | Kinderradiologie | EBIR,"Assistenzarzt, Klinik für Kinderradiologie",Klinikum Mönkhagen,"Germany, Mönkhagen, Schleswig-Holstein, Germany",Medical Practices,luise.zimmermann@mail.de,https://www.linkedin.com/in/luise-zimmermann-736135/,https://media.licdn.com/dms/image/v2/C5603AQF2i29xcawssgwd8msuodmpypxqzn8a590y7z244ezvl4/profile-displayphoto-shrink_200_200/0/1634918689088?e=2147483647&v=beta&t=ANtxAwI7SwAKbYJ-yaUuLBaL61Ea4ybtVAYfj1oFSCM,,,,,,,,"LinkedIn,LinkedIn 1st",,2024-07-23 14:35,No
Andreas,Schmitz,Dr. | sonstige | Neuroradiologie | EBIR,"sonstige, Klinik für Neuroradiologie",Klinikum Eyendorf,"Germany, Eyendorf, Niedersachsen, Germany",Medical Practices,andreas.schmitz@mail.de,https://www.linkedin.com/in/andreas-schmitz-124264/,https://media.licdn.com/dms/image/v2/C5603AQFluuekd1jwoklrr5h70wo29691smhkn0sm4pfnjc7cl2/profile-displayphoto-shrink_200_200/0/1634918689088?e=2147483647&v=beta&t=ANtxAwI7SwAKbYJ-yaUuLBaL61Ea4ybtVAYfj1oFSCM,,,,,,,,"LinkedIn,LinkedIn 1st",,2025-03-07 14:36,No
Alexander,Hoffmann,Dr. med. | Ltd. OA | Pädiatrie | EBIR,"Ltd. OA, Klinik für Pädiatrie",Klinikum Mescherin,"Germany, Mescherin, Brandenburg, Germany",Medical Practices,alexander.hoffmann@mail.de,https://www.linkedin.com/in/alexander-hoffmann-512824/,https://media.licdn.com/dms/image/v2/C5603AQFpsec2h23rfqbmc2v5n7mxt4vsw1nhiew9x8kskab3i6/profile-displayphoto-shrink_200_200/0/1634918689088?e=2147483647&v=beta&t=ANtxAwI7SwAKbYJ-yaUuLBaL61Ea4ybtVAYfj1oFSCM,,,,,,,,"LinkedIn,LinkedIn 1st",,2025-05-18 16:01,No
Anton,Schmidt,Dr. | sonstige | Psychiatrie | EBIR,"sonstige, Klinik für Psychiatrie",Klinikum Hohenwart,"Germany, Hohenwart, Bayern, Germany",Medical Practices,anton.schmidt@mail.de,https://www.linkedin.com/in/anton-schmidt-972560/,https://media.licdn.com/dms/image/v2/C5603AQFk6o4nze6rbj99sf06nmsbfugwap2h8oz33o94o6uqrp/profile-displayphoto-shrink_200_200/0/1634918689088?e=2147483647&v=beta&t=ANtxAwI7SwAKbYJ-yaUuLBaL61Ea4ybtVAYfj1oFSCM,,,,,,,,"LinkedIn,LinkedIn 1st",,2024-10-18 09:18,No
Birgit,Jung,Dr. med. | Standortleiter | Pädiatrie/ Kindermedizin | EBIR,"Standortleiter, Klinik für Pädiatrie/ Kindermedizin",Klinikum Jade,"Germany, Jade, Niedersachsen, Germany",Medical Practices,birgit.jung@mail.de,https://www.linkedin.com/in/birgit-jung-956486/,https://media.licdn.com/dms/image/v2/C5603AQFx0mrgfrzbcp7pwfumo43kfu1rjozzjsir5lp4pybjuu/profile-displayphoto-shrink_200_200/0/1634918689088?e=2147483647&v=beta&t=ANtxAwI7SwAKbYJ-yaUuLBaL61Ea4ybtVAYfj1oFSCM,,,,,,,,"LinkedIn,LinkedIn 1st",,2023-07-16 09:02,No
Finn,Ritter,PD | sonstige | Orthopädie & UCH | EBIR,"sonstige, Klinik für Orthopädie & UCH",Klinikum Schwesing,"Germany, Schwesing, Schleswig-Holstein, Germany",Medical Practices,finn.ritter@mail.de,https://www.linkedin.com/in/finn-ritter-303729/,https://media.licdn.com/dms/image/v2/C5603AQF7jsh9a4edgwbk77000drcsmk1n3vdz9lssm5p1z0kbx/profile-displayphoto-shrink_200_200/0/1634918689088?e=2147483647&v=beta&t=ANtxAwI7SwAKbYJ-yaUuLBaL61Ea4ybtVAYfj1oFSCM,,,,,,,,"LinkedIn,LinkedIn 1st",,2026-07-16 14:50,No
Mia,Schwarz,Dr. | sonstige | Pädiatrie | EBIR,"sonstige, Klinik für Pädiatrie",Klinikum Großröhrsdorf,"Germany, Großröhrsdorf, Sachsen, Germany",Medical Practices,mia.schwarz@mail.de,https://www.linkedin.com/in/mia-schwarz-541646/,https://media.licdn.com/dms/image/v2/C5603AQFkbmenafqedifw00deazojlx98mx6prb9vw7wysgn9bn/profile-displayphoto-shrink_200_200/0/1634918689088?e=2147483647&v=beta&t=ANtxAwI7SwAKbYJ-yaUuLBaL61Ea4ybtVAYfj1oFSCM,,,,,,,,"LinkedIn,LinkedIn 1st",,2025-07-26 10:30,No
Jürgen,Beck,Dr. | sonstige | Neuroradiologie | EBIR,"sonstige, Klinik für Neuroradiologie",Klinikum Kleinfurra,"Germany, Kleinfurra, Thüringen, Germany",Medical Practices,jürgen.beck@mail.de,https://www.linkedin.com/in/jürgen-beck-195007/,https://media.licdn.com/dms/image/v2/C5603AQFxsp4o0urfijp7uyponzvj2682vbh1l27nyifxlfhvsu/profile-displayphoto-shrink_200_200/0/1634918689088?e=2147483647&v=beta&t=ANtxAwI7SwAKbYJ-yaUuLBaL61Ea4ybtVAYfj1oFSCM,,,,,,,,"LinkedIn,LinkedIn 1st",,2025-02-06 14:18,No
Frieda,Beck,Dr. med. | Chefarzt | Anästhesie | EBIR,"Chefarzt, Klinik für Anästhesie",Klinikum Bad Berleburg Schüllar,"Germany, Bad Berleburg Schüllar, Nordrhein-Westfalen, Germany",Medical Practices,frieda.beck@mail.de,https://www.linkedin.com/in/frieda-beck-612019/,https://media.licdn.com/dms/image/v2/C5603AQFqzg3bdgx1u2v6gdymai2wh41ijbpiqoivtizhpw6oh9/profile-displayphoto-shrink_200_200/0/1634918689088?e=2147483647&v=beta&t=ANtxAwI7SwAKbYJ-yaUuLBaL61Ea4ybtVAYfj1oFSCM,,,,,,,,"LinkedIn,LinkedIn 1st",,2026-04-18 15:21,No
Ella,Huber,Standortleiter | Pädiatrie | EBIR,"Standortleiter, Klinik für Pädiatrie",Klinikum Nübel,"Germany, Nübel, Schleswig-Holstein, Germany",Medical Practices,ella.huber@mail.de,https://www.linkedin.com/in/ella-huber-341280/,https://media.licdn.com/dms/image/v2/C5603AQF7eobemekbobf8ptkmcb914oaz5ckk0h1p39yt7fhf02/profile-displayphoto-shrink_200_200/0/1634918689088?e=2147483647&v=beta&t=ANtxAwI7SwAKbYJ-yaUuLBaL61Ea4ybtVAYfj1oFSCM,,,,,,,,"LinkedIn,LinkedIn 1st",,2023-01-05 18:56,No
Tobias,Seidel,Dr. | Chefarzt | Innere Medizin | EBIR,"Chefarzt, Klinik für Innere Medizin",Klinikum Tüchen,"Germany, Tüchen, Brandenburg, Germany",Medical Practices,tobias.seidel@mail.de,https://www.linkedin.com/in/tobias-seidel-546518/,https://media.licdn.com/dms/image/v2/C5603AQFt4t72yf0k70gcfhy13vvmkt268ovbao797dm9illbcl/profile-displayphoto-shrink_200_200/0/1634918689088?e=2147483647&v=beta&t=ANtxAwI7SwAKbYJ-yaUuLBaL61Ea4ybtVAYfj1oFSCM,,,,,,,,"LinkedIn,LinkedIn 1st",,2023-12-06 09:40,No
Matteo,Krämer,Dr. med. | Oberarzt | Orthopädie & UCH | EBIR,"Oberarzt, Klinik für Orthopädie & UCH",Klinikum Krauchenwies,"Germany, Krauchenwies, Baden-Württemberg, Germany",Medical Practices,matteo.krämer@mail.de,https://www.linkedin.com/in/matteo-krämer-491642/,https://media.licdn.com/dms/image/v2/C5603AQF9fefqcy7o5la57x25ngjft5ubrqtxeqtm3uguxlqn3a/profile-displayphoto-shrink_200_200/0/1634918689088?e=2147483647&v=beta&t=ANtxAwI7SwAKbYJ-yaUuLBaL61Ea4ybtVAYfj1oFSCM,,,,,,,,"LinkedIn,LinkedIn 1st",,2026-12-07 16:00,No
Nina,Albrecht,Dr. med. | Gesellschafter | Pädiatrie/ Kindermedizin | EBIR,"Gesellschafter, Klinik für Pädiatrie/ Kindermedizin",Klinikum Niederirsen,"Germany, Niederirsen, Rheinland-Pfalz, Germany",Medical Practices,nina.albrecht@mail.de,https://www.linkedin.com/in/nina-albrecht-603281/,https://media.licdn.com/dms/image/v2/C5603AQFdivhcnn92fmhrdkkfu5qknoo0eki6kj0kpkkrzl7tof/profile-displayphoto-shrink_200_200/0/1634918689088?e=2147483647&v=beta&t=ANtxAwI7SwAKbYJ-yaUuLBaL61Ea4ybtVAYfj1oFSCM,,,,,,,,"LinkedIn,LinkedIn 1st",,2026-05-11 16:40,No
Stefan,Neumann,Dr. med. | Standortleiter | Gynäkologie | EBIR,"Standortleiter, Klinik für Gynäkologie",Klinikum Helferskirchen,"Germany, Helferskirchen, Rheinland-Pfalz, Germany",Medical Practices,stefan.neumann@mail.de,https://www.linkedin.com/in/stefan-neumann-926393/,https://media.licdn.com/dms/image/v2/C5603AQFsmwrdn9322z6xdon7vsbjhs1dpyj0ctn4rw5exldwlb/profile-displayphoto-shrink_200_200/0/1634918689088?e=2147483647&v=beta&t=ANtxAwI7SwAKbYJ-yaUuLBaL61Ea4ybtVAYfj1oFSCM,,,,,,,,"LinkedIn,LinkedIn 1st",,2026-04-10 13:48,No
Sebastian,Schmid,Dr. med. | Chefarzt | Chirurgie | EBIR,"Chefarzt, Klinik für Chirurgie",Klinikum Sankt Thomas,"Germany, Sankt Thomas, Rheinland-Pfalz, Germany",Medical Practices,sebastian.schmid@mail.de,https://www.linkedin.com/in/sebastian-schmid-825729/,https://media.licdn.com/dms/image/v2/C5603AQF3cpzq5qge6i41h6bqct5imwrxeo6y5494wnrlnqcaqz/profile-displayphoto-shrink_200_200/0/1634918689088?e=2147483647&v=beta&t=ANtxAwI7SwAKbYJ-yaUuLBaL61Ea4ybtVAYfj1oFSCM,,,,,,,,"LinkedIn,LinkedIn 1st",,2026-07-13 18:08,No
Christian,Scholz,Dr. | sonstige | Gynäkologie | EBIR,"sonstige, Klinik für Gynäkologie",Klinikum Osterby,"Germany, Osterby, Schleswig-Holstein, Germany",Medical Practices,christian.scholz@mail.de,https://www.linkedin.com/in/christian-scholz-808243/,https://media.licdn.com/dms/image/v2/C5603AQF7n9zwhgjyov6un84dacekif4zoiwmogkitqp9fvyln1/profile-displayphoto-shrink_200_200/0/1634918689088?e=2147483647&v=beta&t=ANtxAwI7SwAKbYJ-yaUuLBaL61Ea4ybtVAYfj1oFSCM,,,,,,,,"LinkedIn,LinkedIn 1st",,2026-06-24 09:19,No
Michael,Schulz,PD | Standortleiter | Pädiatrie/ Kindermedizin | EBIR,"Standortleiter, Klinik für Pädiatrie/ Kindermedizin",Klinikum Nauheim,"Germany, Nauheim, Hessen, Germany",Medical Practices,michael.schulz@mail.de,https://www.linkedin.com/in/michael-schulz-452128/,https://media.licdn.com/dms/image/v2/C5603AQFcbgp2sadl45cg5201rkp2t3ytafu10h13kh5shomhy7/profile-displayphoto-shrink_200_200/0/1634918689088?e=2147483647&v=beta&t=ANtxAwI7SwAKbYJ-yaUuLBaL61Ea4ybtVAYfj1oFSCM,,,,,,,,"LinkedIn,LinkedIn 1st",,2025-10-11 15:51,No
Sophia,Müller,PD | Gesellschafter | Anästhesie | EBIR,"Gesellschafter, Klinik für Anästhesie",Klinikum Kirchham,"Germany, Kirchham, Bayern, Germany",Medical Practices,sophia.müller@mail.de,https://www.linkedin.com/in/sophia-müller-186487/,https://media.licdn.com/dms/image/v2/C5603AQFzb4wwyvanz3rse8fbqvt3bxgig5kx86fh3hajuo93p5/profile-displayphoto-shrink_200_200/0/1634918689088?e=2147483647&v=beta&t=ANtxAwI7SwAKbYJ-yaUuLBaL61Ea4ybtVAYfj1oFSCM,,,,,,,,"LinkedIn,LinkedIn 1st",,2023-07-24 15:04,No
Lea,Haas,Dr. med. | Standortleiter | Kinderradiologie | EBIR,"Standortleiter, Klinik für Kinderradiologie",Klinikum Trochtelfingen,"Germany, Trochtelfingen, Baden-Württemberg, Germany",Medical Practices,lea.haas@mail.de,https://www.linkedin.com/in/lea-haas-623866/,https://media.licdn.com/dms/image/v2/C5603AQF1r34la4m1f5cdkmuimumz7logz12j2kd2mmeu3qy66o/profile-displayphoto-shrink_200_200/0/1634918689088?e=2147483647&v=beta&t=ANtxAwI7SwAKbYJ-yaUuLBaL61Ea4ybtVAYfj1oFSCM,,,,,,,,"LinkedIn,LinkedIn 1st",,2023-07-20 09:15,No
Nina,Haas,Prof. Dr. | sonstige | Innere Medizin | EBIR,"sonstige, Klinik für Innere Medizin",Klinikum Winnenden,"Germany, Winnenden, Baden-Württemberg, Germany",Medical Practices,nina.haas@mail.de,https://www.linkedin.com/in/nina-haas-345287/,https://media.licdn.com/dms/image/v2/C5603AQF33gogwy2d5aaybnvb627x5jqgv5g0rudrkfo8wyokjx/profile-displayphoto-shrink_200_200/0/1634918689088?e=2147483647&v=beta&t=ANtxAwI7SwAKbYJ-yaUuLBaL61Ea4ybtVAYfj1oFSCM,,,,,,,,"LinkedIn,LinkedIn 1st",,2023-12-22 15:30,No
Daniel,Neumann,Ltd. OA | Anästhesie | EBIR,"Ltd. OA, Klinik für Anästhesie",Klinikum Ventschow,"Germany, Ventschow, Mecklenburg-Vorpommern, Germany",Medical Practices,daniel.neumann@mail.de,https://www.linkedin.com/in/daniel-neumann-910167/,https://media.licdn.com/dms/image/v2/C5603AQFcmtqfvlvg43x29f750f5uvsoy0wlsszscujiwohtqmo/profile-displayphoto-shrink_200_200/0/1634918689088?e=2147483647&v=beta&t=ANtxAwI7SwAKbYJ-yaUuLBaL61Ea4ybtVAYfj1oFSCM,,,,,,,,"LinkedIn,LinkedIn 1st",,2025-08-22 08:10,No
Martin,Schuster,Dr. med. | Oberarzt | Psychiatrie | EBIR,"Oberarzt, Klinik für Psychiatrie",Klinikum Waßmannsdorf,"Germany, Waßmannsdorf, Brandenburg, Germany",Medical Practices,martin.schuster@mail.de,https://www.linkedin.com/in/martin-schuster-484322/,https://media.licdn.com/dms/image/v2/C5603AQFh6mzpb1y7lcu12xg4xd2katun6x7qx2th8ps486hzeb/profile-displayphoto-shrink_200_200/0/1634918689088?e=2147483647&v=beta&t=ANtxAwI7SwAKbYJ-yaUuLBaL61Ea4ybtVAYfj1oFSCM,,,,,,,,"LinkedIn,LinkedIn 1st",,2025-07-13 14:52,No
Katharina,Huber,Dr. | Oberarzt | Kinderradiologie | EBIR,"Oberarzt, Klinik für Kinderradiologie",Klinikum Geiselwind,"Germany, Geiselwind, Bayern, Germany",Medical Practices,katharina.huber@mail.de,https://www.linkedin.com/in/katharina-huber-102267/,https://media.licdn.com/dms/image/v2/C5603AQFusyr9wxojhmsdyqnptkxzgk22v6rd9ir5gwshifb19r/profile-displayphoto-shrink_200_200/0/1634918689088?e=2147483647&v=beta&t=ANtxAwI7SwAKbYJ-yaUuLBaL61Ea4ybtVAYfj1oFSCM,,,,,,,,"LinkedIn,LinkedIn 1st",,2023-06-23 08:27,No
Monika,Schulz,Dr. med. | Ltd. OA | Mammographie | EBIR,"Ltd. OA, Klinik für Mammographie","Klinikum Dresden Gompitz, Ockerwitz","Germany, Dresden Gompitz, Ockerwitz, Sachsen, Germany",Medical Practices,monika.schulz@mail.de,https://www.linkedin.com/in/monika-schulz-982843/,https://media.licdn.com/dms/image/v2/C5603AQF9gxcss4e3d7mib7kt4ioztj2mwmqrnnddejv5bnn6k1/profile-displayphoto-shrink_200_200/0/1634918689088?e=2147483647&v=beta&t=ANtxAwI7SwAKbYJ-yaUuLBaL61Ea4ybtVAYfj1oFSCM,,,,,,,,"LinkedIn,LinkedIn 1st",,2024-01-23 10:20,No
Henry,Ritter,Dr. | Gesellschafter | Psychiatrie | EBIR,"Gesellschafter, Klinik für Psychiatrie",Klinikum Tiefenbach,"Germany, Tiefenbach, Bayern, Germany",Medical Practices,henry.ritter@mail.de,https://www.linkedin.com/in/henry-ritter-328976/,https://media.licdn.com/dms/image/v2/C5603AQF2b5goavon7os8u2rxvn9xuq32z41ubd281jv5ivj062/profile-displayphoto-shrink_200_200/0/1634918689088?e=2147483647&v=beta&t=ANtxAwI7SwAKbYJ-yaUuLBaL61Ea4ybtVAYfj1oFSCM,,,,,,,,"LinkedIn,LinkedIn 1st",,2025-03-15 17:25,No
Jan,Sauer,Dr. | MTRA | Neuroradiologie | EBIR,"MTRA, Klinik für Neuroradiologie",Klinikum Bollberg,"Germany, Bollberg, Thüringen, Germany",Medical Practices,jan.sauer@mail.de,https://www.linkedin.com/in/jan-sauer-407037/,https://media.licdn.com/dms/image/v2/C5603AQFvaum7xelj5e2hj0p40zy5j4cniw7yekzb1x6bhf123a/profile-displayphoto-shrink_200_200/0/1634918689088?e=2147483647&v=beta&t=ANtxAwI7SwAKbYJ-yaUuLBaL61Ea4ybtVAYfj1oFSCM,,,,,,,,"LinkedIn,LinkedIn 1st",,2023-09-24 10:35,No
Thomas,Zimmermann,Dr. med. | Chefarzt | Orthopädie & UCH | EBIR,"Chefarzt, Klinik für Orthopädie & UCH",Klinikum Klein Rheide,"Germany, Klein Rheide, Schleswig-Holstein, Germany",Medical Practices,thomas.zimmermann@mail.de,https://www.linkedin.com/in/thomas-zimmermann-657628/,https://media.licdn.com/dms/image/v2/C5603AQF53bweh06kneubmaxm0bsg5zsj3cackch9bqatrifnfy/profile-displayphoto-shrink_200_200/0/1634918689088?e=2147483647&v=beta&t=ANtxAwI7SwAKbYJ-yaUuLBaL61Ea4ybtVAYfj1oFSCM,,,,,,,,"LinkedIn,LinkedIn 1st",,2024-11-24 12:55,No
Maximilian,Meier,sonstige | Diagnostische und Interventionelle Radiologie | EBIR,"sonstige, Klinik für Diagnostische und Interventionelle Radiologie",Klinikum Merschbach,"Germany, Merschbach, Rheinland-Pfalz, Germany",Medical Practices,maximilian.meier@mail.de,https://www.linkedin.com/in/maximilian-meier-517167/,https://media.licdn.com/dms/image/v2/C5603AQFbs2u0r2r17kuhrvt30bthwr70ew6ji47j5yt1pewito/profile-displayphoto-shrink_200_200/0/1634918689088?e=2147483647&v=beta&t=ANtxAwI7SwAKbYJ-yaUuLBaL61Ea4ybtVAYfj1oFSCM,,,,,,,,"LinkedIn,LinkedIn 1st",,2025-02-14 10:10,No
Maximilian,Möller,Dr. | sonstige | Pädiatrie | EBIR,"sonstige, Klinik für Pädiatrie",Klinikum Westgreußen,"Germany, Westgreußen, Thüringen, Germany",Medical Practices,maximilian.möller@mail.de,https://www.linkedin.com/in/maximilian-möller-154738/,https://media.licdn.com/dms/image/v2/C5603AQFxqy9395ssqiyve8cka9sqqjg20f7m25awa106jun8mk/profile-displayphoto-shrink_200_200/0/1634918689088?e=2147483647&v=beta&t=ANtxAwI7SwAKbYJ-yaUuLBaL61Ea4ybtVAYfj1oFSCM,,,,,,,,"LinkedIn,LinkedIn 1st",,2024-09-04 17:47,No
Moritz,Stein,Dr. med. | Oberarzt | Pädiatrie | EBIR,"Oberarzt, Klinik für Pädiatrie",Klinikum Niendorf,"Germany, Niendorf, Schleswig-Holstein, Germany",Medical Practices,moritz.stein@mail.de,https://www.linkedin.com/in/moritz-stein-811323/,https://media.licdn.com/dms/image/v2/C5603AQF4y8wygd78v99qaixs9b4jzbnxbtf4euhi245l7cjkjw/profile-displayphoto-shrink_200_200/0/1634918689088?e=2147483647&v=beta&t=ANtxAwI7SwAKbYJ-yaUuLBaL61Ea4ybtVAYfj1oFSCM,,,,,,,,"LinkedIn,LinkedIn 1st",,2026-08-16 17:42,No
Emily,Böhm,Prof. Dr. | Gesellschafter | Nuklearmedizin | EBIR,"Gesellschafter, Klinik für Nuklearmedizin",Klinikum Schluchsee,"Germany, Schluchsee, Baden-Württemberg, Germany",Medical Practices,emily.böhm@mail.de,https://www.linkedin.com/in/emily-böhm-537651/,https://media.licdn.com/dms/image/v2/C5603AQF4i84abl8v2px6nha9tnvp5vj46tnk2rpyyk2w1k9zl7/profile-displayphoto-shrink_200_200/0/1634918689088?e=2147483647&v=beta&t=ANtxAwI7SwAKbYJ-yaUuLBaL61Ea4ybtVAYfj1oFSCM,,,,,,,,"LinkedIn,LinkedIn 1st",,2023-03-28 14:11,No
Jakob,Groß,PD | Standortleiter | Gynäkologie | EBIR,"Standortleiter, Klinik für Gynäkologie",Klinikum Paaren im Glien,"Germany, Paaren im Glien, Brandenburg, Germany",Medical Practices,jakob.groß@mail.de,https://www.linkedin.com/in/jakob-groß-239279/,https://media.licdn.com/dms/image/v2/C5603AQFayg92jeir7t94clmrgcnw01yjlzrpinqq9p4iy94mlw/profile-displayphoto-shrink_200_200/0/1634918689088?e=2147483647&v=beta&t=ANtxAwI7SwAKbYJ-yaUuLBaL61Ea4ybtVAYfj1oFSCM,,,,,,,,"LinkedIn,LinkedIn 1st",,2023-01-20 10:57,No
Nina,Schäfer,sonstige | Diagnostische und Interventionelle Radiologie | EBIR,"sonstige, Klinik für Diagnostische und Interventionelle Radiologie",Klinikum Negernbötel,"Germany, Negernbötel, Schleswig-Holstein, Germany",Medical Practices,nina.schäfer@mail.de,https://www.linkedin.com/in/nina-schäfer-574137/,https://media.licdn.com/dms/image/v2/C5603AQF466hry0x1n28gemeugycp6qwz993vvac6l3wpuwztw8/profile-displayphoto-shrink_200_200/0/1634918689088?e=2147483647&v=beta&t=ANtxAwI7SwAKbYJ-yaUuLBaL61Ea4ybtVAYfj1oFSCM,,,,,,,,"LinkedIn,LinkedIn 1st",,2026-08-23 14:43,No
Florian,Sauer,sonstige | Gynäkologie | EBIR,"sonstige, Klinik für Gynäkologie",Klinikum Dannenberg (Elbe) Klein Heide,"Germany, Dannenberg (Elbe) Klein Heide, Niedersachsen, Germany",Medical Practices,florian.sauer@mail.de,https://www.linkedin.com/in/florian-sauer-338302/,https://media.licdn.com/dms/image/v2/C5603AQFzk204b27vd31pg1mpocxrpso0en9ak981idiocjpja5/profile-displayphoto-shrink_200_200/0/1634918689088?e=2147483647&v=beta&t=ANtxAwI7SwAKbYJ-yaUuLBaL61Ea4ybtVAYfj1oFSCM,,,,,,,,"LinkedIn,LinkedIn 1st",,2026-09-18 11:04,No
Daniel,Jung,Dr. med. | Gesellschafter | Neuroradiologie | EBIR,"Gesellschafter, Klinik für Neuroradiologie",Klinikum Jünkerath,"Germany, Jünkerath, Rheinland-Pfalz, Germany",Medical Practices,daniel.jung@mail.de,https://www.linkedin.com/in/daniel-jung-901143/,https://media.licdn.com/dms/image/v2/C5603AQFwl8fbxxdczd71hzd7cdkltxb7v72qk8r8h0fo9o6xzt/profile-displayphoto-shrink_200_200/0/1634918689088?e=2147483647&v=beta&t=ANtxAwI7SwAKbYJ-yaUuLBaL61Ea4ybtVAYfj1oFSCM,,,,,,,,"LinkedIn,LinkedIn 1st",,2025-04-26 17:37,No
Philipp,Krämer,Prof. Dr. | Assistenzarzt | Innere Medizin | EBIR,"Assistenzarzt, Klinik für Innere Medizin",Klinikum Stebach,"Germany, Stebach, Rheinland-Pfalz, Germany",Medical Practices,philipp.krämer@mail.de,https://www.linkedin.com/in/philipp-krämer-699583/,https://media.licdn.com/dms/image/v2/C5603AQFvngdx2riagw6ukgpun3vo6xthnprezsu748uli70aye/profile-displayphoto-shrink_200_200/0/1634918689088?e=2147483647&v=beta&t=ANtxAwI7SwAKbYJ-yaUuLBaL61Ea4ybtVAYfj1oFSCM,,,,,,,,"LinkedIn,LinkedIn 1st",,2023-10-09 12:00,No
Moritz,Schäfer,Dr. med. | Facharzt | Pädiatrie | EBIR,"Facharzt, Klinik für Pädiatrie",Klinikum Sinzig,"Germany, Sinzig, Rheinland-Pfalz, Germany",Medical Practices,moritz.schäfer@mail.de,https://www.linkedin.com/in/moritz-schäfer-965850/,https://media.licdn.com/dms/image/v2/C5603AQFnre98lmmjtdk6rcwmicpwphe6i6z3bktn3696we8kuh/profile-displayphoto-shrink_200_200/0/1634918689088?e=2147483647&v=beta&t=ANtxAwI7SwAKbYJ-yaUuLBaL61Ea4ybtVAYfj1oFSCM,,,,,,,,"LinkedIn,LinkedIn 1st",,2024-02-12 11:01,No
Jürgen,Böhm,Dr. | Ltd. OA | Psychiatrie | EBIR,"Ltd. OA, Klinik für Psychiatrie",Klinikum Lindenau,"Germany, Lindenau, Brandenburg, Germany",Medical Practices,jürgen.böhm@mail.de,https://www.linkedin.com/in/jürgen-böhm-320236/,https://media.licdn.com/dms/image/v2/C5603AQFf33ibbkzhbhrt2dbtiqipecbxkjkdjh407tqkw3ok8h/profile-displayphoto-shrink_200_200/0/1634918689088?e=2147483647&v=beta&t=ANtxAwI7SwAKbYJ-yaUuLBaL61Ea4ybtVAYfj1oFSCM,,,,,,,,"LinkedIn,LinkedIn 1st",,2025-01-25 09:56,No
Petra,Stein,Dr. | Assistenzarzt | Anästhesie | EBIR,"Assistenzarzt, Klinik für Anästhesie",Klinikum Winnert,"Germany, Winnert, Schleswig-Holstein, Germany",Medical Practices,petra.stein@mail.de,https://www.linkedin.com/in/petra-stein-731602/,https://media.licdn.com/dms/image/v2/C5603AQFmupipihwpei6w29edqswmql00cs16stqty3zhs09ycm/profile-displayphoto-shrink_200_200/0/1634918689088?e=2147483647&v=beta&t=ANtxAwI7SwAKbYJ-yaUuLBaL61Ea4ybtVAYfj1oFSCM,,,,,,,,"LinkedIn,LinkedIn 1st",,2023-10-15 11:52,No
Fabian,Weber,Dr. | Assistenzarzt | Diagnostische und Interventionelle Radiologie | EBIR,"Assistenzarzt, Klinik für Diagnostische und Interventionelle Radiologie",Klinikum Kluse,"Germany, Kluse, Niedersachsen, Germany",Medical Practices,fabian.weber@mail.de,https://www.linkedin.com/in/fabian-weber-877945/,https://media.licdn.com/dms/image/v2/C5603AQF6amwxbt6m2dmcye5b8rxra959lbuih8k356l3sq0qrn/profile-displayphoto-shrink_200_200/0/1634918689088?e=2147483647&v=beta&t=ANtxAwI7SwAKbYJ-yaUuLBaL61Ea4ybtVAYfj1oFSCM,,,,,,,,"LinkedIn,LinkedIn 1st",,2025-02-21 14:32,No
Alexander,Becker,Prof. Dr. | Ltd. OA | Diagnostische und Interventionelle Radiologie | EBIR,"Ltd. OA, Klinik für Diagnostische und Interventionelle Radiologie",Klinikum Wedemark,"Germany, Wedemark, Niedersachsen, Germany",Medical Practices,alexander.becker@mail.de,https://www.linkedin.com/in/alexander-becker-180905/,https://media.licdn.com/dms/image/v2/C5603AQFzue98y7n0ur9fymv12d1f1zn2cxwhwz5avmjq31w8rq/profile-displayphoto-shrink_200_200/0/1634918689088?e=2147483647&v=beta&t=ANtxAwI7SwAKbYJ-yaUuLBaL61Ea4ybtVAYfj1oFSCM,,,,,,,,"LinkedIn,LinkedIn 1st",,2024-12-14 09:39,No
Klaus,Fischer,Gesellschafter | Orthopädie & UCH | EBIR,"Gesellschafter, Klinik für Orthopädie & UCH",Klinikum Vogtsburg im Kaiserstuhl,"Germany, Vogtsburg im Kaiserstuhl, Baden-Württemberg, Germany",Medical Practices,klaus.fischer@mail.de,https://www.linkedin.com/in/klaus-fischer-135872/,https://media.licdn.com/dms/image/v2/C5603AQF0se73q0919szcl7zrslnszq4k4wxkdvq199zd574z8h/profile-displayphoto-shrink_200_200/0/1634918689088?e=2147483647&v=beta&t=ANtxAwI7SwAKbYJ-yaUuLBaL61Ea4ybtVAYfj1oFSCM,,,,,,,,"LinkedIn,LinkedIn 1st",,2026-10-07 13:54,No
Hannah,Schneider,Prof. Dr. | Facharzt | Kinderradiologie | EBIR,"Facharzt, Klinik für Kinderradiologie",Klinikum Oberarnbach,"Germany, Oberarnbach, Rheinland-Pfalz, Germany",Medical Practices,hannah.schneider@mail.de,https://www.linkedin.com/in/hannah-schneider-972267/,https://media.licdn.com/dms/image/v2/C5603AQF8judwtykt6uo6sytwi84e35y89tcwpxt1wh2rb4otfs/profile-displayphoto-shrink_200_200/0/1634918689088?e=2147483647&v=beta&t=ANtxAwI7SwAKbYJ-yaUuLBaL61Ea4ybtVAYfj1oFSCM,,,,,,,,"LinkedIn,LinkedIn 1st",,2026-05-11 12:39,No
Sofia,Engel,Dr. | Gesellschafter | Anästhesie | EBIR,"Gesellschafter, Klinik für Anästhesie",Klinikum Eschenbach in der Oberpfalz,"Germany, Eschenbach in der Oberpfalz, Bayern, Germany",Medical Practices,sofia.engel@mail.de,https://www.linkedin.com/in/sofia-engel-678614/,https://media.licdn.com/dms/image/v2/C5603AQFjv7dvqup4m200iv7cww0kemk2q1j1i35jbm4ixsv2ax/profile-displayphoto-shrink_200_200/0/1634918689088?e=2147483647&v=beta&t=ANtxAwI7SwAKbYJ-yaUuLBaL61Ea4ybtVAYfj1oFSCM,,,,,,,,"LinkedIn,LinkedIn 1st",,2023-06-12 11:41,No
Ida,Schulz,Dr. | MTRA | Diagnostische und Interventionelle Radiologie | EBIR,"MTRA, Klinik für Diagnostische und Interventionelle Radiologie",Klinikum Thaining,"Germany, Thaining, Bayern, Germany",Medical Practices,ida.schulz@mail.de,https://www.linkedin.com/in/ida-schulz-604422/,https://media.licdn.com/dms/image/v2/C5603AQFlmkcdbv65765pid9uv2lue2ma9ymut3ch3lg35421qs/profile-displayphoto-shrink_200_200/0/1634918689088?e=2147483647&v=beta&t=ANtxAwI7SwAKbYJ-yaUuLBaL61Ea4ybtVAYfj1oFSCM,,,,,,,,"LinkedIn,LinkedIn 1st",,2023-09-05 11:18,No
Mia,Hahn,Dr. med. | sonstige | Anästhesie | EBIR,"sonstige, Klinik für Anästhesie",Klinikum Glashütten,"Germany, Glashütten, Bayern, Germany",Medical Practices,mia.hahn@mail.de,https://www.linkedin.com/in/mia-hahn-688014/,https://media.licdn.com/dms/image/v2/C5603AQF4djd326s4thhbzot79juwqpzwpeev8mbo0beb8l7cq2/profile-displayphoto-shrink_200_200/0/1634918689088?e=2147483647&v=beta&t=ANtxAwI7SwAKbYJ-yaUuLBaL61Ea4ybtVAYfj1oFSCM,,,,,,,,"LinkedIn,LinkedIn 1st",,2024-08-14 14:37,No
Sandra,Möller,Dr. med. | Ltd. OA | Diagnostische und Interventionelle Radiologie | EBIR,"Ltd. OA, Klinik für Diagnostische und Interventionelle Radiologie",Klinikum Burgau,"Germany, Burgau, Bayern, Germany",Medical Practices,sandra.möller@mail.de,https://www.linkedin.com/in/sandra-möller-422938/,https://media.licdn.com/dms/image/v2/C5603AQF0arb6hmxvtxr3idizglu1axsn712pxclj02f5hcxrbf/profile-displayphoto-shrink_200_200/0/1634918689088?e=2147483647&v=beta&t=ANtxAwI7SwAKbYJ-yaUuLBaL61Ea4ybtVAYfj1oFSCM,,,,,,,,"LinkedIn,LinkedIn 1st",,2023-04-22 10:10,No
Julia,Zimmermann,Dr. med. | sonstige | Kinderradiologie | EBIR,"sonstige, Klinik für Kinderradiologie",Klinikum Böhlen,"Germany, Böhlen, Thüringen, Germany",Medical Practices,julia.zimmermann@mail.de,https://www.linkedin.com/in/julia-zimmermann-371322/,https://media.licdn.com/dms/image/v2/C5603AQF7pqb3gt7q4m3x8zk6onfhza58m3v4poxuzshjuorl49/profile-displayphoto-shrink_200_200/0/1634918689088?e=2147483647&v=beta&t=ANtxAwI7SwAKbYJ-yaUuLBaL61Ea4ybtVAYfj1oFSCM,,,,,,,,"LinkedIn,LinkedIn 1st",,2026-11-13 16:23,No
Florian,Wolf,Dr. med. | Facharzt | Chirurgie | EBIR,"Facharzt, Klinik für Chirurgie",Klinikum Kirchtimke,"Germany, Kirchtimke, Niedersachsen, Germany",Medical Practices,florian.wolf@mail.de,https://www.linkedin.com/in/florian-wolf-657367/,https://media.licdn.com/dms/image/v2/C5603AQFirwj9123mdu15dwz8pqo3q4mqmynq1kpjxz74z87wpa/profile-displayphoto-shrink_200_200/0/1634918689088?e=2147483647&v=beta&t=ANtxAwI7SwAKbYJ-yaUuLBaL61Ea4ybtVAYfj1oFSCM,,,,,,,,"LinkedIn,LinkedIn 1st",,2025-02-11 17:13,No
Vanessa,Peters,Dr. med. | Assistenzarzt | Chirurgie | EBIR,"Assistenzarzt, Klinik für Chirurgie",Klinikum Sömmerda,"Germany, Sömmerda, Thüringen, Germany",Medical Practices,vanessa.peters@mail.de,https://www.linkedin.com/in/vanessa-peters-491797/,https://media.licdn.com/dms/image/v2/C5603AQFrz6p56354350zlddhvbeajwb1m5fs8zd4ay7j8pvfzv/profile-displayphoto-shrink_200_200/0/1634918689088?e=2147483647&v=beta&t=ANtxAwI7SwAKbYJ-yaUuLBaL61Ea4ybtVAYfj1oFSCM,,,,,,,,"LinkedIn,LinkedIn 1st",,2023-06-14 12:15,No
Peter,Schröder,Oberarzt | Mammographie | EBIR,"Oberarzt, Klinik für Mammographie",Klinikum Saarburg,"Germany, Saarburg, Rheinland-Pfalz, Germany",Medical Practices,peter.schröder@mail.de,https://www.linkedin.com/in/peter-schröder-777187/,https://media.licdn.com/dms/image/v2/C5603AQFkl2hibo4hgzh7qomsvv826h5jbdcoth9atg69siid21/profile-displayphoto-shrink_200_200/0/1634918689088?e=2147483647&v=beta&t=ANtxAwI7SwAKbYJ-yaUuLBaL61Ea4ybtVAYfj1oFSCM,,,,,,,,"LinkedIn,LinkedIn 1st",,2023-05-22 17:05,No
Christian,Seidel,PD | Chefarzt | Chirurgie | EBIR,"Chefarzt, Klinik für Chirurgie",Klinikum Gipperath,"Germany, Gipperath, Rheinland-Pfalz, Germany",Medical Practices,christian.seidel@mail.de,https://www.linkedin.com/in/christian-seidel-111933/,https://media.licdn.com/dms/image/v2/C5603AQF9so1pn4xkoxcajfglpv5h5kfcs7wbirzxirrb1i4d1z/profile-displayphoto-shrink_200_200/0/1634918689088?e=2147483647&v=beta&t=ANtxAwI7SwAKbYJ-yaUuLBaL61Ea4ybtVAYfj1oFSCM,,,,,,,,"LinkedIn,LinkedIn 1st",,2023-04-16 16:34,No
Frieda,Weber,Prof. Dr. | Gesellschafter | Mammographie | EBIR,"Gesellschafter, Klinik für Mammographie",Klinikum Alpirsbach,"Germany, Alpirsbach, Baden-Württemberg, Germany",Medical Practices,frieda.weber@mail.de,https://www.linkedin.com/in/frieda-weber-807095/,https://media.licdn.com/dms/image/v2/C5603AQF0xwgu668srerp0vjfey8g8e023q8yifs5fkkozd8jxo/profile-displayphoto-shrink_200_200/0/1634918689088?e=2147483647&v=beta&t=ANtxAwI7SwAKbYJ-yaUuLBaL61Ea4ybtVAYfj1oFSCM,,,,,,,,"LinkedIn,LinkedIn 1st",,2026-02-12 18:51,No
Finn,Kaiser,Dr. med. | Standortleiter | Pädiatrie/ Kindermedizin | EBIR,"Standortleiter, Klinik für Pädiatrie/ Kindermedizin",Klinikum Dornstetten,"Germany, Dornstetten, Baden-Württemberg, Germany",Medical Practices,finn.kaiser@mail.de,https://www.linkedin.com/in/finn-kaiser-885773/,https://media.licdn.com/dms/image/v2/C5603AQFw76cujq9qnunx00d8r9pr00zecsp00609wf4ug3mpa1/profile-displayphoto-shrink_200_200/0/1634918689088?e=2147483647&v=beta&t=ANtxAwI7SwAKbYJ-yaUuLBaL61Ea4ybtVAYfj1oFSCM,,,,,,,,"LinkedIn,LinkedIn 1st",,2025-03-18 14:59,No
Louis,Möller,Dr. med. | sonstige | Pädiatrie | EBIR,"sonstige, Klinik für Pädiatrie",Klinikum Waldeck,"Germany, Waldeck, Hessen, Germany",Medical Practices,louis.möller@mail.de,https://www.linkedin.com/in/louis-möller-517967/,https://media.licdn.com/dms/image/v2/C5603AQF1xx16lnenzrdhor2ohlafqn8hmwko75e2h7oddumubk/profile-displayphoto-shrink_200_200/0/1634918689088?e=2147483647&v=beta&t=ANtxAwI7SwAKbYJ-yaUuLBaL61Ea4ybtVAYfj1oFSCM,,,,,,,,"LinkedIn,LinkedIn 1st",,2023-02-02 13:08,No
Oliver,Schuster,Prof. Dr. | Oberarzt | Chirurgie | EBIR,"Oberarzt, Klinik für Chirurgie",Klinikum Hohenwestedt,"Germany, Hohenwestedt, Schleswig-Holstein, Germany",Medical Practices,oliver.schuster@mail.de,https://www.linkedin.com/in/oliver-schuster-520655/,https://media.licdn.com/dms/image/v2/C5603AQFk7cpgy1ppjaucx1sba949d8p72pzjh2vpg84lj06c11/profile-displayphoto-shrink_200_200/0/1634918689088?e=2147483647&v=beta&t=ANtxAwI7SwAKbYJ-yaUuLBaL61Ea4ybtVAYfj1oFSCM,,,,,,,,"LinkedIn,LinkedIn 1st",,2023-12-15 16:31,No
Frieda,Frank,Dr. med. | Standortleiter | Anästhesie | EBIR,"Standortleiter, Klinik für Anästhesie",Klinikum Hamburg Sülldorf,"Germany, Hamburg Sülldorf, Hamburg, Germany",Medical Practices,frieda.frank@mail.de,https://www.linkedin.com/in/frieda-frank-854077/,https://media.licdn.com/dms/image/v2/C5603AQFmh68xrvgul0yxon1muu0aqnc40swg2mdjae38dncnwx/profile-displayphoto-shrink_200_200/0/1634918689088?e=2147483647&v=beta&t=ANtxAwI7SwAKbYJ-yaUuLBaL61Ea4ybtVAYfj1oFSCM,,,,,,,,"LinkedIn,LinkedIn 1st",,2026-02-22 09:46,No
Oskar,Werner,Prof. Dr. | Standortleiter | Diagnostische und Interventionelle Radiologie | EBIR,"Standortleiter, Klinik für Diagnostische und Interventionelle Radiologie",Klinikum Schwandorf,"Germany, Schwandorf, Bayern, Germany",Medical Practices,oskar.werner@mail.de,https://www.linkedin.com/in/oskar-werner-147337/,https://media.licdn.com/dms/image/v2/C5603AQFvuo09l926hknibr1470cpdbu95wesyw9ebys0m76v8l/profile-displayphoto-shrink_200_200/0/1634918689088?e=2147483647&v=beta&t=ANtxAwI7SwAKbYJ-yaUuLBaL61Ea4ybtVAYfj1oFSCM,,,,,,,,"LinkedIn,LinkedIn 1st",,2023-01-27 16:47,No
Stefan,Haas,Prof. Dr. | Ltd. OA | Mammographie | EBIR,"Ltd. OA, Klinik für Mammographie",Klinikum Hinzweiler,"Germany, Hinzweiler, Rheinland-Pfalz, Germany",Medical Practices,stefan.haas@mail.de,https://www.linkedin.com/in/stefan-haas-315620/,https://media.licdn.com/dms/image/v2/C5603AQF94jdxdo9ctybkmsrkofwmj8jtsqkp0xzjulfkt2dhn6/profile-displayphoto-shrink_200_200/0/1634918689088?e=2147483647&v=beta&t=ANtxAwI7SwAKbYJ-yaUuLBaL61Ea4ybtVAYfj1oFSCM,,,,,,,,"LinkedIn,LinkedIn 1st",,2023-04-21 13:52,No
Anton,Vogel,PD | Ltd. OA | Kinderradiologie | EBIR,"Ltd. OA, Klinik für Kinderradiologie",Klinikum Racksen,"Germany, Racksen, Rheinland-Pfalz, Germany",Medical Practices,anton.vogel@mail.de,https://www.linkedin.com/in/anton-vogel-371535/,https://media.licdn.com/dms/image/v2/C5603AQFdwi9mp5axmo28d3vchkews756vbxkn4rk8ua5eebkt3/profile-displayphoto-shrink_200_200/0/1634918689088?e=2147483647&v=beta&t=ANtxAwI7SwAKbYJ-yaUuLBaL61Ea4ybtVAYfj1oFSCM,,,,,,,,"LinkedIn,LinkedIn 1st",,2026-01-23 08:19,No
Lisa,Böhm,Dr. med. | MTRA | Chirurgie | EBIR,"MTRA, Klinik für Chirurgie",Klinikum Pilsach,"Germany, Pilsach, Bayern, Germany",Medical Practices,lisa.böhm@mail.de,https://www.linkedin.com/in/lisa-böhm-606360/,https://media.licdn.com/dms/image/v2/C5603AQFgp8gtkmgzzcrv8hlyo33isl09bsqtyhz8ax5v2m1nzd/profile-displayphoto-shrink_200_200/0/1634918689088?e=2147483647&v=beta&t=ANtxAwI7SwAKbYJ-yaUuLBaL61Ea4ybtVAYfj1oFSCM,,,,,,,,"LinkedIn,LinkedIn 1st",,2026-10-14 08:05,No
Emil,Ritter,Dr. | Oberarzt | Pädiatrie | EBIR,"Oberarzt, Klinik für Pädiatrie",Klinikum Unterwössen,"Germany, Unterwössen, Bayern, Germany",Medical Practices,emil.ritter@mail.de,https://www.linkedin.com/in/emil-ritter-485114/,https://media.licdn.com/dms/image/v2/C5603AQFgkanctf4c45mfgq60mb3iki5sboioatpjdt4jsqk8mf/profile-displayphoto-shrink_200_200/0/1634918689088?e=2147483647&v=beta&t=ANtxAwI7SwAKbYJ-yaUuLBaL61Ea4ybtVAYfj1oFSCM,,,,,,,,"LinkedIn,LinkedIn 1st",,2026-04-27 13:26,No
Lukas,Maier,MTRA | Nuklearmedizin | EBIR,"MTRA, Klinik für Nuklearmedizin",Klinikum Neuendorf A,"Germany, Neuendorf A, Mecklenburg-Vorpommern, Germany",Medical Practices,lukas.maier@mail.de,https://www.linkedin.com/in/lukas-maier-660186/,https://media.licdn.com/dms/image/v2/C5603AQFfp426bijptlgffx0bmpdehz6oeou2r8ra5jtlet4vjk/profile-displayphoto-shrink_200_200/0/1634918689088?e=2147483647&v=beta&t=ANtxAwI7SwAKbYJ-yaUuLBaL61Ea4ybtVAYfj1oFSCM,,,,,,,,"LinkedIn,LinkedIn 1st",,2023-01-19 10:40,No
Daniel,Böhm,Prof. Dr. | Facharzt | Chirurgie | EBIR,"Facharzt, Klinik für Chirurgie",Klinikum Klingelbach,"Germany, Klingelbach, Rheinland-Pfalz, Germany",Medical Practices,daniel.böhm@mail.de,https://www.linkedin.com/in/daniel-böhm-740194/,https://media.licdn.com/dms/image/v2/C5603AQFn99nnl7bchvepbf48okwd0uh4oppoclgvuicq2aokqx/profile-displayphoto-shrink_200_200/0/1634918689088?e=2147483647&v=beta&t=ANtxAwI7SwAKbYJ-yaUuLBaL61Ea4ybtVAYfj1oFSCM,,,,,,,,"LinkedIn,LinkedIn 1st",,2025-08-07 08:25,No
Florian,Schäfer,Standortleiter | Mammographie | EBIR,"Standortleiter, Klinik für Mammographie",Klinikum Buchhofen,"Germany, Buchhofen, Bayern, Germany",Medical Practices,florian.schäfer@mail.de,https://www.linkedin.com/in/florian-schäfer-607079/,https://media.licdn.com/dms/image/v2/C5603AQFrh47metkqnpv1w28vvxthixctoy993ox66jbx9gmmok/profile-displayphoto-shrink_200_200/0/1634918689088?e=2147483647&v=beta&t=ANtxAwI7SwAKbYJ-yaUuLBaL61Ea4ybtVAYfj1oFSCM,,,,,,,,"LinkedIn,LinkedIn 1st",,2026-02-21 18:45,No
Marie,Müller,Chefarzt | Chirurgie | EBIR,"Chefarzt, Klinik für Chirurgie",Klinikum Klanxbüll,"Germany, Klanxbüll, Schleswig-Holstein, Germany",Medical Practices,marie.müller@mail.de,https://www.linkedin.com/in/marie-müller-951501/,https://media.licdn.com/dms/image/v2/C5603AQF9i4rt3ryoadrlnu4ovje0impu7m091536xnriqtva6g/profile-displayphoto-shrink_200_200/0/1634918689088?e=2147483647&v=beta&t=ANtxAwI7SwAKbYJ-yaUuLBaL61Ea4ybtVAYfj1oFSCM,,,,,,,,"LinkedIn,LinkedIn 1st",,2026-12-06 16:32,No
Anton,Hofmann,Dr. med. | Chefarzt | Mammographie | EBIR,"Chefarzt, Klinik für Mammographie",Klinikum Bietigheim-Bissingen,"Germany, Bietigheim-Bissingen, Baden-Württemberg, Germany",Medical Practices,anton.hofmann@mail.de,https://www.linkedin.com/in/anton-hofmann-286310/,https://media.licdn.com/dms/image/v2/C5603AQFhfe9qkwutr4vygzqfzab1zxjhqe43qjudlf9w28aqg3/profile-displayphoto-shrink_200_200/0/1634918689088?e=2147483647&v=beta&t=ANtxAwI7SwAKbYJ-yaUuLBaL61Ea4ybtVAYfj1oFSCM,,,,,,,,"LinkedIn,LinkedIn 1st",,2024-01-18 18:14,No
Henry,Kurz,Dr. med. | sonstige | Gynäkologie | EBIR,"sonstige, Klinik für Gynäkologie",Klinikum Warsow,"Germany, Warsow, Mecklenburg-Vorpommern, Germany",Medical Practices,henry.kurz@mail.de,https://www.linkedin.com/in/henry-kurz-746038/,https://media.licdn.com/dms/image/v2/C5603AQFij7mlk2qds41s2ti8x7ca6zc8ef5e1ziw902om0c2yl/profile-displayphoto-shrink_200_200/0/1634918689088?e=2147483647&v=beta&t=ANtxAwI7SwAKbYJ-yaUuLBaL61Ea4ybtVAYfj1oFSCM,,,,,,,,"LinkedIn,LinkedIn 1st",,2026-06-15 08:29,No
Emily,Koch,Prof. Dr. | Chefarzt | Psychiatrie | EBIR,"Chefarzt, Klinik für Psychiatrie",Klinikum Schopfloch,"Germany, Schopfloch, Baden-Württemberg, Germany",Medical Practices,emily.koch@mail.de,https://www.linkedin.com/in/emily-koch-463850/,https://media.licdn.com/dms/image/v2/C5603AQFdee83fedij2rpegjkhf2q4x9xvfrn3yfhsq3l0is2zi/profile-displayphoto-shrink_200_200/0/1634918689088?e=2147483647&v=beta&t=ANtxAwI7SwAKbYJ-yaUuLBaL61Ea4ybtVAYfj1oFSCM,,,,,,,,"LinkedIn,LinkedIn 1st",,2024-05-13 18:46,No
Mia,Vogel,Gesellschafter | Anästhesie | EBIR,"Gesellschafter, Klinik für Anästhesie",Klinikum Schwabach,"Germany, Schwabach, Bayern, Germany",Medical Practices,mia.vogel@mail.de,https://www.linkedin.com/in/mia-vogel-518180/,https://media.licdn.com/dms/image/v2/C5603AQF2czl6qs99jjno559u173a6gvivfa75fm6cv0uew79bi/profile-displayphoto-shrink_200_200/0/1634918689088?e=2147483647&v=beta&t=ANtxAwI7SwAKbYJ-yaUuLBaL61Ea4ybtVAYfj1oFSCM,,,,,,,,"LinkedIn,LinkedIn 1st",,2023-10-27 15:53,No
Sandra,Ritter,Dr. med. | Gesellschafter | Neuroradiologie | EBIR,"Gesellschafter, Klinik für Neuroradiologie",Klinikum Brinkum,"Germany, Brinkum, Niedersachsen, Germany",Medical Practices,sandra.ritter@mail.de,https://www.linkedin.com/in/sandra-ritter-345183/,https://media.licdn.com/dms/image/v2/C5603AQFp6slde7zzba6p0aan6yeetttmh6815a9c32gquab36u/profile-displayphoto-shrink_200_200/0/1634918689088?e=2147483647&v=beta&t=ANtxAwI7SwAKbYJ-yaUuLBaL61Ea4ybtVAYfj1oFSCM,,,,,,,,"LinkedIn,LinkedIn 1st",,2026-10-07 12:04,No
Marie,Schneider,Dr. | Ltd. OA | Gynäkologie | EBIR,"Ltd. OA, Klinik für Gynäkologie",Klinikum Aue,"Germany, Aue, Sachsen, Germany",Medical Practices,marie.schneider@mail.de,https://www.linkedin.com/in/marie-schneider-539515/,https://media.licdn.com/dms/image/v2/C5603AQFtxu92sij6y1arw06aww8k0hbdz3w32y19z2vhqoj260/profile-displayphoto-shrink_200_200/0/1634918689088?e=2147483647&v=beta&t=ANtxAwI7SwAKbYJ-yaUuLBaL61Ea4ybtVAYfj1oFSCM,,,,,,,,"LinkedIn,LinkedIn 1st",,2025-12-05 17:59,No
Melissa,Weber,Dr. med. | Gesellschafter | Anästhesie | EBIR,"Gesellschafter, Klinik für Anästhesie",Klinikum Köchelstorf,"Germany, Köchelstorf, Mecklenburg-Vorpommern, Germany",Medical Practices,melissa.weber@mail.de,https://www.linkedin.com/in/melissa-weber-594480/,https://media.licdn.com/dms/image/v2/C5603AQF49j3kxwx0brsk1acsauy0co4qhoglpqwj2iatnx3ga6/profile-displayphoto-shrink_200_200/0/1634918689088?e=2147483647&v=beta&t=ANtxAwI7SwAKbYJ-yaUuLBaL61Ea4ybtVAYfj1oFSCM,,,,,,,,"LinkedIn,LinkedIn 1st",,2024-01-25 09:32,No
Thomas,Klein,Prof. Dr. | Facharzt | Pädiatrie | EBIR,"Facharzt, Klinik für Pädiatrie",Klinikum Borxleben,"Germany, Borxleben, Thüringen, Germany",Medical Practices,thomas.klein@mail.de,https://www.linkedin.com/in/thomas-klein-676511/,https://media.licdn.com/dms/image/v2/C5603AQF52c7ze6ku46i3jumkzyy6ddzv4f8wcs1ngahot8hy8i/profile-displayphoto-shrink_200_200/0/1634918689088?e=2147483647&v=beta&t=ANtxAwI7SwAKbYJ-yaUuLBaL61Ea4ybtVAYfj1oFSCM,,,,,,,,"LinkedIn,LinkedIn 1st",,2024-06-05 14:34,No
Oskar,Haas,Dr. | Chefarzt | Kinderradiologie | EBIR,"Chefarzt, Klinik für Kinderradiologie",Klinikum Rabenau,"Germany, Rabenau, Hessen, Germany",Medical Practices,oskar.haas@mail.de,https://www.linkedin.com/in/oskar-haas-153500/,https://media.licdn.com/dms/image/v2/C5603AQF0ism628gksksm6y9a8qndan0pu8x22ea5wjsi4ranfe/profile-displayphoto-shrink_200_200/0/1634918689088?e=2147483647&v=beta&t=ANtxAwI7SwAKbYJ-yaUuLBaL61Ea4ybtVAYfj1oFSCM,,,,,,,,"LinkedIn,LinkedIn 1st",,2026-05-03 15:37,No
Andreas,Schumacher,Chefarzt | Pädiatrie/ Kindermedizin | EBIR,"Chefarzt, Klinik für Pädiatrie/ Kindermedizin",Klinikum Rottenbuch,"Germany, Rottenbuch, Bayern, Germany",Medical Practices,andreas.schumacher@mail.de,https://www.linkedin.com/in/andreas-schumacher-318414/,https://media.licdn.com/dms/image/v2/C5603AQFj0fg9a6hdtvnfo5uzgiqw5jyqt6pfv871vc5ox0q0na/profile-displayphoto-shrink_200_200/0/1634918689088?e=2147483647&v=beta&t=ANtxAwI7SwAKbYJ-yaUuLBaL61Ea4ybtVAYfj1oFSCM,,,,,,,,"LinkedIn,LinkedIn 1st",,2025-01-18 09:49,No
Clara,Wagner,sonstige | Innere Medizin | EBIR,"sonstige, Klinik für Innere Medizin",Klinikum Wiebelsdorf,"Germany, Wiebelsdorf, Thüringen, Germany",Medical Practices,clara.wagner@mail.de,https://www.linkedin.com/in/clara-wagner-194139/,https://media.licdn.com/dms/image/v2/C5603AQFgo1ci9zpmsdbwjaujx7xspjrjxpwprn3mznjmcvft45/profile-displayphoto-shrink_200_200/0/1634918689088?e=2147483647&v=beta&t=ANtxAwI7SwAKbYJ-yaUuLBaL61Ea4ybtVAYfj1oFSCM,,,,,,,,"LinkedIn,LinkedIn 1st",,2025-12-01 17:04,No
Louis,Berger,Dr. med. | Chefarzt | Nuklearmedizin | EBIR,"Chefarzt, Klinik für Nuklearmedizin",Klinikum Monzingen,"Germany, Monzingen, Rheinland-Pfalz, Germany",Medical Practices,louis.berger@mail.de,https://www.linkedin.com/in/louis-berger-807966/,https://media.licdn.com/dms/image/v2/C5603AQFqpd3fndfisgncwj6917gxwlgln2u5vg7jeq8j5bpq0y/profile-displayphoto-shrink_200_200/0/1634918689088?e=2147483647&v=beta&t=ANtxAwI7SwAKbYJ-yaUuLBaL61Ea4ybtVAYfj1oFSCM,,,,,,,,"LinkedIn,LinkedIn 1st",,2026-04-08 12:09,No
Frieda,Krüger,Chefarzt | Orthopädie & UCH | EBIR,"Chefarzt, Klinik für Orthopädie & UCH",Klinikum Kemmern,"Germany, Kemmern, Bayern, Germany",Medical Practices,frieda.krüger@mail.de,https://www.linkedin.com/in/frieda-krüger-587629/,https://media.licdn.com/dms/image/v2/C5603AQF8wj4jkj20vo98l2ikd2r8v5hqnk3gdc6gsngxqm9mjb/profile-displayphoto-shrink_200_200/0/1634918689088?e=2147483647&v=beta&t=ANtxAwI7SwAKbYJ-yaUuLBaL61Ea4ybtVAYfj1oFSCM,,,,,,,,"LinkedIn,LinkedIn 1st",,2025-11-18 13:00,No
Louis,Schumacher,Dr. med. | Standortleiter | Kinderradiologie | EBIR,"Standortleiter, Klinik für Kinderradiologie",Klinikum Hallerndorf,"Germany, Hallerndorf, Bayern, Germany",Medical Practices,louis.schumacher@mail.de,https://www.linkedin.com/in/louis-schumacher-802008/,https://media.licdn.com/dms/image/v2/C5603AQFulexdj4l4b21zh7tj9in00kcpl8uw89u315u1k0mogw/profile-displayphoto-shrink_200_200/0/1634918689088?e=2147483647&v=beta&t=ANtxAwI7SwAKbYJ-yaUuLBaL61Ea4ybtVAYfj1oFSCM,,,,,,,,"LinkedIn,LinkedIn 1st",,2024-09-14 08:08,No
Sandra,Vogel,Prof. Dr. | MTRA | Orthopädie & UCH | EBIR,"MTRA, Klinik für Orthopädie & UCH",Klinikum Kastl,"Germany, Kastl, Bayern, Germany",Medical Practices,sandra.vogel@mail.de,https://www.linkedin.com/in/sandra-vogel-798528/,https://media.licdn.com/dms/image/v2/C5603AQFc0muc99yzsu35by2dv8wsa0n434kwobmxlcqcnzqyhr/profile-displayphoto-shrink_200_200/0/1634918689088?e=2147483647&v=beta&t=ANtxAwI7SwAKbYJ-yaUuLBaL61Ea4ybtVAYfj1oFSCM,,,,,,,,"LinkedIn,LinkedIn 1st",,2026-08-15 14:23,No
Katharina,Vogel,Dr. med. | Gesellschafter | Diagnostische und Interventionelle Radiologie | EBIR,"Gesellschafter, Klinik für Diagnostische und Interventionelle Radiologie",Klinikum Rennau,"Germany, Rennau, Niedersachsen, Germany",Medical Practices,katharina.vogel@mail.de,https://www.linkedin.com/in/katharina-vogel-205446/,https://media.licdn.com/dms/image/v2/C5603AQFxb7qwo9lfesmwtmu0y8ny4sf26jp3ahtk206istggsu/profile-displayphoto-shrink_200_200/0/1634918689088?e=2147483647&v=beta&t=ANtxAwI7SwAKbYJ-yaUuLBaL61Ea4ybtVAYfj1oFSCM,,,,,,,,"LinkedIn,LinkedIn 1st",,2025-07-17 10:05,No
Matthias,Werner,Prof. Dr. | MTRA | Chirurgie | EBIR,"MTRA, Klinik für Chirurgie",Klinikum Visbek,"Germany, Visbek, Niedersachsen, Germany",Medical Practices,matthias.werner@mail.de,https://www.linkedin.com/in/matthias-werner-504046/,https://media.licdn.com/dms/image/v2/C5603AQF1ihogt2xvv19dh68ajrbxge9snkvka4zpt9v149d5i0/profile-displayphoto-shrink_200_200/0/1634918689088?e=2147483647&v=beta&t=ANtxAwI7SwAKbYJ-yaUuLBaL61Ea4ybtVAYfj1oFSCM,,,,,,,,"LinkedIn,LinkedIn 1st",,2023-03-03 08:16,No
Emil,Schumacher,Dr. | Standortleiter | Pädiatrie | EBIR,"Standortleiter, Klinik für Pädiatrie",Klinikum Benzweiler,"Germany, Benzweiler, Rheinland-Pfalz, Germany",Medical Practices,emil.schumacher@mail.de,https://www.linkedin.com/in/emil-schumacher-498260/,https://media.licdn.com/dms/image/v2/C5603AQF8fknxxicslemwcyw5jt8259gwofqv6wvo5f5yhq7jyw/profile-displayphoto-shrink_200_200/0/1634918689088?e=2147483647&v=beta&t=ANtxAwI7SwAKbYJ-yaUuLBaL61Ea4ybtVAYfj1oFSCM,,,,,,,,"LinkedIn,LinkedIn 1st",,2023-02-23 14:00,No
Luise,Müller,PD | Gesellschafter | Pädiatrie | EBIR,"Gesellschafter, Klinik für Pädiatrie",Klinikum Hoym,"Germany, Hoym, Sachsen-Anhalt, Germany",Medical Practices,luise.müller@mail.de,https://www.linkedin.com/in/luise-müller-345249/,https://media.licdn.com/dms/image/v2/C5603AQFd63pyfro6rxl369hticgz9vghxo3pmiyj85kt2vy0m0/profile-displayphoto-shrink_200_200/0/1634918689088?e=2147483647&v=beta&t=ANtxAwI7SwAKbYJ-yaUuLBaL61Ea4ybtVAYfj1oFSCM,,,,,,,,"LinkedIn,LinkedIn 1st",,2025-11-25 09:20,No
Hannah,Böhm,Dr. med. | Gesellschafter | Mammographie | EBIR,"Gesellschafter, Klinik für Mammographie",Klinikum Löhma,"Germany, Löhma, Thüringen, Germany",Medical Practices,hannah.böhm@mail.de,https://www.linkedin.com/in/hannah-böhm-430033/,https://media.licdn.com/dms/image/v2/C5603AQFg8g6d1ku9b02e3twk9vjvvz0iuzescttgxf8roikmth/profile-displayphoto-shrink_200_200/0/1634918689088?e=2147483647&v=beta&t=ANtxAwI7SwAKbYJ-yaUuLBaL61Ea4ybtVAYfj1oFSCM,,,,,,,,"LinkedIn,LinkedIn 1st",,2024-09-09 16:55,No
Jonathan,Schulz,Dr. | Ltd. OA | Pädiatrie/ Kindermedizin | EBIR,"Ltd. OA, Klinik für Pädiatrie/ Kindermedizin",Klinikum Lünebach,"Germany, Lünebach, Rheinland-Pfalz, Germany",Medical Practices,jonathan.schulz@mail.de,https://www.linkedin.com/in/jonathan-schulz-742189/,https://media.licdn.com/dms/image/v2/C5603AQF4vdg2koq6nay1vvjkgrxk916w6mvjz1ttayt4hfpe64/profile-displayphoto-shrink_200_200/0/1634918689088?e=2147483647&v=beta&t=ANtxAwI7SwAKbYJ-yaUuLBaL61Ea4ybtVAYfj1oFSCM,,,,,,,,"LinkedIn,LinkedIn 1st",,2025-04-05 18:01,No
Hannah,Huber,PD | Assistenzarzt | Innere Medizin | EBIR,"Assistenzarzt, Klinik für Innere Medizin",Klinikum Fehrbellin Hakenberg,"Germany, Fehrbellin Hakenberg, Brandenburg, Germany",Medical Practices,hannah.huber@mail.de,https://www.linkedin.com/in/hannah-huber-392463/,https://media.licdn.com/dms/image/v2/C5603AQFzignhr14p8ogwyma26gn2slzh5ei0ldbj2df6zdct3a/profile-displayphoto-shrink_200_200/0/1634918689088?e=2147483647&v=beta&t=ANtxAwI7SwAKbYJ-yaUuLBaL61Ea4ybtVAYfj1oFSCM,,,,,,,,"LinkedIn,LinkedIn 1st",,2023-11-18 13:40,No
Susanne,Becker,PD | Standortleiter | Orthopädie & UCH | EBIR,"Standortleiter, Klinik für Orthopädie & UCH",Klinikum Dasburg,"Germany, Dasburg, Rheinland-Pfalz, Germany",Medical Practices,susanne.becker@mail.de,https://www.linkedin.com/in/susanne-becker-792923/,https://media.licdn.com/dms/image/v2/C5603AQFl6unbahw3edzejm6xzzksigp5br1ervdxbphtufaaqk/profile-displayphoto-shrink_200_200/0/1634918689088?e=2147483647&v=beta&t=ANtxAwI7SwAKbYJ-yaUuLBaL61Ea4ybtVAYfj1oFSCM,,,,,,,,"LinkedIn,LinkedIn 1st",,2025-11-03 08:07,No
Lea,Ritter,Dr. | Ltd. OA | Diagnostische und Interventionelle Radiologie | EBIR,"Ltd. OA, Klinik für Diagnostische und Interventionelle Radiologie",Klinikum Beeskow Krügersdorf,"Germany, Beeskow Krügersdorf, Brandenburg, Germany",Medical Practices,lea.ritter@mail.de,https://www.linkedin.com/in/lea-ritter-895313/,https://media.licdn.com/dms/image/v2/C5603AQF19r1wkw135gfkuqb2an15c4hfsnisw826dzyqtzrxg9/profile-displayphoto-shrink_200_200/0/1634918689088?e=2147483647&v=beta&t=ANtxAwI7SwAKbYJ-yaUuLBaL61Ea4ybtVAYfj1oFSCM,,,,,,,,"LinkedIn,LinkedIn 1st",,2024-07-16 10:33,No
Anna,Maier,PD | sonstige | Psychiatrie | EBIR,"sonstige, Klinik für Psychiatrie",Klinikum Burg (Spreewald),"Germany, Burg (Spreewald), Brandenburg, Germany",Medical Practices,anna.maier@mail.de,https://www.linkedin.com/in/anna-maier-616894/,https://media.licdn.com/dms/image/v2/C5603AQF5013ozvdvw6u8gy4p21cwxfq8wlavw9yqhauj17fdye/profile-displayphoto-shrink_200_200/0/1634918689088?e=2147483647&v=beta&t=ANtxAwI7SwAKbYJ-yaUuLBaL61Ea4ybtVAYfj1oFSCM,,,,,,,,"LinkedIn,LinkedIn 1st",,2025-05-28 13:57,No
Jan,Böhm,Dr. | Assistenzarzt | Nuklearmedizin | EBIR,"Assistenzarzt, Klinik für Nuklearmedizin",Klinikum Sandbostel,"Germany, Sandbostel, Niedersachsen, Germany",Medical Practices,jan.böhm@mail.de,https://www.linkedin.com/in/jan-böhm-516043/,https://media.licdn.com/dms/image/v2/C5603AQF7socnvkcl8xw08heyyi5wgdkpll7ko6h00q439pr5n1/profile-displayphoto-shrink_200_200/0/1634918689088?e=2147483647&v=beta&t=ANtxAwI7SwAKbYJ-yaUuLBaL61Ea4ybtVAYfj1oFSCM,,,,,,,,"LinkedIn,LinkedIn 1st",,2023-12-01 14:31,No
Susanne,Zimmermann,Dr. med. | Assistenzarzt | Chirurgie | EBIR,"Assistenzarzt, Klinik für Chirurgie",Klinikum Kriftel,"Germany, Kriftel, Hessen, Germany",Medical Practices,susanne.zimmermann@mail.de,https://www.linkedin.com/in/susanne-zimmermann-435994/,https://media.licdn.com/dms/image/v2/C5603AQFf0j97ponjyuqgee3tjcwkkteq8bhjrvwbo2749mjz2x/profile-displayphoto-shrink_200_200/0/1634918689088?e=2147483647&v=beta&t=ANtxAwI7SwAKbYJ-yaUuLBaL61Ea4ybtVAYfj1oFSCM,,,,,,,,"LinkedIn,LinkedIn 1st",,2023-06-02 13:02,No
Markus,Böhm,Prof. Dr. | MTRA | Anästhesie | EBIR,"MTRA, Klinik für Anästhesie",Klinikum Röhrig,"Germany, Röhrig, Thüringen, Germany",Medical Practices,markus.böhm@mail.de,https://www.linkedin.com/in/markus-böhm-959746/,https://media.licdn.com/dms/image/v2/C5603AQF1wszxc4erybqlqri6ke5h3unox2lwk10swsqdu5xg0b/profile-displayphoto-shrink_200_200/0/1634918689088?e=2147483647&v=beta&t=ANtxAwI7SwAKbYJ-yaUuLBaL61Ea4ybtVAYfj1oFSCM,,,,,,,,"LinkedIn,LinkedIn 1st",,2025-07-11 10:21,No
Samuel,Stein,Dr. | Facharzt | Kinderradiologie | EBIR,"Facharzt, Klinik für Kinderradiologie",Klinikum Weißenfels,"Germany, Weißenfels, Sachsen-Anhalt, Germany",Medical Practices,samuel.stein@mail.de,https://www.linkedin.com/in/samuel-stein-349334/,https://media.licdn.com/dms/image/v2/C5603AQFmkc6llk662idjqxdd38hghj1l6x23s4pbj6sfqxjhvp/profile-displayphoto-shrink_200_200/0/1634918689088?e=2147483647&v=beta&t=ANtxAwI7SwAKbYJ-yaUuLBaL61Ea4ybtVAYfj1oFSCM,,,,,,,,"LinkedIn,LinkedIn 1st",,2023-11-11 11:09,No
Felix,Wagner,Dr. | Gesellschafter | Pädiatrie | EBIR,"Gesellschafter, Klinik für Pädiatrie",Klinikum Niederndodeleben,"Germany, Niederndodeleben, Sachsen-Anhalt, Germany",Medical Practices,felix.wagner@mail.de,https://www.linkedin.com/in/felix-wagner-180157/,https://media.licdn.com/dms/image/v2/C5603AQF5ohkkym984069kap0se2aatg778qtdngwiz1qqfy1in/profile-displayphoto-shrink_200_200/0/1634918689088?e=2147483647&v=beta&t=ANtxAwI7SwAKbYJ-yaUuLBaL61Ea4ybtVAYfj1oFSCM,,,,,,,,"LinkedIn,LinkedIn 1st",,2023-01-08 16:54,No
Luise,Zimmermann,Dr. | Assistenzarzt | Nuklearmedizin | EBIR,"Assistenzarzt, Klinik für Nuklearmedizin",Klinikum Schachtebich,"Germany, Schachtebich, Thüringen, Germany",Medical Practices,luise.zimmermann@mail.de,https://www.linkedin.com/in/luise-zimmermann-902756/,https://media.licdn.com/dms/image/v2/C5603AQF38v6nhqp0bdk4b6nxkkx945q1ydr8qzugs7ysn0quxm/profile-displayphoto-shrink_200_200/0/1634918689088?e=2147483647&v=beta&t=ANtxAwI7SwAKbYJ-yaUuLBaL61Ea4ybtVAYfj1oFSCM,,,,,,,,"LinkedIn,LinkedIn 1st",,2026-11-05 12:03,No
Jürgen,Böhm,Dr. med. | sonstige | Kinderradiologie | EBIR,"sonstige, Klinik für Kinderradiologie",Klinikum Limburg an der Lahn,"Germany, Limburg an der Lahn, Hessen, Germany",Medical Practices,jürgen.böhm@mail.de,https://www.linkedin.com/in/jürgen-böhm-923276/,https://media.licdn.com/dms/image/v2/C5603AQF96sbvjt1aqv2qhs5eov6eejlexfq15o6ix7f9jqwj5h/profile-displayphoto-shrink_200_200/0/1634918689088?e=2147483647&v=beta&t=ANtxAwI7SwAKbYJ-yaUuLBaL61Ea4ybtVAYfj1oFSCM,,,,,,,,"LinkedIn,LinkedIn 1st",,2024-04-25 15:00,No
Emilia,Lange,PD | Facharzt | Mammographie | EBIR,"Facharzt, Klinik für Mammographie",Klinikum Stockheim,"Germany, Stockheim, Bayern, Germany",Medical Practices,emilia.lange@mail.de,https://www.linkedin.com/in/emilia-lange-812948/,https://media.licdn.com/dms/image/v2/C5603AQFgohs7eihsl7xm27czfh1yyz1qvlxl826453yhc5y9v2/profile-displayphoto-shrink_200_200/0/1634918689088?e=2147483647&v=beta&t=ANtxAwI7SwAKbYJ-yaUuLBaL61Ea4ybtVAYfj1oFSCM,,,,,,,,"LinkedIn,LinkedIn 1st",,2023-05-20 10:43,No
Birgit,Weber,PD | Assistenzarzt | Nuklearmedizin | EBIR,"Assistenzarzt, Klinik für Nuklearmedizin",Klinikum Jessen (Elster) Schöneicho,"Germany, Jessen (Elster) Schöneicho, Sachsen-Anhalt, Germany",Medical Practices,birgit.weber@mail.de,https://www.linkedin.com/in/birgit-weber-690776/,https://media.licdn.com/dms/image/v2/C5603AQFywja2td2p85iqeboaq5jpw2ghockc4xb2tlzfl7uzvr/profile-displayphoto-shrink_200_200/0/1634918689088?e=2147483647&v=beta&t=ANtxAwI7SwAKbYJ-yaUuLBaL61Ea4ybtVAYfj1oFSCM,,,,,,,,"LinkedIn,LinkedIn 1st",,2024-03-26 13:29,No
Lena,Weber,PD | Ltd. OA | Gynäkologie | EBIR,"Ltd. OA, Klinik für Gynäkologie",Klinikum Neunkirchen am Sand,"Germany, Neunkirchen am Sand, Bayern, Germany",Medical Practices,lena.weber@mail.de,https://www.linkedin.com/in/lena-weber-689766/,https://media.licdn.com/dms/image/v2/C5603AQFx4h6b9l9u7nvykkgffcybc6t7anc7imv3sqt3x0n112/profile-displayphoto-shrink_200_200/0/1634918689088?e=2147483647&v=beta&t=ANtxAwI7SwAKbYJ-yaUuLBaL61Ea4ybtVAYfj1oFSCM,,,,,,,,"LinkedIn,LinkedIn 1st",,2025-09-20 17:57,No
Johanna,Krause,PD | Gesellschafter | Neuroradiologie | EBIR,"Gesellschafter, Klinik für Neuroradiologie",Klinikum Nerchau,"Germany, Nerchau, Sachsen, Germany",Medical Practices,johanna.krause@mail.de,https://www.linkedin.com/in/johanna-krause-137581/,https://media.licdn.com/dms/image/v2/C5603AQFym43lwr040nn2t5bbaw0pkk0xr4dky88v1s4y1d2cl0/profile-displayphoto-shrink_200_200/0/1634918689088?e=2147483647&v=beta&t=ANtxAwI7SwAKbYJ-yaUuLBaL61Ea4ybtVAYfj1oFSCM,,,,,,,,"LinkedIn,LinkedIn 1st",,2025-04-20 14:59,No
Frieda,Peters,Facharzt | Gynäkologie | EBIR,"Facharzt, Klinik für Gynäkologie",Klinikum Rechtenstein,"Germany, Rechtenstein, Baden-Württemberg, Germany",Medical Practices,frieda.peters@mail.de,https://www.linkedin.com/in/frieda-peters-798098/,https://media.licdn.com/dms/image/v2/C5603AQFceahybopn5xvkddlszk05r0l4r9z4el46akgbp9gscr/profile-displayphoto-shrink_200_200/0/1634918689088?e=2147483647&v=beta&t=ANtxAwI7SwAKbYJ-yaUuLBaL61Ea4ybtVAYfj1oFSCM,,,,,,,,"LinkedIn,LinkedIn 1st",,2026-12-22 11:54,No
David,Schneider,Dr. med. | Assistenzarzt | Nuklearmedizin | EBIR,"Assistenzarzt, Klinik für Nuklearmedizin",Klinikum Markt Wald,"Germany, Markt Wald, Bayern, Germany",Medical Practices,david.schneider@mail.de,https://www.linkedin.com/in/david-schneider-382161/,https://media.licdn.com/dms/image/v2/C5603AQFgkqhgghvzyoj8xxbp8zxl7ulndsy0p0qz9gr2wngk9u/profile-displayphoto-shrink_200_200/0/1634918689088?e=2147483647&v=beta&t=ANtxAwI7SwAKbYJ-yaUuLBaL61Ea4ybtVAYfj1oFSCM,,,,,,,,"LinkedIn,LinkedIn 1st",,2024-11-23 17:03,No
Sebastian,Keller,Dr. med. | MTRA | Chirurgie | EBIR,"MTRA, Klinik für Chirurgie",Klinikum Reimerath,"Germany, Reimerath, Rheinland-Pfalz, Germany",Medical Practices,sebastian.keller@mail.de,https://www.linkedin.com/in/sebastian-keller-374406/,https://media.licdn.com/dms/image/v2/C5603AQFhfmn36ycxbfes8nbercweyukhwul833tg9cub1jlvmz/profile-displayphoto-shrink_200_200/0/1634918689088?e=2147483647&v=beta&t=ANtxAwI7SwAKbYJ-yaUuLBaL61Ea4ybtVAYfj1oFSCM,,,,,,,,"LinkedIn,LinkedIn 1st",,2024-10-03 10:09,No
Niklas,Schröder,Dr. med. | Facharzt | Kinderradiologie | EBIR,"Facharzt, Klinik für Kinderradiologie",Klinikum Göppingen,"Germany, Göppingen, Baden-Württemberg, Germany",Medical Practices,niklas.schröder@mail.de,https://www.linkedin.com/in/niklas-schröder-922348/,https://media.licdn.com/dms/image/v2/C5603AQFwkden1ps7vm94sl4sd7156s88kzt7pm5dsuafukdgjv/profile-displayphoto-shrink_200_200/0/1634918689088?e=2147483647&v=beta&t=ANtxAwI7SwAKbYJ-yaUuLBaL61Ea4ybtVAYfj1oFSCM,,,,,,,,"LinkedIn,LinkedIn 1st",,2024-02-12 13:28,No
Ella,Lange,Prof. Dr. | sonstige | Anästhesie | EBIR,"sonstige, Klinik für Anästhesie",Klinikum Hohenlinden,"Germany, Hohenlinden, Bayern, Germany",Medical Practices,ella.lange@mail.de,https://www.linkedin.com/in/ella-lange-455608/,https://media.licdn.com/dms/image/v2/C5603AQFc8owu3vancqkptosso2n789s6b66dna4rqjqa23xnf0/profile-displayphoto-shrink_200_200/0/1634918689088?e=2147483647&v=beta&t=ANtxAwI7SwAKbYJ-yaUuLBaL61Ea4ybtVAYfj1oFSCM,,,,,,,,"LinkedIn,LinkedIn 1st",,2026-06-09 15:43,No
Birgit,Albrecht,Ltd. OA | Nuklearmedizin | EBIR,"Ltd. OA, Klinik für Nuklearmedizin",Klinikum Strohkirchen,"Germany, Strohkirchen, Mecklenburg-Vorpommern, Germany",Medical Practices,birgit.albrecht@mail.de,https://www.linkedin.com/in/birgit-albrecht-140352/,https://media.licdn.com/dms/image/v2/C5603AQFimyxwhn3wu0dpz4r1myi9d5iqfdnrichhdvg795xztb/profile-displayphoto-shrink_200_200/0/1634918689088?e=2147483647&v=beta&t=ANtxAwI7SwAKbYJ-yaUuLBaL61Ea4ybtVAYfj1oFSCM,,,,,,,,"LinkedIn,LinkedIn 1st",,2025-09-24 18:18,No
Laura,Haas,Dr. med. | Facharzt | Pädiatrie | EBIR,"Facharzt, Klinik für Pädiatrie",Klinikum Glasau,"Germany, Glasau, Schleswig-Holstein, Germany",Medical Practices,laura.haas@mail.de,https://www.linkedin.com/in/laura-haas-780137/,https://media.licdn.com/dms/image/v2/C5603AQF66i953bqd1js3bzd71lixl4qonxvxwnzlf0lydo2qh9/profile-displayphoto-shrink_200_200/0/1634918689088?e=2147483647&v=beta&t=ANtxAwI7SwAKbYJ-yaUuLBaL61Ea4ybtVAYfj1oFSCM,,,,,,,,"LinkedIn,LinkedIn 1st",,2023-01-18 16:23,No
Simon,Krämer,Prof. Dr. | Gesellschafter | Kinderradiologie | EBIR,"Gesellschafter, Klinik für Kinderradiologie",Klinikum Börm,"Germany, Börm, Schleswig-Holstein, Germany",Medical Practices,simon.krämer@mail.de,https://www.linkedin.com/in/simon-krämer-734506/,https://media.licdn.com/dms/image/v2/C5603AQFqs3yw7w3rt0azfazvs754u4zfvk2h6r64ms6ym6g854/profile-displayphoto-shrink_200_200/0/1634918689088?e=2147483647&v=beta&t=ANtxAwI7SwAKbYJ-yaUuLBaL61Ea4ybtVAYfj1oFSCM,,,,,,,,"LinkedIn,LinkedIn 1st",,2025-06-12 13:18,No
Vanessa,Kaiser,Prof. Dr. | sonstige | Nuklearmedizin | EBIR,"sonstige, Klinik für Nuklearmedizin",Klinikum Ballerstedt,"Germany, Ballerstedt, Sachsen-Anhalt, Germany",Medical Practices,vanessa.kaiser@mail.de,https://www.linkedin.com/in/vanessa-kaiser-983892/,https://media.licdn.com/dms/image/v2/C5603AQFmsyy95wgy4acso9x0jbe5duoousgvuio6wylhn1w46o/profile-displayphoto-shrink_200_200/0/1634918689088?e=2147483647&v=beta&t=ANtxAwI7SwAKbYJ-yaUuLBaL61Ea4ybtVAYfj1oFSCM,,,,,,,,"LinkedIn,LinkedIn 1st",,2023-03-12 12:42,No
Henry,Weber,Dr. med. | MTRA | Orthopädie & UCH | EBIR,"MTRA, Klinik für Orthopädie & UCH",Klinikum Teistungen,"Germany, Teistungen, Thüringen, Germany",Medical Practices,henry.weber@mail.de,https://www.linkedin.com/in/henry-weber-325959/,https://media.licdn.com/dms/image/v2/C5603AQFzitj597ut5e6uqldxuii7mleuxypgxuqrl2tl7ijxak/profile-displayphoto-shrink_200_200/0/1634918689088?e=2147483647&v=beta&t=ANtxAwI7SwAKbYJ-yaUuLBaL61Ea4ybtVAYfj1oFSCM,,,,,,,,"LinkedIn,LinkedIn 1st",,2023-01-25 16:40,No
Hannah,Groß,sonstige | Mammographie | EBIR,"sonstige, Klinik für Mammographie",Klinikum Weitenhagen,"Germany, Weitenhagen, Mecklenburg-Vorpommern, Germany",Medical Practices,hannah.groß@mail.de,https://www.linkedin.com/in/hannah-groß-249001/,https://media.licdn.com/dms/image/v2/C5603AQF7is94gmma1p1gj4pry2sdyekm9cfh2soo8ct2h1hcb7/profile-displayphoto-shrink_200_200/0/1634918689088?e=2147483647&v=beta&t=ANtxAwI7SwAKbYJ-yaUuLBaL61Ea4ybtVAYfj1oFSCM,,,,,,,,"LinkedIn,LinkedIn 1st",,2025-08-23 08:24,No
Anton,Schneider,Dr. med. | Gesellschafter | Pädiatrie/ Kindermedizin | EBIR,"Gesellschafter, Klinik für Pädiatrie/ Kindermedizin",Klinikum Reudelsterz,"Germany, Reudelsterz, Rheinland-Pfalz, Germany",Medical Practices,anton.schneider@mail.de,https://www.linkedin.com/in/anton-schneider-632393/,https://media.licdn.com/dms/image/v2/C5603AQFknxovbl97tu6jy3ho126q46xf0wa3u9jui9tohxzhgi/profile-displayphoto-shrink_200_200/0/1634918689088?e=2147483647&v=beta&t=ANtxAwI7SwAKbYJ-yaUuLBaL61Ea4ybtVAYfj1oFSCM,,,,,,,,"LinkedIn,LinkedIn 1st",,2025-09-17 16:25,No
Charlotte,Böhm,PD | Ltd. OA | Pädiatrie/ Kindermedizin | EBIR,"Ltd. OA, Klinik für Pädiatrie/ Kindermedizin",Klinikum Großdubrau,"Germany, Großdubrau, Sachsen, Germany",Medical Practices,charlotte.böhm@mail.de,https://www.linkedin.com/in/charlotte-böhm-869816/,https://media.licdn.com/dms/image/v2/C5603AQFcesr71jma3c1ga2cbpn15qbwx25s4dum9g0po9ztc4u/profile-displayphoto-shrink_200_200/0/1634918689088?e=2147483647&v=beta&t=ANtxAwI7SwAKbYJ-yaUuLBaL61Ea4ybtVAYfj1oFSCM,,,,,,,,"LinkedIn,LinkedIn 1st",,2023-06-21 10:26,No
Daniel,Baumann,Prof. Dr. | Standortleiter | Pädiatrie/ Kindermedizin | EBIR,"Standortleiter, Klinik für Pädiatrie/ Kindermedizin",Klinikum Büdelsdorf,"Germany, Büdelsdorf, Schleswig-Holstein, Germany",Medical Practices,daniel.baumann@mail.de,https://www.linkedin.com/in/daniel-baumann-551865/,https://media.licdn.com/dms/image/v2/C5603AQF0l2kxxclqlus1c0gxiptdgzta97rd8fjtbhss9g3p3e/profile-displayphoto-shrink_200_200/0/1634918689088?e=2147483647&v=beta&t=ANtxAwI7SwAKbYJ-yaUuLBaL61Ea4ybtVAYfj1oFSCM,,,,,,,,"LinkedIn,LinkedIn 1st",,2024-06-25 14:02,No
Lukas,Berger,Oberarzt | Diagnostische und Interventionelle Radiologie | EBIR,"Oberarzt, Klinik für Diagnostische und Interventionelle Radiologie",Klinikum Harth-Pöllnitz Wetzdorf,"Germany, Harth-Pöllnitz Wetzdorf, Thüringen, Germany",Medical Practices,lukas.berger@mail.de,https://www.linkedin.com/in/lukas-berger-599195/,https://media.licdn.com/dms/image/v2/C5603AQF911c4b5cz6dus0il78md0qqwp9i472c4me5cfbd8r9u/profile-displayphoto-shrink_200_200/0/1634918689088?e=2147483647&v=beta&t=ANtxAwI7SwAKbYJ-yaUuLBaL61Ea4ybtVAYfj1oFSCM,,,,,,,,"LinkedIn,LinkedIn 1st",,2023-04-10 10:18,No
Laura,Schuster,Prof. Dr. | sonstige | Chirurgie | EBIR,"sonstige, Klinik für Chirurgie",Klinikum Natendorf,"Germany, Natendorf, Niedersachsen, Germany",Medical Practices,laura.schuster@mail.de,https://www.linkedin.com/in/laura-schuster-897044/,https://media.licdn.com/dms/image/v2/C5603AQFvlo1nwghnhhq18iniwhobi56ae0jnhrsu9gxu9kvfy9/profile-displayphoto-shrink_200_200/0/1634918689088?e=2147483647&v=beta&t=ANtxAwI7SwAKbYJ-yaUuLBaL61Ea4ybtVAYfj1oFSCM,,,,,,,,"LinkedIn,LinkedIn 1st",,2023-03-15 18:56,No
Andrea,Möller,Dr. med. | sonstige | Pädiatrie/ Kindermedizin | EBIR,"sonstige, Klinik für Pädiatrie/ Kindermedizin",Klinikum Münchhausen,"Germany, Münchhausen, Hessen, Germany",Medical Practices,andrea.möller@mail.de,https://www.linkedin.com/in/andrea-möller-569013/,https://media.licdn.com/dms/image/v2/C5603AQFxflyamzzbpijlf7uiurbb9eti41ffggtinzazcyekml/profile-displayphoto-shrink_200_200/0/1634918689088?e=2147483647&v=beta&t=ANtxAwI7SwAKbYJ-yaUuLBaL61Ea4ybtVAYfj1oFSCM,,,,,,,,"LinkedIn,LinkedIn 1st",,2026-05-17 12:10,No
Oliver,Ludwig,Dr. | MTRA | Pädiatrie | EBIR,"MTRA, Klinik für Pädiatrie",Klinikum Isterberg,"Germany, Isterberg, Niedersachsen, Germany",Medical Practices,oliver.ludwig@mail.de,https://www.linkedin.com/in/oliver-ludwig-422866/,https://media.licdn.com/dms/image/v2/C5603AQFkiyt9rh7rtotwp7uci1c47pug45ac3moad5p9hywdza/profile-displayphoto-shrink_200_200/0/1634918689088?e=2147483647&v=beta&t=ANtxAwI7SwAKbYJ-yaUuLBaL61Ea4ybtVAYfj1oFSCM,,,,,,,,"LinkedIn,LinkedIn 1st",,2024-01-22 12:43,No
Klaus,Richter,Ltd. OA | Chirurgie | EBIR,"Ltd. OA, Klinik für Chirurgie",Klinikum Seefeld,"Germany, Seefeld, Schleswig-Holstein, Germany",Medical Practices,klaus.richter@mail.de,https://www.linkedin.com/in/klaus-richter-418591/,https://media.licdn.com/dms/image/v2/C5603AQFzsoa5duw41or5w75nj08vfbaf1ryqd8mz0u3956uf6c/profile-displayphoto-shrink_200_200/0/1634918689088?e=2147483647&v=beta&t=ANtxAwI7SwAKbYJ-yaUuLBaL61Ea4ybtVAYfj1oFSCM,,,,,,,,"LinkedIn,LinkedIn 1st",,2024-02-12 15:10,No
Frank,Becker,Dr. med. | Standortleiter | Mammographie | EBIR,"Standortleiter, Klinik für Mammographie",Klinikum Arenrath,"Germany, Arenrath, Rheinland-Pfalz, Germany",Medical Practices,frank.becker@mail.de,https://www.linkedin.com/in/frank-becker-861899/,https://media.licdn.com/dms/image/v2/C5603AQF1mo8l1s2azwcpevq2fm7n4e0mhgnc60oa9notf53hha/profile-displayphoto-shrink_200_200/0/1634918689088?e=2147483647&v=beta&t=ANtxAwI7SwAKbYJ-yaUuLBaL61Ea4ybtVAYfj1oFSCM,,,,,,,,"LinkedIn,LinkedIn 1st",,2024-01-14 10:16,No
Nina,Schumacher,Dr. med. | sonstige | Pädiatrie/ Kindermedizin | EBIR,"sonstige, Klinik für Pädiatrie/ Kindermedizin",Klinikum Sommerland,"Germany, Sommerland, Schleswig-Holstein, Germany",Medical Practices,nina.schumacher@mail.de,https://www.linkedin.com/in/nina-schumacher-261077/,https://media.licdn.com/dms/image/v2/C5603AQFtpbtxxsqaabjpz43cwnx7o5zizszc1ig0k4ga7nd40m/profile-displayphoto-shrink_200_200/0/1634918689088?e=2147483647&v=beta&t=ANtxAwI7SwAKbYJ-yaUuLBaL61Ea4ybtVAYfj1oFSCM,,,,,,,,"LinkedIn,LinkedIn 1st",,2026-05-02 10:29,No
Paul,Wolf,Dr. | Assistenzarzt | Orthopädie & UCH | EBIR,"Assistenzarzt, Klinik für Orthopädie & UCH",Klinikum Neuweiler,"Germany, Neuweiler, Baden-Württemberg, Germany",Medical Practices,paul.wolf@mail.de,https://www.linkedin.com/in/paul-wolf-247179/,https://media.licdn.com/dms/image/v2/C5603AQFhon3haid9f7x0wuczf292ylu4x6qcnbt812jtrvuloy/profile-displayphoto-shrink_200_200/0/1634918689088?e=2147483647&v=beta&t=ANtxAwI7SwAKbYJ-yaUuLBaL61Ea4ybtVAYfj1oFSCM,,,,,,,,"LinkedIn,LinkedIn 1st",,2026-03-20 16:35,No
Michael,Fischer,Dr. med. | MTRA | Psychiatrie | EBIR,"MTRA, Klinik für Psychiatrie",Klinikum Kasseburg,"Germany, Kasseburg, Schleswig-Holstein, Germany",Medical Practices,michael.fischer@mail.de,https://www.linkedin.com/in/michael-fischer-634067/,https://media.licdn.com/dms/image/v2/C5603AQFjgkn8tn63zyrlyd1k110200eqblgtu0ebr53aiw334k/profile-displayphoto-shrink_200_200/0/1634918689088?e=2147483647&v=beta&t=ANtxAwI7SwAKbYJ-yaUuLBaL61Ea4ybtVAYfj1oFSCM,,,,,,,,"LinkedIn,LinkedIn 1st",,2025-10-23 16:47,No
Christian,Keller,PD | Facharzt | Pädiatrie/ Kindermedizin | EBIR,"Facharzt, Klinik für Pädiatrie/ Kindermedizin",Klinikum Engelskirchen,"Germany, Engelskirchen, Nordrhein-Westfalen, Germany",Medical Practices,christian.keller@mail.de,https://www.linkedin.com/in/christian-keller-546415/,https://media.licdn.com/dms/image/v2/C5603AQF1h91eqx3i18v9urfkxt2hnovjp0p7b00tyn7qi5fdcf/profile-displayphoto-shrink_200_200/0/1634918689088?e=2147483647&v=beta&t=ANtxAwI7SwAKbYJ-yaUuLBaL61Ea4ybtVAYfj1oFSCM,,,,,,,,"LinkedIn,LinkedIn 1st",,2024-11-17 08:23,No
Noah,Müller,Dr. | sonstige | Orthopädie & UCH | EBIR,"sonstige, Klinik für Orthopädie & UCH",Klinikum Beindersheim,"Germany, Beindersheim, Rheinland-Pfalz, Germany",Medical Practices,noah.müller@mail.de,https://www.linkedin.com/in/noah-müller-851216/,https://media.licdn.com/dms/image/v2/C5603AQFilgdatxd3s7zmapuo0fifcyhgg2z97xje74ghka6jqr/profile-displayphoto-shrink_200_200/0/1634918689088?e=2147483647&v=beta&t=ANtxAwI7SwAKbYJ-yaUuLBaL61Ea4ybtVAYfj1oFSCM,,,,,,,,"LinkedIn,LinkedIn 1st",,2024-01-24 17:47,No
Thomas,Hoffmann,Gesellschafter | Chirurgie | EBIR,"Gesellschafter, Klinik für Chirurgie",Klinikum Obernkirchen Vehlen,"Germany, Obernkirchen Vehlen, Niedersachsen, Germany",Medical Practices,thomas.hoffmann@mail.de,https://www.linkedin.com/in/thomas-hoffmann-244093/,https://media.licdn.com/dms/image/v2/C5603AQF5x5wqn7djeetnaobgi1ghtj3gncfk7r9hmtkolvwrhi/profile-displayphoto-shrink_200_200/0/1634918689088?e=2147483647&v=beta&t=ANtxAwI7SwAKbYJ-yaUuLBaL61Ea4ybtVAYfj1oFSCM,,,,,,,,"LinkedIn,LinkedIn 1st",,2025-09-04 16:44,No
Martin,Sauer,Dr. med. | MTRA | Nuklearmedizin | EBIR,"MTRA, Klinik für Nuklearmedizin",Klinikum Bockhorn Adelheidsgroden,"Germany, Bockhorn Adelheidsgroden, Niedersachsen, Germany",Medical Practices,martin.sauer@mail.de,https://www.linkedin.com/in/martin-sauer-254792/,https://media.licdn.com/dms/image/v2/C5603AQFzd2usdqm8w4tpehpgx135bqugnr7ytu6kowbq3cev2m/profile-displayphoto-shrink_200_200/0/1634918689088?e=2147483647&v=beta&t=ANtxAwI7SwAKbYJ-yaUuLBaL61Ea4ybtVAYfj1oFSCM,,,,,,,,"LinkedIn,LinkedIn 1st",,2026-06-02 15:52,No
Mathilda,Huber,Assistenzarzt | Nuklearmedizin | EBIR,"Assistenzarzt, Klinik für Nuklearmedizin",Klinikum Strickscheid,"Germany, Strickscheid, Rheinland-Pfalz, Germany",Medical Practices,mathilda.huber@mail.de,https://www.linkedin.com/in/mathilda-huber-360067/,https://media.licdn.com/dms/image/v2/C5603AQFdvcl5afzzsrvercoz5756b6n6t7v6srvewu5u02ts34/profile-displayphoto-shrink_200_200/0/1634918689088?e=2147483647&v=beta&t=ANtxAwI7SwAKbYJ-yaUuLBaL61Ea4ybtVAYfj1oFSCM,,,,,,,,"LinkedIn,LinkedIn 1st",,2025-05-26 13:04,No
Christian,Fischer,Prof. Dr. | Facharzt | Diagnostische und Interventionelle Radiologie | EBIR,"Facharzt, Klinik für Diagnostische und Interventionelle Radiologie",Klinikum Weilheim in Oberbayern,"Germany, Weilheim in Oberbayern, Bayern, Germany",Medical Practices,christian.fischer@mail.de,https://www.linkedin.com/in/christian-fischer-763574/,https://media.licdn.com/dms/image/v2/C5603AQFsy8m9u3ghxwcwl0ryjhxdkzng6wd92nrykad8jyl1w6/profile-displayphoto-shrink_200_200/0/1634918689088?e=2147483647&v=beta&t=ANtxAwI7SwAKbYJ-yaUuLBaL61Ea4ybtVAYfj1oFSCM,,,,,,,,"LinkedIn,LinkedIn 1st",,2025-10-14 09:05,No
Hannah,Schubert,Dr. med. | Standortleiter | Mammographie | EBIR,"Standortleiter, Klinik für Mammographie",Klinikum Geilenkirchen,"Germany, Geilenkirchen, Nordrhein-Westfalen, Germany",Medical Practices,hannah.schubert@mail.de,https://www.linkedin.com/in/hannah-schubert-159074/,https://media.licdn.com/dms/image/v2/C5603AQFqlb6xjen1oxfxc2ul3d3gojtn51xvlvf37dwbl6vju3/profile-displayphoto-shrink_200_200/0/1634918689088?e=2147483647&v=beta&t=ANtxAwI7SwAKbYJ-yaUuLBaL61Ea4ybtVAYfj1oFSCM,,,,,,,,"LinkedIn,LinkedIn 1st",,2026-11-11 10:09,No
Mathilda,Schmidt,Dr. med. | Standortleiter | Pädiatrie/ Kindermedizin | EBIR,"Standortleiter, Klinik für Pädiatrie/ Kindermedizin",Klinikum Illesheim,"Germany, Illesheim, Bayern, Germany",Medical Practices,mathilda.schmidt@mail.de,https://www.linkedin.com/in/mathilda-schmidt-891105/,https://media.licdn.com/dms/image/v2/C5603AQF7u8f832lgbue1d1ujnjvxnauag31extlnu0nedyw7oj/profile-displayphoto-shrink_200_200/0/1634918689088?e=2147483647&v=beta&t=ANtxAwI7SwAKbYJ-yaUuLBaL61Ea4ybtVAYfj1oFSCM,,,,,,,,"LinkedIn,LinkedIn 1st",,2024-01-18 10:05,No
Lukas,Fischer,sonstige | Pädiatrie/ Kindermedizin | EBIR,"sonstige, Klinik für Pädiatrie/ Kindermedizin",Klinikum Peißen,"Germany, Peißen, Sachsen-Anhalt, Germany",Medical Practices,lukas.fischer@mail.de,https://www.linkedin.com/in/lukas-fischer-160505/,https://media.licdn.com/dms/image/v2/C5603AQFiyz7ltuqpuhs1lp5w6k26559obvx6gbsvnlkh9xq36f/profile-displayphoto-shrink_200_200/0/1634918689088?e=2147483647&v=beta&t=ANtxAwI7SwAKbYJ-yaUuLBaL61Ea4ybtVAYfj1oFSCM,,,,,,,,"LinkedIn,LinkedIn 1st",,2025-06-17 09:36,No
Frank,Meier,Dr. | MTRA | Nuklearmedizin | EBIR,"MTRA, Klinik für Nuklearmedizin",Klinikum Hechthausen,"Germany, Hechthausen, Niedersachsen, Germany",Medical Practices,frank.meier@mail.de,https://www.linkedin.com/in/frank-meier-527578/,https://media.licdn.com/dms/image/v2/C5603AQFkv4w3zxkts7d3t6yfmxrf27vkelp2bsxsqnii9tqzi9/profile-displayphoto-shrink_200_200/0/1634918689088?e=2147483647&v=beta&t=ANtxAwI7SwAKbYJ-yaUuLBaL61Ea4ybtVAYfj1oFSCM,,,,,,,,"LinkedIn,LinkedIn 1st",,2024-04-21 18:45,No
Lisa,Hartmann,Dr. | Ltd. OA | Chirurgie | EBIR,"Ltd. OA, Klinik für Chirurgie",Klinikum Böhen,"Germany, Böhen, Bayern, Germany",Medical Practices,lisa.hartmann@mail.de,https://www.linkedin.com/in/lisa-hartmann-191565/,https://media.licdn.com/dms/image/v2/C5603AQFim3uge1j8v8v2lnks8lhhdp0xfwxb98guxvjhja2hlg/profile-displayphoto-shrink_200_200/0/1634918689088?e=2147483647&v=beta&t=ANtxAwI7SwAKbYJ-yaUuLBaL61Ea4ybtVAYfj1oFSCM,,,,,,,,"LinkedIn,LinkedIn 1st",,2023-09-22 14:54,No
Ella,Simon,Dr. | MTRA | Anästhesie | EBIR,"MTRA, Klinik für Anästhesie",Klinikum Fehrbellin Tarmow,"Germany, Fehrbellin Tarmow, Brandenburg, Germany",Medical Practices,ella.simon@mail.de,https://www.linkedin.com/in/ella-simon-606837/,https://media.licdn.com/dms/image/v2/C5603AQF159xlef5pm3optm8g630s2i7xplnxpdm2lbpdub9iwg/profile-displayphoto-shrink_200_200/0/1634918689088?e=2147483647&v=beta&t=ANtxAwI7SwAKbYJ-yaUuLBaL61Ea4ybtVAYfj1oFSCM,,,,,,,,"LinkedIn,LinkedIn 1st",,2026-04-24 16:36,No
Mia,Möller,PD | Chefarzt | Kinderradiologie | EBIR,"Chefarzt, Klinik für Kinderradiologie",Klinikum Rheda-Wiedenbrück,"Germany, Rheda-Wiedenbrück, Nordrhein-Westfalen, Germany",Medical Practices,mia.möller@mail.de,https://www.linkedin.com/in/mia-möller-622842/,https://media.licdn.com/dms/image/v2/C5603AQFgcsqk8papeal7z941z3ycijvguyx9cf1xp6wqkdysg5/profile-displayphoto-shrink_200_200/0/1634918689088?e=2147483647&v=beta&t=ANtxAwI7SwAKbYJ-yaUuLBaL61Ea4ybtVAYfj1oFSCM,,,,,,,,"LinkedIn,LinkedIn 1st",,2026-05-05 18:54,No
Clara,Jung,Dr. med. | sonstige | Neuroradiologie | EBIR,"sonstige, Klinik für Neuroradiologie",Klinikum Hohenburg,"Germany, Hohenburg, Bayern, Germany",Medical Practices,clara.jung@mail.de,https://www.linkedin.com/in/clara-jung-535257/,https://media.licdn.com/dms/image/v2/C5603AQFeehy25lgutoc9vta7nzn7iwem7scaopm8gmpk3spbv5/profile-displayphoto-shrink_200_200/0/1634918689088?e=2147483647&v=beta&t=ANtxAwI7SwAKbYJ-yaUuLBaL61Ea4ybtVAYfj1oFSCM,,,,,,,,"LinkedIn,LinkedIn 1st",,2024-06-11 17:51,No
Sebastian,Huber,Oberarzt | Pädiatrie | EBIR,"Oberarzt, Klinik für Pädiatrie",Klinikum Orlamünde,"Germany, Orlamünde, Thüringen, Germany",Medical Practices,sebastian.huber@mail.de,https://www.linkedin.com/in/sebastian-huber-499903/,https://media.licdn.com/dms/image/v2/C5603AQFb2uigfrmtx1zoajd3efmhle1tn8nqlawon1uv4p99hw/profile-displayphoto-shrink_200_200/0/1634918689088?e=2147483647&v=beta&t=ANtxAwI7SwAKbYJ-yaUuLBaL61Ea4ybtVAYfj1oFSCM,,,,,,,,"LinkedIn,LinkedIn 1st",,2026-07-02 18:41,No
Ella,Haas,Facharzt | Chirurgie | EBIR,"Facharzt, Klinik für Chirurgie",Klinikum Unteregg,"Germany, Unteregg, Bayern, Germany",Medical Practices,ella.haas@mail.de,https://www.linkedin.com/in/ella-haas-352227/,https://media.licdn.com/dms/image/v2/C5603AQFdt1jep5qvhpvdbss80kvuhuw7krbrblug076pkwsqct/profile-displayphoto-shrink_200_200/0/1634918689088?e=2147483647&v=beta&t=ANtxAwI7SwAKbYJ-yaUuLBaL61Ea4ybtVAYfj1oFSCM,,,,,,,,"LinkedIn,LinkedIn 1st",,2025-07-21 15:01,No
Claudia,Hartmann,Dr. med. | Standortleiter | Gynäkologie | EBIR,"Standortleiter, Klinik für Gynäkologie",Klinikum Nörvenich,"Germany, Nörvenich, Nordrhein-Westfalen, Germany",Medical Practices,claudia.hartmann@mail.de,https://www.linkedin.com/in/claudia-hartmann-121574/,https://media.licdn.com/dms/image/v2/C5603AQF82ggr3b96i82jqr89oe27enlebpj27qnrfurrosngol/profile-displayphoto-shrink_200_200/0/1634918689088?e=2147483647&v=beta&t=ANtxAwI7SwAKbYJ-yaUuLBaL61Ea4ybtVAYfj1oFSCM,,,,,,,,"LinkedIn,LinkedIn 1st",,2025-02-22 15:16,No
Andreas,Becker,Prof. Dr. | Ltd. OA | Mammographie | EBIR,"Ltd. OA, Klinik für Mammographie",Klinikum Hohenfels,"Germany, Hohenfels, Baden-Württemberg, Germany",Medical Practices,andreas.becker@mail.de,https://www.linkedin.com/in/andreas-becker-755272/,https://media.licdn.com/dms/image/v2/C5603AQF29x5k19p2cvelmxpvb2aiu8t3ldmcl6gw7oqbamnqvh/profile-displayphoto-shrink_200_200/0/1634918689088?e=2147483647&v=beta&t=ANtxAwI7SwAKbYJ-yaUuLBaL61Ea4ybtVAYfj1oFSCM,,,,,,,,"LinkedIn,LinkedIn 1st",,2024-12-26 15:33,No
Finn,Walter,Ltd. OA | Diagnostische und Interventionelle Radiologie | EBIR,"Ltd. OA, Klinik für Diagnostische und Interventionelle Radiologie",Klinikum Marxen,"Germany, Marxen, Niedersachsen, Germany",Medical Practices,finn.walter@mail.de,https://www.linkedin.com/in/finn-walter-854189/,https://media.licdn.com/dms/image/v2/C5603AQFy6aerel5wn7nsiw35f0sq7f9jlh2orzynyzni4dr4rw/profile-displayphoto-shrink_200_200/0/1634918689088?e=2147483647&v=beta&t=ANtxAwI7SwAKbYJ-yaUuLBaL61Ea4ybtVAYfj1oFSCM,,,,,,,,"LinkedIn,LinkedIn 1st",,2023-12-16 14:28,No
Sofia,Vogt,Dr. med. | sonstige | Gynäkologie | EBIR,"sonstige, Klinik für Gynäkologie",Klinikum Boxberg/Oberlausitz,"Germany, Boxberg/Oberlausitz, Sachsen, Germany",Medical Practices,sofia.vogt@mail.de,https://www.linkedin.com/in/sofia-vogt-494588/,https://media.licdn.com/dms/image/v2/C5603AQF87phh0k3i32ugs0zhp50q47c3xv0ltfs16mx065lepx/profile-displayphoto-shrink_200_200/0/1634918689088?e=2147483647&v=beta&t=ANtxAwI7SwAKbYJ-yaUuLBaL61Ea4ybtVAYfj1oFSCM,,,,,,,,"LinkedIn,LinkedIn 1st",,2026-09-16 12:39,No
Peter,Zimmermann,Prof. Dr. | Oberarzt | Psychiatrie | EBIR,"Oberarzt, Klinik für Psychiatrie",Klinikum Schrum,"Germany, Schrum, Schleswig-Holstein, Germany",Medical Practices,peter.zimmermann@mail.de,https://www.linkedin.com/in/peter-zimmermann-753453/,https://media.licdn.com/dms/image/v2/C5603AQFrkzcwiluvpjsh0tp66p4tye1ipybl274dvhgt32eowe/profile-displayphoto-shrink_200_200/0/1634918689088?e=2147483647&v=beta&t=ANtxAwI7SwAKbYJ-yaUuLBaL61Ea4ybtVAYfj1oFSCM,,,,,,,,"LinkedIn,LinkedIn 1st",,2023-02-25 13:07,No
Theo,Böhm,Facharzt | Mammographie | EBIR,"Facharzt, Klinik für Mammographie",Klinikum Wehrbleck,"Germany, Wehrbleck, Niedersachsen, Germany",Medical Practices,theo.böhm@mail.de,https://www.linkedin.com/in/theo-böhm-377497/,https://media.licdn.com/dms/image/v2/C5603AQF24m9dvdqnlyqb2kpu1tysd66b5sqmr30q6k79e8ypxg/profile-displayphoto-shrink_200_200/0/1634918689088?e=2147483647&v=beta&t=ANtxAwI7SwAKbYJ-yaUuLBaL61Ea4ybtVAYfj1oFSCM,,,,,,,,"LinkedIn,LinkedIn 1st",,2025-12-13 14:28,No
Nina,Hofmann,Dr. med. | MTRA | Mammographie | EBIR,"MTRA, Klinik für Mammographie",Klinikum Süderstapel,"Germany, Süderstapel, Schleswig-Holstein, Germany",Medical Practices,nina.hofmann@mail.de,https://www.linkedin.com/in/nina-hofmann-168140/,https://media.licdn.com/dms/image/v2/C5603AQFoq2if0wwfwcoq9bbb9f6qpwhnhogoahhkfki8ktkbiq/profile-displayphoto-shrink_200_200/0/1634918689088?e=2147483647&v=beta&t=ANtxAwI7SwAKbYJ-yaUuLBaL61Ea4ybtVAYfj1oFSCM,,,,,,,,"LinkedIn,LinkedIn 1st",,2025-04-20 09:01,No
Jonathan,Schneider,Prof. Dr. | MTRA | Innere Medizin | EBIR,"MTRA, Klinik für Innere Medizin",Klinikum Krempel,"Germany, Krempel, Schleswig-Holstein, Germany",Medical Practices,jonathan.schneider@mail.de,https://www.linkedin.com/in/jonathan-schneider-907369/,https://media.licdn.com/dms/image/v2/C5603AQFfky8t66p3niqcm1cmfjm0fg9m3sal6fjdbc6wnphi4q/profile-displayphoto-shrink_200_200/0/1634918689088?e=2147483647&v=beta&t=ANtxAwI7SwAKbYJ-yaUuLBaL61Ea4ybtVAYfj1oFSCM,,,,,,,,"LinkedIn,LinkedIn 1st",,2024-12-09 18:12,No
Fabian,Ludwig,MTRA | Innere Medizin | EBIR,"MTRA, Klinik für Innere Medizin",Klinikum Tremsbüttel,"Germany, Tremsbüttel, Schleswig-Holstein, Germany",Medical Practices,fabian.ludwig@mail.de,https://www.linkedin.com/in/fabian-ludwig-567140/,https://media.licdn.com/dms/image/v2/C5603AQFth3os8c0scycw1keso3alaloq9j4p0733uha3lwfozo/profile-displayphoto-shrink_200_200/0/1634918689088?e=2147483647&v=beta&t=ANtxAwI7SwAKbYJ-yaUuLBaL61Ea4ybtVAYfj1oFSCM,,,,,,,,"LinkedIn,LinkedIn 1st",,2025-07-18 16:37,No
Marie,Seidel,Dr. med. | MTRA | Mammographie | EBIR,"MTRA, Klinik für Mammographie",Klinikum Stolpe auf Usedom,"Germany, Stolpe auf Usedom, Mecklenburg-Vorpommern, Germany",Medical Practices,marie.seidel@mail.de,https://www.linkedin.com/in/marie-seidel-843152/,https://media.licdn.com/dms/image/v2/C5603AQFbvlex2d87blnjqwn8gptb2py0dqs2fh0u2x14hcxmra/profile-displayphoto-shrink_200_200/0/1634918689088?e=2147483647&v=beta&t=ANtxAwI7SwAKbYJ-yaUuLBaL61Ea4ybtVAYfj1oFSCM,,,,,,,,"LinkedIn,LinkedIn 1st",,2024-10-26 09:20,No
Laura,Roth,Dr. | Standortleiter | Innere Medizin | EBIR,"Standortleiter, Klinik für Innere Medizin",Klinikum Niederirsen,"Germany, Niederirsen, Rheinland-Pfalz, Germany",Medical Practices,laura.roth@mail.de,https://www.linkedin.com/in/laura-roth-169314/,https://media.licdn.com/dms/image/v2/C5603AQFhug490ka35u6nupidbsldgdpe53nvmht7sn0fjstdde/profile-displayphoto-shrink_200_200/0/1634918689088?e=2147483647&v=beta&t=ANtxAwI7SwAKbYJ-yaUuLBaL61Ea4ybtVAYfj1oFSCM,,,,,,,,"LinkedIn,LinkedIn 1st",,2023-10-21 13:55,No
Leon,Braun,Dr. med. | Chefarzt | Neuroradiologie | EBIR,"Chefarzt, Klinik für Neuroradiologie",Klinikum Speinshart,"Germany, Speinshart, Bayern, Germany",Medical Practices,leon.braun@mail.de,https://www.linkedin.com/in/leon-braun-961296/,https://media.licdn.com/dms/image/v2/C5603AQFbm6ayfv2sp4r63r54vntm9my84lyoufljremfkyyuc7/profile-displayphoto-shrink_200_200/0/1634918689088?e=2147483647&v=beta&t=ANtxAwI7SwAKbYJ-yaUuLBaL61Ea4ybtVAYfj1oFSCM,,,,,,,,"LinkedIn,LinkedIn 1st",,2024-09-10 10:45,No
Anna,Wolf,Dr. | sonstige | Mammographie | EBIR,"sonstige, Klinik für Mammographie",Klinikum Grosselfingen,"Germany, Grosselfingen, Baden-Württemberg, Germany",Medical Practices,anna.wolf@mail.de,https://www.linkedin.com/in/anna-wolf-599455/,https://media.licdn.com/dms/image/v2/C5603AQFuueg1yeekc52omp5s3sfcvhrhu8qy5jivq8psmeiup4/profile-displayphoto-shrink_200_200/0/1634918689088?e=2147483647&v=beta&t=ANtxAwI7SwAKbYJ-yaUuLBaL61Ea4ybtVAYfj1oFSCM,,,,,,,,"LinkedIn,LinkedIn 1st",,2026-03-27 18:01,No
Paul,Engel,Oberarzt | Chirurgie | EBIR,"Oberarzt, Klinik für Chirurgie",Klinikum Bandelin,"Germany, Bandelin, Mecklenburg-Vorpommern, Germany",Medical Practices,paul.engel@mail.de,https://www.linkedin.com/in/paul-engel-645070/,https://media.licdn.com/dms/image/v2/C5603AQFd2pbsvos7v1vu8sqaqtgxzuiqxdm6u1ldk53sgdybq2/profile-displayphoto-shrink_200_200/0/1634918689088?e=2147483647&v=beta&t=ANtxAwI7SwAKbYJ-yaUuLBaL61Ea4ybtVAYfj1oFSCM,,,,,,,,"LinkedIn,LinkedIn 1st",,2024-02-16 10:46,No
Henry,Arnold,Dr. med. | Facharzt | Diagnostische und Interventionelle Radiologie | EBIR,"Facharzt, Klinik für Diagnostische und Interventionelle Radiologie",Klinikum Landsberg,"Germany, Landsberg, Sachsen-Anhalt, Germany",Medical Practices,henry.arnold@mail.de,https://www.linkedin.com/in/henry-arnold-302791/,https://media.licdn.com/dms/image/v2/C5603AQFd32f9bmfsxz5enwjetgo8xycqi2s3gn245mww1lx2oo/profile-displayphoto-shrink_200_200/0/1634918689088?e=2147483647&v=beta&t=ANtxAwI7SwAKbYJ-yaUuLBaL61Ea4ybtVAYfj1oFSCM,,,,,,,,"LinkedIn,LinkedIn 1st",,2024-07-04 12:29,No
Lukas,Maier,Prof. Dr. | Oberarzt | Chirurgie | EBIR,"Oberarzt, Klinik für Chirurgie",Klinikum Madlitz-Wilmersdorf Alt Madlitz,"Germany, Madlitz-Wilmersdorf Alt Madlitz, Brandenburg, Germany",Medical Practices,lukas.maier@mail.de,https://www.linkedin.com/in/lukas-maier-680873/,https://media.licdn.com/dms/image/v2/C5603AQFs8ssss171sq98ert0ohzuvq9jnqb67fik1h15016s06/profile-displayphoto-shrink_200_200/0/1634918689088?e=2147483647&v=beta&t=ANtxAwI7SwAKbYJ-yaUuLBaL61Ea4ybtVAYfj1oFSCM,,,,,,,,"LinkedIn,LinkedIn 1st",,2023-11-06 11:02,No
Hannah,Böhm,Dr. | Oberarzt | Pädiatrie | EBIR,"Oberarzt, Klinik für Pädiatrie",Klinikum Eßbach,"Germany, Eßbach, Thüringen, Germany",Medical Practices,hannah.böhm@mail.de,https://www.linkedin.com/in/hannah-böhm-845677/,https://media.licdn.com/dms/image/v2/C5603AQF9myfyndbs4u34c085eqv7qcjrj95o5uf1101z4xqbt7/profile-displayphoto-shrink_200_200/0/1634918689088?e=2147483647&v=beta&t=ANtxAwI7SwAKbYJ-yaUuLBaL61Ea4ybtVAYfj1oFSCM,,,,,,,,"LinkedIn,LinkedIn 1st",,2026-12-16 10:18,No
Fabian,Schumacher,Dr. | sonstige | Pädiatrie | EBIR,"sonstige, Klinik für Pädiatrie",Klinikum Hamersen,"Germany, Hamersen, Niedersachsen, Germany",Medical Practices,fabian.schumacher@mail.de,https://www.linkedin.com/in/fabian-schumacher-797206/,https://media.licdn.com/dms/image/v2/C5603AQFidgj850svb8v3lbz77czjb34hj6sneus6kyqxg6m0oz/profile-displayphoto-shrink_200_200/0/1634918689088?e=2147483647&v=beta&t=ANtxAwI7SwAKbYJ-yaUuLBaL61Ea4ybtVAYfj1oFSCM,,,,,,,,"LinkedIn,LinkedIn 1st",,2023-08-26 16:58,No
Sophia,Otto,Prof. Dr. | Chefarzt | Chirurgie | EBIR,"Chefarzt, Klinik für Chirurgie",Klinikum Meyenburg,"Germany, Meyenburg, Brandenburg, Germany",Medical Practices,sophia.otto@mail.de,https://www.linkedin.com/in/sophia-otto-245459/,https://media.licdn.com/dms/image/v2/C5603AQFebeeb7win3e5ezucb01clx60sq7kqx57rje9m5kit6i/profile-displayphoto-shrink_200_200/0/1634918689088?e=2147483647&v=beta&t=ANtxAwI7SwAKbYJ-yaUuLBaL61Ea4ybtVAYfj1oFSCM,,,,,,,,"LinkedIn,LinkedIn 1st",,2024-03-06 12:28,No
Noah,Krause,PD | sonstige | Innere Medizin | EBIR,"sonstige, Klinik für Innere Medizin",Klinikum Krümmel,"Germany, Krümmel, Rheinland-Pfalz, Germany",Medical Practices,noah.krause@mail.de,https://www.linkedin.com/in/noah-krause-971949/,https://media.licdn.com/dms/image/v2/C5603AQFhdrhomnmr6gjx2mk0g9agpmaiogup649fje91bb7fj0/profile-displayphoto-shrink_200_200/0/1634918689088?e=2147483647&v=beta&t=ANtxAwI7SwAKbYJ-yaUuLBaL61Ea4ybtVAYfj1oFSCM,,,,,,,,"LinkedIn,LinkedIn 1st",,2025-08-11 09:34,No
Niklas,Busch,PD | Chefarzt | Gynäkologie | EBIR,"Chefarzt, Klinik für Gynäkologie",Klinikum Grünheide (Mark) Hangelsberg,"Germany, Grünheide (Mark) Hangelsberg, Brandenburg, Germany",Medical Practices,niklas.busch@mail.de,https://www.linkedin.com/in/niklas-busch-677984/,https://media.licdn.com/dms/image/v2/C5603AQFvgcw8hg55bkzvdhboh6gnre8euojpqlynihnugjq63w/profile-displayphoto-shrink_200_200/0/1634918689088?e=2147483647&v=beta&t=ANtxAwI7SwAKbYJ-yaUuLBaL61Ea4ybtVAYfj1oFSCM,,,,,,,,"LinkedIn,LinkedIn 1st",,2023-07-07 09:27,No
Sofia,Vogel,Dr. med. | Ltd. OA | Neuroradiologie | EBIR,"Ltd. OA, Klinik für Neuroradiologie",Klinikum Tützpatz,"Germany, Tützpatz, Mecklenburg-Vorpommern, Germany",Medical Practices,sofia.vogel@mail.de,https://www.linkedin.com/in/sofia-vogel-358356/,https://media.licdn.com/dms/image/v2/C5603AQF3bdn2yjzt8s2zy68nar54yqodcr08zvl27zilr9knt5/profile-displayphoto-shrink_200_200/0/1634918689088?e=2147483647&v=beta&t=ANtxAwI7SwAKbYJ-yaUuLBaL61Ea4ybtVAYfj1oFSCM,,,,,,,,"LinkedIn,LinkedIn 1st",,2025-10-24 13:10,No
Niklas,Peters,Dr. med. | Assistenzarzt | Pädiatrie/ Kindermedizin | EBIR,"Assistenzarzt, Klinik für Pädiatrie/ Kindermedizin",Klinikum Vettweiß,"Germany, Vettweiß, Nordrhein-Westfalen, Germany",Medical Practices,niklas.peters@mail.de,https://www.linkedin.com/in/niklas-peters-908256/,https://media.licdn.com/dms/image/v2/C5603AQFxfr0d0zxq4v2t8n139tk5f0ilx2mguay3cxplgj2fc9/profile-displayphoto-shrink_200_200/0/1634918689088?e=2147483647&v=beta&t=ANtxAwI7SwAKbYJ-yaUuLBaL61Ea4ybtVAYfj1oFSCM,,,,,,,,"LinkedIn,LinkedIn 1st",,2024-02-02 13:20,No
Andreas,Vogel,Dr. med. | Gesellschafter | Neuroradiologie | EBIR,"Gesellschafter, Klinik für Neuroradiologie",Klinikum Lübtheen,"Germany, Lübtheen, Mecklenburg-Vorpommern, Germany",Medical Practices,andreas.vogel@mail.de,https://www.linkedin.com/in/andreas-vogel-702885/,https://media.licdn.com/dms/image/v2/C5603AQF4fyinl5uyo1uepir5ho3bqnpazf6ygqm1oasdf0tukx/profile-displayphoto-shrink_200_200/0/1634918689088?e=2147483647&v=beta&t=ANtxAwI7SwAKbYJ-yaUuLBaL61Ea4ybtVAYfj1oFSCM,,,,,,,,"LinkedIn,LinkedIn 1st",,2024-11-18 10:23,No
Tobias,Schuster,PD | Gesellschafter | Diagnostische und Interventionelle Radiologie | EBIR,"Gesellschafter, Klinik für Diagnostische und Interventionelle Radiologie",Klinikum Hittbergen,"Germany, Hittbergen, Niedersachsen, Germany",Medical Practices,tobias.schuster@mail.de,https://www.linkedin.com/in/tobias-schuster-496761/,https://media.licdn.com/dms/image/v2/C5603AQFxys0qa0ifbk18pkjlzuinidimdf3vkvm9zymnq3x03q/profile-displayphoto-shrink_200_200/0/1634918689088?e=2147483647&v=beta&t=ANtxAwI7SwAKbYJ-yaUuLBaL61Ea4ybtVAYfj1oFSCM,,,,,,,,"LinkedIn,LinkedIn 1st",,2026-04-23 17:56,No
Laura,Baumann,Prof. Dr. | Facharzt | Pädiatrie/ Kindermedizin | EBIR,"Facharzt, Klinik für Pädiatrie/ Kindermedizin",Klinikum Engelbrechtsche Wildnis,"Germany, Engelbrechtsche Wildnis, Schleswig-Holstein, Germany",Medical Practices,laura.baumann@mail.de,https://www.linkedin.com/in/laura-baumann-196444/,https://media.licdn.com/dms/image/v2/C5603AQF9xwnr5b1mztpwpdde67bw9t1gjdqvm5gpwnh0qoxlpb/profile-displayphoto-shrink_200_200/0/1634918689088?e=2147483647&v=beta&t=ANtxAwI7SwAKbYJ-yaUuLBaL61Ea4ybtVAYfj1oFSCM,,,,,,,,"LinkedIn,LinkedIn 1st",,2026-07-19 10:46,No
Daniel,Schmitz,Dr. med. | sonstige | Chirurgie | EBIR,"sonstige, Klinik für Chirurgie",Klinikum Wallhausen,"Germany, Wallhausen, Baden-Württemberg, Germany",Medical Practices,daniel.schmitz@mail.de,https://www.linkedin.com/in/daniel-schmitz-391121/,https://media.licdn.com/dms/image/v2/C5603AQF5s8leaok4sqi4obksl4ii77nnrismxpb0uq72spcby5/profile-displayphoto-shrink_200_200/0/1634918689088?e=2147483647&v=beta&t=ANtxAwI7SwAKbYJ-yaUuLBaL61Ea4ybtVAYfj1oFSCM,,,,,,,,"LinkedIn,LinkedIn 1st",,2024-03-12 11:57,No
Melissa,Lehmann,Prof. Dr. | Facharzt | Diagnostische und Interventionelle Radiologie | EBIR,"Facharzt, Klinik für Diagnostische und Interventionelle Radiologie",Klinikum Schnega Thune,"Germany, Schnega Thune, Niedersachsen, Germany",Medical Practices,melissa.lehmann@mail.de,https://www.linkedin.com/in/melissa-lehmann-789948/,https://media.licdn.com/dms/image/v2/C5603AQFse7fzmcd1ywjure6h3zabkl2voq4lpegtxfthse63lt/profile-displayphoto-shrink_200_200/0/1634918689088?e=2147483647&v=beta&t=ANtxAwI7SwAKbYJ-yaUuLBaL61Ea4ybtVAYfj1oFSCM,,,,,,,,"LinkedIn,LinkedIn 1st",,2026-08-24 13:07,No
Klaus,Beck,Dr. med. | Standortleiter | Gynäkologie | EBIR,"Standortleiter, Klinik für Gynäkologie",Klinikum Altensteig,"Germany, Altensteig, Baden-Württemberg, Germany",Medical Practices,klaus.beck@mail.de,https://www.linkedin.com/in/klaus-beck-717894/,https://media.licdn.com/dms/image/v2/C5603AQFwv900xej90pm7bnkletfup3ns4yva5ccti2g9v5p6hz/profile-displayphoto-shrink_200_200/0/1634918689088?e=2147483647&v=beta&t=ANtxAwI7SwAKbYJ-yaUuLBaL61Ea4ybtVAYfj1oFSCM,,,,,,,,"LinkedIn,LinkedIn 1st",,2024-10-25 11:03,No
Thomas,Baumann,PD | Ltd. OA | Pädiatrie | EBIR,"Ltd. OA, Klinik für Pädiatrie",Klinikum Hohen-Sülzen,"Germany, Hohen-Sülzen, Rheinland-Pfalz, Germany",Medical Practices,thomas.baumann@mail.de,https://www.linkedin.com/in/thomas-baumann-167051/,https://media.licdn.com/dms/image/v2/C5603AQF4b7kpgc8nrtfrztq2p2jqm0krfl9qr2be79901xe8mj/profile-displayphoto-shrink_200_200/0/1634918689088?e=2147483647&v=beta&t=ANtxAwI7SwAKbYJ-yaUuLBaL61Ea4ybtVAYfj1oFSCM,,,,,,,,"LinkedIn,LinkedIn 1st",,2023-07-19 17:09,No
Sarah,Herrmann,Dr. med. | MTRA | Pädiatrie | EBIR,"MTRA, Klinik für Pädiatrie",Klinikum Großröda,"Germany, Großröda, Thüringen, Germany",Medical Practices,sarah.herrmann@mail.de,https://www.linkedin.com/in/sarah-herrmann-327165/,https://media.licdn.com/dms/image/v2/C5603AQF7g8tnokmdlqwyp5i6s4t8afl0l3m3zc9geivjhzpyko/profile-displayphoto-shrink_200_200/0/1634918689088?e=2147483647&v=beta&t=ANtxAwI7SwAKbYJ-yaUuLBaL61Ea4ybtVAYfj1oFSCM,,,,,,,,"LinkedIn,LinkedIn 1st",,2026-04-20 09:02,No
Johanna,Vogel,Dr. | Facharzt | Orthopädie & UCH | EBIR,"Facharzt, Klinik für Orthopädie & UCH",Klinikum Liebstadt,"Germany, Liebstadt, Sachsen, Germany",Medical Practices,johanna.vogel@mail.de,https://www.linkedin.com/in/johanna-vogel-914289/,https://media.licdn.com/dms/image/v2/C5603AQFlfox50ua43xus9i4jcdojxcuolmsydiqby0urpi3r97/profile-displayphoto-shrink_200_200/0/1634918689088?e=2147483647&v=beta&t=ANtxAwI7SwAKbYJ-yaUuLBaL61Ea4ybtVAYfj1oFSCM,,,,,,,,"LinkedIn,LinkedIn 1st",,2024-12-22 15:42,No
Anna,Hahn,Prof. Dr. | sonstige | Chirurgie | EBIR,"sonstige, Klinik für Chirurgie",Klinikum Oberheldrungen,"Germany, Oberheldrungen, Thüringen, Germany",Medical Practices,anna.hahn@mail.de,https://www.linkedin.com/in/anna-hahn-898478/,https://media.licdn.com/dms/image/v2/C5603AQFij0qq6q4kj8mcboh55f09lzoc9ye1ncms4uo8ugtbc2/profile-displayphoto-shrink_200_200/0/1634918689088?e=2147483647&v=beta&t=ANtxAwI7SwAKbYJ-yaUuLBaL61Ea4ybtVAYfj1oFSCM,,,,,,,,"LinkedIn,LinkedIn 1st",,2025-04-23 10:28,No
Andreas,Hahn,Prof. Dr. | Chefarzt | Diagnostische und Interventionelle Radiologie | EBIR,"Chefarzt, Klinik für Diagnostische und Interventionelle Radiologie",Klinikum Alt Schwerin,"Germany, Alt Schwerin, Mecklenburg-Vorpommern, Germany",Medical Practices,andreas.hahn@mail.de,https://www.linkedin.com/in/andreas-hahn-281559/,https://media.licdn.com/dms/image/v2/C5603AQFljiq5r6mch6smox8aozzenvjkkgj93l9kzwdzsuy02w/profile-displayphoto-shrink_200_200/0/1634918689088?e=2147483647&v=beta&t=ANtxAwI7SwAKbYJ-yaUuLBaL61Ea4ybtVAYfj1oFSCM,,,,,,,,"LinkedIn,LinkedIn 1st",,2024-04-13 18:35,No
Ida,Böhm,PD | Gesellschafter | Pädiatrie/ Kindermedizin | EBIR,"Gesellschafter, Klinik für Pädiatrie/ Kindermedizin",Klinikum Hamburg Niendorf,"Germany, Hamburg Niendorf, Hamburg, Germany",Medical Practices,ida.böhm@mail.de,https://www.linkedin.com/in/ida-böhm-680807/,https://media.licdn.com/dms/image/v2/C5603AQFkynqwt1fu6tdppl7jo0jsrsgu6etz4lgvzwtsbs5slo/profile-displayphoto-shrink_200_200/0/1634918689088?e=2147483647&v=beta&t=ANtxAwI7SwAKbYJ-yaUuLBaL61Ea4ybtVAYfj1oFSCM,,,,,,,,"LinkedIn,LinkedIn 1st",,2024-10-10 08:05,No
Tim,Huber,Prof. Dr. | Oberarzt | Diagnostische und Interventionelle Radiologie | EBIR,"Oberarzt, Klinik für Diagnostische und Interventionelle Radiologie",Klinikum Schwerin,"Germany, Schwerin, Mecklenburg-Vorpommern, Germany",Medical Practices,tim.huber@mail.de,https://www.linkedin.com/in/tim-huber-541964/,https://media.licdn.com/dms/image/v2/C5603AQFkgwxkh0xc0ubhv2uz6tvjnpk6mq099k17denqn0f4qz/profile-displayphoto-shrink_200_200/0/1634918689088?e=2147483647&v=beta&t=ANtxAwI7SwAKbYJ-yaUuLBaL61Ea4ybtVAYfj1oFSCM,,,,,,,,"LinkedIn,LinkedIn 1st",,2026-04-28 13:26,No
Emilia,Scholz,Dr. med. | Oberarzt | Anästhesie | EBIR,"Oberarzt, Klinik für Anästhesie",Klinikum Varel Hohelucht,"Germany, Varel Hohelucht, Niedersachsen, Germany",Medical Practices,emilia.scholz@mail.de,https://www.linkedin.com/in/emilia-scholz-566936/,https://media.licdn.com/dms/image/v2/C5603AQFwbgipaa3rjfm6eepnrrlzrxle84omyv3ttg86butwzf/profile-displayphoto-shrink_200_200/0/1634918689088?e=2147483647&v=beta&t=ANtxAwI7SwAKbYJ-yaUuLBaL61Ea4ybtVAYfj1oFSCM,,,,,,,,"LinkedIn,LinkedIn 1st",,2023-07-19 17:05,No
Finn,Simon,Dr. med. | Standortleiter | Innere Medizin | EBIR,"Standortleiter, Klinik für Innere Medizin",Klinikum Pfaffen-Schwabenheim,"Germany, Pfaffen-Schwabenheim, Rheinland-Pfalz, Germany",Medical Practices,finn.simon@mail.de,https://www.linkedin.com/in/finn-simon-533543/,https://media.licdn.com/dms/image/v2/C5603AQFre83hbcjl02vxororqe669jmm3ia7m5n2j69bp6glzo/profile-displayphoto-shrink_200_200/0/1634918689088?e=2147483647&v=beta&t=ANtxAwI7SwAKbYJ-yaUuLBaL61Ea4ybtVAYfj1oFSCM,,,,,,,,"LinkedIn,LinkedIn 1st",,2026-10-20 10:28,No
Ben,Braun,Dr. med. | Gesellschafter | Nuklearmedizin | EBIR,"Gesellschafter, Klinik für Nuklearmedizin",Klinikum Geesow,"Germany, Geesow, Brandenburg, Germany",Medical Practices,ben.braun@mail.de,https://www.linkedin.com/in/ben-braun-429687/,https://media.licdn.com/dms/image/v2/C5603AQFtnylgrkgawayqpw07bshdozd1tttvpft60zs9ubck66/profile-displayphoto-shrink_200_200/0/1634918689088?e=2147483647&v=beta&t=ANtxAwI7SwAKbYJ-yaUuLBaL61Ea4ybtVAYfj1oFSCM,,,,,,,,"LinkedIn,LinkedIn 1st",,2024-11-11 17:42,No
Paul,Krämer,PD | Oberarzt | Kinderradiologie | EBIR,"Oberarzt, Klinik für Kinderradiologie",Klinikum Groß Lindow Weißenspring,"Germany, Groß Lindow Weißenspring, Brandenburg, Germany",Medical Practices,paul.krämer@mail.de,https://www.linkedin.com/in/paul-krämer-737787/,https://media.licdn.com/dms/image/v2/C5603AQF8s89zpxwm76juv6pf7lz2tn3jugtteet5tyqujncgqy/profile-displayphoto-shrink_200_200/0/1634918689088?e=2147483647&v=beta&t=ANtxAwI7SwAKbYJ-yaUuLBaL61Ea4ybtVAYfj1oFSCM,,,,,,,,"LinkedIn,LinkedIn 1st",,2026-03-10 13:46,No
Birgit,Herrmann,Dr. med. | sonstige | Nuklearmedizin | EBIR,"sonstige, Klinik für Nuklearmedizin",Klinikum Viechtach,"Germany, Viechtach, Bayern, Germany",Medical Practices,birgit.herrmann@mail.de,https://www.linkedin.com/in/birgit-herrmann-369310/,https://media.licdn.com/dms/image/v2/C5603AQFqzxlnaoi9f3b6yaafn7qyfa10lfi08hj8jhlfyil23j/profile-displayphoto-shrink_200_200/0/1634918689088?e=2147483647&v=beta&t=ANtxAwI7SwAKbYJ-yaUuLBaL61Ea4ybtVAYfj1oFSCM,,,,,,,,"LinkedIn,LinkedIn 1st",,2025-03-02 10:50,No
Amelie,Zimmermann,PD | Chefarzt | Chirurgie | EBIR,"Chefarzt, Klinik für Chirurgie","Klinikum Höhenland Wölsickendorf-Wollenberg, Wölsickendorf","Germany, Höhenland Wölsickendorf-Wollenberg, Wölsickendorf, Brandenburg, Germany",Medical Practices,amelie.zimmermann@mail.de,https://www.linkedin.com/in/amelie-zimmermann-154681/,https://media.licdn.com/dms/image/v2/C5603AQFs56fmuvcxmgrz345j97wfb4o23xbo1mqsknrt2rycn5/profile-displayphoto-shrink_200_200/0/1634918689088?e=2147483647&v=beta&t=ANtxAwI7SwAKbYJ-yaUuLBaL61Ea4ybtVAYfj1oFSCM,,,,,,,,"LinkedIn,LinkedIn 1st",,2025-10-08 10:15,No
Monika,Keller,Dr. | sonstige | Gynäkologie | EBIR,"sonstige, Klinik für Gynäkologie",Klinikum Erlenbach,"Germany, Erlenbach, Rheinland-Pfalz, Germany",Medical Practices,monika.keller@mail.de,https://www.linkedin.com/in/monika-keller-300656/,https://media.licdn.com/dms/image/v2/C5603AQFwz9l1np9e9q66ul94t0o84xdb9i4mbleo8oyl1ck5eh/profile-displayphoto-shrink_200_200/0/1634918689088?e=2147483647&v=beta&t=ANtxAwI7SwAKbYJ-yaUuLBaL61Ea4ybtVAYfj1oFSCM,,,,,,,,"LinkedIn,LinkedIn 1st",,2026-03-23 17:15,No
Niklas,Schmidt,Assistenzarzt | Pädiatrie | EBIR,"Assistenzarzt, Klinik für Pädiatrie",Klinikum Winterbach,"Germany, Winterbach, Bayern, Germany",Medical Practices,niklas.schmidt@mail.de,https://www.linkedin.com/in/niklas-schmidt-934195/,https://media.licdn.com/dms/image/v2/C5603AQFkgflpgdrd2drgpsndw35a98jnakzp4dqqzgvebl1tgw/profile-displayphoto-shrink_200_200/0/1634918689088?e=2147483647&v=beta&t=ANtxAwI7SwAKbYJ-yaUuLBaL61Ea4ybtVAYfj1oFSCM,,,,,,,,"LinkedIn,LinkedIn 1st",,2025-12-09 10:07,No
Elias,Vogt,PD | Gesellschafter | Orthopädie & UCH | EBIR,"Gesellschafter, Klinik für Orthopädie & UCH",Klinikum Kasbach-Ohlenberg,"Germany, Kasbach-Ohlenberg, Rheinland-Pfalz, Germany",Medical Practices,elias.vogt@mail.de,https://www.linkedin.com/in/elias-vogt-670966/,https://media.licdn.com/dms/image/v2/C5603AQFa6pm0axdubm62yk1g6bgmh6yt6n8vitz97cxkt2vxxd/profile-displayphoto-shrink_200_200/0/1634918689088?e=2147483647&v=beta&t=ANtxAwI7SwAKbYJ-yaUuLBaL61Ea4ybtVAYfj1oFSCM,,,,,,,,"LinkedIn,LinkedIn 1st",,2024-04-19 17:55,No
Susanne,Lehmann,Prof. Dr. | MTRA | Anästhesie | EBIR,"MTRA, Klinik für Anästhesie",Klinikum Winterwerb,"Germany, Winterwerb, Rheinland-Pfalz, Germany",Medical Practices,susanne.lehmann@mail.de,https://www.linkedin.com/in/susanne-lehmann-268776/,https://media.licdn.com/dms/image/v2/C5603AQFn09n154ur5p18tgvnme6u6kl88wrvfoywnvq8ft3du0/profile-displayphoto-shrink_200_200/0/1634918689088?e=2147483647&v=beta&t=ANtxAwI7SwAKbYJ-yaUuLBaL61Ea4ybtVAYfj1oFSCM,,,,,,,,"LinkedIn,LinkedIn 1st",,2025-08-15 16:38,No
Luise,Winkler,Prof. Dr. | Chefarzt | Psychiatrie | EBIR,"Chefarzt, Klinik für Psychiatrie",Klinikum Seitenroda,"Germany, Seitenroda, Thüringen, Germany",Medical Practices,luise.winkler@mail.de,https://www.linkedin.com/in/luise-winkler-278107/,https://media.licdn.com/dms/image/v2/C5603AQFvoicck1zp5tovywcay69tro0t73qumvhcxkp102zoka/profile-displayphoto-shrink_200_200/0/1634918689088?e=2147483647&v=beta&t=ANtxAwI7SwAKbYJ-yaUuLBaL61Ea4ybtVAYfj1oFSCM,,,,,,,,"LinkedIn,LinkedIn 1st",,2026-01-26 18:16,No
Claudia,Frank,PD | Oberarzt | Chirurgie | EBIR,"Oberarzt, Klinik für Chirurgie",Klinikum Vöhl,"Germany, Vöhl, Hessen, Germany",Medical Practices,claudia.frank@mail.de,https://www.linkedin.com/in/claudia-frank-218243/,https://media.licdn.com/dms/image/v2/C5603AQFeu0vnvh8nj51t7jskn6ku43pkn5v719zoijtqixheea/profile-displayphoto-shrink_200_200/0/1634918689088?e=2147483647&v=beta&t=ANtxAwI7SwAKbYJ-yaUuLBaL61Ea4ybtVAYfj1oFSCM,,,,,,,,"LinkedIn,LinkedIn 1st",,2026-03-18 14:49,No
Tobias,Hartmann,Dr. | Facharzt | Nuklearmedizin | EBIR,"Facharzt, Klinik für Nuklearmedizin",Klinikum Wiehl,"Germany, Wiehl, Nordrhein-Westfalen, Germany",Medical Practices,tobias.hartmann@mail.de,https://www.linkedin.com/in/tobias-hartmann-601433/,https://media.licdn.com/dms/image/v2/C5603AQF6ixqdkr47t6jwot4mn4ipyrz3f00sdtexrm0dg357zu/profile-displayphoto-shrink_200_200/0/1634918689088?e=2147483647&v=beta&t=ANtxAwI7SwAKbYJ-yaUuLBaL61Ea4ybtVAYfj1oFSCM,,,,,,,,"LinkedIn,LinkedIn 1st",,2024-09-12 14:36,No
Amelie,König,Prof. Dr. | Ltd. OA | Chirurgie | EBIR,"Ltd. OA, Klinik für Chirurgie",Klinikum Hamburg Spadenland,"Germany, Hamburg Spadenland, Hamburg, Germany",Medical Practices,amelie.könig@mail.de,https://www.linkedin.com/in/amelie-könig-516336/,https://media.licdn.com/dms/image/v2/C5603AQF3qifuce6m6rhqxdjdfjt4e16xhd2uqrbg0qhhaw3zqk/profile-displayphoto-shrink_200_200/0/1634918689088?e=2147483647&v=beta&t=ANtxAwI7SwAKbYJ-yaUuLBaL61Ea4ybtVAYfj1oFSCM,,,,,,,,"LinkedIn,LinkedIn 1st",,2025-08-02 09:06,No
Andreas,Böhm,Prof. Dr. | Gesellschafter | Innere Medizin | EBIR,"Gesellschafter, Klinik für Innere Medizin",Klinikum Flessau,"Germany, Flessau, Sachsen-Anhalt, Germany",Medical Practices,andreas.böhm@mail.de,https://www.linkedin.com/in/andreas-böhm-869223/,https://media.licdn.com/dms/image/v2/C5603AQFbuyyfp523ci61cbm8oios8v0px0uamogufegmiulnpk/profile-displayphoto-shrink_200_200/0/1634918689088?e=2147483647&v=beta&t=ANtxAwI7SwAKbYJ-yaUuLBaL61Ea4ybtVAYfj1oFSCM,,,,,,,,"LinkedIn,LinkedIn 1st",,2025-09-19 12:54,No
Amelie,Becker,PD | Standortleiter | Neuroradiologie | EBIR,"Standortleiter, Klinik für Neuroradiologie",Klinikum Strahlungen,"Germany, Strahlungen, Bayern, Germany",Medical Practices,amelie.becker@mail.de,https://www.linkedin.com/in/amelie-becker-891858/,https://media.licdn.com/dms/image/v2/C5603AQFha11u0pc8ufi905f28h6mm7dool3seuwk478shuhe9o/profile-displayphoto-shrink_200_200/0/1634918689088?e=2147483647&v=beta&t=ANtxAwI7SwAKbYJ-yaUuLBaL61Ea4ybtVAYfj1oFSCM,,,,,,,,"LinkedIn,LinkedIn 1st",,2026-07-26 16:43,No
Martin,Ludwig,PD | Chefarzt | Pädiatrie | EBIR,"Chefarzt, Klinik für Pädiatrie",Klinikum Weismain,"Germany, Weismain, Bayern, Germany",Medical Practices,martin.ludwig@mail.de,https://www.linkedin.com/in/martin-ludwig-544888/,https://media.licdn.com/dms/image/v2/C5603AQF1fkp5ikmu6dnvya0k2u6uposmqkwodiaam81bgjnr3j/profile-displayphoto-shrink_200_200/0/1634918689088?e=2147483647&v=beta&t=ANtxAwI7SwAKbYJ-yaUuLBaL61Ea4ybtVAYfj1oFSCM,,,,,,,,"LinkedIn,LinkedIn 1st",,2025-09-28 13:49,No
Samuel,Frank,PD | Assistenzarzt | Orthopädie & UCH | EBIR,"Assistenzarzt, Klinik für Orthopädie & UCH",Klinikum Welsleben,"Germany, Welsleben, Sachsen-Anhalt, Germany",Medical Practices,samuel.frank@mail.de,https://www.linkedin.com/in/samuel-frank-303812/,https://media.licdn.com/dms/image/v2/C5603AQFkl6zbgdemosdt097sokmld02ua9fo11e19ufz8gi37h/profile-displayphoto-shrink_200_200/0/1634918689088?e=2147483647&v=beta&t=ANtxAwI7SwAKbYJ-yaUuLBaL61Ea4ybtVAYfj1oFSCM,,,,,,,,"LinkedIn,LinkedIn 1st",,2023-04-09 08:50,No
Louis,Jung,PD | Ltd. OA | Chirurgie | EBIR,"Ltd. OA, Klinik für Chirurgie",Klinikum Beucha,"Germany, Beucha, Sachsen, Germany",Medical Practices,louis.jung@mail.de,https://www.linkedin.com/in/louis-jung-262770/,https://media.licdn.com/dms/image/v2/C5603AQFg9tqfwj2o7u66roblmtzj8ypqe9kln12jkkrie81rcq/profile-displayphoto-shrink_200_200/0/1634918689088?e=2147483647&v=beta&t=ANtxAwI7SwAKbYJ-yaUuLBaL61Ea4ybtVAYfj1oFSCM,,,,,,,,"LinkedIn,LinkedIn 1st",,2026-12-25 10:40,No
Theo,Kaiser,Standortleiter | Innere Medizin | EBIR,"Standortleiter, Klinik für Innere Medizin",Klinikum Badendorf,"Germany, Badendorf, Schleswig-Holstein, Germany",Medical Practices,theo.kaiser@mail.de,https://www.linkedin.com/in/theo-kaiser-657080/,https://media.licdn.com/dms/image/v2/C5603AQF11bwrd0s12i8u6c4x4jugeb05o7e3yczdnf20d5legs/profile-displayphoto-shrink_200_200/0/1634918689088?e=2147483647&v=beta&t=ANtxAwI7SwAKbYJ-yaUuLBaL61Ea4ybtVAYfj1oFSCM,,,,,,,,"LinkedIn,LinkedIn 1st",,2024-08-08 13:58,No
Ella,Lehmann,Dr. med. | Assistenzarzt | Psychiatrie | EBIR,"Assistenzarzt, Klinik für Psychiatrie",Klinikum Beedenbostel,"Germany, Beedenbostel, Niedersachsen, Germany",Medical Practices,ella.lehmann@mail.de,https://www.linkedin.com/in/ella-lehmann-512674/,https://media.licdn.com/dms/image/v2/C5603AQFk3am2nrfns593czxjelph5ehjjq9zmdez4g1xkebfv3/profile-displayphoto-shrink_200_200/0/1634918689088?e=2147483647&v=beta&t=ANtxAwI7SwAKbYJ-yaUuLBaL61Ea4ybtVAYfj1oFSCM,,,,,,,,"LinkedIn,LinkedIn 1st",,2026-10-17 18:15,No
Oliver,Böhm,Prof. Dr. | Gesellschafter | Chirurgie | EBIR,"Gesellschafter, Klinik für Chirurgie",Klinikum Landensberg,"Germany, Landensberg, Bayern, Germany",Medical Practices,oliver.böhm@mail.de,https://www.linkedin.com/in/oliver-böhm-655938/,https://media.licdn.com/dms/image/v2/C5603AQF19tsb1ygkih3o37wqnicv3g0ybb9r1ydi33exantycq/profile-displayphoto-shrink_200_200/0/1634918689088?e=2147483647&v=beta&t=ANtxAwI7SwAKbYJ-yaUuLBaL61Ea4ybtVAYfj1oFSCM,,,,,,,,"LinkedIn,LinkedIn 1st",,2025-10-08 17:44,No
Ben,Vogel,Dr. med. | Oberarzt | Diagnostische und Interventionelle Radiologie | EBIR,"Oberarzt, Klinik für Diagnostische und Interventionelle Radiologie",Klinikum Bad Dürrheim,"Germany, Bad Dürrheim, Baden-Württemberg, Germany",Medical Practices,ben.vogel@mail.de,https://www.linkedin.com/in/ben-vogel-964327/,https://media.licdn.com/dms/image/v2/C5603AQFesdggy6qa65oo1d31uula9w5r8weuw2mb0cxr9madbe/profile-displayphoto-shrink_200_200/0/1634918689088?e=2147483647&v=beta&t=ANtxAwI7SwAKbYJ-yaUuLBaL61Ea4ybtVAYfj1oFSCM,,,,,,,,"LinkedIn,LinkedIn 1st",,2024-08-19 09:35,No
Sophia,Vogel,Prof. Dr. | sonstige | Pädiatrie/ Kindermedizin | EBIR,"sonstige, Klinik für Pädiatrie/ Kindermedizin",Klinikum Reichartshausen,"Germany, Reichartshausen, Baden-Württemberg, Germany",Medical Practices,sophia.vogel@mail.de,https://www.linkedin.com/in/sophia-vogel-713150/,https://media.licdn.com/dms/image/v2/C5603AQFn9qdc7o4aairkgil5enqp0bamqz00bfup42d3elwg5t/profile-displayphoto-shrink_200_200/0/1634918689088?e=2147483647&v=beta&t=ANtxAwI7SwAKbYJ-yaUuLBaL61Ea4ybtVAYfj1oFSCM,,,,,,,,"LinkedIn,LinkedIn 1st",,2024-06-01 09:45,No
Matteo,Schumacher,Dr. | Chefarzt | Anästhesie | EBIR,"Chefarzt, Klinik für Anästhesie",Klinikum Schipkau Drochow,"Germany, Schipkau Drochow, Brandenburg, Germany",Medical Practices,matteo.schumacher@mail.de,https://www.linkedin.com/in/matteo-schumacher-431720/,https://media.licdn.com/dms/image/v2/C5603AQFuzep7wezhcvgtiwtare2jwl263gh4yx3fbxdxk4qshz/profile-displayphoto-shrink_200_200/0/1634918689088?e=2147483647&v=beta&t=ANtxAwI7SwAKbYJ-yaUuLBaL61Ea4ybtVAYfj1oFSCM,,,,,,,,"LinkedIn,LinkedIn 1st",,2023-08-27 17:48,No
Ida,Kurz,Chefarzt | Diagnostische und Interventionelle Radiologie | EBIR,"Chefarzt, Klinik für Diagnostische und Interventionelle Radiologie",Klinikum Salzkotten,"Germany, Salzkotten, Nordrhein-Westfalen, Germany",Medical Practices,ida.kurz@mail.de,https://www.linkedin.com/in/ida-kurz-995779/,https://media.licdn.com/dms/image/v2/C5603AQF001ccsihk8e1gi5ee5pk53woeck7yjxkd6skshiz9hl/profile-displayphoto-shrink_200_200/0/1634918689088?e=2147483647&v=beta&t=ANtxAwI7SwAKbYJ-yaUuLBaL61Ea4ybtVAYfj1oFSCM,,,,,,,,"LinkedIn,LinkedIn 1st",,2024-12-04 11:16,No
Markus,Winkler,Prof. Dr. | sonstige | Anästhesie | EBIR,"sonstige, Klinik für Anästhesie",Klinikum Lunzenau,"Germany, Lunzenau, Sachsen, Germany",Medical Practices,markus.winkler@mail.de,https://www.linkedin.com/in/markus-winkler-966008/,https://media.licdn.com/dms/image/v2/C5603AQFvzfnycezvw5dk9ezhke8fhv5o3q7knn8trjiay9bxu4/profile-displayphoto-shrink_200_200/0/1634918689088?e=2147483647&v=beta&t=ANtxAwI7SwAKbYJ-yaUuLBaL61Ea4ybtVAYfj1oFSCM,,,,,,,,"LinkedIn,LinkedIn 1st",,2026-10-15 17:42,No
Susanne,Schröder,Facharzt | Pädiatrie | EBIR,"Facharzt, Klinik für Pädiatrie",Klinikum Fehrbellin Wustrau-Altfriesack,"Germany, Fehrbellin Wustrau-Altfriesack, Brandenburg, Germany",Medical Practices,susanne.schröder@mail.de,https://www.linkedin.com/in/susanne-schröder-291648/,https://media.licdn.com/dms/image/v2/C5603AQFb38qt5uiebvcu89c4hrwmpnc0bs2hd4myfdp0p6zobp/profile-displayphoto-shrink_200_200/0/1634918689088?e=2147483647&v=beta&t=ANtxAwI7SwAKbYJ-yaUuLBaL61Ea4ybtVAYfj1oFSCM,,,,,,,,"LinkedIn,LinkedIn 1st",,2023-04-09 12:40,No
Lukas,Lehmann,Prof. Dr. | MTRA | Nuklearmedizin | EBIR,"MTRA, Klinik für Nuklearmedizin",Klinikum Lembruch,"Germany, Lembruch, Niedersachsen, Germany",Medical Practices,lukas.lehmann@mail.de,https://www.linkedin.com/in/lukas-lehmann-386282/,https://media.licdn.com/dms/image/v2/C5603AQFo5ngv6408sq2zcyxswz2irkl23o674986kzyh91qita/profile-displayphoto-shrink_200_200/0/1634918689088?e=2147483647&v=beta&t=ANtxAwI7SwAKbYJ-yaUuLBaL61Ea4ybtVAYfj1oFSCM,,,,,,,,"LinkedIn,LinkedIn 1st",,2024-04-10 09:25,No
Tobias,Haas,MTRA | Anästhesie | EBIR,"MTRA, Klinik für Anästhesie",Klinikum Waldhof-Falkenstein,"Germany, Waldhof-Falkenstein, Rheinland-Pfalz, Germany",Medical Practices,tobias.haas@mail.de,https://www.linkedin.com/in/tobias-haas-744009/,https://media.licdn.com/dms/image/v2/C5603AQFhx0qo28vraw30z3b3nk9nq0m9zxjfr7i6oa4sz54gl6/profile-displayphoto-shrink_200_200/0/1634918689088?e=2147483647&v=beta&t=ANtxAwI7SwAKbYJ-yaUuLBaL61Ea4ybtVAYfj1oFSCM,,,,,,,,"LinkedIn,LinkedIn 1st",,2024-07-26 10:07,No
Anton,Huber,sonstige | Chirurgie | EBIR,"sonstige, Klinik für Chirurgie",Klinikum Mirow,"Germany, Mirow, Mecklenburg-Vorpommern, Germany",Medical Practices,anton.huber@mail.de,https://www.linkedin.com/in/anton-huber-225710/,https://media.licdn.com/dms/image/v2/C5603AQFovt5g33jm0ywdj7ixksc1e7llc0x4xeqkm7dxfpnnm2/profile-displayphoto-shrink_200_200/0/1634918689088?e=2147483647&v=beta&t=ANtxAwI7SwAKbYJ-yaUuLBaL61Ea4ybtVAYfj1oFSCM,,,,,,,,"LinkedIn,LinkedIn 1st",,2023-11-21 18:58,No
Christian,Maier,Standortleiter | Orthopädie & UCH | EBIR,"Standortleiter, Klinik für Orthopädie & UCH",Klinikum Bückeburg Bergdorf,"Germany, Bückeburg Bergdorf, Niedersachsen, Germany",Medical Practices,christian.maier@mail.de,https://www.linkedin.com/in/christian-maier-471413/,https://media.licdn.com/dms/image/v2/C5603AQFt5q6fhz43sbifyya2a6jwjfypzvroy8nnm56eapq4p3/profile-displayphoto-shrink_200_200/0/1634918689088?e=2147483647&v=beta&t=ANtxAwI7SwAKbYJ-yaUuLBaL61Ea4ybtVAYfj1oFSCM,,,,,,,,"LinkedIn,LinkedIn 1st",,2025-09-15 10:00,No
Emil,Herrmann,Dr. med. | Chefarzt | Gynäkologie | EBIR,"Chefarzt, Klinik für Gynäkologie",Klinikum Tagewerben,"Germany, Tagewerben, Sachsen-Anhalt, Germany",Medical Practices,emil.herrmann@mail.de,https://www.linkedin.com/in/emil-herrmann-784317/,https://media.licdn.com/dms/image/v2/C5603AQFxlryffm6o16ob73bz087h39izyxv4rptovbfcgaw9i9/profile-displayphoto-shrink_200_200/0/1634918689088?e=2147483647&v=beta&t=ANtxAwI7SwAKbYJ-yaUuLBaL61Ea4ybtVAYfj1oFSCM,,,,,,,,"LinkedIn,LinkedIn 1st",,2025-04-12 08:54,No
Hannah,Albrecht,Prof. Dr. | sonstige | Psychiatrie | EBIR,"sonstige, Klinik für Psychiatrie",Klinikum Ruthenbeck,"Germany, Ruthenbeck, Mecklenburg-Vorpommern, Germany",Medical Practices,hannah.albrecht@mail.de,https://www.linkedin.com/in/hannah-albrecht-450494/,https://media.licdn.com/dms/image/v2/C5603AQFxzy4bzpuxs7ojikqt6a1kylz864y1x831thlf8zpdwc/profile-displayphoto-shrink_200_200/0/1634918689088?e=2147483647&v=beta&t=ANtxAwI7SwAKbYJ-yaUuLBaL61Ea4ybtVAYfj1oFSCM,,,,,,,,"LinkedIn,LinkedIn 1st",,2026-05-24 09:47,No
David,Ludwig,Prof. Dr. | Standortleiter | Anästhesie | EBIR,"Standortleiter, Klinik für Anästhesie",Klinikum Moor-Rolofshagen,"Germany, Moor-Rolofshagen, Mecklenburg-Vorpommern, Germany",Medical Practices,david.ludwig@mail.de,https://www.linkedin.com/in/david-ludwig-339480/,https://media.licdn.com/dms/image/v2/C5603AQFqmm3obr1yo19jz1vxc9oz41j4rkarvjzxqb97x2gfak/profile-displayphoto-shrink_200_200/0/1634918689088?e=2147483647&v=beta&t=ANtxAwI7SwAKbYJ-yaUuLBaL61Ea4ybtVAYfj1oFSCM,,,,,,,,"LinkedIn,LinkedIn 1st",,2024-06-10 13:32,No
Leon,Möller,Dr. | Oberarzt | Chirurgie | EBIR,"Oberarzt, Klinik für Chirurgie",Klinikum Rothenfels,"Germany, Rothenfels, Bayern, Germany",Medical Practices,leon.möller@mail.de,https://www.linkedin.com/in/leon-möller-890720/,https://media.licdn.com/dms/image/v2/C5603AQFy03dfmd6tf9sg5eeyq8o4zumlna2yvkvcskbe3l2oly/profile-displayphoto-shrink_200_200/0/1634918689088?e=2147483647&v=beta&t=ANtxAwI7SwAKbYJ-yaUuLBaL61Ea4ybtVAYfj1oFSCM,,,,,,,,"LinkedIn,LinkedIn 1st",,2023-07-16 12:24,No
Sebastian,Kurz,PD | sonstige | Chirurgie | EBIR,"sonstige, Klinik für Chirurgie",Klinikum Eßlingen,"Germany, Eßlingen, Rheinland-Pfalz, Germany",Medical Practices,sebastian.kurz@mail.de,https://www.linkedin.com/in/sebastian-kurz-566809/,https://media.licdn.com/dms/image/v2/C5603AQFekhuygk87c5sbgc73f3yvqk4pmqv50r4sl4klc91rgs/profile-displayphoto-shrink_200_200/0/1634918689088?e=2147483647&v=beta&t=ANtxAwI7SwAKbYJ-yaUuLBaL61Ea4ybtVAYfj1oFSCM,,,,,,,,"LinkedIn,LinkedIn 1st",,2024-04-27 12:19,No
Niklas,Schmitz,Dr. med. | Chefarzt | Neuroradiologie | EBIR,"Chefarzt, Klinik für Neuroradiologie",Klinikum Oesterwurth,"Germany, Oesterwurth, Schleswig-Holstein, Germany",Medical Practices,niklas.schmitz@mail.de,https://www.linkedin.com/in/niklas-schmitz-932615/,https://media.licdn.com/dms/image/v2/C5603AQF84puuda3p2byjuod3s9g23g67uqe4x09fjpfjoytkcp/profile-displayphoto-shrink_200_200/0/1634918689088?e=2147483647&v=beta&t=ANtxAwI7SwAKbYJ-yaUuLBaL61Ea4ybtVAYfj1oFSCM,,,,,,,,"LinkedIn,LinkedIn 1st",,2026-06-04 09:05,No
Lisa,Koch,Chefarzt | Mammographie | EBIR,"Chefarzt, Klinik für Mammographie",Klinikum Thiessow,"Germany, Thiessow, Mecklenburg-Vorpommern, Germany",Medical Practices,lisa.koch@mail.de,https://www.linkedin.com/in/lisa-koch-451482/,https://media.licdn.com/dms/image/v2/C5603AQFgnsuyqaahzsp9vhwhhh0s8kkep1brp5jdmnvsgztwah/profile-displayphoto-shrink_200_200/0/1634918689088?e=2147483647&v=beta&t=ANtxAwI7SwAKbYJ-yaUuLBaL61Ea4ybtVAYfj1oFSCM,,,,,,,,"LinkedIn,LinkedIn 1st",,2023-06-10 14:09,No
Jonathan,Kaiser,MTRA | Mammographie | EBIR,"MTRA, Klinik für Mammographie",Klinikum Labrun,"Germany, Labrun, Sachsen-Anhalt, Germany",Medical Practices,jonathan.kaiser@mail.de,https://www.linkedin.com/in/jonathan-kaiser-217333/,https://media.licdn.com/dms/image/v2/C5603AQFfh1vojvir0qhzqws57ho1g4u0ynghb9yu0gfqdf5uue/profile-displayphoto-shrink_200_200/0/1634918689088?e=2147483647&v=beta&t=ANtxAwI7SwAKbYJ-yaUuLBaL61Ea4ybtVAYfj1oFSCM,,,,,,,,"LinkedIn,LinkedIn 1st",,2025-12-26 18:39,No
Clara,Beck,Prof. Dr. | MTRA | Pädiatrie | EBIR,"MTRA, Klinik für Pädiatrie",Klinikum Freden (Leine),"Germany, Freden (Leine), Niedersachsen, Germany",Medical Practices,clara.beck@mail.de,https://www.linkedin.com/in/clara-beck-264606/,https://media.licdn.com/dms/image/v2/C5603AQFluflvwn0q1ylzj4e2u8d6jblgsbqlwdopbzsxta99yl/profile-displayphoto-shrink_200_200/0/1634918689088?e=2147483647&v=beta&t=ANtxAwI7SwAKbYJ-yaUuLBaL61Ea4ybtVAYfj1oFSCM,,,,,,,,"LinkedIn,LinkedIn 1st",,2023-02-19 12:06,No
Felix,Günther,Prof. Dr. | Chefarzt | Pädiatrie/ Kindermedizin | EBIR,"Chefarzt, Klinik für Pädiatrie/ Kindermedizin",Klinikum Wawern,"Germany, Wawern, Rheinland-Pfalz, Germany",Medical Practices,felix.günther@mail.de,https://www.linkedin.com/in/felix-günther-217329/,https://media.licdn.com/dms/image/v2/C5603AQFlujq8nea2dbp7ytvdtr34g5kxivcq5hk5iuqrpkfyyh/profile-displayphoto-shrink_200_200/0/1634918689088?e=2147483647&v=beta&t=ANtxAwI7SwAKbYJ-yaUuLBaL61Ea4ybtVAYfj1oFSCM,,,,,,,,"LinkedIn,LinkedIn 1st",,2024-09-05 11:35,No
Jakob,Peters,Dr. med. | Gesellschafter | Kinderradiologie | EBIR,"Gesellschafter, Klinik für Kinderradiologie",Klinikum Gossa,"Germany, Gossa, Sachsen-Anhalt, Germany",Medical Practices,jakob.peters@mail.de,https://www.linkedin.com/in/jakob-peters-114736/,https://media.licdn.com/dms/image/v2/C5603AQFn1uw79izt584swd1v8cgss3yi6ak0wouk5d7g5iriq9/profile-displayphoto-shrink_200_200/0/1634918689088?e=2147483647&v=beta&t=ANtxAwI7SwAKbYJ-yaUuLBaL61Ea4ybtVAYfj1oFSCM,,,,,,,,"LinkedIn,LinkedIn 1st",,2024-02-25 12:29,No
Florian,Günther,Dr. med. | MTRA | Diagnostische und Interventionelle Radiologie | EBIR,"MTRA, Klinik für Diagnostische und Interventionelle Radiologie",Klinikum Etzleben,"Germany, Etzleben, Thüringen, Germany",Medical Practices,florian.günther@mail.de,https://www.linkedin.com/in/florian-günther-211668/,https://media.licdn.com/dms/image/v2/C5603AQFjav0nzmu6uxbk3bmtjbfh6kn6b11fy2ggov2h4s3d4y/profile-displayphoto-shrink_200_200/0/1634918689088?e=2147483647&v=beta&t=ANtxAwI7SwAKbYJ-yaUuLBaL61Ea4ybtVAYfj1oFSCM,,,,,,,,"LinkedIn,LinkedIn 1st",,2026-10-16 16:56,No
Sarah,Schmidt,Prof. Dr. | Facharzt | Innere Medizin | EBIR,"Facharzt, Klinik für Innere Medizin",Klinikum Küstriner Vorland Gorgast,"Germany, Küstriner Vorland Gorgast, Brandenburg, Germany",Medical Practices,sarah.schmidt@mail.de,https://www.linkedin.com/in/sarah-schmidt-640381/,https://media.licdn.com/dms/image/v2/C5603AQFv1tgrqsrh0a6ncjliy7p007y8emumoyksfce3exvovx/profile-displayphoto-shrink_200_200/0/1634918689088?e=2147483647&v=beta&t=ANtxAwI7SwAKbYJ-yaUuLBaL61Ea4ybtVAYfj1oFSCM,,,,,,,,"LinkedIn,LinkedIn 1st",,2024-06-19 17:31,No
Oliver,Zimmermann,Dr. | Ltd. OA | Neuroradiologie | EBIR,"Ltd. OA, Klinik für Neuroradiologie",Klinikum Schwebheim,"Germany, Schwebheim, Bayern, Germany",Medical Practices,oliver.zimmermann@mail.de,https://www.linkedin.com/in/oliver-zimmermann-849586/,https://media.licdn.com/dms/image/v2/C5603AQFqr1j5fxs1ocmmptw41yx9ojnvjkyjiljf9kb50ft2u5/profile-displayphoto-shrink_200_200/0/1634918689088?e=2147483647&v=beta&t=ANtxAwI7SwAKbYJ-yaUuLBaL61Ea4ybtVAYfj1oFSCM,,,,,,,,"LinkedIn,LinkedIn 1st",,2026-12-06 13:45,No
Tim,Fischer,Prof. Dr. | Assistenzarzt | Nuklearmedizin | EBIR,"Assistenzarzt, Klinik für Nuklearmedizin",Klinikum Grünow,"Germany, Grünow, Brandenburg, Germany",Medical Practices,tim.fischer@mail.de,https://www.linkedin.com/in/tim-fischer-221999/,https://media.licdn.com/dms/image/v2/C5603AQF1dwofbgtx6ah5xa0belcjknrwopl9532glc613pemwq/profile-displayphoto-shrink_200_200/0/1634918689088?e=2147483647&v=beta&t=ANtxAwI7SwAKbYJ-yaUuLBaL61Ea4ybtVAYfj1oFSCM,,,,,,,,"LinkedIn,LinkedIn 1st",,2023-07-25 09:57,No
Vanessa,Schwarz,Prof. Dr. | Standortleiter | Diagnostische und Interventionelle Radiologie | EBIR,"Standortleiter, Klinik für Diagnostische und Interventionelle Radiologie",Klinikum Goldbach,"Germany, Goldbach, Thüringen, Germany",Medical Practices,vanessa.schwarz@mail.de,https://www.linkedin.com/in/vanessa-schwarz-383453/,https://media.licdn.com/dms/image/v2/C5603AQFkqv5pha1uc5gie0f2bg16clqf649bmf0imen13tk6p6/profile-displayphoto-shrink_200_200/0/1634918689088?e=2147483647&v=beta&t=ANtxAwI7SwAKbYJ-yaUuLBaL61Ea4ybtVAYfj1oFSCM,,,,,,,,"LinkedIn,LinkedIn 1st",,2025-03-07 17:52,No
Hannah,Hoffmann,PD | sonstige | Kinderradiologie | EBIR,"sonstige, Klinik für Kinderradiologie",Klinikum Blindheim,"Germany, Blindheim, Bayern, Germany",Medical Practices,hannah.hoffmann@mail.de,https://www.linkedin.com/in/hannah-hoffmann-214766/,https://media.licdn.com/dms/image/v2/C5603AQFus9guvkvgvx5wsk7zxrt6wchoop5d9nfy4kgs9bdy09/profile-displayphoto-shrink_200_200/0/1634918689088?e=2147483647&v=beta&t=ANtxAwI7SwAKbYJ-yaUuLBaL61Ea4ybtVAYfj1oFSCM,,,,,,,,"LinkedIn,LinkedIn 1st",,2023-10-12 13:06,No
Jan,König,Dr. med. | sonstige | Orthopädie & UCH | EBIR,"sonstige, Klinik für Orthopädie & UCH",Klinikum Haidmühle,"Germany, Haidmühle, Bayern, Germany",Medical Practices,jan.könig@mail.de,https://www.linkedin.com/in/jan-könig-339694/,https://media.licdn.com/dms/image/v2/C5603AQFf9y3fpd1j88ac3i1tiwyevoiywat6bma2in6z5ivrvx/profile-displayphoto-shrink_200_200/0/1634918689088?e=2147483647&v=beta&t=ANtxAwI7SwAKbYJ-yaUuLBaL61Ea4ybtVAYfj1oFSCM,,,,,,,,"LinkedIn,LinkedIn 1st",,2023-08-25 13:27,No
Greta,Hahn,Prof. Dr. | Facharzt | Chirurgie | EBIR,"Facharzt, Klinik für Chirurgie",Klinikum Detmold,"Germany, Detmold, Nordrhein-Westfalen, Germany",Medical Practices,greta.hahn@mail.de,https://www.linkedin.com/in/greta-hahn-466693/,https://media.licdn.com/dms/image/v2/C5603AQFtx9hu8wt71cwnovwhgsulaabnjmenzidhi48c4xdj1h/profile-displayphoto-shrink_200_200/0/1634918689088?e=2147483647&v=beta&t=ANtxAwI7SwAKbYJ-yaUuLBaL61Ea4ybtVAYfj1oFSCM,,,,,,,,"LinkedIn,LinkedIn 1st",,2024-12-23 08:12,No
Hannah,Arnold,Dr. med. | Standortleiter | Kinderradiologie | EBIR,"Standortleiter, Klinik für Kinderradiologie",Klinikum Utzberg,"Germany, Utzberg, Thüringen, Germany",Medical Practices,hannah.arnold@mail.de,https://www.linkedin.com/in/hannah-arnold-815815/,https://media.licdn.com/dms/image/v2/C5603AQF7m9qwsf39f617uv4mdft5l6xcw0fkbqh9t3q0iw71hk/profile-displayphoto-shrink_200_200/0/1634918689088?e=2147483647&v=beta&t=ANtxAwI7SwAKbYJ-yaUuLBaL61Ea4ybtVAYfj1oFSCM,,,,,,,,"LinkedIn,LinkedIn 1st",,2023-09-07 10:26,No
Christian,Böhm,PD | Facharzt | Pädiatrie/ Kindermedizin | EBIR,"Facharzt, Klinik für Pädiatrie/ Kindermedizin",Klinikum Schönewalde,"Germany, Schönewalde, Brandenburg, Germany",Medical Practices,christian.böhm@mail.de,https://www.linkedin.com/in/christian-böhm-630061/,https://media.licdn.com/dms/image/v2/C5603AQFaeizhobrp11efd3zz7fjtvp48z31pdteesc3203azob/profile-displayphoto-shrink_200_200/0/1634918689088?e=2147483647&v=beta&t=ANtxAwI7SwAKbYJ-yaUuLBaL61Ea4ybtVAYfj1oFSCM,,,,,,,,"LinkedIn,LinkedIn 1st",,2025-12-20 13:37,No
Andreas,Schulz,Dr. med. | Facharzt | Mammographie | EBIR,"Facharzt, Klinik für Mammographie",Klinikum Jameln,"Germany, Jameln, Niedersachsen, Germany",Medical Practices,andreas.schulz@mail.de,https://www.linkedin.com/in/andreas-schulz-527667/,https://media.licdn.com/dms/image/v2/C5603AQFumsnzkougxtm2hai9fzjdlqr2kmiwpchr8yoz0hh0ak/profile-displayphoto-shrink_200_200/0/1634918689088?e=2147483647&v=beta&t=ANtxAwI7SwAKbYJ-yaUuLBaL61Ea4ybtVAYfj1oFSCM,,,,,,,,"LinkedIn,LinkedIn 1st",,2025-12-07 10:02,No
Felix,Möller,Dr. med. | Assistenzarzt | Mammographie | EBIR,"Assistenzarzt, Klinik für Mammographie",Klinikum Painten,"Germany, Painten, Bayern, Germany",Medical Practices,felix.möller@mail.de,https://www.linkedin.com/in/felix-möller-630771/,https://media.licdn.com/dms/image/v2/C5603AQF7oj62645uz3um441gt6cxlz3wo1l6qkp0v45vzvxl1k/profile-displayphoto-shrink_200_200/0/1634918689088?e=2147483647&v=beta&t=ANtxAwI7SwAKbYJ-yaUuLBaL61Ea4ybtVAYfj1oFSCM,,,,,,,,"LinkedIn,LinkedIn 1st",,2025-11-03 17:00,No
Markus,Becker,Dr. med. | Gesellschafter | Anästhesie | EBIR,"Gesellschafter, Klinik für Anästhesie",Klinikum Dexheim,"Germany, Dexheim, Rheinland-Pfalz, Germany",Medical Practices,markus.becker@mail.de,https://www.linkedin.com/in/markus-becker-193758/,https://media.licdn.com/dms/image/v2/C5603AQFy90c7x7x9m8cg9pwlnlasqa8k74w1ij2zr0pthkj1r0/profile-displayphoto-shrink_200_200/0/1634918689088?e=2147483647&v=beta&t=ANtxAwI7SwAKbYJ-yaUuLBaL61Ea4ybtVAYfj1oFSCM,,,,,,,,"LinkedIn,LinkedIn 1st",,2026-05-17 08:36,No
Lena,Vogt,Dr. med. | Assistenzarzt | Pädiatrie/ Kindermedizin | EBIR,"Assistenzarzt, Klinik für Pädiatrie/ Kindermedizin",Klinikum Mötzingen,"Germany, Mötzingen, Baden-Württemberg, Germany",Medical Practices,lena.vogt@mail.de,https://www.linkedin.com/in/lena-vogt-871813/,https://media.licdn.com/dms/image/v2/C5603AQF2q6gle0p0h546yt88s4g36s50aqfrmz4pwlo46m1bgn/profile-displayphoto-shrink_200_200/0/1634918689088?e=2147483647&v=beta&t=ANtxAwI7SwAKbYJ-yaUuLBaL61Ea4ybtVAYfj1oFSCM,,,,,,,,"LinkedIn,LinkedIn 1st",,2026-08-16 13:48,No
Amelie,Scholz,Dr. | Standortleiter | Mammographie | EBIR,"Standortleiter, Klinik für Mammographie",Klinikum Brensbach,"Germany, Brensbach, Hessen, Germany",Medical Practices,amelie.scholz@mail.de,https://www.linkedin.com/in/amelie-scholz-490598/,https://media.licdn.com/dms/image/v2/C5603AQFezf20cag4uv3p5e7lxnodq85k4wi4m3d48rgemipc63/profile-displayphoto-shrink_200_200/0/1634918689088?e=2147483647&v=beta&t=ANtxAwI7SwAKbYJ-yaUuLBaL61Ea4ybtVAYfj1oFSCM,,,,,,,,"LinkedIn,LinkedIn 1st",,2025-06-18 14:06,No
Johanna,Kaiser,Prof. Dr. | MTRA | Gynäkologie | EBIR,"MTRA, Klinik für Gynäkologie","Klinikum Biburg, Gemeinde Gars am Inn","Germany, Biburg, Gemeinde Gars am Inn, Bayern, Germany",Medical Practices,johanna.kaiser@mail.de,https://www.linkedin.com/in/johanna-kaiser-597089/,https://media.licdn.com/dms/image/v2/C5603AQFe1b5gcj6jkjfcjti49omjl75yx5zckmcrar1e83vt2l/profile-displayphoto-shrink_200_200/0/1634918689088?e=2147483647&v=beta&t=ANtxAwI7SwAKbYJ-yaUuLBaL61Ea4ybtVAYfj1oFSCM,,,,,,,,"LinkedIn,LinkedIn 1st",,2026-08-08 15:54,No
Simon,Müller,Prof. Dr. | sonstige | Neuroradiologie | EBIR,"sonstige, Klinik für Neuroradiologie",Klinikum Alperstedt,"Germany, Alperstedt, Thüringen, Germany",Medical Practices,simon.müller@mail.de,https://www.linkedin.com/in/simon-müller-793591/,https://media.licdn.com/dms/image/v2/C5603AQF0rzthdp026tjujkd8dflwyws42ip140k4r1dwp5ual4/profile-displayphoto-shrink_200_200/0/1634918689088?e=2147483647&v=beta&t=ANtxAwI7SwAKbYJ-yaUuLBaL61Ea4ybtVAYfj1oFSCM,,,,,,,,"LinkedIn,LinkedIn 1st",,2026-12-14 14:53,No
Emma,Kurz,Dr. med. | Facharzt | Nuklearmedizin | EBIR,"Facharzt, Klinik für Nuklearmedizin",Klinikum Ingenried,"Germany, Ingenried, Bayern, Germany",Medical Practices,emma.kurz@mail.de,https://www.linkedin.com/in/emma-kurz-911351/,https://media.licdn.com/dms/image/v2/C5603AQF73wxzw8j1fc02zsqetqstgrx60nwenzuw76hzu9jzs5/profile-displayphoto-shrink_200_200/0/1634918689088?e=2147483647&v=beta&t=ANtxAwI7SwAKbYJ-yaUuLBaL61Ea4ybtVAYfj1oFSCM,,,,,,,,"LinkedIn,LinkedIn 1st",,2023-12-03 16:44,No
Matthias,Baumann,Prof. Dr. | sonstige | Mammographie | EBIR,"sonstige, Klinik für Mammographie",Klinikum Bad Bevensen,"Germany, Bad Bevensen, Niedersachsen, Germany",Medical Practices,matthias.baumann@mail.de,https://www.linkedin.com/in/matthias-baumann-865980/,https://media.licdn.com/dms/image/v2/C5603AQFvkdfgi55xr6buc0a5uqb6r1di26jjszgvsqy8aabs5n/profile-displayphoto-shrink_200_200/0/1634918689088?e=2147483647&v=beta&t=ANtxAwI7SwAKbYJ-yaUuLBaL61Ea4ybtVAYfj1oFSCM,,,,,,,,"LinkedIn,LinkedIn 1st",,2023-02-27 18:09,No
Peter,Jung,PD | Gesellschafter | Neuroradiologie | EBIR,"Gesellschafter, Klinik für Neuroradiologie",Klinikum Frankenstein,"Germany, Frankenstein, Rheinland-Pfalz, Germany",Medical Practices,peter.jung@mail.de,https://www.linkedin.com/in/peter-jung-100424/,https://media.licdn.com/dms/image/v2/C5603AQFcivxi81pmzag36rpozfafsqkokwc735kmu5q61hdtb2/profile-displayphoto-shrink_200_200/0/1634918689088?e=2147483647&v=beta&t=ANtxAwI7SwAKbYJ-yaUuLBaL61Ea4ybtVAYfj1oFSCM,,,,,,,,"LinkedIn,LinkedIn 1st",,2023-11-04 14:33,No
Mathilda,Berger,PD | Facharzt | Kinderradiologie | EBIR,"Facharzt, Klinik für Kinderradiologie",Klinikum Kirchendemenreuth,"Germany, Kirchendemenreuth, Bayern, Germany",Medical Practices,mathilda.berger@mail.de,https://www.linkedin.com/in/mathilda-berger-349208/,https://media.licdn.com/dms/image/v2/C5603AQFpz2phr1tobtkdtd1zjpgaur3y6oq6763kagemkf1g2w/profile-displayphoto-shrink_200_200/0/1634918689088?e=2147483647&v=beta&t=ANtxAwI7SwAKbYJ-yaUuLBaL61Ea4ybtVAYfj1oFSCM,,,,,,,,"LinkedIn,LinkedIn 1st",,2023-02-08 12:24,No
Martin,Becker,Dr. med. | MTRA | Mammographie | EBIR,"MTRA, Klinik für Mammographie",Klinikum Holleben,"Germany, Holleben, Sachsen-Anhalt, Germany",Medical Practices,martin.becker@mail.de,https://www.linkedin.com/in/martin-becker-889701/,https://media.licdn.com/dms/image/v2/C5603AQFd80l3v7k3ig0wknc7xbcvnskvcjjswpxfk4hc4eenw7/profile-displayphoto-shrink_200_200/0/1634918689088?e=2147483647&v=beta&t=ANtxAwI7SwAKbYJ-yaUuLBaL61Ea4ybtVAYfj1oFSCM,,,,,,,,"LinkedIn,LinkedIn 1st",,2025-07-07 10:24,No
Susanne,Baumann,PD | Gesellschafter | Mammographie | EBIR,"Gesellschafter, Klinik für Mammographie",Klinikum Doberschau-Gaußig,"Germany, Doberschau-Gaußig, Sachsen, Germany",Medical Practices,susanne.baumann@mail.de,https://www.linkedin.com/in/susanne-baumann-276755/,https://media.licdn.com/dms/image/v2/C5603AQFca0mplaklb3yh7upezellav9qob5hnvwcccjv6tv567/profile-displayphoto-shrink_200_200/0/1634918689088?e=2147483647&v=beta&t=ANtxAwI7SwAKbYJ-yaUuLBaL61Ea4ybtVAYfj1oFSCM,,,,,,,,"LinkedIn,LinkedIn 1st",,2023-06-04 08:54,No
Tim,Weber,Dr. med. | Chefarzt | Orthopädie & UCH | EBIR,"Chefarzt, Klinik für Orthopädie & UCH",Klinikum Weißbach,"Germany, Weißbach, Baden-Württemberg, Germany",Medical Practices,tim.weber@mail.de,https://www.linkedin.com/in/tim-weber-691745/,https://media.licdn.com/dms/image/v2/C5603AQFsz2h637a7mt55ofubw6mpteogl9x28crrvlcvnl3vu9/profile-displayphoto-shrink_200_200/0/1634918689088?e=2147483647&v=beta&t=ANtxAwI7SwAKbYJ-yaUuLBaL61Ea4ybtVAYfj1oFSCM,,,,,,,,"LinkedIn,LinkedIn 1st",,2026-08-16 11:16,No
Greta,Krüger,Standortleiter | Anästhesie | EBIR,"Standortleiter, Klinik für Anästhesie",Klinikum Dietenheim,"Germany, Dietenheim, Baden-Württemberg, Germany",Medical Practices,greta.krüger@mail.de,https://www.linkedin.com/in/greta-krüger-308292/,https://media.licdn.com/dms/image/v2/C5603AQFm1fzmq0vscb6a5a61fhoouekaj8jvxe4xqscqgz3387/profile-displayphoto-shrink_200_200/0/1634918689088?e=2147483647&v=beta&t=ANtxAwI7SwAKbYJ-yaUuLBaL61Ea4ybtVAYfj1oFSCM,,,,,,,,"LinkedIn,LinkedIn 1st",,2023-04-08 14:26,No
Amelie,Vogel,PD | sonstige | Pädiatrie | EBIR,"sonstige, Klinik für Pädiatrie",Klinikum Falkenberg Dannenberg/Mark,"Germany, Falkenberg Dannenberg/Mark, Brandenburg, Germany",Medical Practices,amelie.vogel@mail.de,https://www.linkedin.com/in/amelie-vogel-812361/,https://media.licdn.com/dms/image/v2/C5603AQFnz2c03fmljyclvr1o02f9cvntinp2qnmhqu7ifglkqq/profile-displayphoto-shrink_200_200/0/1634918689088?e=2147483647&v=beta&t=ANtxAwI7SwAKbYJ-yaUuLBaL61Ea4ybtVAYfj1oFSCM,,,,,,,,"LinkedIn,LinkedIn 1st",,2023-05-15 11:54,No
Claudia,Schäfer,Dr. | Assistenzarzt | Chirurgie | EBIR,"Assistenzarzt, Klinik für Chirurgie",Klinikum Oberscheinfeld,"Germany, Oberscheinfeld, Bayern, Germany",Medical Practices,claudia.schäfer@mail.de,https://www.linkedin.com/in/claudia-schäfer-195378/,https://media.licdn.com/dms/image/v2/C5603AQFrw2keu3go2nion890es4qc3wsille9fopxu3o1txt9s/profile-displayphoto-shrink_200_200/0/1634918689088?e=2147483647&v=beta&t=ANtxAwI7SwAKbYJ-yaUuLBaL61Ea4ybtVAYfj1oFSCM,,,,,,,,"LinkedIn,LinkedIn 1st",,2023-04-18 14:07,No
Ben,Vogel,Prof. Dr. | Standortleiter | Pädiatrie | EBIR,"Standortleiter, Klinik für Pädiatrie",Klinikum Waldbreitbach,"Germany, Waldbreitbach, Rheinland-Pfalz, Germany",Medical Practices,ben.vogel@mail.de,https://www.linkedin.com/in/ben-vogel-786617/,https://media.licdn.com/dms/image/v2/C5603AQFbe66i084a3nm5epgz1vmjeebt47uk5rxxprcyp3yibp/profile-displayphoto-shrink_200_200/0/1634918689088?e=2147483647&v=beta&t=ANtxAwI7SwAKbYJ-yaUuLBaL61Ea4ybtVAYfj1oFSCM,,,,,,,,"LinkedIn,LinkedIn 1st",,2025-04-07 17:08,No
Julia,König,PD | Facharzt | Gynäkologie | EBIR,"Facharzt, Klinik für Gynäkologie",Klinikum Stuttgart Freiberg,"Germany, Stuttgart Freiberg, Baden-Württemberg, Germany",Medical Practices,julia.könig@mail.de,https://www.linkedin.com/in/julia-könig-822039/,https://media.licdn.com/dms/image/v2/C5603AQFegv4wtsg4g3i3mwz9tlceptve6js8zshim6zoph715p/profile-displayphoto-shrink_200_200/0/1634918689088?e=2147483647&v=beta&t=ANtxAwI7SwAKbYJ-yaUuLBaL61Ea4ybtVAYfj1oFSCM,,,,,,,,"LinkedIn,LinkedIn 1st",,2023-01-16 15:44,No
Michael,Lange,PD | Facharzt | Kinderradiologie | EBIR,"Facharzt, Klinik für Kinderradiologie",Klinikum Sörth,"Germany, Sörth, Rheinland-Pfalz, Germany",Medical Practices,michael.lange@mail.de,https://www.linkedin.com/in/michael-lange-493290/,https://media.licdn.com/dms/image/v2/C5603AQF8t254iwiz4tvkjrqfkbjppt013g1l01vqndjy4sttkq/profile-displayphoto-shrink_200_200/0/1634918689088?e=2147483647&v=beta&t=ANtxAwI7SwAKbYJ-yaUuLBaL61Ea4ybtVAYfj1oFSCM,,,,,,,,"LinkedIn,LinkedIn 1st",,2025-04-24 12:06,No
Claudia,Richter,Dr. | Standortleiter | Mammographie | EBIR,"Standortleiter, Klinik für Mammographie",Klinikum Meuspath,"Germany, Meuspath, Rheinland-Pfalz, Germany",Medical Practices,claudia.richter@mail.de,https://www.linkedin.com/in/claudia-richter-386168/,https://media.licdn.com/dms/image/v2/C5603AQFne8z6yy1zqjgbjlqynaoqeh2pvna2dgj9dpodgmdren/profile-displayphoto-shrink_200_200/0/1634918689088?e=2147483647&v=beta&t=ANtxAwI7SwAKbYJ-yaUuLBaL61Ea4ybtVAYfj1oFSCM,,,,,,,,"LinkedIn,LinkedIn 1st",,2026-02-13 11:17,No
Sarah,Böhm,Assistenzarzt | Chirurgie | EBIR,"Assistenzarzt, Klinik für Chirurgie",Klinikum Schimberg,"Germany, Schimberg, Thüringen, Germany",Medical Practices,sarah.böhm@mail.de,https://www.linkedin.com/in/sarah-böhm-956942/,https://media.licdn.com/dms/image/v2/C5603AQFfye69w3n0q1fxo6dg89gxx5qn8qnzmq4m5iyw9sfwlf/profile-displayphoto-shrink_200_200/0/1634918689088?e=2147483647&v=beta&t=ANtxAwI7SwAKbYJ-yaUuLBaL61Ea4ybtVAYfj1oFSCM,,,,,,,,"LinkedIn,LinkedIn 1st",,2026-04-13 12:10,No
Petra,Günther,Dr. | sonstige | Nuklearmedizin | EBIR,"sonstige, Klinik für Nuklearmedizin",Klinikum Klotten,"Germany, Klotten, Rheinland-Pfalz, Germany",Medical Practices,petra.günther@mail.de,https://www.linkedin.com/in/petra-günther-124257/,https://media.licdn.com/dms/image/v2/C5603AQF448mip387505khq4z4u90urzh970rp5gcazj3n4ucy3/profile-displayphoto-shrink_200_200/0/1634918689088?e=2147483647&v=beta&t=ANtxAwI7SwAKbYJ-yaUuLBaL61Ea4ybtVAYfj1oFSCM,,,,,,,,"LinkedIn,LinkedIn 1st",,2024-01-13 15:03,No
Theo,Horn,Prof. Dr. | Assistenzarzt | Gynäkologie | EBIR,"Assistenzarzt, Klinik für Gynäkologie",Klinikum Neukloster,"Germany, Neukloster, Mecklenburg-Vorpommern, Germany",Medical Practices,theo.horn@mail.de,https://www.linkedin.com/in/theo-horn-420557/,https://media.licdn.com/dms/image/v2/C5603AQFuz3l9h505r9lwqgvurrpg6y66ooxtbwro1us3dvlnq9/profile-displayphoto-shrink_200_200/0/1634918689088?e=2147483647&v=beta&t=ANtxAwI7SwAKbYJ-yaUuLBaL61Ea4ybtVAYfj1oFSCM,,,,,,,,"LinkedIn,LinkedIn 1st",,2023-07-25 11:18,No
Daniel,Ritter,Prof. Dr. | Assistenzarzt | Chirurgie | EBIR,"Assistenzarzt, Klinik für Chirurgie",Klinikum Illerkirchberg,"Germany, Illerkirchberg, Baden-Württemberg, Germany",Medical Practices,daniel.ritter@mail.de,https://www.linkedin.com/in/daniel-ritter-552284/,https://media.licdn.com/dms/image/v2/C5603AQF8pz2x26g1avypo08tm3ouln2gvxhr1wz0oyf2ubc7it/profile-displayphoto-shrink_200_200/0/1634918689088?e=2147483647&v=beta&t=ANtxAwI7SwAKbYJ-yaUuLBaL61Ea4ybtVAYfj1oFSCM,,,,,,,,"LinkedIn,LinkedIn 1st",,2024-10-14 14:10,No
Martin,Winkler,Dr. med. | Facharzt | Diagnostische und Interventionelle Radiologie | EBIR,"Facharzt, Klinik für Diagnostische und Interventionelle Radiologie",Klinikum Fredeburg,"Germany, Fredeburg, Schleswig-Holstein, Germany",Medical Practices,martin.winkler@mail.de,https://www.linkedin.com/in/martin-winkler-742536/,https://media.licdn.com/dms/image/v2/C5603AQF07gkforvi4c648wl290gbbqwif826ngy2zs35zk8srf/profile-displayphoto-shrink_200_200/0/1634918689088?e=2147483647&v=beta&t=ANtxAwI7SwAKbYJ-yaUuLBaL61Ea4ybtVAYfj1oFSCM,,,,,,,,"LinkedIn,LinkedIn 1st",,2023-10-15 14:04,No
Julia,Schmidt,Prof. Dr. | sonstige | Mammographie | EBIR,"sonstige, Klinik für Mammographie",Klinikum Waldleiningen,"Germany, Waldleiningen, Rheinland-Pfalz, Germany",Medical Practices,julia.schmidt@mail.de,https://www.linkedin.com/in/julia-schmidt-889193/,https://media.licdn.com/dms/image/v2/C5603AQFa2r6i1eb6zni7ckmephpiqi1illp3bua00k6obabptd/profile-displayphoto-shrink_200_200/0/1634918689088?e=2147483647&v=beta&t=ANtxAwI7SwAKbYJ-yaUuLBaL61Ea4ybtVAYfj1oFSCM,,,,,,,,"LinkedIn,LinkedIn 1st",,2025-07-18 08:30,No
Fabian,Schmitz,sonstige | Chirurgie | EBIR,"sonstige, Klinik für Chirurgie",Klinikum Ruthenbeck,"Germany, Ruthenbeck, Mecklenburg-Vorpommern, Germany",Medical Practices,fabian.schmitz@mail.de,https://www.linkedin.com/in/fabian-schmitz-342718/,https://media.licdn.com/dms/image/v2/C5603AQFvodvmn1hs64j3uusv3lp61vwoj0mojijkde82hxz55c/profile-displayphoto-shrink_200_200/0/1634918689088?e=2147483647&v=beta&t=ANtxAwI7SwAKbYJ-yaUuLBaL61Ea4ybtVAYfj1oFSCM,,,,,,,,"LinkedIn,LinkedIn 1st",,2024-10-06 16:08,No
Jürgen,Stein,Dr. | Facharzt | Neuroradiologie | EBIR,"Facharzt, Klinik für Neuroradiologie",Klinikum Maasdorf,"Germany, Maasdorf, Sachsen-Anhalt, Germany",Medical Practices,jürgen.stein@mail.de,https://www.linkedin.com/in/jürgen-stein-319756/,https://media.licdn.com/dms/image/v2/C5603AQFj2i1kn2201g1htvdn9wje8z1z5khpe60bj4809p4vep/profile-displayphoto-shrink_200_200/0/1634918689088?e=2147483647&v=beta&t=ANtxAwI7SwAKbYJ-yaUuLBaL61Ea4ybtVAYfj1oFSCM,,,,,,,,"LinkedIn,LinkedIn 1st",,2023-05-10 09:56,No
Susanne,Schulz,Dr. med. | Gesellschafter | Nuklearmedizin | EBIR,"Gesellschafter, Klinik für Nuklearmedizin",Klinikum Norden Norddeich,"Germany, Norden Norddeich, Niedersachsen, Germany",Medical Practices,susanne.schulz@mail.de,https://www.linkedin.com/in/susanne-schulz-804265/,https://media.licdn.com/dms/image/v2/C5603AQFvrcqlti9owxvqvtdkup1im4wo9fxhgtzo01ykqukaq4/profile-displayphoto-shrink_200_200/0/1634918689088?e=2147483647&v=beta&t=ANtxAwI7SwAKbYJ-yaUuLBaL61Ea4ybtVAYfj1oFSCM,,,,,,,,"LinkedIn,LinkedIn 1st",,2023-02-07 08:47,No
Oliver,Maier,Ltd. OA | Orthopädie & UCH | EBIR,"Ltd. OA, Klinik für Orthopädie & UCH",Klinikum Premsendorf,"Germany, Premsendorf, Sachsen-Anhalt, Germany",Medical Practices,oliver.maier@mail.de,https://www.linkedin.com/in/oliver-maier-389712/,https://media.licdn.com/dms/image/v2/C5603AQFa2p0lqirc292shrv053b0phq8iuyw958z6unmbb2c1o/profile-displayphoto-shrink_200_200/0/1634918689088?e=2147483647&v=beta&t=ANtxAwI7SwAKbYJ-yaUuLBaL61Ea4ybtVAYfj1oFSCM,,,,,,,,"LinkedIn,LinkedIn 1st",,2024-09-24 14:26,No
Michael,Wagner,Oberarzt | Kinderradiologie | EBIR,"Oberarzt, Klinik für Kinderradiologie",Klinikum Hübingen,"Germany, Hübingen, Rheinland-Pfalz, Germany",Medical Practices,michael.wagner@mail.de,https://www.linkedin.com/in/michael-wagner-553410/,https://media.licdn.com/dms/image/v2/C5603AQFs0pkaghvku0whmq0naetqhhgl2cmsmp0ffuqhmihqd1/profile-displayphoto-shrink_200_200/0/1634918689088?e=2147483647&v=beta&t=ANtxAwI7SwAKbYJ-yaUuLBaL61Ea4ybtVAYfj1oFSCM,,,,,,,,"LinkedIn,LinkedIn 1st",,2026-07-19 15:09,No
Laura,Scholz,PD | Ltd. OA | Pädiatrie | EBIR,"Ltd. OA, Klinik für Pädiatrie",Klinikum Mittelstetten,"Germany, Mittelstetten, Bayern, Germany",Medical Practices,laura.scholz@mail.de,https://www.linkedin.com/in/laura-scholz-855806/,https://media.licdn.com/dms/image/v2/C5603AQF3n2bme6hmvbo3ow7v88wfaskhz876ntiu47orhsl5v1/profile-displayphoto-shrink_200_200/0/1634918689088?e=2147483647&v=beta&t=ANtxAwI7SwAKbYJ-yaUuLBaL61Ea4ybtVAYfj1oFSCM,,,,,,,,"LinkedIn,LinkedIn 1st",,2025-06-04 16:15,No
Andreas,Wolf,Prof. Dr. | Assistenzarzt | Mammographie | EBIR,"Assistenzarzt, Klinik für Mammographie",Klinikum Ramhusen,"Germany, Ramhusen, Schleswig-Holstein, Germany",Medical Practices,andreas.wolf@mail.de,https://www.linkedin.com/in/andreas-wolf-800248/,https://media.licdn.com/dms/image/v2/C5603AQFl17k2d1dfrqhtainjbpuhlzf4ci80pxhjz042eeldls/profile-displayphoto-shrink_200_200/0/1634918689088?e=2147483647&v=beta&t=ANtxAwI7SwAKbYJ-yaUuLBaL61Ea4ybtVAYfj1oFSCM,,,,,,,,"LinkedIn,LinkedIn 1st",,2024-09-03 08:38,No
Melissa,Hahn,Dr. med. | sonstige | Mammographie | EBIR,"sonstige, Klinik für Mammographie",Klinikum Krauschwitz,"Germany, Krauschwitz, Sachsen, Germany",Medical Practices,melissa.hahn@mail.de,https://www.linkedin.com/in/melissa-hahn-359934/,https://media.licdn.com/dms/image/v2/C5603AQFauvyou869q3wcs5dsptok19qmkxw0sfssu4l9rl5ket/profile-displayphoto-shrink_200_200/0/1634918689088?e=2147483647&v=beta&t=ANtxAwI7SwAKbYJ-yaUuLBaL61Ea4ybtVAYfj1oFSCM,,,,,,,,"LinkedIn,LinkedIn 1st",,2025-06-05 16:06,No
Emil,Schäfer,Standortleiter | Psychiatrie | EBIR,"Standortleiter, Klinik für Psychiatrie",Klinikum Reckershausen,"Germany, Reckershausen, Rheinland-Pfalz, Germany",Medical Practices,emil.schäfer@mail.de,https://www.linkedin.com/in/emil-schäfer-496046/,https://media.licdn.com/dms/image/v2/C5603AQFpznsufkkfj0y5pop1r5rf2r2exslfvcfj65yaurhkss/profile-displayphoto-shrink_200_200/0/1634918689088?e=2147483647&v=beta&t=ANtxAwI7SwAKbYJ-yaUuLBaL61Ea4ybtVAYfj1oFSCM,,,,,,,,"LinkedIn,LinkedIn 1st",,2023-09-20 16:37,No
Sandra,Schubert,PD | Ltd. OA | Kinderradiologie | EBIR,"Ltd. OA, Klinik für Kinderradiologie",Klinikum Schwarzenbruck,"Germany, Schwarzenbruck, Bayern, Germany",Medical Practices,sandra.schubert@mail.de,https://www.linkedin.com/in/sandra-schubert-181799/,https://media.licdn.com/dms/image/v2/C5603AQFzi60aw7e8js2g14z7zegupfeujue8koi1yeyg15pura/profile-displayphoto-shrink_200_200/0/1634918689088?e=2147483647&v=beta&t=ANtxAwI7SwAKbYJ-yaUuLBaL61Ea4ybtVAYfj1oFSCM,,,,,,,,"LinkedIn,LinkedIn 1st",,2024-11-15 12:54,No
Florian,Frank,Prof. Dr. | MTRA | Innere Medizin | EBIR,"MTRA, Klinik für Innere Medizin",Klinikum Plaue,"Germany, Plaue, Thüringen, Germany",Medical Practices,florian.frank@mail.de,https://www.linkedin.com/in/florian-frank-249861/,https://media.licdn.com/dms/image/v2/C5603AQF4cbhlwg88820cx0jf3hexo4bcyp1rdnku4l1as7hl3t/profile-displayphoto-shrink_200_200/0/1634918689088?e=2147483647&v=beta&t=ANtxAwI7SwAKbYJ-yaUuLBaL61Ea4ybtVAYfj1oFSCM,,,,,,,,"LinkedIn,LinkedIn 1st",,2025-08-09 15:40,No
Christian,Vogel,Dr. | Ltd. OA | Neuroradiologie | EBIR,"Ltd. OA, Klinik für Neuroradiologie",Klinikum Meudt,"Germany, Meudt, Rheinland-Pfalz, Germany",Medical Practices,christian.vogel@mail.de,https://www.linkedin.com/in/christian-vogel-413957/,https://media.licdn.com/dms/image/v2/C5603AQFc3di3s2zwg4hnfdk020dda9fpjw4stmxg6ngk57ngqz/profile-displayphoto-shrink_200_200/0/1634918689088?e=2147483647&v=beta&t=ANtxAwI7SwAKbYJ-yaUuLBaL61Ea4ybtVAYfj1oFSCM,,,,,,,,"LinkedIn,LinkedIn 1st",,2025-12-01 12:41,No
Louis,Günther,Assistenzarzt | Anästhesie | EBIR,"Assistenzarzt, Klinik für Anästhesie",Klinikum Rudelzhausen,"Germany, Rudelzhausen, Bayern, Germany",Medical Practices,louis.günther@mail.de,https://www.linkedin.com/in/louis-günther-809829/,https://media.licdn.com/dms/image/v2/C5603AQF6gkio31hy17bn3p17c5koghd5bu87gy67gopb9u1nwv/profile-displayphoto-shrink_200_200/0/1634918689088?e=2147483647&v=beta&t=ANtxAwI7SwAKbYJ-yaUuLBaL61Ea4ybtVAYfj1oFSCM,,,,,,,,"LinkedIn,LinkedIn 1st",,2026-11-08 17:43,No
Niklas,Meier,Dr. | Chefarzt | Neuroradiologie | EBIR,"Chefarzt, Klinik für Neuroradiologie",Klinikum Ullersdorf,"Germany, Ullersdorf, Brandenburg, Germany",Medical Practices,niklas.meier@mail.de,https://www.linkedin.com/in/niklas-meier-967447/,https://media.licdn.com/dms/image/v2/C5603AQF9buf952tec3pap64jcr2yasfrnkeyvrfeodf9k2x6lv/profile-displayphoto-shrink_200_200/0/1634918689088?e=2147483647&v=beta&t=ANtxAwI7SwAKbYJ-yaUuLBaL61Ea4ybtVAYfj1oFSCM,,,,,,,,"LinkedIn,LinkedIn 1st",,2023-10-15 08:53,No
Anton,Wagner,Dr. med. | Standortleiter | Innere Medizin | EBIR,"Standortleiter, Klinik für Innere Medizin",Klinikum Schortens Grafschaft,"Germany, Schortens Grafschaft, Niedersachsen, Germany",Medical Practices,anton.wagner@mail.de,https://www.linkedin.com/in/anton-wagner-533775/,https://media.licdn.com/dms/image/v2/C5603AQFis626gd9gz5tycs76y8e5zgp693s9zgdjt7phekls2m/profile-displayphoto-shrink_200_200/0/1634918689088?e=2147483647&v=beta&t=ANtxAwI7SwAKbYJ-yaUuLBaL61Ea4ybtVAYfj1oFSCM,,,,,,,,"LinkedIn,LinkedIn 1st",,2023-11-23 09:36,No
Ida,Kurz,Dr. | Chefarzt | Kinderradiologie | EBIR,"Chefarzt, Klinik für Kinderradiologie",Klinikum Betzendorf,"Germany, Betzendorf, Niedersachsen, Germany",Medical Practices,ida.kurz@mail.de,https://www.linkedin.com/in/ida-kurz-668374/,https://media.licdn.com/dms/image/v2/C5603AQFls48y0snala9zstgtli0me6wc5elfmi9wuf7pshcxxj/profile-displayphoto-shrink_200_200/0/1634918689088?e=2147483647&v=beta&t=ANtxAwI7SwAKbYJ-yaUuLBaL61Ea4ybtVAYfj1oFSCM,,,,,,,,"LinkedIn,LinkedIn 1st",,2024-08-06 08:08,No
Tim,Fischer,Chefarzt | Gynäkologie | EBIR,"Chefarzt, Klinik für Gynäkologie",Klinikum Wies,"Germany, Wies, Baden-Württemberg, Germany",Medical Practices,tim.fischer@mail.de,https://www.linkedin.com/in/tim-fischer-365687/,https://media.licdn.com/dms/image/v2/C5603AQFuywtnloe3k2kq81w9wdovh0ax0tb9x0ql8cukfp7yi5/profile-displayphoto-shrink_200_200/0/1634918689088?e=2147483647&v=beta&t=ANtxAwI7SwAKbYJ-yaUuLBaL61Ea4ybtVAYfj1oFSCM,,,,,,,,"LinkedIn,LinkedIn 1st",,2023-01-17 11:01,No
Lisa,Hofmann,Dr. | sonstige | Chirurgie | EBIR,"sonstige, Klinik für Chirurgie",Klinikum Triefenstein,"Germany, Triefenstein, Bayern, Germany",Medical Practices,lisa.hofmann@mail.de,https://www.linkedin.com/in/lisa-hofmann-967920/,https://media.licdn.com/dms/image/v2/C5603AQFp4sqqola3fwkrr368h9jo8uakhcx1ibmas2yjcn9ki5/profile-displayphoto-shrink_200_200/0/1634918689088?e=2147483647&v=beta&t=ANtxAwI7SwAKbYJ-yaUuLBaL61Ea4ybtVAYfj1oFSCM,,,,,,,,"LinkedIn,LinkedIn 1st",,2026-12-23 17:31,No
Charlotte,Zimmermann,Assistenzarzt | Neuroradiologie | EBIR,"Assistenzarzt, Klinik für Neuroradiologie",Klinikum Bondorf,"Germany, Bondorf, Baden-Württemberg, Germany",Medical Practices,charlotte.zimmermann@mail.de,https://www.linkedin.com/in/charlotte-zimmermann-903598/,https://media.licdn.com/dms/image/v2/C5603AQF2tap9jl696a0us9n7k91u91k9m2mtx8uozwkpvnguro/profile-displayphoto-shrink_200_200/0/1634918689088?e=2147483647&v=beta&t=ANtxAwI7SwAKbYJ-yaUuLBaL61Ea4ybtVAYfj1oFSCM,,,,,,,,"LinkedIn,LinkedIn 1st",,2025-06-22 17:21,No
Leonard,Zimmermann,PD | Standortleiter | Nuklearmedizin | EBIR,"Standortleiter, Klinik für Nuklearmedizin",Klinikum Dietzhölztal,"Germany, Dietzhölztal, Hessen, Germany",Medical Practices,leonard.zimmermann@mail.de,https://www.linkedin.com/in/leonard-zimmermann-705034/,https://media.licdn.com/dms/image/v2/C5603AQFytf8dzkpnxu1m88s5asbhm0mjokoxbq2uw6tknspyxo/profile-displayphoto-shrink_200_200/0/1634918689088?e=2147483647&v=beta&t=ANtxAwI7SwAKbYJ-yaUuLBaL61Ea4ybtVAYfj1oFSCM,,,,,,,,"LinkedIn,LinkedIn 1st",,2026-01-18 13:25,No
Martin,Frank,Dr. med. | Gesellschafter | Mammographie | EBIR,"Gesellschafter, Klinik für Mammographie",Klinikum Scharbeutz,"Germany, Scharbeutz, Schleswig-Holstein, Germany",Medical Practices,martin.frank@mail.de,https://www.linkedin.com/in/martin-frank-879089/,https://media.licdn.com/dms/image/v2/C5603AQFcr3apg0x3us3ujhtcplyqblj31yn92esnp5knxshxm3/profile-displayphoto-shrink_200_200/0/1634918689088?e=2147483647&v=beta&t=ANtxAwI7SwAKbYJ-yaUuLBaL61Ea4ybtVAYfj1oFSCM,,,,,,,,"LinkedIn,LinkedIn 1st",,2025-09-09 08:20,No
Anton,Schröder,PD | sonstige | Anästhesie | EBIR,"sonstige, Klinik für Anästhesie",Klinikum Imsweiler,"Germany, Imsweiler, Rheinland-Pfalz, Germany",Medical Practices,anton.schröder@mail.de,https://www.linkedin.com/in/anton-schröder-458052/,https://media.licdn.com/dms/image/v2/C5603AQFcthuujjdbijjibt0o4tqrd4byryq24z5448g8fqxlj3/profile-displayphoto-shrink_200_200/0/1634918689088?e=2147483647&v=beta&t=ANtxAwI7SwAKbYJ-yaUuLBaL61Ea4ybtVAYfj1oFSCM,,,,,,,,"LinkedIn,LinkedIn 1st",,2023-03-18 15:46,No
Claudia,Schuster,Facharzt | Mammographie | EBIR,"Facharzt, Klinik für Mammographie",Klinikum Weinheim,"Germany, Weinheim, Baden-Württemberg, Germany",Medical Practices,claudia.schuster@mail.de,https://www.linkedin.com/in/claudia-schuster-233727/,https://media.licdn.com/dms/image/v2/C5603AQFlqr301507gbfgkqa2vt25ok2ivu2y1p3wovgx141clg/profile-displayphoto-shrink_200_200/0/1634918689088?e=2147483647&v=beta&t=ANtxAwI7SwAKbYJ-yaUuLBaL61Ea4ybtVAYfj1oFSCM,,,,,,,,"LinkedIn,LinkedIn 1st",,2024-01-05 16:03,No
Markus,Scholz,PD | Standortleiter | Mammographie | EBIR,"Standortleiter, Klinik für Mammographie",Klinikum Diepensee,"Germany, Diepensee, Brandenburg, Germany",Medical Practices,markus.scholz@mail.de,https://www.linkedin.com/in/markus-scholz-130035/,https://media.licdn.com/dms/image/v2/C5603AQFp0822y2ngywfk4sf99i4f27elqm94k5xoidftp7k5is/profile-displayphoto-shrink_200_200/0/1634918689088?e=2147483647&v=beta&t=ANtxAwI7SwAKbYJ-yaUuLBaL61Ea4ybtVAYfj1oFSCM,,,,,,,,"LinkedIn,LinkedIn 1st",,2024-02-11 12:02,No
Niklas,Seidel,Dr. med. | sonstige | Mammographie | EBIR,"sonstige, Klinik für Mammographie",Klinikum Sinzig,"Germany, Sinzig, Rheinland-Pfalz, Germany",Medical Practices,niklas.seidel@mail.de,https://www.linkedin.com/in/niklas-seidel-312184/,https://media.licdn.com/dms/image/v2/C5603AQFybp2pcgoht84yj4l1dx6olan5n7mbj29e7cf335r9u2/profile-displayphoto-shrink_200_200/0/1634918689088?e=2147483647&v=beta&t=ANtxAwI7SwAKbYJ-yaUuLBaL61Ea4ybtVAYfj1oFSCM,,,,,,,,"LinkedIn,LinkedIn 1st",,2024-05-23 10:34,No
Amelie,Roth,Oberarzt | Psychiatrie | EBIR,"Oberarzt, Klinik für Psychiatrie",Klinikum Mittelneufnach,"Germany, Mittelneufnach, Bayern, Germany",Medical Practices,amelie.roth@mail.de,https://www.linkedin.com/in/amelie-roth-831138/,https://media.licdn.com/dms/image/v2/C5603AQF08o4ccfgeg2zl10uzaalqxk9dug5bf5q3q5yql9z06p/profile-displayphoto-shrink_200_200/0/1634918689088?e=2147483647&v=beta&t=ANtxAwI7SwAKbYJ-yaUuLBaL61Ea4ybtVAYfj1oFSCM,,,,,,,,"LinkedIn,LinkedIn 1st",,2025-03-08 11:48,No
Jürgen,Schumacher,Prof. Dr. | Gesellschafter | Orthopädie & UCH | EBIR,"Gesellschafter, Klinik für Orthopädie & UCH",Klinikum Kraiburg am Inn,"Germany, Kraiburg am Inn, Bayern, Germany",Medical Practices,jürgen.schumacher@mail.de,https://www.linkedin.com/in/jürgen-schumacher-921171/,https://media.licdn.com/dms/image/v2/C5603AQFzjkukts574m0fqvyplwyfbavedbpqehtkaw23z2jig0/profile-displayphoto-shrink_200_200/0/1634918689088?e=2147483647&v=beta&t=ANtxAwI7SwAKbYJ-yaUuLBaL61Ea4ybtVAYfj1oFSCM,,,,,,,,"LinkedIn,LinkedIn 1st",,2025-02-27 13:15,No
Markus,Groß,Dr. med. | Gesellschafter | Gynäkologie | EBIR,"Gesellschafter, Klinik für Gynäkologie",Klinikum Bruchhagen,"Germany, Bruchhagen, Brandenburg, Germany",Medical Practices,markus.groß@mail.de,https://www.linkedin.com/in/markus-groß-151613/,https://media.licdn.com/dms/image/v2/C5603AQF7n3gidku8f8es7pdaevoy8gmrs221n5lftk6q4nqqsr/profile-displayphoto-shrink_200_200/0/1634918689088?e=2147483647&v=beta&t=ANtxAwI7SwAKbYJ-yaUuLBaL61Ea4ybtVAYfj1oFSCM,,,,,,,,"LinkedIn,LinkedIn 1st",,2026-03-06 16:11,No
Alexander,Otto,Dr. med. | Chefarzt | Psychiatrie | EBIR,"Chefarzt, Klinik für Psychiatrie",Klinikum Bendeleben,"Germany, Bendeleben, Thüringen, Germany",Medical Practices,alexander.otto@mail.de,https://www.linkedin.com/in/alexander-otto-869885/,https://media.licdn.com/dms/image/v2/C5603AQFnvn4aq747pxdlz8bxmzuz7dq7kkgjtzlik9v1uawll1/profile-displayphoto-shrink_200_200/0/1634918689088?e=2147483647&v=beta&t=ANtxAwI7SwAKbYJ-yaUuLBaL61Ea4ybtVAYfj1oFSCM,,,,,,,,"LinkedIn,LinkedIn 1st",,2026-05-05 14:37,No
Moritz,Maier,PD | Oberarzt | Neuroradiologie | EBIR,"Oberarzt, Klinik für Neuroradiologie",Klinikum Thiendorf,"Germany, Thiendorf, Sachsen, Germany",Medical Practices,moritz.maier@mail.de,https://www.linkedin.com/in/moritz-maier-886458/,https://media.licdn.com/dms/image/v2/C5603AQFi7tb5czm9c9xr4u1lad7skpxjliba2u29pkhmts1s1e/profile-displayphoto-shrink_200_200/0/1634918689088?e=2147483647&v=beta&t=ANtxAwI7SwAKbYJ-yaUuLBaL61Ea4ybtVAYfj1oFSCM,,,,,,,,"LinkedIn,LinkedIn 1st",,2024-05-17 16:24,No
Simon,Krämer,Facharzt | Anästhesie | EBIR,"Facharzt, Klinik für Anästhesie",Klinikum Callbach,"Germany, Callbach, Rheinland-Pfalz, Germany",Medical Practices,simon.krämer@mail.de,https://www.linkedin.com/in/simon-krämer-512009/,https://media.licdn.com/dms/image/v2/C5603AQFylnvvtuyutqucpz2hd5qchwwgfy7oms60wl1i6s3p1o/profile-displayphoto-shrink_200_200/0/1634918689088?e=2147483647&v=beta&t=ANtxAwI7SwAKbYJ-yaUuLBaL61Ea4ybtVAYfj1oFSCM,,,,,,,,"LinkedIn,LinkedIn 1st",,2025-01-01 12:12,No
Johanna,Baumann,PD | MTRA | Chirurgie | EBIR,"MTRA, Klinik für Chirurgie",Klinikum Schnega Billerbeck,"Germany, Schnega Billerbeck, Niedersachsen, Germany",Medical Practices,johanna.baumann@mail.de,https://www.linkedin.com/in/johanna-baumann-703806/,https://media.licdn.com/dms/image/v2/C5603AQF5y2rph6oh9e8hr5haeie444r4q8c9qgnmdfeo1hvydh/profile-displayphoto-shrink_200_200/0/1634918689088?e=2147483647&v=beta&t=ANtxAwI7SwAKbYJ-yaUuLBaL61Ea4ybtVAYfj1oFSCM,,,,,,,,"LinkedIn,LinkedIn 1st",,2024-11-05 09:39,No
Leonard,Engel,Prof. Dr. | Facharzt | Psychiatrie | EBIR,"Facharzt, Klinik für Psychiatrie",Klinikum Neuenkirchen,"Germany, Neuenkirchen, Nordrhein-Westfalen, Germany",Medical Practices,leonard.engel@mail.de,https://www.linkedin.com/in/leonard-engel-776395/,https://media.licdn.com/dms/image/v2/C5603AQFlnzpagaw61405dsm9i4tlblo9xkzspvuzipbq2eflhw/profile-displayphoto-shrink_200_200/0/1634918689088?e=2147483647&v=beta&t=ANtxAwI7SwAKbYJ-yaUuLBaL61Ea4ybtVAYfj1oFSCM,,,,,,,,"LinkedIn,LinkedIn 1st",,2026-01-22 18:56,No
Mia,Roth,Dr. med. | MTRA | Chirurgie | EBIR,"MTRA, Klinik für Chirurgie",Klinikum Neißeaue,"Germany, Neißeaue, Sachsen, Germany",Medical Practices,mia.roth@mail.de,https://www.linkedin.com/in/mia-roth-387339/,https://media.licdn.com/dms/image/v2/C5603AQFo8cswibuhzmulezmhjyhgl9o2zcv3y9fh8seput8wlm/profile-displayphoto-shrink_200_200/0/1634918689088?e=2147483647&v=beta&t=ANtxAwI7SwAKbYJ-yaUuLBaL61Ea4ybtVAYfj1oFSCM,,,,,,,,"LinkedIn,LinkedIn 1st",,2023-11-03 18:52,No
Christian,Schröder,Dr. med. | Facharzt | Nuklearmedizin | EBIR,"Facharzt, Klinik für Nuklearmedizin",Klinikum Röhrig,"Germany, Röhrig, Thüringen, Germany",Medical Practices,christian.schröder@mail.de,https://www.linkedin.com/in/christian-schröder-480720/,https://media.licdn.com/dms/image/v2/C5603AQFfef81mi2pk93lc8a7mitvstho7n1ag8xyz5si98vggc/profile-displayphoto-shrink_200_200/0/1634918689088?e=2147483647&v=beta&t=ANtxAwI7SwAKbYJ-yaUuLBaL61Ea4ybtVAYfj1oFSCM,,,,,,,,"LinkedIn,LinkedIn 1st",,2023-08-18 16:10,No
Melissa,Baumann,Dr. med. | Ltd. OA | Innere Medizin | EBIR,"Ltd. OA, Klinik für Innere Medizin",Klinikum Hochstetten-Dhaun,"Germany, Hochstetten-Dhaun, Rheinland-Pfalz, Germany",Medical Practices,melissa.baumann@mail.de,https://www.linkedin.com/in/melissa-baumann-476443/,https://media.licdn.com/dms/image/v2/C5603AQFewix8fyy3ioju3es9vnpmdpoc20hbdgmhgew0c9c3vo/profile-displayphoto-shrink_200_200/0/1634918689088?e=2147483647&v=beta&t=ANtxAwI7SwAKbYJ-yaUuLBaL61Ea4ybtVAYfj1oFSCM,,,,,,,,"LinkedIn,LinkedIn 1st",,2025-10-24 11:18,No
David,Peters,Dr. med. | Gesellschafter | Kinderradiologie | EBIR,"Gesellschafter, Klinik für Kinderradiologie",Klinikum Langenselbold,"Germany, Langenselbold, Hessen, Germany",Medical Practices,david.peters@mail.de,https://www.linkedin.com/in/david-peters-674313/,https://media.licdn.com/dms/image/v2/C5603AQF2evjnhimze9tiealmxr5v1bct16e22wrjp838915enr/profile-displayphoto-shrink_200_200/0/1634918689088?e=2147483647&v=beta&t=ANtxAwI7SwAKbYJ-yaUuLBaL61Ea4ybtVAYfj1oFSCM,,,,,,,,"LinkedIn,LinkedIn 1st",,2024-07-01 11:21,No
Nina,Wolf,Prof. Dr. | sonstige | Anästhesie | EBIR,"sonstige, Klinik für Anästhesie",Klinikum Arzberg,"Germany, Arzberg, Sachsen, Germany",Medical Practices,nina.wolf@mail.de,https://www.linkedin.com/in/nina-wolf-439533/,https://media.licdn.com/dms/image/v2/C5603AQF2y2mt71is84kotmetps36a1jamm4ygw2mn6vriuh5yt/profile-displayphoto-shrink_200_200/0/1634918689088?e=2147483647&v=beta&t=ANtxAwI7SwAKbYJ-yaUuLBaL61Ea4ybtVAYfj1oFSCM,,,,,,,,"LinkedIn,LinkedIn 1st",,2026-06-06 18:40,No
Amelie,Sommer,PD | Chefarzt | Psychiatrie | EBIR,"Chefarzt, Klinik für Psychiatrie",Klinikum Gebesee,"Germany, Gebesee, Thüringen, Germany",Medical Practices,amelie.sommer@mail.de,https://www.linkedin.com/in/amelie-sommer-600684/,https://media.licdn.com/dms/image/v2/C5603AQFwn1htivswbvu3knel8okahjpylncak5bcup48q5yrvm/profile-displayphoto-shrink_200_200/0/1634918689088?e=2147483647&v=beta&t=ANtxAwI7SwAKbYJ-yaUuLBaL61Ea4ybtVAYfj1oFSCM,,,,,,,,"LinkedIn,LinkedIn 1st",,2023-12-08 15:31,No
Thomas,Zimmermann,PD | Assistenzarzt | Anästhesie | EBIR,"Assistenzarzt, Klinik für Anästhesie",Klinikum Latdorf,"Germany, Latdorf, Sachsen-Anhalt, Germany",Medical Practices,thomas.zimmermann@mail.de,https://www.linkedin.com/in/thomas-zimmermann-811827/,https://media.licdn.com/dms/image/v2/C5603AQFptdvbk1r3fkpy5maylngju5bqcyiawvv5r9elp39ew8/profile-displayphoto-shrink_200_200/0/1634918689088?e=2147483647&v=beta&t=ANtxAwI7SwAKbYJ-yaUuLBaL61Ea4ybtVAYfj1oFSCM,,,,,,,,"LinkedIn,LinkedIn 1st",,2024-11-27 10:46,No
Jonathan,Schmitz,Dr. med. | Assistenzarzt | Gynäkologie | EBIR,"Assistenzarzt, Klinik für Gynäkologie",Klinikum Partenheim,"Germany, Partenheim, Rheinland-Pfalz, Germany",Medical Practices,jonathan.schmitz@mail.de,https://www.linkedin.com/in/jonathan-schmitz-295115/,https://media.licdn.com/dms/image/v2/C5603AQFf8jlfptxyei2mibqggbj44ljs1t4z15uzltron4e55o/profile-displayphoto-shrink_200_200/0/1634918689088?e=2147483647&v=beta&t=ANtxAwI7SwAKbYJ-yaUuLBaL61Ea4ybtVAYfj1oFSCM,,,,,,,,"LinkedIn,LinkedIn 1st",,2025-03-26 18:22,No
Emilia,Wagner,sonstige | Mammographie | EBIR,"sonstige, Klinik für Mammographie",Klinikum Maroldsweisach,"Germany, Maroldsweisach, Bayern, Germany",Medical Practices,emilia.wagner@mail.de,https://www.linkedin.com/in/emilia-wagner-631284/,https://media.licdn.com/dms/image/v2/C5603AQF6eug48wfszi64gg6f2lf6mumpskxe22ndtw7vv4v622/profile-displayphoto-shrink_200_200/0/1634918689088?e=2147483647&v=beta&t=ANtxAwI7SwAKbYJ-yaUuLBaL61Ea4ybtVAYfj1oFSCM,,,,,,,,"LinkedIn,LinkedIn 1st",,2023-09-23 08:30,No
Florian,Böhm,Dr. | Gesellschafter | Kinderradiologie | EBIR,"Gesellschafter, Klinik für Kinderradiologie",Klinikum Aislingen,"Germany, Aislingen, Bayern, Germany",Medical Practices,florian.böhm@mail.de,https://www.linkedin.com/in/florian-böhm-919313/,https://media.licdn.com/dms/image/v2/C5603AQFs5fb2jso0d2yzggs9uyt17xwvgflhytxdn4mc1u1ntw/profile-displayphoto-shrink_200_200/0/1634918689088?e=2147483647&v=beta&t=ANtxAwI7SwAKbYJ-yaUuLBaL61Ea4ybtVAYfj1oFSCM,,,,,,,,"LinkedIn,LinkedIn 1st",,2023-01-23 08:07,No
Finn,Walter,Dr. med. | Gesellschafter | Orthopädie & UCH | EBIR,"Gesellschafter, Klinik für Orthopädie & UCH",Klinikum Clenze Reddereitz,"Germany, Clenze Reddereitz, Niedersachsen, Germany",Medical Practices,finn.walter@mail.de,https://www.linkedin.com/in/finn-walter-237489/,https://media.licdn.com/dms/image/v2/C5603AQFo6treg9a70lomppsmb672iwqmdjnkfvu3uej0482dux/profile-displayphoto-shrink_200_200/0/1634918689088?e=2147483647&v=beta&t=ANtxAwI7SwAKbYJ-yaUuLBaL61Ea4ybtVAYfj1oFSCM,,,,,,,,"LinkedIn,LinkedIn 1st",,2026-09-16 17:28,No
Tobias,Wagner,Dr. | Facharzt | Chirurgie | EBIR,"Facharzt, Klinik für Chirurgie",Klinikum Lauenhagen,"Germany, Lauenhagen, Niedersachsen, Germany",Medical Practices,tobias.wagner@mail.de,https://www.linkedin.com/in/tobias-wagner-223240/,https://media.licdn.com/dms/image/v2/C5603AQFw3gmtscve2trlsa4nw0bwm2migwiw56rm59qnmlmxk8/profile-displayphoto-shrink_200_200/0/1634918689088?e=2147483647&v=beta&t=ANtxAwI7SwAKbYJ-yaUuLBaL61Ea4ybtVAYfj1oFSCM,,,,,,,,"LinkedIn,LinkedIn 1st",,2026-06-02 10:33,No
Amelie,Hahn,Dr. | sonstige | Psychiatrie | EBIR,"sonstige, Klinik für Psychiatrie",Klinikum Pätz,"Germany, Pätz, Brandenburg, Germany",Medical Practices,amelie.hahn@mail.de,https://www.linkedin.com/in/amelie-hahn-467359/,https://media.licdn.com/dms/image/v2/C5603AQFxxs89v6avqysls5dgo1epfh50u8kfy12888z1y0mzoi/profile-displayphoto-shrink_200_200/0/1634918689088?e=2147483647&v=beta&t=ANtxAwI7SwAKbYJ-yaUuLBaL61Ea4ybtVAYfj1oFSCM,,,,,,,,"LinkedIn,LinkedIn 1st",,2025-12-14 11:54,No
Katharina,Müller,Oberarzt | Pädiatrie/ Kindermedizin | EBIR,"Oberarzt, Klinik für Pädiatrie/ Kindermedizin",Klinikum Bremen,"Germany, Bremen, Bremen, Germany",Medical Practices,katharina.müller@mail.de,https://www.linkedin.com/in/katharina-müller-431668/,https://media.licdn.com/dms/image/v2/C5603AQF7srwinwqj5lq4c327q728vrgpd0f1trkhriqawmo602/profile-displayphoto-shrink_200_200/0/1634918689088?e=2147483647&v=beta&t=ANtxAwI7SwAKbYJ-yaUuLBaL61Ea4ybtVAYfj1oFSCM,,,,,,,,"LinkedIn,LinkedIn 1st",,2025-05-08 18:21,No
Jonas,Haas,PD | Oberarzt | Pädiatrie | EBIR,"Oberarzt, Klinik für Pädiatrie",Klinikum Waghäusel,"Germany, Waghäusel, Baden-Württemberg, Germany",Medical Practices,jonas.haas@mail.de,https://www.linkedin.com/in/jonas-haas-384163/,https://media.licdn.com/dms/image/v2/C5603AQFf2rnly1helx1r3nszdxq163gqjtrx4xnlxyz1563r6n/profile-displayphoto-shrink_200_200/0/1634918689088?e=2147483647&v=beta&t=ANtxAwI7SwAKbYJ-yaUuLBaL61Ea4ybtVAYfj1oFSCM,,,,,,,,"LinkedIn,LinkedIn 1st",,2025-08-19 09:22,No
Jakob,Schubert,Prof. Dr. | Oberarzt | Pädiatrie/ Kindermedizin | EBIR,"Oberarzt, Klinik für Pädiatrie/ Kindermedizin",Klinikum Bevern,"Germany, Bevern, Schleswig-Holstein, Germany",Medical Practices,jakob.schubert@mail.de,https://www.linkedin.com/in/jakob-schubert-309071/,https://media.licdn.com/dms/image/v2/C5603AQFvm42efgd55g506jjantaqziqji9fuv33w6cf0re2znx/profile-displayphoto-shrink_200_200/0/1634918689088?e=2147483647&v=beta&t=ANtxAwI7SwAKbYJ-yaUuLBaL61Ea4ybtVAYfj1oFSCM,,,,,,,,"LinkedIn,LinkedIn 1st",,2026-05-15 15:25,No
Sarah,Werner,Dr. | Gesellschafter | Anästhesie | EBIR,"Gesellschafter, Klinik für Anästhesie",Klinikum Wittmund Asel,"Germany, Wittmund Asel, Niedersachsen, Germany",Medical Practices,sarah.werner@mail.de,https://www.linkedin.com/in/sarah-werner-847745/,https://media.licdn.com/dms/image/v2/C5603AQFxri62bf41uda7yn1atdog27248vcr58t9g9kelmbttf/profile-displayphoto-shrink_200_200/0/1634918689088?e=2147483647&v=beta&t=ANtxAwI7SwAKbYJ-yaUuLBaL61Ea4ybtVAYfj1oFSCM,,,,,,,,"LinkedIn,LinkedIn 1st",,2024-07-26 08:45,No
Lea,Seidel,Prof. Dr. | Standortleiter | Anästhesie | EBIR,"Standortleiter, Klinik für Anästhesie",Klinikum Rumohr,"Germany, Rumohr, Schleswig-Holstein, Germany",Medical Practices,lea.seidel@mail.de,https://www.linkedin.com/in/lea-seidel-347551/,https://media.licdn.com/dms/image/v2/C5603AQFxef648kyo2ujd5ejynsqaubk8g0pqbutlt131m89eaj/profile-displayphoto-shrink_200_200/0/1634918689088?e=2147483647&v=beta&t=ANtxAwI7SwAKbYJ-yaUuLBaL61Ea4ybtVAYfj1oFSCM,,,,,,,,"LinkedIn,LinkedIn 1st",,2024-08-21 08:06,No
Lisa,Berger,Prof. Dr. | Assistenzarzt | Chirurgie | EBIR,"Assistenzarzt, Klinik für Chirurgie",Klinikum Zierow,"Germany, Zierow, Mecklenburg-Vorpommern, Germany",Medical Practices,lisa.berger@mail.de,https://www.linkedin.com/in/lisa-berger-649268/,https://media.licdn.com/dms/image/v2/C5603AQFw3t8hzv4sa7gn9ow24d4xgrydyxqitd0zst3ugmsi5r/profile-displayphoto-shrink_200_200/0/1634918689088?e=2147483647&v=beta&t=ANtxAwI7SwAKbYJ-yaUuLBaL61Ea4ybtVAYfj1oFSCM,,,,,,,,"LinkedIn,LinkedIn 1st",,2023-03-01 08:40,No
Hannah,Zimmermann,PD | sonstige | Diagnostische und Interventionelle Radiologie | EBIR,"sonstige, Klinik für Diagnostische und Interventionelle Radiologie",Klinikum Grasbrunn,"Germany, Grasbrunn, Bayern, Germany",Medical Practices,hannah.zimmermann@mail.de,https://www.linkedin.com/in/hannah-zimmermann-101249/,https://media.licdn.com/dms/image/v2/C5603AQFpbcw4h4f04yekfv1q847mxux7m0c5id8azwjonyhof8/profile-displayphoto-shrink_200_200/0/1634918689088?e=2147483647&v=beta&t=ANtxAwI7SwAKbYJ-yaUuLBaL61Ea4ybtVAYfj1oFSCM,,,,,,,,"LinkedIn,LinkedIn 1st",,2023-06-09 14:55,No
Hannah,Busch,Prof. Dr. | Assistenzarzt | Kinderradiologie | EBIR,"Assistenzarzt, Klinik für Kinderradiologie",Klinikum Elleben,"Germany, Elleben, Thüringen, Germany",Medical Practices,hannah.busch@mail.de,https://www.linkedin.com/in/hannah-busch-562461/,https://media.licdn.com/dms/image/v2/C5603AQF7xvps73a44bf9fsngkzsdztuow98tb6jzykjh73eoy8/profile-displayphoto-shrink_200_200/0/1634918689088?e=2147483647&v=beta&t=ANtxAwI7SwAKbYJ-yaUuLBaL61Ea4ybtVAYfj1oFSCM,,,,,,,,"LinkedIn,LinkedIn 1st",,2025-05-26 11:22,No
Henry,Simon,Facharzt | Innere Medizin | EBIR,"Facharzt, Klinik für Innere Medizin",Klinikum Uttenreuth,"Germany, Uttenreuth, Bayern, Germany",Medical Practices,henry.simon@mail.de,https://www.linkedin.com/in/henry-simon-696148/,https://media.licdn.com/dms/image/v2/C5603AQFjwx3vnbu8lkt8jyj6ke31zdef4nmb64msneduj51iiw/profile-displayphoto-shrink_200_200/0/1634918689088?e=2147483647&v=beta&t=ANtxAwI7SwAKbYJ-yaUuLBaL61Ea4ybtVAYfj1oFSCM,,,,,,,,"LinkedIn,LinkedIn 1st",,2025-06-04 16:31,No
Florian,Schuster,Prof. Dr. | Facharzt | Mammographie | EBIR,"Facharzt, Klinik für Mammographie",Klinikum Schefflenz,"Germany, Schefflenz, Baden-Württemberg, Germany",Medical Practices,florian.schuster@mail.de,https://www.linkedin.com/in/florian-schuster-642222/,https://media.licdn.com/dms/image/v2/C5603AQFdk1oruv0xeatyso1dyyjniodxg80c8371g6twsdhhv0/profile-displayphoto-shrink_200_200/0/1634918689088?e=2147483647&v=beta&t=ANtxAwI7SwAKbYJ-yaUuLBaL61Ea4ybtVAYfj1oFSCM,,,,,,,,"LinkedIn,LinkedIn 1st",,2026-04-17 08:53,No
Maximilian,Peters,Dr. med. | Assistenzarzt | Neuroradiologie | EBIR,"Assistenzarzt, Klinik für Neuroradiologie",Klinikum Rüdenau,"Germany, Rüdenau, Bayern, Germany",Medical Practices,maximilian.peters@mail.de,https://www.linkedin.com/in/maximilian-peters-232766/,https://media.licdn.com/dms/image/v2/C5603AQF4ovts9v02818zawr8uru5vk6qzqj62dhha66dhpw9i3/profile-displayphoto-shrink_200_200/0/1634918689088?e=2147483647&v=beta&t=ANtxAwI7SwAKbYJ-yaUuLBaL61Ea4ybtVAYfj1oFSCM,,,,,,,,"LinkedIn,LinkedIn 1st",,2026-09-04 13:36,No
Matthias,Beck,Dr. | sonstige | Orthopädie & UCH | EBIR,"sonstige, Klinik für Orthopädie & UCH",Klinikum Casekirchen,"Germany, Casekirchen, Sachsen-Anhalt, Germany",Medical Practices,matthias.beck@mail.de,https://www.linkedin.com/in/matthias-beck-477039/,https://media.licdn.com/dms/image/v2/C5603AQF0pil6ksdqlykfi2yuwiel0go131om7rh1ygztbbv16m/profile-displayphoto-shrink_200_200/0/1634918689088?e=2147483647&v=beta&t=ANtxAwI7SwAKbYJ-yaUuLBaL61Ea4ybtVAYfj1oFSCM,,,,,,,,"LinkedIn,LinkedIn 1st",,2026-12-27 16:45,No
Leon,Schäfer,Dr. | Standortleiter | Psychiatrie | EBIR,"Standortleiter, Klinik für Psychiatrie",Klinikum Dedeleben,"Germany, Dedeleben, Sachsen-Anhalt, Germany",Medical Practices,leon.schäfer@mail.de,https://www.linkedin.com/in/leon-schäfer-792405/,https://media.licdn.com/dms/image/v2/C5603AQF0fto13zxg09eqoly4k3viezq7bc34gmzhidoyl9qud1/profile-displayphoto-shrink_200_200/0/1634918689088?e=2147483647&v=beta&t=ANtxAwI7SwAKbYJ-yaUuLBaL61Ea4ybtVAYfj1oFSCM,,,,,,,,"LinkedIn,LinkedIn 1st",,2024-10-14 16:44,No
Stefan,Fischer,Facharzt | Nuklearmedizin | EBIR,"Facharzt, Klinik für Nuklearmedizin",Klinikum Etzelsrode,"Germany, Etzelsrode, Thüringen, Germany",Medical Practices,stefan.fischer@mail.de,https://www.linkedin.com/in/stefan-fischer-682410/,https://media.licdn.com/dms/image/v2/C5603AQFuansgm2bs3ks6t8j4hy7cpbj09g1x7oeolb7d4he6xa/profile-displayphoto-shrink_200_200/0/1634918689088?e=2147483647&v=beta&t=ANtxAwI7SwAKbYJ-yaUuLBaL61Ea4ybtVAYfj1oFSCM,,,,,,,,"LinkedIn,LinkedIn 1st",,2023-04-17 15:14,No
Sabine,Braun,Dr. med. | Chefarzt | Pädiatrie/ Kindermedizin | EBIR,"Chefarzt, Klinik für Pädiatrie/ Kindermedizin",Klinikum Oberhaid,"Germany, Oberhaid, Bayern, Germany",Medical Practices,sabine.braun@mail.de,https://www.linkedin.com/in/sabine-braun-595077/,https://media.licdn.com/dms/image/v2/C5603AQFzc5n98meciu5mktlawuu14x6shxr9pnttb9zekt5pry/profile-displayphoto-shrink_200_200/0/1634918689088?e=2147483647&v=beta&t=ANtxAwI7SwAKbYJ-yaUuLBaL61Ea4ybtVAYfj1oFSCM,,,,,,,,"LinkedIn,LinkedIn 1st",,2025-08-10 08:50,No
Emilia,Schulz,PD | Facharzt | Mammographie | EBIR,"Facharzt, Klinik für Mammographie",Klinikum Bollschweil,"Germany, Bollschweil, Baden-Württemberg, Germany",Medical Practices,emilia.schulz@mail.de,https://www.linkedin.com/in/emilia-schulz-637136/,https://media.licdn.com/dms/image/v2/C5603AQF4rns0vj5ja790wpr7adw54i69rtmcgcki69gyued70i/profile-displayphoto-shrink_200_200/0/1634918689088?e=2147483647&v=beta&t=ANtxAwI7SwAKbYJ-yaUuLBaL61Ea4ybtVAYfj1oFSCM,,,,,,,,"LinkedIn,LinkedIn 1st",,2026-05-09 13:35,No
Claudia,Lange,sonstige | Innere Medizin | EBIR,"sonstige, Klinik für Innere Medizin",Klinikum Ottenbach,"Germany, Ottenbach, Baden-Württemberg, Germany",Medical Practices,claudia.lange@mail.de,https://www.linkedin.com/in/claudia-lange-319457/,https://media.licdn.com/dms/image/v2/C5603AQF9t6lt7dzz1pson1sk0d7h7ro38mgc2ew5zjhmyoy2sl/profile-displayphoto-shrink_200_200/0/1634918689088?e=2147483647&v=beta&t=ANtxAwI7SwAKbYJ-yaUuLBaL61Ea4ybtVAYfj1oFSCM,,,,,,,,"LinkedIn,LinkedIn 1st",,2024-07-26 10:52,No
Niklas,Krause,Dr. med. | Assistenzarzt | Nuklearmedizin | EBIR,"Assistenzarzt, Klinik für Nuklearmedizin",Klinikum Radibor,"Germany, Radibor, Sachsen, Germany",Medical Practices,niklas.krause@mail.de,https://www.linkedin.com/in/niklas-krause-644245/,https://media.licdn.com/dms/image/v2/C5603AQFhupxd0khv8on74cnwngs0cz9n4mx4ziywz1u6rfih8j/profile-displayphoto-shrink_200_200/0/1634918689088?e=2147483647&v=beta&t=ANtxAwI7SwAKbYJ-yaUuLBaL61Ea4ybtVAYfj1oFSCM,,,,,,,,"LinkedIn,LinkedIn 1st",,2024-12-23 11:13,No
Charlotte,Günther,Standortleiter | Kinderradiologie | EBIR,"Standortleiter, Klinik für Kinderradiologie",Klinikum Nittendorf,"Germany, Nittendorf, Bayern, Germany",Medical Practices,charlotte.günther@mail.de,https://www.linkedin.com/in/charlotte-günther-147319/,https://media.licdn.com/dms/image/v2/C5603AQF7zrrxy4qiiuoznmo9qr018dko5kgdkbx6btbn4wgok6/profile-displayphoto-shrink_200_200/0/1634918689088?e=2147483647&v=beta&t=ANtxAwI7SwAKbYJ-yaUuLBaL61Ea4ybtVAYfj1oFSCM,,,,,,,,"LinkedIn,LinkedIn 1st",,2023-06-25 17:05,No
Finn,Böhm,Dr. med. | Gesellschafter | Psychiatrie | EBIR,"Gesellschafter, Klinik für Psychiatrie",Klinikum Stuttgart Stuttgart-Nord,"Germany, Stuttgart Stuttgart-Nord, Baden-Württemberg, Germany",Medical Practices,finn.böhm@mail.de,https://www.linkedin.com/in/finn-böhm-365286/,https://media.licdn.com/dms/image/v2/C5603AQFran9ikqs0xesrko51tvxq3ixi8err9wrd9s5x5b3atd/profile-displayphoto-shrink_200_200/0/1634918689088?e=2147483647&v=beta&t=ANtxAwI7SwAKbYJ-yaUuLBaL61Ea4ybtVAYfj1oFSCM,,,,,,,,"LinkedIn,LinkedIn 1st",,2024-01-04 15:32,No
Luise,Ritter,Dr. med. | Facharzt | Nuklearmedizin | EBIR,"Facharzt, Klinik für Nuklearmedizin",Klinikum Klotten,"Germany, Klotten, Rheinland-Pfalz, Germany",Medical Practices,luise.ritter@mail.de,https://www.linkedin.com/in/luise-ritter-208076/,https://media.licdn.com/dms/image/v2/C5603AQF0vtdckj2zfzigo245qe15rpb5iucp4h4ab7j8owejue/profile-displayphoto-shrink_200_200/0/1634918689088?e=2147483647&v=beta&t=ANtxAwI7SwAKbYJ-yaUuLBaL61Ea4ybtVAYfj1oFSCM,,,,,,,,"LinkedIn,LinkedIn 1st",,2023-04-14 13:34,No
Monika,Sommer,Dr. | Gesellschafter | Pädiatrie | EBIR,"Gesellschafter, Klinik für Pädiatrie",Klinikum Mittelreidenbach,"Germany, Mittelreidenbach, Rheinland-Pfalz, Germany",Medical Practices,monika.sommer@mail.de,https://www.linkedin.com/in/monika-sommer-382583/,https://media.licdn.com/dms/image/v2/C5603AQFc85ueil6in2jz5yfugr1kw2t6tc4v6agl8p8zs551vk/profile-displayphoto-shrink_200_200/0/1634918689088?e=2147483647&v=beta&t=ANtxAwI7SwAKbYJ-yaUuLBaL61Ea4ybtVAYfj1oFSCM,,,,,,,,"LinkedIn,LinkedIn 1st",,2023-02-03 15:45,No
Greta,Ritter,Facharzt | Innere Medizin | EBIR,"Facharzt, Klinik für Innere Medizin",Klinikum Dieburg,"Germany, Dieburg, Hessen, Germany",Medical Practices,greta.ritter@mail.de,https://www.linkedin.com/in/greta-ritter-412613/,https://media.licdn.com/dms/image/v2/C5603AQFlf0ms1j2es3vceycxs1qi9sfqo4tket0ethbv5464u8/profile-displayphoto-shrink_200_200/0/1634918689088?e=2147483647&v=beta&t=ANtxAwI7SwAKbYJ-yaUuLBaL61Ea4ybtVAYfj1oFSCM,,,,,,,,"LinkedIn,LinkedIn 1st",,2026-06-01 08:27,No
Charlotte,Frank,Dr. | MTRA | Innere Medizin | EBIR,"MTRA, Klinik für Innere Medizin",Klinikum Kabelhorst,"Germany, Kabelhorst, Schleswig-Holstein, Germany",Medical Practices,charlotte.frank@mail.de,https://www.linkedin.com/in/charlotte-frank-615636/,https://media.licdn.com/dms/image/v2/C5603AQFw06tfk2k2k05tqtzw7kpw8xe6q43e51p4vqu6hm1mol/profile-displayphoto-shrink_200_200/0/1634918689088?e=2147483647&v=beta&t=ANtxAwI7SwAKbYJ-yaUuLBaL61Ea4ybtVAYfj1oFSCM,,,,,,,,"LinkedIn,LinkedIn 1st",,2026-06-14 08:17,No
Sandra,Koch,Dr. med. | Oberarzt | Chirurgie | EBIR,"Oberarzt, Klinik für Chirurgie",Klinikum Stockach,"Germany, Stockach, Baden-Württemberg, Germany",Medical Practices,sandra.koch@mail.de,https://www.linkedin.com/in/sandra-koch-130580/,https://media.licdn.com/dms/image/v2/C5603AQFmvqbpchk3qlpx4wh3dxh6158hwc4z6bammi08nb6em3/profile-displayphoto-shrink_200_200/0/1634918689088?e=2147483647&v=beta&t=ANtxAwI7SwAKbYJ-yaUuLBaL61Ea4ybtVAYfj1oFSCM,,,,,,,,"LinkedIn,LinkedIn 1st",,2026-07-13 15:57,No
Leon,Arnold,Prof. Dr. | sonstige | Mammographie | EBIR,"sonstige, Klinik für Mammographie",Klinikum Neukyhna,"Germany, Neukyhna, Sachsen, Germany",Medical Practices,leon.arnold@mail.de,https://www.linkedin.com/in/leon-arnold-926015/,https://media.licdn.com/dms/image/v2/C5603AQFw4hy6so13v7t0elxhwiqf4rfnokwlfu8g2iayka3ohy/profile-displayphoto-shrink_200_200/0/1634918689088?e=2147483647&v=beta&t=ANtxAwI7SwAKbYJ-yaUuLBaL61Ea4ybtVAYfj1oFSCM,,,,,,,,"LinkedIn,LinkedIn 1st",,2026-10-10 17:36,No
Frank,Neumann,Dr. med. | Ltd. OA | Diagnostische und Interventionelle Radiologie | EBIR,"Ltd. OA, Klinik für Diagnostische und Interventionelle Radiologie",Klinikum Rothenschirmbach,"Germany, Rothenschirmbach, Sachsen-Anhalt, Germany",Medical Practices,frank.neumann@mail.de,https://www.linkedin.com/in/frank-neumann-113640/,https://media.licdn.com/dms/image/v2/C5603AQFtarrayhgg1d17jrozl5y4qvb7pkd8tmjt8wju2iet2x/profile-displayphoto-shrink_200_200/0/1634918689088?e=2147483647&v=beta&t=ANtxAwI7SwAKbYJ-yaUuLBaL61Ea4ybtVAYfj1oFSCM,,,,,,,,"LinkedIn,LinkedIn 1st",,2024-10-28 09:21,No
Mathilda,Seidel,Dr. med. | Standortleiter | Gynäkologie | EBIR,"Standortleiter, Klinik für Gynäkologie",Klinikum Langhagen,"Germany, Langhagen, Mecklenburg-Vorpommern, Germany",Medical Practices,mathilda.seidel@mail.de,https://www.linkedin.com/in/mathilda-seidel-307994/,https://media.licdn.com/dms/image/v2/C5603AQFj5zaujjnteniz0tv9v1h0czokf3gbylejvnzygkcrh7/profile-displayphoto-shrink_200_200/0/1634918689088?e=2147483647&v=beta&t=ANtxAwI7SwAKbYJ-yaUuLBaL61Ea4ybtVAYfj1oFSCM,,,,,,,,"LinkedIn,LinkedIn 1st",,2024-03-10 12:55,No
Daniel,Winkler,Facharzt | Chirurgie | EBIR,"Facharzt, Klinik für Chirurgie",Klinikum Neubarnim,"Germany, Neubarnim, Brandenburg, Germany",Medical Practices,daniel.winkler@mail.de,https://www.linkedin.com/in/daniel-winkler-619857/,https://media.licdn.com/dms/image/v2/C5603AQF6nv0fjrqdb5x2xfekp78uy2b24srr1kopmh70kki5rn/profile-displayphoto-shrink_200_200/0/1634918689088?e=2147483647&v=beta&t=ANtxAwI7SwAKbYJ-yaUuLBaL61Ea4ybtVAYfj1oFSCM,,,,,,,,"LinkedIn,LinkedIn 1st",,2026-12-08 09:16,No
Klaus,Möller,PD | Gesellschafter | Psychiatrie | EBIR,"Gesellschafter, Klinik für Psychiatrie",Klinikum Gernrode,"Germany, Gernrode, Sachsen-Anhalt, Germany",Medical Practices,klaus.möller@mail.de,https://www.linkedin.com/in/klaus-möller-195706/,https://media.licdn.com/dms/image/v2/C5603AQFo7mrmer6jkjf1u42f6mluxomt1tfzwai0nbny3jpxrq/profile-displayphoto-shrink_200_200/0/1634918689088?e=2147483647&v=beta&t=ANtxAwI7SwAKbYJ-yaUuLBaL61Ea4ybtVAYfj1oFSCM,,,,,,,,"LinkedIn,LinkedIn 1st",,2025-05-25 10:38,No
Hannah,Werner,Dr. | Chefarzt | Diagnostische und Interventionelle Radiologie | EBIR,"Chefarzt, Klinik für Diagnostische und Interventionelle Radiologie",Klinikum Rüde,"Germany, Rüde, Schleswig-Holstein, Germany",Medical Practices,hannah.werner@mail.de,https://www.linkedin.com/in/hannah-werner-675702/,https://media.licdn.com/dms/image/v2/C5603AQF2u60csappkq7io1f4p36pw2ro2hvphzlq4h6uedlaf7/profile-displayphoto-shrink_200_200/0/1634918689088?e=2147483647&v=beta&t=ANtxAwI7SwAKbYJ-yaUuLBaL61Ea4ybtVAYfj1oFSCM,,,,,,,,"LinkedIn,LinkedIn 1st",,2024-02-24 09:36,No
Lukas,Keller,Dr. med. | Chefarzt | Nuklearmedizin | EBIR,"Chefarzt, Klinik für Nuklearmedizin",Klinikum Fischbeck (Elbe),"Germany, Fischbeck (Elbe), Sachsen-Anhalt, Germany",Medical Practices,lukas.keller@mail.de,https://www.linkedin.com/in/lukas-keller-757992/,https://media.licdn.com/dms/image/v2/C5603AQFmep1miqku1y8ol17bx84j1in05wm3rgde213hqa6v9k/profile-displayphoto-shrink_200_200/0/1634918689088?e=2147483647&v=beta&t=ANtxAwI7SwAKbYJ-yaUuLBaL61Ea4ybtVAYfj1oFSCM,,,,,,,,"LinkedIn,LinkedIn 1st",,2025-10-13 12:06,No
Jonathan,Krämer,Dr. med. | Chefarzt | Kinderradiologie | EBIR,"Chefarzt, Klinik für Kinderradiologie",Klinikum Schenkelberg,"Germany, Schenkelberg, Rheinland-Pfalz, Germany",Medical Practices,jonathan.krämer@mail.de,https://www.linkedin.com/in/jonathan-krämer-413779/,https://media.licdn.com/dms/image/v2/C5603AQFsx4u81v6utllse54o7bi64n8i15x0h9jts6d9qakssv/profile-displayphoto-shrink_200_200/0/1634918689088?e=2147483647&v=beta&t=ANtxAwI7SwAKbYJ-yaUuLBaL61Ea4ybtVAYfj1oFSCM,,,,,,,,"LinkedIn,LinkedIn 1st",,2024-07-24 11:10,No
Stefan,Werner,Dr. med. | Standortleiter | Diagnostische und Interventionelle Radiologie | EBIR,"Standortleiter, Klinik für Diagnostische und Interventionelle Radiologie",Klinikum Jessen (Elster) Holzdorf,"Germany, Jessen (Elster) Holzdorf, Sachsen-Anhalt, Germany",Medical Practices,stefan.werner@mail.de,https://www.linkedin.com/in/stefan-werner-745115/,https://media.licdn.com/dms/image/v2/C5603AQFsdty88v9sct77g39qlg6t7ydt51s2dq3ik51cch0dp5/profile-displayphoto-shrink_200_200/0/1634918689088?e=2147483647&v=beta&t=ANtxAwI7SwAKbYJ-yaUuLBaL61Ea4ybtVAYfj1oFSCM,,,,,,,,"LinkedIn,LinkedIn 1st",,2023-09-06 08:34,No
Vanessa,Zimmermann,Dr. | Ltd. OA | Innere Medizin | EBIR,"Ltd. OA, Klinik für Innere Medizin",Klinikum Steinbach (Taunus),"Germany, Steinbach (Taunus), Hessen, Germany",Medical Practices,vanessa.zimmermann@mail.de,https://www.linkedin.com/in/vanessa-zimmermann-112201/,https://media.licdn.com/dms/image/v2/C5603AQF21q8phrhg3475imup1ehazd0pvbnpf50tnflvzfh1jx/profile-displayphoto-shrink_200_200/0/1634918689088?e=2147483647&v=beta&t=ANtxAwI7SwAKbYJ-yaUuLBaL61Ea4ybtVAYfj1oFSCM,,,,,,,,"LinkedIn,LinkedIn 1st",,2023-11-19 17:53,No
Johanna,Engel,Ltd. OA | Diagnostische und Interventionelle Radiologie | EBIR,"Ltd. OA, Klinik für Diagnostische und Interventionelle Radiologie",Klinikum Höhbeck Restorf,"Germany, Höhbeck Restorf, Niedersachsen, Germany",Medical Practices,johanna.engel@mail.de,https://www.linkedin.com/in/johanna-engel-276393/,https://media.licdn.com/dms/image/v2/C5603AQF2rdx472uyq9lieimvz700nm9nyk5gd0ajiswioigsj3/profile-displayphoto-shrink_200_200/0/1634918689088?e=2147483647&v=beta&t=ANtxAwI7SwAKbYJ-yaUuLBaL61Ea4ybtVAYfj1oFSCM,,,,,,,,"LinkedIn,LinkedIn 1st",,2023-09-09 08:29,No
Johanna,Wagner,Dr. med. | Standortleiter | Nuklearmedizin | EBIR,"Standortleiter, Klinik für Nuklearmedizin",Klinikum Henstedt-Ulzburg,"Germany, Henstedt-Ulzburg, Schleswig-Holstein, Germany",Medical Practices,johanna.wagner@mail.de,https://www.linkedin.com/in/johanna-wagner-568411/,https://media.licdn.com/dms/image/v2/C5603AQFezh63a98uhf1da8rsri95yse3xwoqttsut05l5zunmc/profile-displayphoto-shrink_200_200/0/1634918689088?e=2147483647&v=beta&t=ANtxAwI7SwAKbYJ-yaUuLBaL61Ea4ybtVAYfj1oFSCM,,,,,,,,"LinkedIn,LinkedIn 1st",,2023-09-06 08:57,No
Louis,Arnold,Dr. med. | Facharzt | Diagnostische und Interventionelle Radiologie | EBIR,"Facharzt, Klinik für Diagnostische und Interventionelle Radiologie",Klinikum Rinteln Uchtorf,"Germany, Rinteln Uchtorf, Niedersachsen, Germany",Medical Practices,louis.arnold@mail.de,https://www.linkedin.com/in/louis-arnold-717229/,https://media.licdn.com/dms/image/v2/C5603AQF4dq4hogr2pqeuwo8ro8cnrozkt0w252f0ch6lswr0a5/profile-displayphoto-shrink_200_200/0/1634918689088?e=2147483647&v=beta&t=ANtxAwI7SwAKbYJ-yaUuLBaL61Ea4ybtVAYfj1oFSCM,,,,,,,,"LinkedIn,LinkedIn 1st",,2024-08-22 15:58,No
Susanne,Kurz,Dr. med. | Gesellschafter | Innere Medizin | EBIR,"Gesellschafter, Klinik für Innere Medizin",Klinikum Einsiedel bei Chemnitz,"Germany, Einsiedel bei Chemnitz, Sachsen, Germany",Medical Practices,susanne.kurz@mail.de,https://www.linkedin.com/in/susanne-kurz-528685/,https://media.licdn.com/dms/image/v2/C5603AQF2rbdsiynx1ahawqzhd1gbp5h0y5ye7ci7jhh3n8lkvv/profile-displayphoto-shrink_200_200/0/1634918689088?e=2147483647&v=beta&t=ANtxAwI7SwAKbYJ-yaUuLBaL61Ea4ybtVAYfj1oFSCM,,,,,,,,"LinkedIn,LinkedIn 1st",,2026-03-02 17:23,No
Louis,Günther,Facharzt | Neuroradiologie | EBIR,"Facharzt, Klinik für Neuroradiologie",Klinikum Querfurt,"Germany, Querfurt, Sachsen-Anhalt, Germany",Medical Practices,louis.günther@mail.de,https://www.linkedin.com/in/louis-günther-457207/,https://media.licdn.com/dms/image/v2/C5603AQFyti1el0t7w5fd26k767gp0yfgidsuw28l0nauf4a5r3/profile-displayphoto-shrink_200_200/0/1634918689088?e=2147483647&v=beta&t=ANtxAwI7SwAKbYJ-yaUuLBaL61Ea4ybtVAYfj1oFSCM,,,,,,,,"LinkedIn,LinkedIn 1st",,2024-04-16 15:30,No
Julia,Arnold,Dr. | Ltd. OA | Neuroradiologie | EBIR,"Ltd. OA, Klinik für Neuroradiologie",Klinikum Gundheim,"Germany, Gundheim, Rheinland-Pfalz, Germany",Medical Practices,julia.arnold@mail.de,https://www.linkedin.com/in/julia-arnold-335734/,https://media.licdn.com/dms/image/v2/C5603AQF513q1xkqw6d0woytrfeyeg0eyn7o3yt44co8hxaduru/profile-displayphoto-shrink_200_200/0/1634918689088?e=2147483647&v=beta&t=ANtxAwI7SwAKbYJ-yaUuLBaL61Ea4ybtVAYfj1oFSCM,,,,,,,,"LinkedIn,LinkedIn 1st",,2025-12-01 11:01,No
Peter,Richter,Dr. | Ltd. OA | Neuroradiologie | EBIR,"Ltd. OA, Klinik für Neuroradiologie",Klinikum Kehmstedt,"Germany, Kehmstedt, Thüringen, Germany",Medical Practices,peter.richter@mail.de,https://www.linkedin.com/in/peter-richter-920857/,https://media.licdn.com/dms/image/v2/C5603AQFyakxfa3blso4yyr3khpgusb7evoh165uda31gmgr4b1/profile-displayphoto-shrink_200_200/0/1634918689088?e=2147483647&v=beta&t=ANtxAwI7SwAKbYJ-yaUuLBaL61Ea4ybtVAYfj1oFSCM,,,,,,,,"LinkedIn,LinkedIn 1st",,2026-04-17 11:28,No
Sofia,Schmitz,Prof. Dr. | Standortleiter | Nuklearmedizin | EBIR,"Standortleiter, Klinik für Nuklearmedizin",Klinikum Beeskow Radinkendorf,"Germany, Beeskow Radinkendorf, Brandenburg, Germany",Medical Practices,sofia.schmitz@mail.de,https://www.linkedin.com/in/sofia-schmitz-903531/,https://media.licdn.com/dms/image/v2/C5603AQFdt4q3kt0c5pyc97fi2ne70ww0opsygnkpaiae91ioqc/profile-displayphoto-shrink_200_200/0/1634918689088?e=2147483647&v=beta&t=ANtxAwI7SwAKbYJ-yaUuLBaL61Ea4ybtVAYfj1oFSCM,,,,,,,,"LinkedIn,LinkedIn 1st",,2025-11-20 18:47,No
Paul,Baumann,Dr. med. | MTRA | Pädiatrie/ Kindermedizin | EBIR,"MTRA, Klinik für Pädiatrie/ Kindermedizin",Klinikum Neuhofen,"Germany, Neuhofen, Rheinland-Pfalz, Germany",Medical Practices,paul.baumann@mail.de,https://www.linkedin.com/in/paul-baumann-756267/,https://media.licdn.com/dms/image/v2/C5603AQF62wivbq6tpb0z9ejip6nzqvz2rx3zfou9v8fb6dhrlh/profile-displayphoto-shrink_200_200/0/1634918689088?e=2147483647&v=beta&t=ANtxAwI7SwAKbYJ-yaUuLBaL61Ea4ybtVAYfj1oFSCM,,,,,,,,"LinkedIn,LinkedIn 1st",,2026-02-22 15:17,No
Theo,Engel,Dr. med. | Oberarzt | Neuroradiologie | EBIR,"Oberarzt, Klinik für Neuroradiologie",Klinikum Marne,"Germany, Marne, Schleswig-Holstein, Germany",Medical Practices,theo.engel@mail.de,https://www.linkedin.com/in/theo-engel-240588/,https://media.licdn.com/dms/image/v2/C5603AQF6w7trj73t2cjb7r6yid0gvcvo75bmm18iccummdtkau/profile-displayphoto-shrink_200_200/0/1634918689088?e=2147483647&v=beta&t=ANtxAwI7SwAKbYJ-yaUuLBaL61Ea4ybtVAYfj1oFSCM,,,,,,,,"LinkedIn,LinkedIn 1st",,2024-03-14 16:49,No
Mia,Maier,PD | Oberarzt | Orthopädie & UCH | EBIR,"Oberarzt, Klinik für Orthopädie & UCH",Klinikum Gödenstorf,"Germany, Gödenstorf, Niedersachsen, Germany",Medical Practices,mia.maier@mail.de,https://www.linkedin.com/in/mia-maier-152094/,https://media.licdn.com/dms/image/v2/C5603AQF7zfz8p54cdohdchvhr89c9p9vffotb85cy3n6bv2cho/profile-displayphoto-shrink_200_200/0/1634918689088?e=2147483647&v=beta&t=ANtxAwI7SwAKbYJ-yaUuLBaL61Ea4ybtVAYfj1oFSCM,,,,,,,,"LinkedIn,LinkedIn 1st",,2023-12-10 08:24,No
Lea,Schmid,PD | MTRA | Innere Medizin | EBIR,"MTRA, Klinik für Innere Medizin",Klinikum Traunstein,"Germany, Traunstein, Bayern, Germany",Medical Practices,lea.schmid@mail.de,https://www.linkedin.com/in/lea-schmid-564689/,https://media.licdn.com/dms/image/v2/C5603AQFiv84vgf1mg2ubtjeg4nox48l48kibc7x8mi4zr4i5n9/profile-displayphoto-shrink_200_200/0/1634918689088?e=2147483647&v=beta&t=ANtxAwI7SwAKbYJ-yaUuLBaL61Ea4ybtVAYfj1oFSCM,,,,,,,,"LinkedIn,LinkedIn 1st",,2023-08-11 16:05,No
Johanna,Scholz,Prof. Dr. | Oberarzt | Kinderradiologie | EBIR,"Oberarzt, Klinik für Kinderradiologie",Klinikum Schirnding,"Germany, Schirnding, Bayern, Germany",Medical Practices,johanna.scholz@mail.de,https://www.linkedin.com/in/johanna-scholz-489954/,https://media.licdn.com/dms/image/v2/C5603AQFy1hqjw5uwl4sfjxf7lb45ro42naufjcklclz4bq9p30/profile-displayphoto-shrink_200_200/0/1634918689088?e=2147483647&v=beta&t=ANtxAwI7SwAKbYJ-yaUuLBaL61Ea4ybtVAYfj1oFSCM,,,,,,,,"LinkedIn,LinkedIn 1st",,2024-09-03 09:36,No
Frieda,Krämer,PD | Chefarzt | Pädiatrie/ Kindermedizin | EBIR,"Chefarzt, Klinik für Pädiatrie/ Kindermedizin",Klinikum Elkenroth,"Germany, Elkenroth, Rheinland-Pfalz, Germany",Medical Practices,frieda.krämer@mail.de,https://www.linkedin.com/in/frieda-krämer-712278/,https://media.licdn.com/dms/image/v2/C5603AQFpnue18j7enwrs8ltdqco3v2hbjre7ndy6t5kkgox405/profile-displayphoto-shrink_200_200/0/1634918689088?e=2147483647&v=beta&t=ANtxAwI7SwAKbYJ-yaUuLBaL61Ea4ybtVAYfj1oFSCM,,,,,,,,"LinkedIn,LinkedIn 1st",,2023-04-05 17:24,No
Paul,Koch,Dr. med. | Ltd. OA | Chirurgie | EBIR,"Ltd. OA, Klinik für Chirurgie",Klinikum Markvippach,"Germany, Markvippach, Thüringen, Germany",Medical Practices,paul.koch@mail.de,https://www.linkedin.com/in/paul-koch-476793/,https://media.licdn.com/dms/image/v2/C5603AQFr4n06q370gldblqx00dnolj82cngtk61oks52s0f4o1/profile-displayphoto-shrink_200_200/0/1634918689088?e=2147483647&v=beta&t=ANtxAwI7SwAKbYJ-yaUuLBaL61Ea4ybtVAYfj1oFSCM,,,,,,,,"LinkedIn,LinkedIn 1st",,2026-09-13 16:09,No
Mathilda,Braun,PD | Oberarzt | Psychiatrie | EBIR,"Oberarzt, Klinik für Psychiatrie",Klinikum Neuenbrook,"Germany, Neuenbrook, Schleswig-Holstein, Germany",Medical Practices,mathilda.braun@mail.de,https://www.linkedin.com/in/mathilda-braun-764717/,https://media.licdn.com/dms/image/v2/C5603AQFya7das13thjq8ima9it9ax11ni4jf8l0c3yragrklun/profile-displayphoto-shrink_200_200/0/1634918689088?e=2147483647&v=beta&t=ANtxAwI7SwAKbYJ-yaUuLBaL61Ea4ybtVAYfj1oFSCM,,,,,,,,"LinkedIn,LinkedIn 1st",,2023-06-18 09:29,No
Henry,Horn,Dr. med. | Chefarzt | Neuroradiologie | EBIR,"Chefarzt, Klinik für Neuroradiologie",Klinikum Eisighofen,"Germany, Eisighofen, Rheinland-Pfalz, Germany",Medical Practices,henry.horn@mail.de,https://www.linkedin.com/in/henry-horn-114150/,https://media.licdn.com/dms/image/v2/C5603AQFeckfuzi0u4smg0bc583x5hzb41g2lvgc9rirv0rjdl2/profile-displayphoto-shrink_200_200/0/1634918689088?e=2147483647&v=beta&t=ANtxAwI7SwAKbYJ-yaUuLBaL61Ea4ybtVAYfj1oFSCM,,,,,,,,"LinkedIn,LinkedIn 1st",,2026-08-21 10:25,No
Felix,Seidel,Facharzt | Innere Medizin | EBIR,"Facharzt, Klinik für Innere Medizin",Klinikum Klettbach,"Germany, Klettbach, Thüringen, Germany",Medical Practices,felix.seidel@mail.de,https://www.linkedin.com/in/felix-seidel-527607/,https://media.licdn.com/dms/image/v2/C5603AQFgs7ubzo97dznrma6215qif7t2q2jyh3zuz15qzeexki/profile-displayphoto-shrink_200_200/0/1634918689088?e=2147483647&v=beta&t=ANtxAwI7SwAKbYJ-yaUuLBaL61Ea4ybtVAYfj1oFSCM,,,,,,,,"LinkedIn,LinkedIn 1st",,2024-02-28 12:30,No
Anton,Kaiser,Assistenzarzt | Anästhesie | EBIR,"Assistenzarzt, Klinik für Anästhesie",Klinikum Willmenrod,"Germany, Willmenrod, Rheinland-Pfalz, Germany",Medical Practices,anton.kaiser@mail.de,https://www.linkedin.com/in/anton-kaiser-906849/,https://media.licdn.com/dms/image/v2/C5603AQFvb6pe0ri3bj4smw7ileqd02j2b0b84ei7fuyoswoinq/profile-displayphoto-shrink_200_200/0/1634918689088?e=2147483647&v=beta&t=ANtxAwI7SwAKbYJ-yaUuLBaL61Ea4ybtVAYfj1oFSCM,,,,,,,,"LinkedIn,LinkedIn 1st",,2025-10-18 09:55,No
