id,last_name,first_name,description,status,status_expired_set,current_status_interview,datenquelle,adresse,strasse,hausnummer,plz,arbeitsort,wohnort,wunscharbeitsort,umzugszwang,available,regionale_verfuegbarkeit,position_now,next_career_step,qualification,department,short_note,long_note,e_mail,tel,linkedin,anlage_wann,minicrm_id,how_where_contacted,export_timestamp,export_date
101,Neumann,Mila,Dr.,interested,,,,,,,,,,hamburg,,Hamburg,,"Facharzt, Freelancer","Chefarzt, Standortleiter","Facharzt, Doppelfacharzt","Radiologie, Nuklearmedizin",ist bei Conradia,"zu Tele-Nuk: Ist nebenberflich OA in Norwegen. Kennt dort 2 Kollegin und Kollegen, sind an der Uni in Oslo am PET/CT – sprechen Deutsch, für die das auch sehr interessant wäre. 
Befund dauert ca. 1 Std. als Radiologe verdient man ca. 200 pro Std. Teleradiologie, weil ca. 50-60€ pro Fall.
Er könnte ca. 5 Std pro Woche machen + die Kollegin könnte ca. 20 Std. pro Woche + Kollege
Man hat 2 Monitore + PC
1 mal pro halbjahr werden diese per fernaufschaltung gecheckt und 1 mal täglich von ihm selbst. 
Weöches PACS? Portal?",mila.neumann@gmail.com,+49 1121761165,,2025-03-27 23:59:00,0tuqwyknv01t0nidzip51gnd2naya8,Tel.,2026-01-17 17:25:35,2026-01-17
1010,Klein,Elena,Dr.,interested,,,,,,,,,,DE,True,ganz Deutschland,,Ltd. OA,Chefarzt,Facharzt,Anästhesie,will CA,"West- und Süddeutschland  + Hessen
will 350k s.h. Email und weitere Unterlagen",elena.klein@yahoo.de,+49 1616526694,,2025-09-30 23:59:00,1c1ec417e90tlilo1byf2pellrdiaz,Email,2026-01-17 17:25:35,2026-01-17
1011,Zimmermann,Isabella,,interested,,vorgestellt,,,,,,,,nordrhein-westfalen,,NRW,,,,sonstige,Anästhesie,Fachkrankenschwester,"Fachkrankenschwester für OP und Anästhesie

vorgestellt bei Stückle und Küthe",isabella.zimmermann@yahoo.de,+49 1804125185,,2025-11-19 23:59:00,2p614s0v611pqqh76jnp14fc8wrud8,Email,2026-01-17 17:25:35,2026-01-17
1012,Schulz,Sophie,,contacted,,,,,,,,,,stelle,,,,,,Facharzt,Orthopädie & UCH,"Der Kandidat arbeitet zu Zeit als Oberarzt im EVK CASTROP RAUXEL.
Er hat erst kürzlich zusätzliche Weiterbildungen abgeschlossen und steht kurz vor dem Erwerb weiterer Zertifikate und Zusatzbezeichnungen. Zum Anfang des Jahres 2023 sollte der Kandidat bereits seine Zertifikate erhalten haben, dazu gehört die Zusatzbezeichnung in Spezielle Unfallchirurgie, Fußchirurgie und Wundexperte. Der Kandidat möchte sehr gerne in die Privatumgebung wechseln, weg von den Diensten und Schichten in einer Klinik. Er war stets in einem Klinikumfeld tätig und möchte endlich geregelte Arbeitszeiten und  die Wochenenden mit seiner Familie frei genießen können. Dr. Abdelatti hat sich sehr interessiert an der Stelle gezeigt und hat umgehend seine Dokumente zugesendet, sowie sein Commitment zur Vorstellung bekräftigt. Dr. Abdelatti steht Ihnen ab sofort für erste Gespräche zur Verfügung.","20.10.2022 - evgeny:
• Facharzt für Orthopädie und Unfallchirurgie 
• Spezielle Unfallchirurgie und D-Arzt 
(Erwerb zum Jahresanfang 2023)
• Zertifikat  Fußchirurgie (kurz vor dem Abschluss)
• Wundexperte (Die Zertifikat kommt noch).


07.10.2022 - evgeny:
Job Hopper",sophie.schulz@web.de,+49 1987489711,,2026-01-17 14:33:19.320917,2eekoye3va2an4j48hl42b9c56acmn,,2026-01-17 17:25:35,2026-01-17
102,Krüger,Klara,Dr.,interested,,,,,,,,,,bayern,False,Bayern,,Ltd. OA,"Ltd. OA, Chefarzt, Standortleiter","Facharzt, Doppelfacharzt","Radiologie, Nuklearmedizin",will PET/CT,"03.04. Tele-Nuk: Wie wird das PET abgerechnet? Privat, GKV,ASV. Wie viele Stunden hat man sicher? Dann würde er auch reduzieren. könnte 5-8h pro Woche. 
gesagt dass 70€ pro Befund bei 30 Min. pro Befund. 


07.03.2024 - TP:
Tel und bei Mergen vorgestellt. 
will PET/CT haben
Hat man eine Therapiestation?
Umzug nach Rosenheim ok
in München studiert
langfristige Tätigkeit
wissenschaftliches Arbeiten vllt Habil. muss aber nicht
Studenten betreuen auch jetzt schon
Frau arbeitet in München
Start nach Vereinbarung ca. ab Herbst
Schilddrüsen eher weniger
€ gerne 190.000€ p.a. Wunsch",klara.krüger@gmail.com,+49 1291322864,,2025-04-03 23:59:00,05478eypfy1mlm2tpl8q2es5xeu6x3,Tel.,2026-01-17 17:25:35,2026-01-17
122,Wagner,Emma,Dr.,interested,,,,,,,,,,dresden,False,,,,,Doppelfacharzt,"Radiologie, Nuklearmedizin",Dresden,"04.04. zu Tele-Nuk: Hat Interesse aber ihm ist die Zeit mit seiner Familie wichtig, deswegen würde es machen aber wahrscheinlich zu einem teureren Preis. 
Man hat sowas auch mal in Bern machen wollen. 
Für einen Befund braucht man zwischen 10 Min und 3 Std. 

Wichtig für die Geschwindigkeit ist, wie schnell die Internetverbindung ist und wie man an die Bilder kommt. Werden die Bilder auf dem Server des Arbeitgebers aufbereitet und dann nur aufschalten oder muss man sie runterladen. Dann braucht man eine gute Verbindung und einen guten Rechner, damit es schnell geht, weil bis zu 5 GB Größe. 
Man könnte auch fragen, ob die Ärzte an ihren Arbeitsplätzen in der Klinik für uns befunden könnten und dann mit den Kliniken einen Vertrag abschließen. 
Bildschirme müssen keine Rontgenanforderung haben. Es müssen CT-Monitore sein, die niedrigere Anforderungen haben als bei Rontgenanforderung. 
Man könnte die Daten verschlüsselt auf einem Server liegen haben oder ggf Dropbox. Auch ein online PACS wie bei Praxen ist möglich, dass man ein QR Code oder Link bekommt. 
Rosenheim nutzt Gemed-PACS, gibt es dort ein online Portal? Man könnte eine Serverbasierte Lösung in Rosenheim aufbauen und dann expandieren. Es gibt PETs die auch überlastet sind. So könnte man einen Pool aufbauen. Er würde auch gerne 250€ pro Std. haben.  

22.11.2022 - TP: Tel. aktuell leider muss wegen Familie in Dresden bleiben. Gerne in Kontakt bleiben und vielleicht später irgendwo im Umland umsehen. 


hat die passende Position für sich! 3000€ Bonus! nur Dresden",emma.wagner@gmail.com,+49 1014947008,,2025-04-04 23:59:00,20m6iltzwa2qtay5m9o1013yl02xaw,Tel.,2026-01-17 17:25:35,2026-01-17
1248,Zimmermann,Sophie,,contacted,,,,,,,,,,"düsseldorf, krefeld, müssen",,,,,,Facharzt,Orthopädie & UCH,"Skills:
• Facharzt Orthopädie und Unfallchirurgie
• Zertifikat Fußchirurgie
• Ist gerade in der Endphase seiner Weiterbildung in Spez. Unfallchirurgie
• ZB in Manuelle Medizin/ Choropraktik

Gehaltswunsch: 140.000€

Zusammenfassung:
Der Kandidat sucht gerade einen Ausstieg aus dem Klinikbetrieb, um keine Schichten und Wochenenddienste mehr machen zu müssen.
Er würde gerne in ein Praxisbetrieb einsteigen, um geregelte Arbeitszeiten nachzugehen und folgend mehr Zeit mit seiner Familie verbringen zu können.
Durch seine Zusatzqualifikationen hat er alle Voraussetzungen in einen Praxisbetrieb erfolgreich arbeiten zu können. 
Der Kandidat wohnt unweit von Düsseldorf und kann sich den Standort in Krefeld sehr gut als Arbeitsstandort vorstellen.
Er hat realistische Gehaltsvorstellungen (ca. 140.000€) und kann sich sehr gut als Fachmann einordnen.
Der Kandidat hat sein Interesse bekundet, würde sich sehr gerne näher vorstellen und steht für erste Kennenlerngespräche gerne zur Verfügung.","20.10.2022 - evgeny:
-möchte in der Nähe von Bonn in eine Praxis Umsteigen",sophie.zimmermann@outlook.com,+49 1264720587,,2026-01-17 14:33:19.354439,10tgpp9mp21y19xjl9wt15e0s0xr6y,,2026-01-17 17:25:35,2026-01-17
126,Richter,Klara,Dr.,interested,,,,,,,,,,berlin,,,,,,Doppelfacharzt,"Radiologie, Nuklearmedizin",nur Berlin und Umgebung (dort WHG gekauft),30.05.2023: nur Berlin und Umgebung (dort WHG gekauft),klara.richter@outlook.com,+49 1131741088,,2026-01-17 14:33:19.373612,1xso5gffmx1nsnob8ow90gmil7sct3,,2026-01-17 17:25:35,2026-01-17
831,Schwarz,Clara,Dr.,interested,,,,,,,,,,"köln, nordrhein-westfalen",,NRW,,Ltd. OA,"Ltd. OA, Standortleiter",Facharzt,"Radiologie, Mammographie, KI interessiert",Köln und Umgebung,"Will Leitung oder Management ohne Dienste. Will eher keine Ketten. Kann alles, MSK, Mamma, Herz, Prostata, Staging. 
ab 180k 
Kein Umzug, nur Köln. Gerne Remote und ein paar Tage vor Ort. 
Interesse an KI!",clara.schwarz@web.de,+49 1289360327,,2025-11-06 23:59:00,0x2gub44we28rt5pddp00iv1w2bq4t,Tel.,2026-01-17 17:25:35,2026-01-17
136,Wagner,Isabella,Dr.,interested,,vorgestellt bei Mergen,,,,,,,,nordrhein-westfalen,,NRW,,Standortleiter,Gesellschafter,Doppelfacharzt,"Radiologie, Nuklearmedizin",nur Gesellschafter,"Tele-Nuk Projekt vorgestellt

Kontakt über Mina Shahnaziyan. Er und Dr. Kohnen haben als GF gekündigt. Auch Mina hat gekündigt. Hat großes Interesse an Tele Nuk ca. 15h prp Woche
War in Essen Uni dort NUk und viel PET/CT gemacht. Dann in Praxis und FA für Rad gemacht. 
Will nur als Gesellschafter irgendwo arbeiten. Ist seit 2 Jahren GF bei RH TD für 8 Standorte. Hat Nuk ohne PET aufgebaut. Kennt sich mit KV Sehr gut aus. Kennt sich in Hybridbilder CT MRT aus. Kann FTG und PSMA, Tele Nuk als Nebenjob.",isabella.wagner@gmail.com,+49 1827337741,,2025-10-06 23:59:00,1obcmgafxi0eoz87nga102sa3ob2zh,Email,2026-01-17 17:25:35,2026-01-17
137,Schulz,Isabella,Dr.,interested,,vorgestellt bei Mergen,,,,,,,,"AT, CH, DE",,"ganz Deutschland, Österreich, Schweiz",,Oberarzt,"Ltd. OA, Chefarzt",Doppelfacharzt,"Radiologie, Nuklearmedizin",interessiert an Tele-Nuk,"interessiert an Tele-Nuk
DoppelFA Radiologie Nuklearmedizin",isabella.schulz@yahoo.de,+49 1700266371,,2025-10-28 23:59:00,2hae9ezock0umxg7nx520bwdv3bo0g,Tel.,2026-01-17 17:25:35,2026-01-17
147,Bauer,Mila,,interested,,vorgestellt bei Mergen,,,,,,,,"AT, CH, DE",,"ganz Deutschland, Österreich, Schweiz",,Oberarzt,Gesellschafter,Facharzt,Nuklearmedizin,will Gesellschafter,"Will als Gesellschafter, FA Nuklearmedizin
aktuell kein PET/CT aber in Uni viel PET/CT gemacht 2 Jahre in Folge
01.03.2026
Vollzeit 

bei Mergen vorgestellt. Leider von Mergen abgesagt weil zu sehr auf Geld fixiert. 
Gerne in Kontakt bleiben.",mila.bauer@yahoo.de,+49 1435394598,,2025-11-13 23:59:00,0n3xfama370v57gbi4xr2a077h2n4g,Tel.,2026-01-17 17:25:35,2026-01-17
154,Zimmermann,Anna,Dr.,interested,,vor Ort Besuch,,,,,,,,"CH, DE",True,"ganz Deutschland, Schweiz",,Oberarzt,"Ltd. OA, Chefarzt, Gesellschafter",Facharzt,Nuklearmedizin,für Tele Nuk,"ihm wäre wichtig, dass er als Honorararzt arbeiten kann. Da er Notarzt in 4 Bezirken fährt, entgeht man so der Scheinselbstständigkeit.
Er würde sich über eine langfristige regelmäßige Zusammenarbeit sehr freuen. In unserem Gespräch hat er vorgeschlagen, dass er gerne alle PSMA Prostata PET/CT befunden könnte. Dazu würde er mindestens einen Tag pro Woche, in der Urlaubszeit auch gerne mehr, für unser Projekt fest einplanen. 

ist in HHU, will bis 2027 bleiben weil er habil macht. Macht auch Notarzt parallel und viel Forschung. Macht 80h pro Woche. Sehr interessiert an Tele Nuk. Sehr guten Kontakt zu Dr. Werner an der TUMünchen mit Forschung. Bei PUBMED seinen Namen eingeben. Hat in den letzten Jahren über 20 Publikationen. Kann gerne immer wieder für eine Woche nach München kommen. Will auch mit den Daten aus RoMed Forschen.",anna.zimmermann@gmail.com,+49 1095511823,,2025-10-29 23:59:00,1svayvl5px0hclwixqg32a37vuxz5b,Tel.,2026-01-17 17:25:35,2026-01-17
162,Müller,Julia,Dr.,interested,,,,,,,,,,"bochum, nordrhein-westfalen",False,NRW,,Standortleiter,"Oberarzt, Ltd. OA, Standortleiter, Gesellschafter",Facharzt,"Radiologie, Kinderradiologie",FA Rad und Kinderradiologie - Bochum und Umgebung,"Nur Bochum und Umgebung. Hat 3 Kinder. War bei Uhlenbrock. Ist Standortleiter von einem kleinen Standort Mrt,ct, rö. Hat die Zusatzbezeichnung Kinderradiologie. Q1 MSK, kann Prostata und Herz CT. Kein Herz MR kein Mamma. 
Datteln, Evidia, Uhlenbrock, Rh DT interessant wenn Verträge iteressant sind. Gerne Leitung oder Teilleitung. Gerne per Lin schreiben.",julia.müller@gmail.com,+49 1540758439,,2025-12-09 23:59:00,2f6hfo9u1e2l7queg3ld0bw9gbhi2o,Tel.,2026-01-17 17:25:35,2026-01-17
173,Becker,Maria,Dr.,interested,,,,,,,,,,köln,,,,Oberarzt,"Ltd. OA, Standortleiter",Facharzt,"Radiologie, Neuroradiologie",OA Köln Merheim,"Lüdenscheid per Email angeboten

12.04.2023 - TP:
Sehr geehrte Frau Boss.

Vielen Dank für die Zusendung des Stellenangebotes.

Ich bin derzeit aber nicht an einem Arbeitsplatzwechsel interessiert.

Bei ähnlich attraktiven Angeboten dürfen Sie mich aber gerne wieder kontaktieren.


Mit freundlichen Grüßen.",maria.becker@yahoo.de,+49 1521802612,,2025-08-26 23:59:00,1f4rw53xhb1dgszenm2r0x63uxgise,Email,2026-01-17 17:25:35,2026-01-17
851,Krüger,Alina,,contacted,,,,,,,,,,,,,,,,Facharzt,"Orthopädie & UCH, Chirurgie",,"31.10.2022 - EB:
Arbeitet in Mettmanner KH, er hat eine inoffizielle ltd Position, ist Professor und verdient an die 160k. Er möchte unbedingt viel operieren. 
Ist Facharzt für Chirurgie mit Schwerpunkt Unfallchirurgie und Zusatzweiterbildung Notfallmedizin sowie Fachkunde aktive Notarzttätigkeit.",alina.krüger@yahoo.de,+49 1955339608,,2026-01-17 14:33:19.300648,216nrg49ri1p1hqomllb0ciom8sgb4,,2026-01-17 17:25:35,2026-01-17
193,Weber,Mara,Dr.,interested,,,,,,,,,,baden-württemberg,False,Baden-Württemberg,,Facharzt,"Facharzt, Oberarzt, Ltd. OA, Chefarzt, Standortleiter",Facharzt,"Radiologie, Neuroradiologie",Mittel- und Südbaden (BW),vielen Dank für Ihre Nachricht. Ich bin aus privaten Gründen an Mittel- und Südbaden gebunden.,mara.weber@yahoo.de,+49 1148616516,,2022-02-10 23:59:00,1oppei2d8o0jzqmtfuyu09pytlz5wj,LinkedIn,2026-01-17 17:25:35,2026-01-17
198,Krüger,Anna,Dr.,interested,,,,,,,,,,"berlin, hamburg",,,,Ltd. OA,"Ltd. OA, Chefarzt, Standortleiter",Facharzt,"Radiologie, Neuroradiologie",ist bei Conradia HH - offen für HH oder Berlin,"15.10.2024 - TP:
FA Radiologie und Neuroradiologie. 56 J alt. Arbeitet in Elmshorn. 
Keine Interventionen. 
Kennt schon Viseorad",anna.krüger@outlook.com,+49 1519985289,,2026-01-17 14:33:19.383286,0u79n4761d00abpjlij31t3hi2fkvx,,2026-01-17 17:25:35,2026-01-17
214,Wagner,Lea,Dr.,interested,,,,,,,,,,nordrhein-westfalen,True,NRW,,Ltd. OA,"Ltd. OA, Chefarzt, Standortleiter",Facharzt,"Radiologie, Neuroradiologie",Nur klinisch und am Rhein,"Keine Rückmeldung mehr erhalten für Ochtrop.

Nochmal ansprechen wegen des Gehaltes.

Nochmal Tel. Lüdenscheid nicht, weil zu weit weg. Will jetzt doch keine Dienste mehr und auch keine Interventionen. Eltern Leben im Ruhrgebiet. Leverkusen vorgestellt als Leitung ambulante Versorgung. Hat nur einen Mann und einen  Hund.

Arbeitet aktuell bei einem kirchlichen Träger, wo eigene Gesetze gelten. Das gefällt ihr nicht. Macht aktuell Diagnostik und möchte wieder Interventionen machen. Gerne nur Notfall Interventionen (Thrombektomien). Kein AVM etc. 
Hat 6M zum QEnde Kündigungsfrist. Hat viel Führungserfahrung. Umzug OK, weil nur Ehemann und Hund. Arbeitet auch in der Ärztekammer NRW.
Kein Mamma, MSK nicht Favorit aber auch gerne. Hat Zertifikate in Herz und Prostata Diagnostik. Will 230k Gehalt wenn sie wechseln soll.  
Vorheschagen Lüdenscheid und Leverkusen. Schick mir ihren CV.",lea.wagner@web.de,+49 1711343540,,2025-07-25 23:59:00,2ieon3lmo119rbzpcbiy1evo1623ev,Tel.,2026-01-17 17:25:35,2026-01-17
228,Krüger,Lisa,,interested,,,,,,,,,,DE,,ganz Deutschland,,Oberarzt,"Ltd. OA, Standortleiter",Facharzt,"Radiologie, Neuroradiologie",will Ltd. OA mit interv. Neuroradiologie,"bei Ochtrop vorgestellt. Keine Rückmeldung.
Wien angefragt.",lisa.krüger@web.de,+49 1218635549,,2025-06-23 23:59:00,16m1b5i07w0t9n9bp35r1kls7qisud,Email,2026-01-17 17:25:35,2026-01-17
849,Wagner,Johanna,Dr.,interested,,,,,,,,,,CH,False,Schweiz,,,,Facharzt,"Radiologie, Mammographie",Basel und CH,"War 3 Jahre FA in Belgien
sucht in Basel und Umgebung ab 08/09-2025
Hat eine Absage bekommen weil das Deutsch noch nicht gut genug ist. 
Hat 1J Kind
Kann Mamma und Ultraschall
hat Mebeko",johanna.wagner@outlook.com,+49 1941796180,,2025-05-13 23:59:00,1z98qf4j9b0i8xvjgv4i08gvumjsll,Tel.,2026-01-17 17:25:35,2026-01-17
233,Schneider,Klara,,interested,,,,,,,,,,"CH, DE",True,"ganz Deutschland, Schweiz",,Ltd. OA,"Ltd. OA, Chefarzt, Standortleiter",Facharzt,"Radiologie, Neuroradiologie",will ZWB Neuroradiologie machen,"Lüdenscheid will nicht weil keine ZWB möglich
Lübeck hat Segali selbst abgesagt
vereinbart, dass wir in Kontakt bleiben

Jetzt Uniklinik Marburg Honorarärztin

Hat neuro gemacht.
Macht aktuell befristete Anstellung
Recklinghausen wohnt 
Will Embolisation und alles für Modul F lernen
Hat 2024 Thrombektomien gemacht
30-40 gemacht
kann nach einem Monat Dienste machen
braucht 1 Jahr noch für die Zusatzbezeichnung Neuroradiologie
Kann Alles Diagnostik auch Mamma alles 
Kann auch Kinderradiologie 
2019 Mai FA gemacht
Ist aktuell befristet in Marburg
will 200k ohne Dienste Grundgehalt
CV kommt  
Ab 01.01.2026 kann anfangen",klara.schneider@gmail.com,+49 1467552838,,2025-07-24 23:59:00,26k71evb6i1jf8pz40la0t3ymtinvy,Tel.,2026-01-17 17:25:35,2026-01-17
234,Hartmann,Maria,,interested,,,,,,,,,,"CH, DE",True,"ganz Deutschland, Schweiz",,Oberarzt,"Ltd. OA, Chefarzt",Facharzt,"Radiologie, Neuroradiologie",will Ltd. OA mit interv. Neuroradiologie,"hat einen Vertrag von seinem aktuellen AG angeboten bekommen. will sich nächste Woche mit Antwort melden. Keine Rückmeldung.
35 J alt
In Köln studiert
war bei Klinikum Oberberg
Uni Aachen Neuroradiologie gelernt
kann Thrombektomie 
Aktuell OA Strahlsund Helios
Zertifikat Modul E kann machen.
Macht 10 Dienste bei Helios 
will 250k",maria.hartmann@web.de,+49 1725321619,,2025-07-15 23:59:00,12cna1pnot0lb07vn617208nzqqpfs,Tel.,2026-01-17 17:25:35,2026-01-17
235,Krüger,Mila,,in Interview,,1. Kennenlernen,,,,,,,,"CH, DE",True,"ganz Deutschland, Schweiz",,Facharzt,"Oberarzt, Ltd. OA, Chefarzt",Facharzt,"Radiologie, Neuroradiologie",kann alle Interventionen,"Bei Göbel in Herdecke angefragt
vorgestellt bei Kramer

Hat ein gutes Angebot OA mit 200k

Segali hat angeboten 175 - 200 - 220
OA - Modul E - Ltd. OA 
Diagnostik ist Problem 
Diagn 50/50

spricht Russisch.
Macht seit 3 Jahren selbst Thrombektomien
bereitet sich auf Modul E vor
Kann auch Kardio Interventionen. 20 Jahre Berufserfahrung mit Kardiologie und Neurochirurgie
Familie hat Haus in Celle gekauft. Könnten Umziehen. Pain Poit sein Chef weiß dass er ein Haus hat und will ihm keine OA Stelle geben. 
Sein Chef kommt aus Uni Lübeck
Diagnostik müsste lernen.",mila.krüger@yahoo.de,+49 1805827780,,2025-12-17 23:59:00,1jmp9rm8e202gwyfedzi2abn6jz2j4,Email,2026-01-17 17:25:35,2026-01-17
238,Meyer,Mila,,interested,,,,,,,,,,"CH, DE",,"ganz Deutschland, Schweiz",,Facharzt,"Facharzt, Oberarzt, Ltd. OA, Standortleiter",Facharzt,"Radiologie, Neuroradiologie",Interventionelle Neuroradiologie,"11/2025 hat einen neuen Job in Gemainschaftskh Herdecke
Tel. Nr. von Mraisch erhalten

Tel: Hat Thrombektomien gemacht 49 selbst 
Schnell anfangen ab 01.11. Vollzeit
Wohnt in Hagen
Ist bis Oktober gebunden
3 Monate Teilzeit 50% bis dahin
Und danach Vollzeit
Er soll Weiterbildungsermächtigung machen, Will Zusatzweiterbildung Neuroradiologie
Hat schon 3 Monate Weiterbildung gemacht
Angebot aus Cottbus für 240k 8 inkl.",mila.meyer@web.de,+49 1623987009,,2025-07-24 23:59:00,1d383ysd361pb775yokd2kbqh8snah,Email,2026-01-17 17:25:35,2026-01-17
239,Koch,Lisa,,interested,,,,,,,,,,"heidelberg, mannheim",,,,Oberarzt,"Ltd. OA, Chefarzt, Gesellschafter",Facharzt,"Radiologie, Neuroradiologie",will Ltd. OA mit interv. Neuroradiologie - Mannheim und Umgebung Heidelberg,"wohnt in Mannheim, auch Heidelberg wäre ok
Ende 2023 FA und immer nur an Unis
macht aktuell WB Neuroradiologie
Auch gerne CH
Mitte 2027 ist feritg mit Weiterildung
kann auch allg. Interventionen machen
gerne im ambulanen Bereich ohne Interventionen für Familienzeit
keine Mamma, will weg von der Uni. will gutes Leben aber mit Familienzeit
von interventionen in die niederlassung 
genre gesellschafter

Hallo Herr Likhachev, vielen Dank für Ihre Nachricht. Ich wohne in Mannheim. Falls Sie in Zukunft Angebote in der Region haben, würde ich mich sehr darüber freuen.
Ich werde meinen Schwerpunkt in der Neuroradiologie erst absolvieren. Denken Sie, dass sich das auf das Gehalt auswirkt?",lisa.koch@yahoo.de,+49 1936476240,,2025-07-14 23:59:00,2e9dl3390o2hnskgzfen0qg66m29xo,LinkedIn,2026-01-17 17:25:35,2026-01-17
240,Zimmermann,Isabella,Dr.,interested,,,,,,,,,,"CH, DE",,"ganz Deutschland, Schweiz",,Oberarzt,"Ltd. OA, Chefarzt",Facharzt,"Radiologie, Neuroradiologie",will Leitung Neuroradiologie mit E und F,"St. Gallen vorgestellt. Abgesagt, weil Gehalt zu niedrig.

 Kennt Dr. Hellstern. Tel. Verdient jetzt 270 ohne Zulagen. Vllt wegen der Familie doch interessant. Ist am Montag in Zürich. vereinbart dass ich freitag nächste Woche anrufe, sie ist dann im Urlaub

macht nur Neurointerventionen inkl. AVM, Durafestel etc. Keine Diagnistik 
Hat Modul E und F
Will Leitung. Ist jetzt OA und wird geschäftsführende OA
vereinbart, dass wir in Kontakt bleiben. 
Sucht längerfristig war interventionelles E und F
Sektionsleitun ltd. OA
jetzt Vollzeit mit 18 Dienste aktuell

St. Gallen angeboten",isabella.zimmermann@web.de,+49 1095671607,,2025-11-21 23:59:00,05s9prq3xa27g5zvj3ts19tl21sfxb,Tel.,2026-01-17 17:25:35,2026-01-17
242,Richter,Nina,,interested,,,,,,,,,,"CH, DE",True,"ganz Deutschland, Schweiz",,Facharzt,"Oberarzt, Ltd. OA",Facharzt,"Radiologie, Neuroradiologie",will Neurointerventionen lernen,"Seit 1 Jahr FA und ist offen. 
Will Zusatzweiterbildung Neuroradiologie zu Ende machen und ist Ende des Jahres fertig
Ganz DE offen
SP Diagn. Neurodiagnostik, Onko und Prostata",nina.richter@web.de,+49 1396810729,,2025-07-30 23:59:00,0sj8g4up4j0kao63yk582q7utjnxpe,Tel.,2026-01-17 17:25:35,2026-01-17
871,Neumann,Elena,,contacted,,,,,,,,,,,,,,,,Facharzt,Innere Medizin,,,elena.neumann@yahoo.de,+49 1944251757,,2026-01-17 14:33:19.303211,1ijgs34dsw2iprhddt8n0q16wdflci,,2026-01-17 17:25:35,2026-01-17
246,Krüger,Clara,,interested,,vorgestellt bei Bader,,,,,,,,"CH, DE",True,"ganz Deutschland, Schweiz",,Chefarzt,"Chefarzt, Gesellschafter",Facharzt,"Radiologie, Neuroradiologie",will Gesellschafter,"ist CA in Leer

vorgestellt bei Bader - absage Email

Mamma hat lange gemacht
Prostata und Herz wenig 
SP MSK und Neuro
210k OK
Anfang des Jahres anfangen
Erst er ein paar Monate und dann Familie
Haben ein Haus in Meppen
Wenn dann nur Beteiligung interessant",clara.krüger@yahoo.de,+49 1304055831,,2025-08-28 23:59:00,0iv8cjhb8a22i2fo1c772if32fmzyc,Tel.,2026-01-17 17:25:35,2026-01-17
247,Schneider,Clara,,interested,,,,,,,,,,nordrhein-westfalen,False,NRW,,Ltd. OA,Chefarzt,Facharzt,"Radiologie, Neuroradiologie",nur CA mit interventioneller Neuroradiologie,"ist Ltd. OA in Solingen.
Hat Module E und F 
macht alles 
haben haus gekauft in Unterrath nur Düsseldorf und Umgebung
Wenn dann CA mit Interventionen und gerne auch Bauch und gelenkinterventionen",clara.schneider@web.de,+49 1912625657,,2025-08-27 23:59:00,0eitwqd21p07s15mlaum1ee55ddjwo,Tel.,2026-01-17 17:25:35,2026-01-17
868,Wolf,Lena,Dr.,contacted,,,,,,,,,,hamburg,,,,,,Facharzt,Innere Medizin,"Famulaturen:
Hamburg: Gynäkologie/Geburtshilfe; Innere Medizin, plastische Chirurgie, Neurologie

Praktisches Jahr:
Innere Medizin im UKE Hamburg
Gynäkologie und Geburtshilfe im UKE Hamburg
Chirurgie: Allgem. Krankenhaus Altona",,lena.wolf@outlook.com,+49 1645639841,,2026-01-17 14:33:19.302176,0pia62xagj0pijqxr3dp1wpof15e45,,2026-01-17 17:25:35,2026-01-17
893,Zimmermann,Lena,,contacted,,,,,,,,,,,,,,,,Facharzt,Innere Medizin,,"22.12.2022 - vmartynenko:
Interesse an Chefarztstellen in der Schweiz",lena.zimmermann@outlook.com,+49 1810317033,,2026-01-17 14:33:19.305195,2nszvqdtsb0vxzzr1hn92op7slggz5,,2026-01-17 17:25:35,2026-01-17
249,Wagner,Anna,,interested,,,,,,,,,,"AT, CH, DE",True,"ganz Deutschland, Österreich, Schweiz",,Oberarzt,Ltd. OA,Facharzt,"Radiologie, Neuroradiologie",will nach CH oder D / Ltd. OA oder CA,"Tel. will erst seine Prüfung im Januar SP Neuroradiologie machen und dann weitersehen. Bitte erstmal noch nicht vorstellen bei Hellstern, bei Dr. Knecht mehr Interesse, Vereinbart dass er überlegt. 

hatte seine Approbation automatisch erhalten. will Promotion machen. Wenn Ltd. OA dann gerne bis zur Rente.
80-100%
Kann auch an eine Uni als OA und dann promotion machen. 
Macht noch keine KI in der Diagnostik
Programmiert seit 1998 als Hobby html
hat https://www.neuroradx.de/ mit 7000 Fragen selbst programmiert.
Ist Diszipliniert
Hat 2007 1 Jahr lang Gesundheitsmanagement gemacht und Interesse an wirtschaftlichen Prozessen
macht seit 2 Jahren Ausbildung von Kollegen
ist auch FA Innere und deswegen gute Zusammenarbeit mit Innere zB bei Indikationen für CT
weil verständnis aus beiden fachbereichen
hat schon MEBEKO
kann ab 01.04.2026 - 3M zum QEnde
Gerne Leitung will DR machen
Kann Thrombektomien und Stents
AVM, Durafisteln und Aneurysmen mitgemacht aber nicht selbst. Kann gerne lernen. Interessant für Hellstern und Knecht",anna.wagner@yahoo.de,+49 1459414900,,2025-11-05 23:59:00,2929yirpv615zutiar3h1mz5pv0515,Tel.,2026-01-17 17:25:35,2026-01-17
250,Wagner,Emma,Dr.,in Interview,,vorgestellt bei Segali,,,,,,,,"köln, nordrhein-westfalen",,NRW,,Oberarzt,"Oberarzt, Ltd. OA, Standortleiter",Facharzt,"Radiologie, Neuroradiologie",Köln und Umgebung,"bei Segali für Engelskirchen vorgestellt

ist eigentlich Interventioneller Neuroradiologe. Familie wohnt in Köln und will dorthin zurück. Arbeitet am Chiemsee. Will keine Dienste mehr und in die Diagnostik Praxis MVZ ohne  Dienste. Kann kein MSK und nur Neuro. Vllt sucht jemand mit Neurokenntnissen. Bereit bis 1h zu pendeln. Hat noch nicht gekündigt.",emma.wagner@outlook.com,+49 1056471594,,2025-11-27 23:59:00,19zpt70o1k09di51q8wl1wvfzzyotv,Email,2026-01-17 17:25:35,2026-01-17
251,Schwarz,Julia,,interested,,,,,,,,,,"AT, CH, DE",,"ganz Deutschland, Österreich, Schweiz",,Ltd. OA,Chefarzt,Facharzt,"Radiologie, Neuroradiologie",will CA Neuroradiologie,"Arbeitet im Krupp, hat Modul E/F",julia.schwarz@web.de,+49 1720222876,,2025-11-11 23:59:00,1xdrxcvvq80xi142eubw03yksjlhha,LinkedIn,2026-01-17 17:25:35,2026-01-17
253,Schulz,Emma,Dr.,interested,,,,,,,,,,DE,True,ganz Deutschland,,Oberarzt,"Ltd. OA, Chefarzt",Facharzt,"Radiologie, Neuroradiologie",will Ltd. OA mit interv. Neuroradiologie,"Tel. macht Anfang des Jahres SP Neuroradiologie. Will dann Ltd. OA oder CA mit Interventioneller Neuroradiologie
Hat Modul E 
Für F braucht man noch 2 Jahre",emma.schulz@yahoo.de,+49 1619722944,,2025-11-25 23:59:00,19k0vb25ev0xbenlmryl10l6z3fzlc,Tel.,2026-01-17 17:25:35,2026-01-17
259,Koch,Elena,Dr.,interested,,,,,,,,,,"CH, DE",True,"ganz Deutschland, Schweiz",,Oberarzt,"Ltd. OA, Chefarzt",Facharzt,Neuroradiologie,nur interv. Neuroradiologie,"Tel. Ist OA im Krupp bei Chapeao, hat mehr als 400 Thromektomien selbst gemacht. Will nur Interventionell in Zukunft arbeiten und das ganze Spektrum inkl. AVM, Fistel etc. machen.",elena.koch@web.de,+49 1178356880,,2025-06-22 23:59:00,2ajgfyro0s0vk70q8myf2a84mxj8c2,Tel.,2026-01-17 17:25:35,2026-01-17
260,Richter,Mila,Dr.,interested,,,,,,,,,,"AT, CH, DE",True,"ganz Deutschland, Österreich, Schweiz",,Ltd. OA,Chefarzt,Facharzt,Neuroradiologie,will CA Neuroradiologie,"hat Modul E und F 
machen ca. 200 Thrombeltomien
30 AVM 70 Aneurysmen 20 Durafisteln, ähnlihc St- Gallen. Kennt Hellstern
Hat jetzt 250k deswegen St. Gallen nicht interessant
Umzug OK ist flexibel, 
gerne CA in DE oder entsprechende Position in CH mit 300 CHF
Leitet die Neuroradiologie in Karlsruhe seit 4 Jahren.",mila.richter@outlook.com,+49 1244672812,,2025-10-20 23:59:00,1jf21ap3st21dnscc5wf0bdf6s2uh6,Tel.,2026-01-17 17:25:35,2026-01-17
261,Koch,Lena,PD Dr.,interested,,,,,,,,,,"AT, CH, DE",True,"ganz Deutschland, Österreich, Schweiz",,Ltd. OA,"Ltd. OA, Chefarzt",Facharzt,Neuroradiologie,FA Neuroradiologie mit E und F,"Hellstern leider abgesagt

will mehr Action. Ist seit einem Jahr in Esslingen aber es ist nicht spannend. 
Hat Modul E und F
Kann alles, mit etwas einarbeitung. 
war mehr als 20 Jahre an der Uni.  jahre als Ltd. OA in Uni Gießen
1 Jahr OA in Salzburg
hat SP Neuroradiologie und hat nur das gemacht. 
will je mehr desto besser arbeiten. 

Wichtig sind Motivation und Klima. FA seit 2014. 
Hat die Österreichische Zulassung und alle Papiere für CH aber noch keine MEBEKO.",lena.koch@outlook.com,+49 1452801055,,2026-01-05 23:59:00,1gyndu1ndr1h75vo6y2x2hsl1nyi6x,Email,2026-01-17 17:25:35,2026-01-17
263,Hartmann,Elena,,interested,,,,,,,,,,münchen,,,,Ltd. OA,"Ltd. OA, Chefarzt, Standortleiter",Facharzt,Radiologie,westlich von München,"25.04.2024 - TP:
Tel. ist jetzt nicht aktiv auf der Suche aber gerne ansprechen wenn ich etwas in der Nähe habe

24.02.2024 - TP:
Tel. Ziehen mit Ehefrau nach Bad Wörnishofen. Frau ist Neurologie und Psychiatrie
hat PET-CT Kenntnisse aber keine Fachkunde. Kein Mamma, kein Angio. 
CT-Interventionen ja
SP MSK
eher Klinik aber kommt drauf an
150 jetzt, 165-175 will ohne Dienste",elena.hartmann@gmail.com,+49 1808250262,,2026-01-17 14:33:19.392543,2ok7vn3l2t049qm7a8qj2db5ogqe2i,Email,2026-01-17 17:25:35,2026-01-17
895,Hoffmann,Lea,Dr.,contacted,,,,,,,,,,,,,,,,Facharzt,Innere Medizin,,,lea.hoffmann@gmail.com,+49 1287256495,,2026-01-17 14:33:19.306215,2lmk36cm4g06vb23oyxo2h5xd1l1mj,,2026-01-17 17:25:35,2026-01-17
28,Krüger,Maria,Dr,interested,,,,,,,,,,"AT, CH, DE",True,"ganz Deutschland, Österreich, Schweiz",,Ltd. OA,"Ltd. OA, Chefarzt, Standortleiter",Facharzt,Orthopädie & UCH,will CA,"Prien wurde abgelehnt weit keine spez ortho chirurgie. Macht diese aber schon 2026

macht Dienste in der UCH + Endoprothetik
Kann eine minimal-invasive Methode  AMIS von Fa Medacta. Macht das seit 4 Jahren. Pat kommen von Weit. 
War als AA bei der Gründung des Endo-Zentrums in Wesel dabei. Hat damals 10-12 Dienste gemacht und das Team war am Ende 1-5OA-8AA. Er selbst und ein weitere AA sind dann auch OA geworden. 
Haben in Wesel 3 Hüften und 1 Knie pro Tag gemacht. 
Ist jung und kommunikativ
Ist dann nach Bochum. Bekannt für Revisionen. Dort sehr viel Revisionsendoprothetik (10-12 Stunden OPs + BG).
Für Spez. orthopädische Chirurgie noch 14  MOnate weil man nicht parallel machen darf. 
Man kann aber auch schon arbeiten wenn man im Team jemadnen damit hat .
Hat im Dez 3 Wochen freu wg Überstunden
3M Frist aber nach Abspreche auch früher.
aktuell 160-180, will entsprechend mehr. 
Flache hierarchien. Kommunikation. Aufbau.
Keine Familie, Umzug OK",maria.krüger@yahoo.de,+49 1929847016,,2025-12-23 23:59:00,21gn1ys5b41jth43zoi50qv70lynp1,Email,2026-01-17 17:25:35,2026-01-17
280,Bauer,Elena,,contacted,,,,,,,,,,"biberach, münchen, ulm",,,,,,Facharzt,Radiologie,"AA fehlt nur Mamma, München, Ulm Biberach Raum","AA fehlt nur Mamma, München, Ulm Biberach Raum",elena.bauer@yahoo.de,+49 1423950975,,2026-01-17 14:33:19.395583,1ccneibfoj23w3m5h01l0qs8skizkj,,2026-01-17 17:25:35,2026-01-17
288,Hoffmann,Laura,,interested,,,,,,,,,,baden-württemberg,,,,Facharzt,"Facharzt, Standortleiter, Gesellschafter",Facharzt,Radiologie,Leben in BW,"21.02.2023 - TP:
Ich habe kein Interesse an einem Stellenwechsel im Raum NRW, da unsere Familie demnächst wahrscheinlich nach Baden-Württemberg umzieht.",laura.hoffmann@yahoo.de,+49 1749981744,,2026-01-17 14:33:19.396563,1quzmdvj781qmkjjnu010nl9ac5olk,,2026-01-17 17:25:35,2026-01-17
293,Schulz,Lea,Dr.,interested,,,,,,,,,,"köln, nordrhein-westfalen, ohne",,NRW,,Facharzt,Facharzt,Facharzt,Radiologie,sucht ohne Dienste TZ Raum Köln,hat 6M Kfrist,lea.schulz@web.de,+49 1858336867,,2025-07-10 23:59:00,1iua4lkmri1pbtm3ly3v2fzb80qyvs,Email,2026-01-17 17:25:35,2026-01-17
296,Klein,Clara,,interested,,,,,,,,,,essen,,,,Ltd. OA,"Ltd. OA, Chefarzt, Standortleiter",Facharzt,Radiologie,nur um Essen und Ruhrgebiet,"14.03.2023 - TP:
Sehr geehrte Frau Boss,

besten Dank für Ihre eMail.

Es handelt sich hierbei sicherlich um eine attraktive Stelle.

Ich wohne in Essen und bin aktuell (1-2 Jahre) an Essen und seine direkte Umgebung gebunden. Obwohl Düsseldorf nicht so weit entfernt ist, kommt die Stelle aktuell aus organisatorischen Gründen für mich nicht in Frage.

Sie können mir aber gerne weiterhin Stellen aus dem Ruhrgebiet auf meine private eMail  senden.

Mit freundlichen Grüßen


21.02.2023 - TP:
Leiter Martinus angeboten - Email

nur um Essen

13.08.2021: Tel. Grönemeyer Bochum vorgestellt. Kennt das, kennt auch viele Kollegen und auch das Krupp gut. Will noch etwas mehr Action! Haben in Essen ein Haus gekauft! Vereinbart, dass wir in Verbindung bleiben. 
Er wohnt in Essen und hätte gerne was in der Umgebung, Düsseldorf sei ein weinig weit, aber sagte, dass wir ihm einfach Stellen zu schicken sollen und er schaut da drüber.

Das wichtigste sei für ihn der Wohnort.

Er kann alles, auch interventionell.",clara.klein@outlook.com,+49 1382053134,,2026-01-17 14:33:19.397563,2j20mnqm2t2bwb0hfh8l0of92w4p8r,,2026-01-17 17:25:35,2026-01-17
323,Schulz,Julia,,Hot / is searching,,,,,,,,,,"hamburg, schleswig, schleswig-holstein",,,,,,Facharzt,Radiologie,"Schleswig-Holstein oder HH, fängt am 04/2023 neuen Job an","12/2025: Hat Alex bei LinkedIn kontaktiert. Interesse Leiter amb Wismar

22.02.2023 - TP:
Sehr geehrter Herr Putilin,

momentan kommt ein Umzug nicht für mich infrage, ich bin aber weiter an teleradiologischen Angeboten (ohne Nachtdienste) interessiert. Ich wechsele zum 01.04. diesen Jahres in eine Praxis nach Schleswig, da ich mich dort Gehaltstechnisch verbessere und insgesamt eine bessere Perspektive habe.

Viele Grüße,
Nils Budach

21.04.2021 - TP:
Leider kommt das Angebot nicht für mich infrage, da ich nach Stellen in Schleswig-Holstein suche.   Falls Sie Stellenangebote für Schleswig-Holstein (bzw. bei sehr gut vergüteten Angeboten ( 200.000€ p.a. auch Hamburg) oder alternativ zeitlich flexible teleradiologische Angebote haben, können Sie mich sehr gerne benachrichtigen.

teleradiologischen Angeboten aus dem Inn- und Ausland - oder Auswertung klinischer Studien (RECIST 1.1)",julia.schulz@outlook.com,+49 1406246171,,2025-12-21 23:59:00,2msrrk4d6u1bfhh7mxz70hgwayyruh,LinkedIn,2026-01-17 17:25:35,2026-01-17
336,Hartmann,Anna,Dr.,contacted,,,,,,,,,,CH,,,,Ltd. OA,"Ltd. OA, Chefarzt, Standortleiter",Facharzt,Radiologie,Leitung oder CA aber mit viel  Geld - kommt aus CH und Frau Dermatologin,"04.01.2023 - TP:
Hisichtlich einer Weiterentwicklung am neuen Standort: Will sich im Sport Bereich aktivieren Arthrosgrafie und rheumatologische sachen, tumorbildgebung und weichteiltumore, knochen, MSK Radiologie in Stuttgart aufbauen

Wunschgehalt: 200k Leitung Praxis fix und später mehr bei Leitung MVZ
Vorgestellt für Leiter Stuttgart aber von Segali abgelehnt. 

Verfügbarkeit zeitlich: 6 Monate, kann vorher ab 3 Monate reduzieren auf 20%
Verfügbarkeit räumlich:

Karl olga krankenhaus hatte kontakt anfang corona Zeit

wie viele untersuchungen gibt es ?

will nach Deutschland zurück aus persönlichen Gründen, und auch damals deswegen beworben in Stuttgart

hat eine sehr hohe Konkurrenz in Bern, Zuweiserpflege ist sehr harte Arbeit und hat da viel Erfahrung

Einen Tag pro Woche zu Zuweisern gehen und Marketing machen

ist seit 2015 schon im Inselspital

Frau ist Dermatologin, kann Sie da ein Zimmer in der Nähe haben?",anna.hartmann@web.de,+49 1721400305,,2026-01-17 14:33:19.402631,1hv2ltwccf1r53lawdey0a2xk46dk8,,2026-01-17 17:25:35,2026-01-17
924,Bauer,Julia,Dr.,contacted,,,,,,,,,,,,,,,,Facharzt,Anästhesie,,,julia.bauer@outlook.com,+49 1105914225,,2026-01-17 14:33:19.308691,2gprn07y0w25jwm7dids1f1cu51l3r,,2026-01-17 17:25:35,2026-01-17
362,Neumann,Nina,Dr.,interested,,,,,,,,,,"berlin, potsdam",,,,Ltd. OA,"Ltd. OA, Chefarzt, Standortleiter",Facharzt,Radiologie,Berlin und Potsdam,"23.02.2023 - TP:

anbei zunächst mein nicht personalisiertes CV. Auf Anfrage sende ich gern ein Exemplar mit den persönliche Daten. 
Da ich gerade im Januar den AG gewechselt haben, bitte ich um äußerste Diskretion. Offiziell bin ich auch nicht „open to work“ und sicher kein „job hopper“. Grund für  den vergangenen Wechsel war, dass ich in der Start up Szene einfach die Routineradiologie vermisst habe. Außerdem sollte ich erwähnen, dass ich mich mit Titeln wie ltd. Oberärztin oder gar Chefärztin nicht besonders wohl fühle. Falls Sie fragen, wie lange ich beabsichtige noch zu arbeiten, antworte ich proaktiv: solange wie möglich.

Weitere Kommunikation bitte gern per Mail. 

ja, nur Berlin und Potsdam",nina.neumann@yahoo.de,+49 1353156227,,2026-01-17 14:33:19.406654,2oclaqbrtp06cz5cayma24lzgvfojk,,2026-01-17 17:25:35,2026-01-17
367,Schmidt,Elena,Dr.,interested,,anrufen,,,,,,,,"CH, DE",True,"ganz Deutschland, Schweiz",,Ltd. OA,"Ltd. OA, Chefarzt, Standortleiter, Gesellschafter",Facharzt,Radiologie,Zürich oder Basel etwas spannendes,"Gerne Universitäre Großstadt weil Partnerin in der Forschung arbeitet (Neuro  an Tieren)
Wohnt Köln linksrheinisch
Will Schnittbild bleiben oder auch gerne kleinere Interventionen
Macht SP MSK, Herz und Prostata
40% Herz und Gefäß 40% CT onko
MRT 50% MSK und resdt kopf neuro und onkolo
Wien angeboten
6 monate zum Q-Ende
für Freundin Zürich ideal wegen Forschung",elena.schmidt@gmail.com,+49 1812109870,,2025-08-20 23:59:00,0j6iokhwo607ds4jotcr1n2jl1vhde,Tel.,2026-01-17 17:25:35,2026-01-17
838,Hartmann,Julia,,contacted,,,,,,,,,,,,,,Oberarzt,"Ltd. OA, Standortleiter, Gesellschafter",Facharzt,Pädiatrie / Kindermedizin,,,julia.hartmann@outlook.com,+49 1972524278,,2025-05-29 23:59:00,2dxhz9etx01q9jvsytfq247m20fiph,LinkedIn,2026-01-17 17:25:35,2026-01-17
840,Koch,Lena,,contacted,,,,,,,,,,,,,,,,Facharzt,Pädiatrie / Kindermedizin,aktuell 05/2025 nein,Ich bedanke mich für die Nachricht aber aktuell bin ich nicht an einer neuen Stelle interessiert,lena.koch@web.de,+49 1423799437,,2025-05-29 23:59:00,1nn1wqnbpy00a1ms8pb51gep0tcb60,LinkedIn,2026-01-17 17:25:35,2026-01-17
842,Hartmann,Alina,,contacted,,,,,,,,,,,,,,,,Facharzt,"Radiologie, Mammographie",auch Mammographie,"05.09.2024 - TP:
Med360  Aktiv   31.07. Nachfrage gesendet
radprax Aktiv    vorgestellt bei Jung
RD TH Absage    wurde von anderen vorgestellt",alina.hartmann@yahoo.de,+49 1021833553,,2026-01-17 14:33:19.298508,09dg7k7k3u29k6v2wzl02m9km7flho,,2026-01-17 17:25:35,2026-01-17
843,Klein,Lea,Dr.,interested,,,,,,,,,,,,,,,,Facharzt,"Radiologie, Mammographie",AA Radiologie - kein Interesse 12/2022,"08.01.2024 - TP: Ich werde voraussichtlich ab Sommer eine OA-Stelle antreten und vorerst nicht in eine Praxis wechseln. Zumal mir die Pendelei nach Gummersbach auch zu viel wäre.


07.12.2022 - TP: Kurz telefoniert. Hat direkt gesagt, dass Sie kein Interesse hat. 

Teleradiologie auch gerne
Mammografie gerne in Zukunft spezialisieren
ende märz 2023 fertig
mai juni FA prüfung
frage nach weiterhinibg
vollzeit
schnittbild
aktuell noch nicht in mammografie reinrotiert
dsa auch aber mag nicht
kündigungsfrsit 6 wochen zum qende

gehalt?

2-3 dienste im monat
jetzt 9-9,5 brotto im monat

6000 ohne Dienste
7,5-8 ist ok
9000 mit diensten

AA Radiologie",lea.klein@outlook.com,+49 1698956705,,2026-01-17 14:33:19.298508,2rlrugqd8u28hzdzy8wj0u36645ezh,,2026-01-17 17:25:35,2026-01-17
938,Neumann,Paula,Dr.,interested,,,,,,,,,,,,,,,,Facharzt,Anästhesie,,Chefarzt,paula.neumann@yahoo.de,+49 1809590066,,2026-01-17 14:33:19.311778,04o6s51agb2hykrtir232bpkkb8w4o,,2026-01-17 17:25:35,2026-01-17
374,Becker,Emma,Dr.,interested,,,,,,,,,,"darmstadt, heidelberg, heilbronn, karlsruhe, stuttgart",,,,,,Facharzt,Radiologie,"Heidelberg - Karlsruhe, Heilbronn, Darmstadt - kein Stuttgart oder Frankfurt","22.02.2023 - TP:

06.11.2020 - Stuttgart angeboten
13.11.2020 - Telefoniert. Hat auch schon in einer Privatpraxis gearbeitet. Kommuniziert dass wahrscheinlich ab 120k ohne Dienste p.a. Mag auch MRT sehr. Will CV senden. 
17.11.2020: Nachfragenachricht gesendet Lin
19.11.2020: Nochmal Gehalt von med360 gesendet
19.11.2020: Will jetzt doch CV senden. 
24.11.2020: Stuttgart abgelehnt - zu weit 
26.11.2020: im Raum Heidelberg - Karlsruhe, Heilbronn, Darmstadt - kein Stuttgart oder Frankfurt

An neuen beruflichen Herausforderungen bin ich prinzipiell immer interessiert. Gerne dürfen Sie mich über regionale Angebote auch außerhalb der ärztlich-klinischen Tätigkeit informieren.
Mammographie ist nicht meine erste Wahl. Falls Sie andere passende Angebote haben, dürfen Sie jederzeit auf mich zukommen.

im Raum Heidelberg - Karlsruhe, Heilbronn, Darmstadt - kein Stuttgart oder Frankfurt",emma.becker@outlook.com,+49 1600894021,,2026-01-17 14:33:19.408191,1tul5tbg531kzitd89wg1p33nviww5,,2026-01-17 17:25:35,2026-01-17
382,Wagner,Lea,Dr.,interested,,,,,,,,,,hamburg,,,,,,Facharzt,Radiologie,Hamburg,"22.02.2023 - TP:
Leitung Conradia Berlin angeboten

arbeitet zusammen mit Frau Dr. Röthke - Nur im Umkreis HH

Sehr geehrter Herr Putilin, ich erinnere mich gut und danke Ihnen herzlich. Das Angebot ist insgesamt mir nahezu auf den Leib geschneidert, wäre es nicht im Ruhrgebiet. Mit zwei kleinen Kindern und alten Eltern und Schwiegereltern bin ich in Hamburg gebunden. Wenn sie so ein Angebot in Hamburg finden, sagen Sie doch bitte sofort Bescheid. Ihnen einen schönen Abend. Mit freundlichem Gruß und herzlichen Dank, Roland Fries",lea.wagner@web.de,+49 1930658888,,2026-01-17 14:33:19.409252,1lx4gxn63u09osnepv0k06dhvvlsla,,2026-01-17 17:25:35,2026-01-17
383,Richter,Mara,Dr.,interested,,vor Ort Besuch,,,,,,,,DE,,ganz Deutschland,,Teilhaber / Gesellschafter / Inhaber,Gesellschafter,Facharzt,Radiologie,nur Teilhaberschaft,"Dr. Bader in Wien hat sich für Leppig entschieden. 

18.07.2025: Tel. Hat bei Uhlenbrock eine Teilhaberschaft angebten bekommen. Wie in WIen sich vorstellen. 
Ist verheiratet aber Wien sehr gerne. 
Deckt alles ab 
MSK ist Brot und Butter
Kann Herz und Prostata MRT
MR Angio auch
Teams Termin und dann nach Wien kommen

12.09.2024 - TP:
MSK, Prostata und Kardio interessieren mich. 
Das nehmen sie richtig an, dass ab April keine Dienste mehr infrage kommen

11.09.2024 - TP:
Aktuell bin ich in den Endzügen meiner Facharztausbildung an der Uniklinik Essen. Ab April nächsten Jahres bin ich auf der Suche nach einem Kassensitz/Teilhaberschaft einen Radiologischen Praxis und würde mich freuen, wenn Sie sich bei Interesse und entsprechenden Vakanzen bei mir melden würden.",mara.richter@yahoo.de,+49 1303937360,,2025-09-11 23:59:00,1fgz399ein13ngtjnblq2mb6hegz2t,Tel.,2026-01-17 17:25:35,2026-01-17
386,Becker,Mara,,interested,,,,,,,,,,"hattingen, velbert",,,,,,Facharzt,Radiologie,Umkreis Velbert / Hattingen,"22.02.2023 - TP:
Hat Grönemeyer abgelehnt weil er nicht an das Konzept mit dem Standort glaubt. 

Tel. Möchte keine großen Ketten. Möchte ohne Dienste und nur im Umkreis Hattingen/Velbert. Gerne auch kleines Krankenhaus. Kein Umzug möglich. Hat selbst aktuell 3 Alternativen. Vereinbart, dass ich mich in 1 Monat melde. Kein Mammo - nur Schrittbild. SP Neuroradiologie

im Moment kommt ein Ortswechsel für mich und meine Familie nicht in Frage, daher ist das Stellenangebot für mich nicht interessant.",mara.becker@yahoo.de,+49 1865951498,,2026-01-17 14:33:19.410227,1513tpeuk918rye3pmsr0xlabvk76c,,2026-01-17 17:25:35,2026-01-17
391,Becker,Elena,Dr.,interested,,,,,,,,,,"CH, DE, nordrhein-westfalen",,"ganz Deutschland, Schweiz, NRW",,Facharzt,"Standortleiter, Gesellschafter",Facharzt,Radiologie,"offen - MSK, Prostata und Herz","TZ 80% 
Kann MSK, Prostata und Herz. 
Geis abgelehnt wegen Kinder und TZ
Eine langfristige Beteiligung an einer Praxis würde ihr sehr gefallen und auch ihr Ehemann (FA für Anästhesie) kann ich gut vorstellen in Wien eine neue berufliche Herausforderung anzutreten. Sie haben 2 schulpflichtige Kinder, sodass ein Umzug mit einer langfristigen Verlagerung des gemeinsamen Lebensmittelpunkts verbunden wäre. 

Frau Dr. Geis bringt fundierte ambulante Erfahrung mit, wobei Sie das gesamte diagnostische MRT-Spektrum inkl. Prostata und Herz abdeckt. Sie arbeitet zurzeit mit einem Pensum von 80% ,wobei man diesen Punkt in einem weiterführenden Vieraugengespräch gerne abstimmen kann. Zu beachten bleibt, dass ein Umzug zum 01.01.2026 schwierig wäre.",elena.becker@outlook.com,+49 1196042826,,2025-08-13 23:59:00,2lajz3t1bb1a8ltyfbvh1b6quh5hr9,Tel.,2026-01-17 17:25:35,2026-01-17
397,Wolf,Lea,Dr.,interested,,,,,,,,,,CH,,Schweiz,,Assistenzarzt,"Facharzt, Oberarzt",Assistenzarzt,Radiologie,Lin: offen für AA Radiologie in CH,"13.03.2025: 
KSA - Absage
USZ - Bei Joldic nachgefragt
Uniklinik Balgrist - Absage

Herr Dr. Gollnast ist offen für Angebote in der Radiologie und der Pharmaindustrie, sodass ich mich über deine Unterstützung seitens der Pharma freuen würde. 
Er hat aktuell eine Kündigungsfrist von 6 Monaten (ggf. auch nach Absprache etwas früher) und möchte mit seiner Familie langfristig in die Schweiz umziehen. 
Regional kommt Zürich und Umgebung (Radius ca. Baden, Winterthur, Zug) infrage, wobei sich der Radius bei einem Home Office Anteil auch vergrößern kann.  


18.10.2024 - TP:
Tel. Frau ist Kieferorthopädin. Wollen nach CH

15.10.2024 - TP: ist offen für AA",lea.wolf@web.de,+49 1662809031,,2025-03-13 23:59:00,03l94ep50d1agxw9brk62au03uodlz,Email,2026-01-17 17:25:35,2026-01-17
414,Richter,Julia,Dr.,contacted,,,,,,,,,,"baden-württemberg, stelle",,,,Ltd. OA,"Ltd. OA, Chefarzt, Standortleiter",Facharzt,Radiologie,will ruhige Stelle in BW,,julia.richter@outlook.com,+49 1366333271,,2026-01-17 14:33:19.413717,1kam5ym0s320e557hd071uuwvortbz,,2026-01-17 17:25:35,2026-01-17
422,Schulz,Paula,,contacted,,,,,,,,,,"erlangen, köln, nürnberg",,,,,,Facharzt,Radiologie,"bleibt mit Freundin erstmal in Köln
Nürnberg und 30 min - ist in ca. 3 Wochen bei seinem Vater in Erlangen","26.02.2024 - TP:
Tel. Dr. Göllner angeboten. Hat heute seine FA Prüfung bestanden. 
40 Std. Vollzeit
Mo-Fr
8-16 Uhr 
Privatpraxis 
MSK ortho muss drafhaben und mal kopf und wirbelsäile und haupt gelenke und viel internisctisch lympome 
Menschlich
Zuweiser
Nürnberg 
1 FÄ und Göllner und er
MTA 5 
Rö MRT und CT
Freitag vorher 
Qualität
Mit den Menschen reden intensiver Kontatk
25% gesagt 
Kein herz und kein prostata
Prinipiell möglich Beteiligung selber in der Hand


23.11.2023 - TP: Von Wallocha empfphlen. Freundin fängt Job in Nürnberg an
03/2024 macht FA, will dann kurze Pause
ab 07/2024 will neuen Job bei Nürnberg oder 30 min Fahrtradius PKW. Wohnen dann im Norden von Nürnberg
Macht Herz Q1 und Prostata Q1
will MVZ oder Praxis, Hauptsache keine Dienste! 
Mamma nein
Nuk ist nicht wichtig
Diagnostik alles",paula.schulz@outlook.com,+49 1899420400,,2026-01-17 14:33:19.4148,23663lwcms17l0kb9pwd1tdnx5e6tb,,2026-01-17 17:25:35,2026-01-17
426,Hoffmann,Isabella,Dr.,contacted,,,,,,,,,,"dortmund, münster, osnabrück",,,,Ltd. OA,"Ltd. OA, Chefarzt, Standortleiter",Facharzt,Radiologie,"Münster, Dortmund, Osnabrück - Praxis","03.03.2023 - TP:
Sehr geehrte Frau Boss,

ich antworte Ihnen von meiner privaten email, über die Sie mich am besten in Zukunft kontaktieren.
Vielen Dank, dass Sie mich in Erwägung ziehen.
Letzten Endes ein zugeschnittenes Angebot, da ich vergleichbar genau derartige Position an meinem jetzigen Standort bekleiden werde.
Ich bin durch Hausbau und Familie fest an Münster gebunden und gleiche Position steht mir bevor, sodass das sehr gute Angebot rein örtlich nicht infrage kommt, auch wenn wir Düsseldorf ebenfalls sehr schätzen.
Sollten Sie oder Kollegen aber in Zukunft im Raum Münsterland radiologische Praxispositionen im Umkreis bis Dortmund und Osnabrück zu vermitteln wissen, können Sie mich gerne kontaktieren.
Als Steigerung zur anstehenden Position suche ich aber eher die Gesellschafterpositionen als Anstellungen.

BG aus Münster

Philipp Heermann

Dr. med. Philipp Heermann
Facharzt für Radiologie 
Q2 Zertifikat Herz CT/MRT | DRG
Q1 Zertifikat Prostata | DRG
Q1 Zertifikat MSK | DRG
Leiter DRG–Zentrum für kardiovaskuläre Bildgebung 
Ludgerus–Kliniken Münster | 
Praxis für Radiologie Spital Wessling",isabella.hoffmann@yahoo.de,+49 1174028272,,2026-01-17 14:33:19.415794,0psswzbau01hbwsmdr0z1syvwv2zsq,,2026-01-17 17:25:35,2026-01-17
429,Bauer,Klara,Dr.,interested,,,,,,,,,,"AT, CH",,,,,,Facharzt,Radiologie,Österreich oder Schweiz,"27.02.2023 - TP:
Vielen Dank für Ihre Nachricht und dass Sie bei der Ausschreibung an mich gedacht haben.
Die Stelle ist zwar interessant, aber mein Mann und ich orientieren uns beruflich gerade nach Österreich oder in die Schweiz.




14.10.2022 - TP: Sehr geehrter Herr Putilin,

bitte entschuldigen Sie die verzögerte Rückmeldung. Mein Mann und ich haben uns intensiv mit der Position auseinandergesetzt. Ginge es um die Position allein, wäre  das für mich sehr interessant. Was die Umgebung betrifft, fürchte ich, dass uns der Ort zu klein ist. Wir wollen zwar nicht wieder in eine so große Stadt wie Berlin, aber der Ort ist dann leider doch zu klein. Die Möglichkeiten für meinen Mann ebenfalls eine attraktive Position zu bekommen, ist sehr beschränkt. 
Wir sind aber weiterhin auf der Suche nach einem Angebot Chefarzt/ Oberarzt Gynäkologie und einer Position für mich (wobei ich auch in einer Praxis arbeiten könnte). Bisher haben wir eher mit Österreich geliebäugelt, statt mit der Schweiz.

Vielen Dank und einen schönen Abend wünscht

Katrin Hegenscheid



erst 2022 - offen für Norden, Bayern oder Österreich, Schweiz",klara.bauer@web.de,+49 1112126307,,2026-01-17 14:33:19.415794,2lqgjvuszr1yca28p6vc0n19agcepx,,2026-01-17 17:25:35,2026-01-17
440,Krüger,Anna,Dr.,interested,,,,,,,,,,"bonn, köln",,,,,,Facharzt,Radiologie,Raum Bonn Köln - kein Med360,"wegen Köln angefragt.

30.10.2023 - TP:
30.10.2023: 
Sehr geehrter Herr Putilin
Ich habe aktuell ein weiteres Angebot bekommen, dem ich gerade nachgehen werde. Ich laufe ungerne zweigleisig und würde das Angebot von 360 erstmal vertagen. Vielen Dank für Ihre Mühe. 
Mit freundlichen Grüßen 
Fabienne Höthker 


Guten Tag Herr Putilin
An sich bin ich an den Möglichkeiten imteressiert, mich mit gerade mal 49 Jahren beruflich zu verändern. 
Es sollte im Raum Köln Bonn sein (in 3-5 Jahren ggf auch im hohen Norden (Lübeck/Kiel).
Ich suche eine angestellte Position. 
Ich kann über MRT, CT,  Röntgen,  Sonographie inkl Doppler/Duplex, Mammographie, Mamma Stanzen nahezu alles. Prostata und Herz vielleicht ist nicht unbedingt mein Schwerpunkt. 
Ca 30h die Woche,  kein Nachtdienst,  kein WE (nur freiwillig ab und zu). 
Gehalt sollte meinem sehr weiten Feld ab Wissen angepasst sein. Das ist auch primär der Grund, warum ich mich aktuell umschaue, da hier keine wesentliche Dynamik des Gehaltes erfolgt. Seit knapp 9 Jahren bin ich angestellte Radiologin in einer Praxis, davor Oberärztin im KH. Bitte meine Mail Adresse erstmal nicht an andere Arbeitgeber schicken sondern nur mir Informationen zu vakanten Stellen zukommen lassen. 
Herzliche Grüße 
Fabienne Höthker",anna.krüger@yahoo.de,+49 1488441858,,2025-08-29 23:59:00,1vk1p4p7jb0ml91x1kjr0bbjpdsuj4,Email,2026-01-17 17:25:35,2026-01-17
442,Zimmermann,Sophie,Dr.,interested,,,,,,,,,,hamburg,,,,,,Facharzt,Radiologie,offen in Hamburg nur mit Angiographie,"30.11.2022 - TP:
Danke für Ihre Nachricht und Ihre Bemühungen. Legen wir das mal bisweilen auf Eis. Suchen Sie bitte nicht aktiv. Wenn Sie einen Auftrag haben für eine Stellenbesetzung, sagen Sie gerne Bescheid.

24.11.2022 - TP: Tel. Sehr angenehmes Telefonat. Conradia und Dr. Hancken zu weit und keine Angiographie. Will Angiographie weitermachen. Allianz gerne aber nicht Seegeberg


23.11.2022 - TP: momentan bin ich lediglich offen für Angebote im Raum Hamburg. Sollte ich noch immer ins Profil passen, freue ich mich auf Ihre Nachricht.

Conradia in Bergedorf ist mir tatsächlich etwas weit und sonst hat die Conradia ja keine Intervention. Wegen Hancken /Stade hab ich mit Frau Sabine Regine Klein von der Konkurrenz gesprochen. Das passte auch vom Weg nicht. Die Allianz ist immer eine gute Alternative, die ich mir jedoch offen halte wenn ich nicht mehr Angio machen will. Oder gibt es mittlerweile interventionelle Standorte? Wenn ja, rufen Sie gerne morgen vormittag ab 10 Uhr an. 015771843362",sophie.zimmermann@web.de,+49 1122850851,,2026-01-17 14:33:19.417804,1jnjdrwr6t1r5zgjcdd80lz688frt2,,2026-01-17 17:25:35,2026-01-17
449,Hoffmann,Emma,Dr.,contacted,,,,,,,,,,"münchen, stuttgart",,,,,,Facharzt,Radiologie,München oder Stuttgart - gerne mit Option auf Beteiligung,"19.01.2023 - TP:
Tel. leider aktuell aus familieren Gründen kein Umzug nach Stuttgart möglich. Gerne alles sonst direkt anbieten. Gerne anrufen. 

04.01.2023 - TP:
Praxis
1 KV sitz insgesamt
2 Arzt 3 Tage 24h

1500 Schnittbilder pro Quartal 
Einziges offenes MRT in Stuttgart super selling point
P Beteiligugn und ausbau privat serlbstzahler
CT mehr orthopäder aber diese ziehen um 
2 jahre 95% MR Diagnostik und CT 
2 3 Tesla MR und offenes MRT 
Alles Philips 

Leitender MTRA wird auch gesucht
Anmeldiun 2-2,5 
Und 2-3 MTRA
Marketing Kampagne mit offenem MRT 
Sucher Praxis und Zentrale schöne Lage

Bei SANA gibt es keinen CA
Und dann mehr Geld natürlich

40-50 Bilder am Tag
Perspektivisch Einstieg wichtig 
Mitte bis Ende nächsten Jahres im August oder Juni oder Juli 
München oder Stuttgart 
Keine Mamma 
Sequenzen werden von der Gruppe oder durch ihn bestimmt ??",emma.hoffmann@web.de,+49 1489873976,,2026-01-17 14:33:19.41878,0w9w39buvx1pg4zv0m9o20xl5zii96,,2026-01-17 17:25:35,2026-01-17
473,Bauer,Klara,Dr.,interested,,,,,,,,,,düsseldorf,,,,,,Facharzt,Radiologie,Düsseldorf und Umgebung,"verdient jetzt 130 für 45h bzw jetzt 120 für 40h

04.04.2025: Tel. Gerne ab jetzt Augen offenhalten. Wichtig ist, dass nur Düsseldorf und Umgebung. Hat Q1 Thorax, Basis Zertifikat Interventionen, Prostata Q2 kommt Ende des Jahres, hat HerzMRT Q1 - Q2 wäre erst nächstes oder übernächstes Jahr möglich. Mindestprogramm will er noch Q2 Prostata fertigmachen. Bekommen PET/CT und will vllt Fachkunde Nuk für Radiologen machen. Dauer ca 2 Jahre. 
Für neue Stelle wäre wichtig, Work-Life Bakance mit Home Office, Herz + Prostata.   

15.03.2023 - TP:
wichtig

weiterbildung - zusatzbezeichnung Nuklearmedizin für radiologen

neuroradiologie auch spanned

etwas neues lernen und bisherige

keine nachtschichten oder von zuhause dann

teaching für andere

klinik oder das gleiche an einem MVZ

großraum düsseldorf bleiben

wohnt in heerdt

hat eine unbefristete stelle als keinen druck

jetzt augen offne halten

gerne ab sommer damit 1 jahr bcg

langfristig neuen arbeitgeber

onkologische bildgebung deswegen auch PET/CT

neuroradiologie spoannend

traumabildgebung

mamma nicht ale einer der schwerpunte

und auch kinderradiologie nicht SP

sono geringe rolle gespelt in der UNI

teamgröße ist egal

gerne teaching für junge assistenten

130k ohne dienste wäre ok

prostata einiges gemacht mit lars schirmbänder

kardio CT hat gemacht aber geringer erfahrung weil kurz vor ende aber da gerne mit einarbeitung im

email und whatsapp termin ausmachen

freitag bester telefontag

maximilan.klingebiel@gmail.com

gerne möchte ich Ihnen im Folgenden, wie versprochen, Herrn Dr. Klingebiel, als jungen und ambitionierten Facharzt für Radiologie, für Ihren Standort am Klinikum Leverkusen vorstellen. Bitte finden Sie seinen Lebenslauf dazu vorab im Anhang. Wie immer an dieser Stelle bitte ich Sie im Folgenden um Diskretion, weil er aktuell noch in einem unbefristeten Arbeitsverhältnis steht.  

Herr Dr. Klingebiel wünscht sich im kommenden Sommer (Zeitpunkt nach Vereinbarung) eine neue berufliche Herausforderung in Vollzeit, wobei er als junger Arzt großes Interesse an einer beruflichen und persönlichen Weiterentwicklung hat. 

Er ist nach seinem Facharzt in die Unternehmensberatung gegangen, um seinen persönlichen und beruflichen Horizont zu erweitern, neue Erfahrungen zu machen und die wirtschaftlichen Kompetenzen, vor dem Hintergrund seines nebenberuflichen Studiums, zu schärfen und anzuwenden. Nach nunmehr einem Jahr und vielen interessanten Projekten im Bereich HealthCare und Gesundheitsmanagement, möchte Herr Dr. Klingebiel zurück in ein klinisches Umfeld, wobei er sich eine Tätigkeit an einem MVZ ohne Dienste, dafür aber weiterhin mit viel Abwechslung, sehr gut vorstellen kann. Hinsichtlich der Vergütung würde Dr. Klingebiel sich über ein Angebot von 120.000€-130.000€ p.a. sehr freuen.  

Als junger Facharzt bring er sichere Fachkenntnisse in der Schnittbilddiagnostik und dem Röntgen mit, wobei er zusätzlich auch Fachkenntnisse bei der Prostatauntersuchung vorweisen kann (Q1 Zertifikat mpMRT Prostatographie). Hier verwies Herr Dr. Klingebiel auf seine Zeit bei Herrn Prof. Schimmöller in der Uroradiologie am UKD. 
Des Weiteren besitzt er auch bereits das Q1 Zertifikat kardiovaskuläre Radiologie, wobei ihm hier noch die praktische Erfahrung fehlt.  
Sonographie, Kinderradiologie und Mammadiagnostik waren in seiner Zeit am UKD nur im Rahmen seiner Facharztweiterbildung präsent. 

Herr Dr. Klingebiel hat in unseren Telefonaten unterstrichen, dass ihm bei der Wahl einer beruflichen Herausforderung die fachliche Weiterentwicklung sehr wichtig ist. Vor diesem Hintergrund hatte er mir nach unserem letzten Telefonat bestätigt, dass Kardio- und Prostata-Bildgebung für ihn sehr spannend klingt und er sich auf das Kennenlernen und den Austausch mit Ihnen freut.",klara.bauer@gmail.com,+49 1247953615,,2025-04-04 23:59:00,19017aq91z1tko3f7lj21pqudbc6jd,Tel.,2026-01-17 17:25:35,2026-01-17
477,Meyer,Mila,Dr.,interested,,,,,,,,,,bonn,,,,,,Facharzt,Radiologie,Raum Bonn,"03.03.2023 - TP:
vielen Dank für das verlockende und sehr interessante Angebot. 

Ich bin leider regional sehr angebunden, d. h. im Raum Bonn. Ein Wechsel nach Düsseldorf käme für mich weniger in Frage.",mila.meyer@outlook.com,+49 1623292709,,2025-08-28 23:59:00,2qdmbgjvv50bbttdzbdq1b240dy0db,Email,2026-01-17 17:25:35,2026-01-17
488,Zimmermann,Johanna,,interested,,,,,,,,,,hamburg,,Hamburg,,,,Facharzt,Radiologie,Remote oder Hamburg,"Ich danke Ihnen herzlich für Ihre Nachricht. Leider bin ich momentan trotz meiner Remote -Anstellung aufgrund einer Nebentätigkeit in einem startup an Hamburg und die näherste Umgebung gebunden . Falls Sie aber ähnliche Angebote in genannter Gegend im Portfolio hätten , wäre ich auch zukünftig interessiert .",johanna.zimmermann@outlook.com,+49 1131606048,,2024-09-19 23:59:00,1jhwoo6gp30y6ojfyk012h1ioucs34,LinkedIn,2026-01-17 17:25:35,2026-01-17
495,Fischer,Anna,,interested,,,,,,,,,,"düsseldorf, köln",,,,,,Facharzt,Radiologie,Raum Köln - Düsseldorf zu weit,"Seit 2024 Ärztlicher Leiter bei LifeLink

22.02.2023 - TP: 
Hallo Herr Putilin.
Entschuldigen Sie bitte die Verzögerung. Aber Karneval hatte mich ein bisschen in den Bann gezogen.
Ich habe mit meiner Frau zusammen mal überlegt und wir sind dann doch zu dem Schluss gekommen, dass die Stelle zu weit von zuhause weg liegt.
Ich möchte mich für Ihre Geduld und die nette Konversation herzlich bedanken und wünsche Ihnen bei der weiteren Suche viel Erfolg.
Mit freundlichen Grüßen
Marcel Leisten",anna.fischer@gmail.com,+49 1786214366,,2025-08-28 23:59:00,0fuzm4ghmk0s19ybq0z802tszrclb3,LinkedIn,2026-01-17 17:25:35,2026-01-17
499,Zimmermann,Mila,Dr.,contacted,,,,,,,,,,dresden,,,,,,Facharzt,Radiologie,für Dresden vorgestellt Conradia als Leiter - abgelehnt,"24.07.2023 - TP:
Elblandkliniken haben 3 Standorte
hat 10 Jahre klinische Erfahrung
hat Mamma gemacht (weiter auch gerne Interesse) 
5 Monate zum Q-Ende
180-185k p.a. OK
ist auch Verwaltungsfachangestellter
CA-Vertretung gemacht
Frage: Welcher Aufgaben erwarten ihn / werden gefordert? 

Als Referenzen kann ich Ihnen folgende Personen benennen, diese wissen Bescheid, dass sie ggf. angerufen werden, aber nicht um welche Stelle es sich handelt.
 
Herr CA Dr. med. Pilz -  03522/532751 ist Montag, Dienstag und Freitag von 08:00 bis 13:30 Uhr und am Donnerstag von 13:30 bis 16:30 Uhr zu erreichen. Urlaub hat er vom 31.07. bis 04.08.2023.
Er kann Auskunft zu Vertretung, Organisation und Allgemeinem geben.
 
Frau CÄ Dr. med. Breyer -  03521/743/2605 unter Ihr habe ich die Ausbildung im Jahr 2014 genießen dürfen.
 
Frau Dr. med. Sempf -  03435/941244 Sie kann Angaben zur Mammographie- und MRT- sowie Ultraschallausbildung geben.

CT und Röntgen. MRT muss wieder einarbeiten",mila.zimmermann@yahoo.de,+49 1471740826,,2026-01-17 14:33:19.425868,2bmikehzsj1lp3kx7mfp04af6tv3kx,,2026-01-17 17:25:35,2026-01-17
511,Wagner,Johanna,,contacted,,,,,,,,,,"CH, baden-württemberg, bayern",,,,,,Assistenzarzt,Radiologie,"Will nur in CH, Bayern oder BW arbeiten",,johanna.wagner@web.de,+49 1121254827,,2026-01-17 14:33:19.426869,10vv90mmrs20l28q10no1h7xf1jbdx,,2026-01-17 17:25:35,2026-01-17
978,Wolf,Elena,,interested,,,,,,,,,,,,,,,,Facharzt,Anästhesie,Will noch die WB in Intensivmedizin machen.,Will noch die WB in Intensivmedizin machen.,elena.wolf@web.de,+49 1428599378,,2026-01-17 14:33:19.316777,0k2iruvdg91pw3irqyae17jkrhgmys,,2026-01-17 17:25:35,2026-01-17
512,Krüger,Mara,Dr.,interested,,,,,,,,,,CH,True,Schweiz,,,,Facharzt,Radiologie,hat unterschrieben,placed bei Rodiag,mara.krüger@gmail.com,+49 1108068362,,2025-05-23 23:59:00,2qblbdbk2d18idyiwxft0q0ody4e8i,Email,2026-01-17 17:25:35,2026-01-17
528,Weber,Isabella,,interested,,,,,,,,,,dortmund,,,,,,Facharzt,Radiologie,Dortmund und Umgebung,"stv. Leiter bei Evidia

Engelskirchen und Wien angeboten

5 Jahre Praxis. MSK, Herz Q1 und Prostata Q1, kein Mamma, Kein Interventionen. 

14.03.2023 - TP: angeschriben Lin wg Radevormwald

ich bin offen für eine leitende Position, im Praxisbereich, im Krankenhaus oder auf regionaler Ebene, aber nur wenn diese in Dortmund oder in der nahen Umgebung ist",isabella.weber@web.de,+49 1827364887,,2025-09-05 23:59:00,0h3jaa2rcn1zzh3uydwz1b8mamqy49,LinkedIn,2026-01-17 17:25:35,2026-01-17
535,Schneider,Mila,Dr.,interested,,,,,,,,,,berlin,,,,,,Facharzt,Radiologie,Berlin,"23.06.2023
Guten Tag Frau Rusakow,

insgesamt bin ich nicht festgelegt ob MVZ oder Praxis. Ein zeitnaher Wechsel kommt für mich aktuell denke ich aufgrund meiner familiären Situation mit kleinen Kindern zuhause jedoch noch etwas zu früh. Gerne dürfen Sie mir jedoch weiterhin Angebote zukommen lassen.

Mit freundlichen Grüßen
Anselm Mayer.",mila.schneider@yahoo.de,+49 1964015542,,2026-01-17 14:33:19.430875,1ocj09vzq00gu664pr0s055q8kt1nn,,2026-01-17 17:25:35,2026-01-17
541,Hoffmann,Lea,Dr.,contacted,,,,,,,,,,"CH, DE",,,,,,Facharzt,Radiologie,offen für Umzug aus CH nach DE,"26.01.2023 - TP:

Stuttgart Leiter med360 angeboten. 

6 MOnate schnee ist zu viel

welches haus ist es? olga ?rente der der aktuellen CA

kurzfristig Aufhebung

umsatzerwartungen und zahlen im Vorfeld sprechen

business plan für die praxis

offene karten spielen

wichtig mit in die übernahmen eingebunden

es muss nicht nur die zahl stimmen auch das drumherum muss stimmen, man muss wissen was man für verantwortung dafür übernimmt

business plan

offen unterhalten welche erwartungen man hat und was man dafür bekommt

will vollgas arbeiten und aufbauen

frau ist in stuttgart gros geworden

in ulm studiert

umsatzerwartungen

hat seien angestellten auch 180k bezahl. wekchers rahmen hat der variable anteil und wann bekommt man den - finanzielle Sicherheit ist wichtig

betriebswagen vielleicht frau ist wicht günstige immobilien??

gerne persönlihc treffen",lea.hoffmann@gmail.com,+49 1395649469,,2026-01-17 14:33:19.431883,1f2xokwly51paa9d4dst1zjw7ws9ko,,2026-01-17 17:25:35,2026-01-17
543,Becker,Sophie,Dr.,interested,,,,,,,,,,düsseldorf,,,,Facharzt,"Standortleiter, Gesellschafter",Facharzt,Radiologie,Düsseldorf,"ist bei Radios 
Schnittbildgebung (MRT und CT), Muskuloskelettale Radiologie, Onkologische Bildgebung",sophie.becker@outlook.com,+49 1141054594,,2025-09-04 23:59:00,1foz62lsz41xrtts3wr80wg0r8x2m5,LinkedIn,2026-01-17 17:25:35,2026-01-17
544,Krüger,Johanna,Dr.,interested,,,,,,,,,,"bayern, münchen",False,Bayern,,Oberarzt,"Oberarzt, Ltd. OA, Standortleiter",Facharzt,Radiologie,München und Umgebung,"23.09.2024 - TP:
kommt selbst aus Bonn, wohnen in Süd München.
Will wechseln weil Uniklinik Ellenbogenmentalität
Frau ist auch AA Gyn.
SP MSK kann aber auch Onkologische. TU ist onko Lastig
will vllt auch Doppel FA mit Strahlen
wichtig Kollegen und Atmosphäre
gesagt dass das Gehalt 160-220k ist bei 48h Woche
haben 4 Kinder, will langfristig",johanna.krüger@web.de,+49 1879232248,,2025-05-01 23:59:00,16qe8x949818u3o2qfok0plapnibzo,Email,2026-01-17 17:25:35,2026-01-17
545,Fischer,Lea,Dr.,interested,,,,,,,,,,berlin,,,,,,Facharzt,Radiologie,Berlin,"05.04.2023 - TP: Conradia Berlin abgelehnt


21.02.2023 - TP:
Hallo Herr Putilin, vielen Dank für Ihre Nachrichten! Mein aktuelles Jahresgehalt sind 135 Tsd brutto all inclusive. Ich möchte mich nicht verschlechtern, idealerweise verbessern. Wären wir bei der GF-Assistenz bei ca. 150, bei Teilzeitstelle (3d à 10h also 75%) entsprechend zwischen 103 und 113. Über alles weitere (gestaffelt nach Probezeit o.Ä.) bin ich bereit zu reden. Kündigungsfrist haben Sie richtig in Erinnerung. Einzige Problematik hier- habe Ende Juli/ Anfang August Urlaub mit fester Buchung, den würde ich gerne nutzen. Viele Grüße, Christian Meybaum",lea.fischer@yahoo.de,+49 1709545120,,2026-01-17 14:33:19.431883,2gwnfu1k46129f4db71t23tac6u0rf,,2026-01-17 17:25:35,2026-01-17
554,Krüger,Isabella,,interested,,,,,,,,,,herne,,,,,,Facharzt,Radiologie,in Herne und Umgebung,,isabella.krüger@yahoo.de,+49 1053360606,,2026-01-17 14:33:19.432882,1y2m56pa4i2ace6yve3z0ng5phw5t3,,2026-01-17 17:25:35,2026-01-17
571,Schwarz,Lea,Dr.,contacted,,,,,,,,,,"CH, baden-württemberg",,,,,,Facharzt,Radiologie,"will 3,5 Jahre Nuk Weiterbildung bis DoppelFA - Rhein Nekar, Süd BW, Nord Schweiz","13.03.2024 - TP:
Sehr geehrter Herr Breig,

Ich hoffe, Sie haben eine angenehme Woche. 

Gerne möchte ich unseren Kontakt aus 2020 aufgreifen und mich erkundigen, ob ich Ihnen einen Weiterbildungsassistenten für Nuklearmedizin (noch 3,5 Jahre zum FA) vorstellen darf? Der Kollege ist bereits 2 Jahre FA für Radiologie und wünscht sich eine neue berufliche Herausforderung, bei der er seinen Doppelfacharzt abschließen kann.

Er hat großes Interesse seine Kenntnisse im Bereich des PET/CT zu vertiefen, wobei er sich natürlich über ein breites Tätigkeitsspektrum, sowie eine langfristige Perspektive freuen würde. 

Über eine kurze Rückmeldung, ob ich Ihnen den Kollegen unverbindlich vorstellen darf und ein kurzes Gespräch vorab mit Ihnen, würde ich mich sehr freuen. 
Herzlichen Dank im Voraus. 


07.03.2024 - TP:
Tel. will Weiterbildung (braucht Therapiestation) noch 3,5 Jahre machen bis dann DoppelFA",lea.schwarz@yahoo.de,+49 1650541083,,2026-01-17 14:33:19.435396,17ewd1f5hg2hwu4rf6ps0c00229y56,,2026-01-17 17:25:35,2026-01-17
575,Meyer,Mara,Dr.,interested,,,,,,,,,,"bonn, nordrhein-westfalen",False,NRW,,Facharzt,Standortleiter,Facharzt,Radiologie,Bonn und Umgebung,"will Leitung haben. Hat ein Haus gekauft in Bonn. Ist aktuell bei Praxisnetz Radiologie
Kann MRT,CT,Rö, Prostata und Mamma, aber kein Screening",mara.meyer@gmail.com,+49 1044004279,,2025-06-03 23:59:00,2aos67zrht2fs4cwa3km19qjo9d7u5,Tel.,2026-01-17 17:25:35,2026-01-17
585,Wolf,Maria,Dr.,interested,,,,,,,,,,"aachen, nordrhein-westfalen",,NRW,,Facharzt,"Facharzt, Standortleiter",Facharzt,Radiologie,Aachen und Umland,"hat ein eigenes Haus gekauft auf der niederländischen Seite bei Aachen. Hat auch ein Haus bei Münster. Arbeitet bei Life Link ehemals Radiologie Aachener Land. Macht viele Fortbildungen: Q1 KI, Q1 MRT und CT Herz, Q2 MSK, Q1 Lunge
hat einen neuen Vertrag mit 160+ und 1 Tag Home Office. Hat ein Angebot für eine OA Stelle nur Home Office. Hat eine Freundin in Hamm die ggf. an Praxis interessiert ist.",maria.wolf@outlook.com,+49 1042312584,,2025-08-15 23:59:00,0u9ri1whjj0edr2wuy461sso290sp2,Tel.,2026-01-17 17:25:35,2026-01-17
587,Wolf,Elena,Dr.,contacted,,,,,,,,,,stuttgart,,,,,,Facharzt,Radiologie,placed an med360 Stuttgart 02/2023,"30.01.2023 - TP:


26.01.2023 - TP:
Ich war viele Jahre als Gesellschafter und Geschäftsführer sowie als Radiologiemanager in eigener Praxis sowie für einen Investor tätig.
Gerne per Mail, da ich mich bis Ende der Woche im Urlaub befinde.

Kurz umrissen: 
Ich selbst war von 2000-2018 als Mitgesellschafter im MVZ Diagnostikzentrum Esslingen / Kirchheim niedergelassen und von 2018 an als Geschäftsführer, Leiter MVZ in Esslingen  für die RH-Diagnostik und Therapie tätig.
Zuletzt habe ich für die RH-DT Gruppe als Radiologiemnager im Cluster Stuttgart federführend u.a. die Vereinheitlichung der PACS und  RIS- Systeme sowie die Einführung eines zentralen Call- und Servicecenters begleitet.
Radiologisch liegt mein Schwerpunkt  in der Schnittbild- sowie zweitrangig der Mammadiagnostik.
Desweiteren bin ich derzeit Kommissionsmitglied der Ärztlichen Stelle nach Röntgenverordung der LÄK Baden-Württemberg.",elena.wolf@web.de,+49 1054978691,,2026-01-17 14:33:19.437396,0szqkzjud316h3zekzqf1jjuqdjvgl,,2026-01-17 17:25:35,2026-01-17
590,Richter,Maria,Dr.,contacted,,,,,,,,,,"CH, sachsen, sachsen-anhalt",,,,,,Facharzt,Radiologie,CH St. Gallen,,maria.richter@outlook.com,+49 1153732265,,2026-01-17 14:33:19.438396,1dkxcinww91nmetphmbq0g0316798m,,2026-01-17 17:25:35,2026-01-17
598,Krüger,Nina,,interested,,,,,,,,,,berlin,,,,Oberarzt,"Ltd. OA, Standortleiter, Gesellschafter",Facharzt,Radiologie,ist OA in Berlin,"ist OA in Berlin

16.02.2023 - TP:
ab 2019 FA und bekommt jetzt 140k bei 80% und inkl. 4 Dienste. Will nur Geld. 


02/2022 als OA dort angefangen - Teilzeit",nina.krüger@gmail.com,+49 1360195699,,2023-02-22 23:59:00,2n9afyyqry0ettpuzwj51bid88a8un,LinkedIn,2026-01-17 17:25:35,2026-01-17
609,Neumann,Clara,Dr.,interested,,,,,,,,,,"CH, DE",True,"ganz Deutschland, Schweiz",,Ltd. OA,"Chefarzt, Gesellschafter",Facharzt,Radiologie,CH und DE,"ist ltd. OA beim KSBaselland 
gerne Angebote aus CH und DE",clara.neumann@web.de,+49 1525992759,,2022-02-18 23:59:00,0szgdsxuuv14wr1std260qiyoo3vm9,LinkedIn,2026-01-17 17:25:35,2026-01-17
624,Bauer,Anna,Dr.,interested,,,,,,,,,,düsseldorf,,,,,,Facharzt,Radiologie,will Teilzeit nur 1 Tag pro Woche im Raum Düsseldorf,"06.01.2023 - TP:
Ich werde tatsächlich in Teilzeit in einem anderem Fachgebiet anfangen.  Das heisst, als Radiologin könnte/würde ich flexibel als Honorarärztin oder fest für einen Tag die Woche arbeiten. Wenn bei einem Ihrer Kunden für ein solches Modell Bedarf besteht, dann kontaktieren Sie mich gerne.

24.11.2022 - TP: Dies ist dem Umstand geschuldet, dass ich mich aktuell im Beschäftigungsverbot mit nachfolgendem Mutterschutz befinde und nur unregelmäßig bei Xing reinschaue. Nach der Elternzeit in ca. 1,5 Jahren bin ich selbstverständlich für neue Stellen offen und freue mich, wenn wir in Kontakt bleiben.

Leitung Martinus angeboten 

die Stelle klingt an sich sehr interessant, jedoch werde ich zunächst  nur in Teilzeit arbeiten, und bezweifle zudem, dass ich nach der Elternzeit direkt in einer führender Position anfangen kann.",anna.bauer@yahoo.de,+49 1072979043,,2026-01-17 14:33:19.442926,26zj59owuk0c66krdfm11uqztzp5th,,2026-01-17 17:25:35,2026-01-17
626,Schwarz,Emma,Dr.,contacted,,,,,,,,,,dresden,,,,Ltd. OA,"Ltd. OA, Chefarzt, Standortleiter",Facharzt,Radiologie,bei Conradia Dresden anonym vorgestellt - ab 200k,"24.07.2023 - TP:
Q2 MRT und CT Herz
seit 2001 FA
seit 2006 Neuroradiologie
seit 2008 Ltd. OA
2 Abteilungen mit aufgebaut ( MRT und Neuroradiologie) 
kommt aus Praxis Dr. Amler
Fokus Schnittbilddiagnostik und konv. Neuroradiologie


Der Bewerber ist seit   20 Jahren Facharzt, seit   15 Jahren mit der Zusatzbezeichnung Neuroradiologie und ist seit   10 Jahren als leitender OA tätig. Gleichzeitig hat er in dieser Zeit 2-mal erfolgreich eine radiologische Abteilung mit Spezialisierung mit aufgebaut und besitzt darüber hinaus auch das Q2 CT und MRT Herz Zertifikat. Seine aktuellen Schwerpunkte sind die Schnittbilddiagnostik und die diagnostische Neuroradiologe. 

Beide Standorte der Conradia sind ihm aus seinem näheren Umfeld gut bekannt und er bringt gleichzeitig auch eine Verbundenheit mit der Region Dresden, sowie ein regionales Netzwerk mit. 
Zu beachten wäre jedoch, dass seine aktuelle Vergütung bereits dem genannten Budget von 180-185k p.a. entspricht und ein Wechsel für ihn deshalb nur unter verbesserten finanziellen Bedingungen infrage kommt.",emma.schwarz@web.de,+49 1476678385,,2026-01-17 14:33:19.442926,2g3c5ylqxj2cpq2eu2lf08wh3u0oj5,,2026-01-17 17:25:35,2026-01-17
640,Klein,Lena,Dr.,interested,,,,,,,,,,stuttgart,,,,,,Facharzt,Radiologie,SP Mammografie in Raum Stuttgart,"22.05.2023 - TP:
Brunstzentum Frankfurt abgelehnt weil kein Umzug möglich. 

03.02.2021: Tel. arbeitet in einer Praxis in Stuttgart. Ist jetzt Stellvertreter vom Chef wenn der im Urlaub ist. Ist Programmverantwortlicher Arzt Mammografie. SP sind MRT und Mammografie. Will sich weiterentwickeln. Ist offen für alle Orte wenn Teilhaberschaft oder Leitungsposition. 180k all in kommunizeirt. Will CV senden.
08.02.2021: Nachfrageemail gesendet. 
09.02.2021: Will sich am Vormittag melden.
10.02.2021: Hat abgesagt, weil Gegenangebot von AG bekommen.",lena.klein@gmail.com,+49 1382586095,,2026-01-17 14:33:19.44504,1xlv796n432eg32grail0k1sqjh5wy,,2026-01-17 17:25:35,2026-01-17
845,Richter,Nina,,interested,,,,,,,,,,,,,,Facharzt,"Facharzt, Standortleiter, Gesellschafter",Facharzt,"Radiologie, Mammographie",PVA Mamma,ist PVA,nina.richter@gmail.com,+49 1092057418,,2025-09-04 23:59:00,0864uvo7s504dhreetvz2a5z4tli7v,XING,2026-01-17 17:25:35,2026-01-17
1031,Krüger,Mila,,contacted,,,,,,,,,,,,,,,,Facharzt,Orthopädie & UCH,,"05.12.2022 - EB:
Consultant of spine surgery",mila.krüger@outlook.com,+49 1258175186,,2026-01-17 14:33:19.323507,1x1zqxnirm28bdpduvao15g901p4rx,,2026-01-17 17:25:35,2026-01-17
641,Schulz,Julia,,interested,,,,,,,,,,"köln, nordrhein-westfalen",,NRW,,,,Facharzt,Radiologie,Köln und Umgebung,"20.03.25: TP - ist in Leverkusen unschön abgesprungen. 

05.12.2024 - TP:
Leverkusen Leiter Schnittbildangeboten mit 150k p.a. am Anfang.",julia.schulz@gmail.com,+49 1110869689,,2026-01-17 14:33:19.44504,1m1j7mlrgz1dq1koxv4r18odbeif63,,2026-01-17 17:25:35,2026-01-17
645,Weber,Elena,Dr.,contacted,,,,,,,,,,ulm,,,,Ltd. OA,"Ltd. OA, Chefarzt, Standortleiter",Facharzt,Radiologie,Ulm und 50km Radius,"26.01.2023 - TP:

vielen Dank für Ihre ausführliche Nachricht. Leider kommt die Stelle für mich aufgrund der Entfernung aktuell (noch) nicht in Betracht, ich wohne in Ulm und bin dort auch bis auf weiteres auf einen Radius bis ca. 50 km beschränkt, was meine Arbeitsstelle betrifft. Vielleicht ändert sich das ja in ein paar Jahren, wenn meine Tochter etwas älter ist. 

Sehr geehrter Herr Putilin, 
mit Interesse habe ich Ihre Stellenanzeige für die MVZ-Leitung in BW gelesen. Um welchen Ort handelt es sich genau? Je nach Entfernung von meinem aktuellen Wohnort käme die Stelle für mich in Frage. Ich bin promovierte FÄ für Radiologie mit Ökonomiestudium (MHBA), zusätzlich mit europäischen Diplomen in Radiologie und Neuroradiologie (EDiR, EDiNR) und Oberarzterfahrung. 
Mit freundlichen Grüßen, 
Dr. Johanna Schöppach, MHBA",elena.weber@web.de,+49 1557576273,,2026-01-17 14:33:19.446053,11ylmkbf6y2q0kjlifnu17vjtuy89e,,2026-01-17 17:25:35,2026-01-17
652,Weber,Elena,Dr.,contacted,,,,,,,,,,köln,,,,,,Facharzt,Radiologie,Köln und 30min Umgebung in TZ - kein med360 - kurz vor Entscheidung bei Strahleninstitut Köln,"03.03.2023 - TP:
will ab 01.04. wieder in TZ arbeiten
will 150-160k 
kann diagnostik, prostata und interventionen alles sehr gut
lebt rechtsrheinisch in Dellbrück, Leverkusen und alles 30min Umgebung
Mamma gerne nach einarbeitung 
TZ 5 Tage pro Woche und dann nur Vormittags
MVZ oder größere Klinik",elena.weber@outlook.com,+49 1019678903,,2026-01-17 14:33:19.44706,0lcvbophzj25er24ev8n2p5jm4cro1,,2026-01-17 17:25:35,2026-01-17
657,Schulz,Johanna,Dr.,interested,,,,,,,,,,"berlin, rostock",,,,,,Facharzt,Radiologie,ab 2024 in Berlin oder Rostock,"31.01.2023 - TP:
Hallo Herr Putilin,
danke für Ihre Nachricht. Ich bin derzeit nicht interessiert.
Gerne können sie mich nächstes Jahr nochmalig kontaktieren. Gerne für den Raum Berlin oder Rostock.
Mit freundlichen Grüßen
Barbara Simon",johanna.schulz@yahoo.de,+49 1804084497,,2026-01-17 14:33:19.448065,0vnxqlr0280uf7qy61tf2j39joxnak,,2026-01-17 17:25:35,2026-01-17
662,Zimmermann,Paula,,contacted,,,,,,,,,,pegnitz,,,,Freelancer,,Facharzt,Radiologie,Freelancer - placed nach Pegnitz,hat das englische Zertifikat für Teleradiologie gemacht.,paula.zimmermann@yahoo.de,+49 1452470268,,2025-10-21 23:59:00,0vvuoywomj12vlgk5u0o272wlirzks,Tel.,2026-01-17 17:25:35,2026-01-17
1033,Hartmann,Klara,,contacted,,,,,,,,,,,,,,,,Facharzt,Orthopädie & UCH,,,klara.hartmann@outlook.com,+49 1744071897,,2026-01-17 14:33:19.323507,09xe0deytk1pgl2zo0q615xwiunzqg,,2026-01-17 17:25:35,2026-01-17
670,Weber,Lena,Dr.,contacted,,,,,,,,,,stelle,,,,Ltd. OA,"Ltd. OA, Chefarzt, Standortleiter",Facharzt,Radiologie,aktuell 02/2023 neue Stelle,"21.02.2023 - TP:
Hallo Herr Putilin, aktuell bin ich in einer neuen Stelle und recht zufrieden. Daher muss ich aktuell passen. Vielen Dank trotzdem für das Angebot. 
Freundliche Grüße
Jonas Stief

nicht dieses Jahr 2021 - vllt später",lena.weber@gmail.com,+49 1694080315,,2026-01-17 14:33:19.449061,23x15j6cwg0v35jqrc6h1m3p8kiqt3,,2026-01-17 17:25:35,2026-01-17
678,Klein,Isabella,Dr.,interested,,offen,,,,,,,,"köln, nordrhein-westfalen",False,NRW,,"Facharzt, Oberarzt","Oberarzt, Ltd. OA, Standortleiter",Facharzt,Radiologie,Köln und Umgebung,"war bei Med360, kann aber gerne wieder. Nur nicht mit Dr. Gülz als Chef. 
Will Köln , wohnt in Porz, und pendeln ist OK. Will 4 Tage woche TZ, keine Dienste, nur Diagnostik, 
will 170k bei 40h 
3M zum Monatsende KF
kann MSK und Neuro, Kein Mamma, kein Prostata, kein Herz.",isabella.klein@outlook.com,+49 1091690091,,2025-05-16 23:59:00,1vvznv1j5527vrvao2p92bdi1dktu2,Tel.,2026-01-17 17:25:35,2026-01-17
844,Fischer,Mara,Dr.,contacted,,,,,,,,,,hamburg,,Hamburg,,Facharzt,Facharzt,Facharzt,"Radiologie, Mammographie",,hat einen neuen Job 11/2025,mara.fischer@outlook.com,+49 1755682854,,2026-01-17 14:33:19.298508,2o0h6eed2y1yd039qsf428t51d3y4g,,2026-01-17 17:25:35,2026-01-17
679,Wagner,Mara,,contacted,,,,,,,,,,gladbeck,,,,,,Facharzt,Radiologie,seit 01/2023 bei Radiologie Gladbeck & Kirchhellen,Standortleitung am EVK Herne Eickel blikk Gruppe,mara.wagner@web.de,+49 1780918843,,2026-01-17 14:33:19.451061,1nb1gternd286wjvaye81at819h45t,,2026-01-17 17:25:35,2026-01-17
682,Bauer,Isabella,Dr.,contacted,,,,,,,,,,geldern,,,,Chefarzt,"Chefarzt, Standortleiter",Facharzt,Radiologie,12/2022 CA in Geldern,"09.12.2022 - TP:
Tel. sehr angenehmes Telefonat. Wir sind so verblieben, dass wir gerne in Kontakt bleiben. Wird CA in Geldern

30.11.2022 - TP:
wird CA an Klinik

18.11.2022 - TP: Ist an Leitung im Martinus Düsseldorf interessiert. Bitte in 2 Wochen nochmal ansprechen.",isabella.bauer@gmail.com,+49 1040778468,,2026-01-17 14:33:19.451061,2br7vdz8pq14r5vpzdsn09ow7vvzr6,,2026-01-17 17:25:35,2026-01-17
685,Zimmermann,Lisa,Dr.,interested,,,,,,,,,,hamburg,False,Hamburg,,Facharzt,"Ltd. OA, Chefarzt, Standortleiter",Facharzt,Radiologie,will in HH,"Tel. 12.03.2025: Lübeck kommt leider nicht infrage, weil aktuell 2 Kinder und Ehefrau arbeitet auch Vollzeit. Deswegen pendeln zu weit. Gerne in Kontakt bleiben und ansprechen wenn ich etwas in HH habe. 

bis August in Elternzeit. Tel. am 26.02.2025

Lebensmittelpunkt mit Familie in HH, hat aktuell nur 15 Min mit Fahrrad zur arbeit. 
Kennt auch Dr. Dyzmann.
Painpoint ist Gehalt. Kommuniziert dass er ca. 220k verdienen würde. Das wäre für ihn ein Argument. 
Dagegen spricht das Pendeln und dass er eigentlich alles an Interventioneller Neuroradiologie aktuell macht und in Lübeck weniger machen würde. 
Muss es sich nochmal mit der Familie überlegen. 

alt: ist noch ein junger FA seit 03/2020  - will noch nicht wechseln",lisa.zimmermann@web.de,+49 1103621124,,2025-02-26 23:59:00,25jm95c5is26rwf155cc1mfm81ue1n,Tel.,2026-01-17 17:25:35,2026-01-17
71,Weber,Julia,Dr.,interested,,,,,,,,,,bamberg,,,,,,Facharzt,Strahlentherapie,Seit Mitte 2023 in Bamberg,"09.02.2024 - TP: Tel. heute
Seit Mitte 2023 in Bamberg
Gefällt der Familie nicht
6 M Kündigungsfrist
kann zum Jahresende Umziehen
Kind 3 J. alt
Umzug OK
Vollzeit oder 80%, nicht weniger
Will Telefonat, dann Hospitation
Muss man alle Standorte (RoMed) abdecken
Wie ist das Gehalt 
wie viele MA und Untersuchungen am Tag
Brachytherapie dort oder in München? 
auch gerne wissenschaftlich
bei RoMed vorgestellt",julia.weber@outlook.com,+49 1282397969,,2026-01-17 14:33:19.365505,1umshhry2l2jjmsd1oc00ecxpuw6kj,,2026-01-17 17:25:35,2026-01-17
1040,Weber,Isabella,Dr.,contacted,,,,,,,,,,,,,,Ltd. OA,"Ltd. OA, Chefarzt, Standortleiter",Facharzt,Orthopädie & UCH,,,isabella.weber@gmail.com,+49 1984206691,,2026-01-17 14:33:19.324487,0pj0i6deue1atctwxugd2jpz0b1fw1,,2026-01-17 17:25:35,2026-01-17
729,Hoffmann,Isabella,Dr.,contacted,,,,,,,,,,ulm,,,,Ltd. OA,"Ltd. OA, Chefarzt, Standortleiter",Facharzt,Radiologie,bis 01/2023 an Bundeswehr - ab 02/2023 offen Umgebung Ulm,"26.01.2023 - TP:
leider früher raus aus BW nicht möglich

Wunschgehalt: 185k p.a. ohne Dienste

Verfügbarkeit zeitlich: ab 01.02.2023
Verfügbarkeit räumlich: Ulmer Region, 50-60km um Ulm, Schwiegereltern Schwarzwald und Göppertal

2 Jahre orthoopödie und chirrugie und

2 Jahr Harusarzt

3 Jahre jetzt FA, Alstfa und Obararzt

viele Orga aufgaben.

ab dieses Jahr QM bis 2024 machen

MSK Q1 im Herbst

Wo schon selbst beworben:



gerne klinik ist super, nur praxis ist zu langweilig

stuttgart kommt der mann und sie ist zur grundschule gegangen

maximalversorger

taumanetztwerk und hubschrauber

aktuell in Elternzeit und macht vertretung für radiologische Praxis 30 Stunden und viele MCK und 3,0 Tesla da

ab 2023 dann Vollzeit

geht auch 46 Stunden versteht das auch dass dass man mehr machen kann

gerne auch Home Office",isabella.hoffmann@outlook.com,+49 1403284127,,2026-01-17 14:33:19.457601,0qbpuqz2hz00awt4pr4y0g82q4xr00,,2026-01-17 17:25:35,2026-01-17
741,Schmidt,Julia,Dr.,interested,,,,,,,,,,nordrhein-westfalen,,NRW,,,,Facharzt,Radiologie,nur Mammografie,"01.12.2022 - TP: 16.08.2021: Tel. Ziehen mit Mann Ende des Jahres nach Bochum. Will nur Mammografie!!! Nur Teilzeit! Aktuell 4 Tage Woche mit 34h und 10k pro Monat. Will sich verbessern. 3 Tage Woche ca. 26h.
Hat 6 Monate Kündigungsfrist 
Ist nicht auf der Suche aber offen für Angebote. Nicht blikk!!! 
Ist jetzt 1,5 Wochen bis 28.08. in Urlaub. Vereinbart dass ich in der Zwischenzeit mich umhöre und dann bei Ihr 30.08. melde. Sie will dann CV senden sodass ich alles anonym machen kann.


16.08.2021: Tel. Ziehen mit Mann Ende des Jahres nach Bochum. Will nur Mammografie!!! Nur Teilzeit! Aktuell 4 Tage Woche mit 34h und 10k pro Monat. Will sich verbessern. 3 Tage Woche ca. 26h.
Hat 6 Monate Kündigungsfrist 
Ist nicht auf der Suche aber offen für Angebote. Nicht blikk!!! 
Ist jetzt 1,5 Wochen bis 28.08. in Urlaub. Vereinbart dass ich in der Zwischenzeit mich umhöre und dann bei Ihr 30.08. melde. Sie will dann CV senden sodass ich alles anonym machen kann.
15.09.2021: Tel. wissen doch nicht genau ob es mit dem Umzug klappt. Vereinbart, dass wir abwarten und ich mich dann erkundigen werde.

06.10.2021: SMS gesendet. 
07.10.2021: SMS bekommen. Vielleicht nach Umzug. Sie will sich melden. 
21.04.2022: SMS geschrieben
22.04.2022: SMS bekommen",julia.schmidt@outlook.com,+49 1759951155,,2026-01-17 14:33:19.45962,11a53ayahr1hjl4isbop23lophpflo,,2026-01-17 17:25:35,2026-01-17
749,Schulz,Julia,,interested,,,,,,,,,,nordrhein-westfalen,,NRW,,Facharzt,"Oberarzt, Ltd. OA, Standortleiter",Facharzt,Radiologie,ab Ende 2023 verfügbar - jetzt Eltenzeit,"31.01.2023 - TP: über Recruiter geschrieben und Leitung Martinus angeboten. 
Hallo! Vielen Dank für die Nachricht. Ich befinde mich momentan in Elternzeit. Ich hätte gerne Interesse in einem späteren Zeitpunkt bzw Ende 2023 für eine ähnliche Position.",julia.schulz@yahoo.de,+49 1812226091,,2026-01-17 14:33:19.460587,0sogjjyp2a2e9e6zucgo1znn0hmbjo,,2026-01-17 17:25:35,2026-01-17
750,Neumann,Emma,,interested,,,,,,,,,,"bochum, nordrhein-westfalen",False,NRW,,Facharzt,"Standortleiter, Gesellschafter",Facharzt,Radiologie,Bochum +25Min / will Leitung,"Macht Diagnostische Radiologie. Hat aktuell keine Leitung und das wäre der nächste Schritt für Ihr. Gerne um Bochum 25Min Fahrzeit. Essen, Dortmund, Wuppertal.",emma.neumann@web.de,+49 1663684138,,2025-03-31 23:59:00,0i9zx9gpj60rxe3lflsv2n7u3qqdg7,Tel.,2026-01-17 17:25:35,2026-01-17
751,Müller,Mara,Dr.,interested,,,,,,,,,,"bochum, nordrhein-westfalen",False,NRW,,Facharzt,"Facharzt, Oberarzt, Ltd. OA, Chefarzt, Standortleiter",Facharzt,Radiologie,nur Bochum und Umgebung,"will mehr Geld verdienen. Ist bei Evidia. Nur Bochum und Umgebung. Kann auch Prostata und Herz, hat aber keine Zertifikate. Will mehr als 200k haben, aber auch so gerne ansprechen. Leitung auch ok, muss aber nicht sein.",mara.müller@outlook.com,+49 1081189974,,2025-04-03 23:59:00,0msjlphg6j0d5y3cki9m2fku8uz70l,Tel.,2026-01-17 17:25:35,2026-01-17
752,Meyer,Johanna,Dr.,interested,,will sich melden,,,,,,,,"bonn, köln, nordrhein-westfalen",False,NRW,,Facharzt,"Facharzt, Standortleiter, Gesellschafter",Facharzt,Radiologie,Bonn und Süd-Köln,"Engelskirchen zu weit und Strahleninstitut kennt er schon, aber nein. 

Rückmeldung von Segali, kann auch 4 Tage Woche in Engelskirchen sein, aber dann nur Mo oder Di frei, nicht Freitag. 
Auch Strahleninstitut zusätzlich anbieten in der Domstraße!!!

Tel. Ist FA Radiologie und seit 1,5 Jahren in der Praxis in Bonn. Hat auch mittelfristig Option auf Beteiligung, weiß aber nicht, ob er das möchte. War vorher auch bei Med360 in Köln und Leverkusen. Kennt Segali und kennt auch Strahleninstitut. Hat zu beiden Kontakt. Macht gerade Q2 MSK und hat Zusatzweiterbildung in Sportmedizin. Würde gerne auch Prostata und Herz lernen, aber leider keine Möglichkeit dazu jetzt in der Praxis.  
Frau erwartet gerade das erst Kind, deswegen nur Raum Bonn und Süd-Köln interessant. Will sich den Wechsel im nächsten Jahr nochmal intensiver überlegen oder wenn ich vorher ein entsprechend interessantes Angebot habe. Ich melde mich in einem Jahr wieder, so sind wir verblieben.",johanna.meyer@web.de,+49 1624023008,,2025-08-22 23:59:00,1h5mrlj3uv26ut3ud37x1cyznk9o2i,LinkedIn,2026-01-17 17:25:35,2026-01-17
1050,Klein,Lena,Dr.,interested,,,,,,,,,,,,,,,,Facharzt,Orthopädie & UCH,,,lena.klein@outlook.com,+49 1327218545,,2026-01-17 14:33:19.326488,288rvrr8o12p9dwztbj52kknrpfis8,,2026-01-17 17:25:35,2026-01-17
753,Klein,Lena,Dr.,interested,,,,,,,,,,"bonn, köln, nordrhein-westfalen",False,NRW,,Facharzt,"Facharzt, Standortleiter",Facharzt,Radiologie,Bonn und Süd-Köln,"Tel. Wohnt mit Mann in Königswinter bei Bonn. Arbeitet bei CDT Strahleninstitut Köln seit 2005/2006. Kann alles in der Diagnostik MRT/CT und Mamma-MRT und MR-Angiographie und MSK. Ist sehr gut vernetzt, auch mit der Sporthochschule. Am besten wäre Rodenkirchen oder Neumarkt. Segali fragen. Gerne auch 4 Tage pro Woche oder mit Telemedizin. Leverkusen ist zu weit weg.",lena.klein@outlook.com,+49 1161089045,,2025-04-04 23:59:00,133pdtrvjw196iajoxr823843gm01l,Tel.,2026-01-17 17:25:35,2026-01-17
754,Meyer,Lea,,interested,,,,,,,,,,DE,True,ganz Deutschland,,Oberarzt,"Ltd. OA, Chefarzt",Facharzt,Radiologie,ganz DE/Norddeutschland Ltd. OA oder CA in 2-3 Jahren,"Tel. Sehr angenehmes Gespräch. Hat bei der Bundeswehr gearbeitet - Vertrag endet 30.06.25. Will dann 6 Monate Urlaub machen und dann am 01.01.26 anfangen, weil dann war er insgesamt 20 Jahre bei der Bundeswehr. War in HH, Koblenz und zuletzt Berlin. Ist in Norddeutschland geboren und gerne HH. Ist erfahren in der Diagnistik mit SP MSK. Hat auch in Interventionen Erfahrung, da aber nur in Embolisationen (zB bei Blutungen). Will weiter in KH Sektor bleiben. Kein Mamma. Kein CH. Geld ist nicht so wichtig. Will Interventionelle Neuroradiologie lernen.  Hat aktuell ein Angebot von einem Maximalversorger als Ltd. OA Diagnostik + Neurointerventionen lernen. Da war er auch schon 1 Monat Hospitation. Bezahlung nach Tarif. Hat dort auch kommuniziert, dass er dann nach 2-3 Jahre CA in einem kleineren KH im ländlichen Raum werden will. Vereinbart, dass ich mich in 1 Jahr wieder melde. Solange Düren bei Ochtrop angefragt.",lea.meyer@web.de,+49 1364383497,,2025-04-07 23:59:00,2rdn972q0c0x8elrf4nm1om8y1ha9u,Tel.,2026-01-17 17:25:35,2026-01-17
1051,Schulz,Mara,Dr.,contacted,,,,,,,,,,,,,,,,Facharzt,Orthopädie & UCH,,,mara.schulz@outlook.com,+49 1737636627,,2026-01-17 14:33:19.326488,2dn1cdcy9d0aj2u1kin00ami58k0vk,,2026-01-17 17:25:35,2026-01-17
755,Wagner,Alina,,Hot / is searching,,warte auf Rückmeldung,,,,,,,,nordrhein-westfalen,,NRW,,Oberarzt,"Facharzt, Oberarzt, Ltd. OA, Standortleiter",Facharzt,Radiologie,Ltd. OA / Standortleiter oder Teilhaberschaft,"Tel. Hilden Leiter MVZ angeboten. Email gesendet. Warte auf Rückmeldung.

Springer per Email aneboten aber abgelehnt weil zu wenig Gehalt. Verdient 170 will 180-190
allg interventionelle und diagnostische Radiologie. Keine interv Neuroradiologie. 
Umzug nur bei sehr gutem Angebot. Sonst 100 km Radius. Will Standortleiter, Praxis übernahme Option oder Ltd. OA Klinik.

16.04.2025 - Tel. Will erstmal in Uniklinik bleiben. will zum Jahresende 2025 nochmal überlegen. Gerne früher wenn wir ein anderes Angebot mit Angiograohie und Diagnostik haben. 

170 jetzt mit Dienste Rufbereitschaft
3 m zum qende oder 
FA De 3 Jahre
europäisches diplop

Arbeitet aktuell an der Uniklinik Köln. Pain Point ist die sehr hohe Arbeitsbelastung und möchte mehr verdienen. 
War in Ägypten Radiologe. Seit 2 Jahren jetzt in DE FA. Seit fast 2 Jahren macht an der Uni Interventionelle Radiologie alles, PTA, Embolisationen, Angios. Will weniger arbeiten und mehr Geld. 
Wohnt in Bergisch Gladbach.",alina.wagner@web.de,+49 1395554923,,2025-12-19 23:59:00,0nde53v1zn1f36fxxueh0zmuf93l5z,Tel.,2026-01-17 17:25:35,2026-01-17
757,Fischer,Alina,,interested,,,,,,,,,,nordrhein-westfalen,,NRW,,Assistenzarzt,"Facharzt, Oberarzt",Assistenzarzt,Radiologie,will Beteiligung oder Geld - junger FA,"Hat ein Angebot aus Dortmund für 150k. Segali kann max 130k anbieten. 

Die Weiterbildungszeit endet im Juni. Daher frühester Prüfungstermin leider erst in der zweiten Septemberwoche. Ende September können wir gerne nochmal in Kontakt treten!",alina.fischer@outlook.com,+49 1571544023,,2025-07-28 23:59:00,0wsjivdpge1zohrhyaez1ivzjt9oio,Email,2026-01-17 17:25:35,2026-01-17
758,Koch,Isabella,Dr.,interested,,,,,,,,,,"güstrow, mecklenburg-vorpommern",,Mecklenburg-Vorpommern,,Facharzt,"Ltd. OA, Standortleiter, Gesellschafter",Facharzt,Radiologie,Güstrow und Umgebung,"Tel. am 22.02.2025
leifels@mail.de
seit 2021 FA

Arbeitet bei Radiologie Packebusch - https://radiologie-packebusch.de/schwerpunkte/
Hat dort das Angebot als Gesellschafter einzusteigen. 
Familie hat dort gerade ein Haus gekauft

Pain-Point- will eigentlich auch interventionell arbeiten, was er in der Praxis aktuell nicht kann
Kann allgemeine interventionelle Radiologie. Würde akute interventionelle Neuroradiologie auch gerne lernen. 
Wismar und Lübeck leider zu weit weg. Rostock und Krakow am See schon selbst beworben. 
Gerne in Kontakt bleiben, falls wir etwas in der Umgebung sehen. 

Ansonsten falls er Gesellschafter wird unsere Konditionen mitgeteilt: 25% - 50% bei Vertrag/25 Antritt/25 3M.",isabella.koch@web.de,+49 1370215971,,2025-02-22 23:59:00,0gxvchnaqe01tgfuo4w8147cvj3jv7,Tel.,2026-01-17 17:25:35,2026-01-17
759,Schwarz,Lea,,interested,,,,,,,,,,"flensburg, schleswig, schleswig-holstein",,Schleswig-Holstein,,Facharzt,"Facharzt, Oberarzt, Ltd. OA, Standortleiter",Facharzt,Radiologie,Flensburg 30 Min.,"Alex: Kontakt über Linkedin: Radiologe , MSK, kein Neuro, 30 Minuten um Flensburg da familiär gebunden.",lea.schwarz@yahoo.de,+49 1936906031,,2025-02-20 23:59:00,0dgpi3vnkk1584dgx32v13haprhopr,LinkedIn,2026-01-17 17:25:35,2026-01-17
1054,Meyer,Lea,,contacted,,,,,,,,,,,,,,,,Facharzt,Orthopädie & UCH,,,lea.meyer@yahoo.de,+49 1693255514,,2026-01-17 14:33:19.326488,0dfns3y4zh1myixojpbe14o3mgbstt,,2026-01-17 17:25:35,2026-01-17
760,Schneider,Lisa,Dr.,interested,,,,,,,,,,"bonn, nordrhein-westfalen",False,NRW,,Ltd. OA,"Ltd. OA, Chefarzt, Standortleiter",Facharzt,Radiologie,Bonn und Umgebung,"Tel. 12.03.2025
017647390960

Ist schon 10 Jahre in der Klinik in Neuwied, ist Ltd. OA. Familie hat Lebensmittelpunkt in Bonn. Mach Dienste und Teleradiologie zusammen. 
Schwerpunkt Schnittbilddiagnostik und PRT`s und Leitung. Keine Neurointerventionen
Offen für Angebote Bonn und 50km Umgebung.
Vereinbart, dass wir in Kontakt bleiben.",lisa.schneider@yahoo.de,+49 1266765349,,2025-03-12 23:59:00,2fcgfm58gk2cgg4u732006f7p8234c,Tel.,2026-01-17 17:25:35,2026-01-17
761,Weber,Lisa,Dr.,interested,,,,,,,,,,hamburg,False,Hamburg,,"Facharzt, Ltd. OA","Ltd. OA, Chefarzt, Standortleiter, Gesellschafter",Facharzt,Radiologie,HH und Umgebung,"12.03.2025: Tel. Wollen mit Frau doch in Oldenburg bleiben und Beteiligung machen. Sind so verblieben, dass wir vielleicht ihn als AG unterstützen. 

Tel. Ist mit seiner Frau seit 5 Monaten in Oldenburg. Hat da die Option auf Teilhabe Ende des Jahres. Macht mit einem Kollegen aktuell 24/7 Thrombektomien. Welcher Pain Point konnte ich nicht rausfinden. 
Kommen aus HH. Ich denke, sie wollen zurück nach HH. Kann dort auch auf seine alte Position als Ltd. OA zurück. Hat zuletzt auch ca. 230-240 verdient. Hat Thrombektomien, Carotisstents und aber auch PVK, Aortenprothesen gemacht.",lisa.weber@web.de,+49 1706562734,,2025-03-12 23:59:00,2i3jn5rkc41x1ba26pns2qo4rclf3t,Tel.,2026-01-17 17:25:35,2026-01-17
762,Hoffmann,Mara,,interested,,,,,,,,,,"herne, nordrhein-westfalen",False,NRW,,Facharzt,"Facharzt, Oberarzt, Standortleiter, Gesellschafter",Facharzt,Radiologie,nur Herne und Umgebung,"14.07.25: Tel. Wartet noch auf Antwort zur Gehaltserhöhung. Vereinbart, dass ich mich melde wenn ich etwas in der Umgebung habe.

02.06. Tel. Hat mir Chefin wg Gehalt gesprochen. Wartet auf Antwort. Vereinbart, dass ich in 1M nochmal anrufe. 

Vereinbart, dass ich ihn in 3 Monaten nochmal anspreche.

Tel. am 13.03.2025
017681083243

Arbeitet aktuell bei Evidia/Blick Radiologie in einem MVZ
Verdient bei 40h 130k bzw. jetzt 135k p.a. weil er Q2 Kardio CT hat. Will vllt noch Q1 Kardio MRT machen. Machen leider keine Prostata. 
Macht aktuell Schnittbilddiagnostik und Punktionen. Keine Interventionen. Kein Neuro. 
War früher bei Marienhospital in Herne (Ausbildung) und im Krupp (hier hat nach 2 Monaten gekündigt).
Ist seit 2 Jahren FA
Hat 3M zum QEnde Kündigungsfrist. 
Pain-Point – bekommt keine Gehaltserhöhung. Will entweder 160k oder 135 bei 4 Tage Woche. Praxis nur am Ende der Karriere. Entweder KH oder MVZ- Dienste wären ok.
Frau ist FA für Allgemeinmedizin. Haben 2 Kinder (Schule und Kita) 
Ich habe vorgeschlagen, dass ich mich Med360 Bochum, Castrop-Rauxel, Ruhrradiologie, Prof. Uhlenbrock, Borad erkundige. 
Denkt über Möglichkeiten nach:  Gehaltserhöhung bei aktuellem AG: Will entweder 160k oder 135 bei 4 Tage Woche / anderes MVZ mit dem genannten Konditionen / Klinik wo er dann Neuroradiologie + Interventionen lernen kann / FA in Allgemeinmedizin, um dann eine Praxis zu eröffnen. 
Lebensmittelpunkt sollte Herne bleiben. Hat aktuell nur 15 Min mit dem Auto / Fahrrad.",mara.hoffmann@yahoo.de,+49 1416675237,,2025-07-14 23:59:00,0t82dw0gw311t5tys1vx0wng7rb38d,Tel.,2026-01-17 17:25:35,2026-01-17
1066,Becker,Elena,Dr.,interested,,,,,,,,,,,,,,Ltd. OA,"Ltd. OA, Chefarzt, Standortleiter",Facharzt,Orthopädie & UCH,,"20.10.2022 - evgeny:
Facharzt für Allgemeine Chirurgie
Facharzt für Orthopädie und Unfallchirurgie
Facharzt für Spezielle Unfallchirurgie
Zertifizierter Fußchirurg (GFFC)
Zertifizierter Kniechirurg (DKG)
Zertifizierter Medizinischer Gutachter (ÄKWL)",elena.becker@gmail.com,+49 1883306879,,2026-01-17 14:33:19.32848,04bia8ibs007tzb7fw2c1j50h0rgtn,,2026-01-17 17:25:35,2026-01-17
763,Schmidt,Mila,PD Dr.,interested,,,,,,,,,,DE,True,ganz Deutschland,,Oberarzt,"Chefarzt, Gesellschafter",Facharzt,Radiologie,will CA / Standortleitung- Diagn. Rad. ganz DE,"Tel. am 24.03.2025
enver_tahir@yahoo.de
01522 2816492

Fliegen vor Sommerferien.
6 Monate Kündigungsfrist 
gerne Wien

Sehr freundliches Gespräch. War viele Jahre OA und am Ende Ltd. OA in Uniklinik Hamburg Eppendorf. Musste sehr viel Arbeiten aber hat dafür alle Qualifikationen und Habilitation mitgenommen: 
„Ich bin Facharzt seit 2018 (Studium im Berlin bis 2012), drei Jahre lang OA an der Uniklinik Hamburg-Eppendorf und jetzt seit einem Jahr ambulant in der radiologischen Praxis tätig. Mein Schwerpunkt ist die Schnittbildgebung (CT/MRT). Zertifiziert bin ich für MR-Prostatographie (Q2), MR/CT-Herz (beides Q3) und Lungenkrebs-Screening (Q2).“
Hätte für den Prof. noch 4 Jahre so weiterarbeiten müssen. Wollte das nicht und ist deswegen in eine Praxis gegangen als Angestellter. 
Will entweder als Partner in eine Praxis oder als CA aber nur für Diagnostische Radiologie. 
Gerne in ganz DE, wenn das Angebot stimmt. War im Studium auch im Osten: Berlin, Brandenburg, Leipzig, Dresden. Umzug ist OK. 
Gerne Erstkontakt immer per Email.",mila.schmidt@web.de,+49 1805663090,,2025-03-24 23:59:00,2f8gne49d70hu3kz1mua2jvpve17mo,Tel.,2026-01-17 17:25:35,2026-01-17
765,Schulz,Mara,,interested,,bei Segali vorgestellt,,,,,,,,nordrhein-westfalen,True,NRW,,,Assistenzarzt,Assistenzarzt,Radiologie,AÄ i.A. NRW,"Frau Talakhadze hat über 10 Jahre Erfahrung als Radiologin in Georgien und der Ukraine und bring fundierte Fachkenntnisse in der Diagnostischen Radiologie mit. Sie hat Ihre Fachsprachprüfung bestanden und besitzt eine Berufserlaubnis in Bayern. Gerne möchte sie in Zukunft jedoch eine Vollzeitstelle in NRW antreten. 

Sie spricht ausreichend Deutsch, um sich ohne Probleme zu verständigen und lernt aktuell täglich 8 Stunden. Des Weiteren hat sie ihre Unterlagen im September 2024 zum Gutachten für ihre Approbation eingereicht und bereitet sich parallel auf die Fachkenntnisprüfung vor. Nach der Approbation würde sie ihre Unterlagen für die Anerkennung ihrer Erfahrung für den Facharzt einreichen.",mara.schulz@yahoo.de,+49 1839703624,,2025-05-07 23:59:00,2hfdy4knos0ntxem04we08pyugyts3,Tel.,2026-01-17 17:25:35,2026-01-17
766,Müller,Johanna,Dr.,contacted,,,,,,,,,,"bonn, nordrhein-westfalen",False,NRW,,Facharzt,"Facharzt, Standortleiter",Facharzt,Radiologie,Bonn und Umgebung,"Geht zu LifeLink nach Koblenz

Strahleninstitut angeboten - nein, haben ihn in Prüm lange hingehalten. in 1 Jahr geht dort die Leitung. 

Wohnort Bonn : 30 Minuten Fahrzeit 
Diagnostisch. Kann MSK, ganzkörper Voruntersuchung, onkologisch. Kann gerne Neuro + Kinder lernen. 
Kein mamma, herz, prostata
Wegen Düren schon mit Headhunter im Gespräch aber zu weit. 
will 162k
gernre HomeOffice
arbeitet jetzt bei GFO
KF ist 2 Wochen, ist in Probezeit
kann zum 01.07.25 anfangen.",johanna.müller@web.de,+49 1761595444,,2025-08-28 23:59:00,1d3c5chvsv0l7sgpm3180xryqi8cmg,Email,2026-01-17 17:25:35,2026-01-17
767,Schwarz,Clara,,interested,,,,,,,,,,nordrhein-westfalen,,NRW,,Oberarzt,"Ltd. OA, Standortleiter",Facharzt,Radiologie,Bergisches Land,s.h. Email,clara.schwarz@web.de,+49 1071983803,,2025-05-08 23:59:00,1ca97hwipd0b3dj2fkux18n91wqx0z,Email,2026-01-17 17:25:35,2026-01-17
768,Schneider,Julia,Dr.,contacted,,,,,,,,,,DE,,ganz Deutschland,,Facharzt,"Oberarzt, Ltd. OA, Standortleiter, Gesellschafter",Facharzt,Radiologie,"ganz DE, TZ 32h","hat eine neue Stelle 05/2025

ist in ganz DE offen.
will TZ 32h und 150k
180k bei Vollzeit
muss nicht Leitung. 
ab 01.08.25
Herz/Prostata kann gerne muss aber nicht sein
Prio ist TZ und Geld",julia.schneider@gmail.com,+49 1896013217,,2025-05-26 23:59:00,0al1hqk0cf0zl2c3xcse2ng0syzmi8,Tel.,2026-01-17 17:25:35,2026-01-17
769,Hoffmann,Maria,,interested,,,,,,,,,,DE,True,ganz Deutschland,,Assistenzarzt,Assistenzarzt,Assistenzarzt,Radiologie,AA mit Berufserlaubnis,,maria.hoffmann@outlook.com,+49 1739062392,,2025-05-29 23:59:00,1yio1bc7tq08fe7csbes231omnn84q,LinkedIn,2026-01-17 17:25:35,2026-01-17
1068,Koch,Clara,Dr.,contacted,,,,,,,,,,,,,,,,Facharzt,Orthopädie & UCH,,SP Wirbelsäulenchirurgie,clara.koch@yahoo.de,+49 1591886827,,2026-01-17 14:33:19.32848,0chzcaq9mi16mah76bh02eqetvf0xm,,2026-01-17 17:25:35,2026-01-17
1069,Schwarz,Lea,Dr.,contacted,,,,,,,,,,,,,,,,Facharzt,Orthopädie & UCH,,war zuletzt CA,lea.schwarz@yahoo.de,+49 1155252159,,2026-01-17 14:33:19.32848,1domf4n5u615rfdh4ewr2ds8dhc2dr,,2026-01-17 17:25:35,2026-01-17
771,Meyer,Maria,,interested,,,,,,,,,,DE,,ganz Deutschland,,"MTRA / MFA / sonstige, Freelancer",,MTRA,Radiologie,Freelancer,"keine Rückmeldung erhalten

3 Monate 
Leitung MTRA 
mit Management  
MRT wenig nur Minijob
CT und Röntgen, und Kardio und Nuklearmedizin Diagnostik und Therapie 
lebt in Bonn Umzug OK",maria.meyer@gmail.com,+49 1162146446,,2025-08-14 23:59:00,0d1us589om2n58hl4oe908vgjmx2n6,Email,2026-01-17 17:25:35,2026-01-17
772,Krüger,Isabella,Dr.,contacted,,,,,,,,,,hamburg,,,,Oberarzt,"Ltd. OA, Chefarzt, Standortleiter",Facharzt,Radiologie,Hamburg,,isabella.krüger@web.de,+49 1730942871,,2025-06-17 23:59:00,0jp1ejir1j0p399069oi1xagl3dxs5,LinkedIn,2026-01-17 17:25:35,2026-01-17
773,Fischer,Mila,Dr.,interested,,,,,,,,,,"CH, DE",True,,,Ltd. OA,,Facharzt,Radiologie,"DE CH, Diagn. und SP Interv. Radiologie","macht auch MSK als SP jetzt in der Klinik
macht viel Schaufensterkrankheit
will entweder volles interventinelles Spektrum inkl onko oder voll Diagnostik

Sehr geehrter Herr Dr. Knecht

Bezugnehmend auf Ihre oben genannte Anzeige möchte ich Ihnen gerne einen erfahrenen Radiologen im Rahmen einer Festvermittlung vorstellen. 

Der Kollege ist aktuell als Leitender Oberarzt für Diagnostische und Interventionelle Radiologie in Deutschland tägig und besitzt bereits die MEBEKO Anerkennung. 
Er bringt fundierte Fachkenntnisse im gesamten Spektrum der Diagnostischen und Interventionellen Radiologie mit, insbesondere der: 
-Schnittbilddiagnostik
-Gynäkologische Radiologie (primärer Ansprechpartner der Gyn.-Kollegen) inkl. Biopsien etc. 
-Myomembolisation und MRgFUS
-diagnostische Punktionen und Drainagen
-Behandlung akuter Gefäßverschlüsse 
-AVK
-Minimal-invasive Blutstillung 
-PRTs
-Tumortherapie (TACE)
-Thermo- und Kryoablation bei Tumoren
-Elektroporation (IRE) bei Tumoren

Der Kollege wünscht sich eine neue berufliche Herausforderung mit Gestaltungsfreiraum, wobei er gerne seine Erfahrung speziell in der Interventionellen Radiologie an Kolleginnen und Kollegen weitergeben möchte. Gleichzeitig ist er auch offen für eine Einarbeitung in die Interventionelle Neuroradiologie. 

Gerne möchte ich Ihnen bei Interesse sein vollständiges Dossier zusenden und freue mich auf Ihre Rückmeldung. Bei Fragen stehe ich Ihnen gerne jederzeit zur Verfügung.",mila.fischer@gmail.com,+49 1539239874,,2025-06-18 23:59:00,0dybxkdng30yan1lp3we2rm8bgbi86,Tel.,2026-01-17 17:25:35,2026-01-17
775,Zimmermann,Lea,,interested,,,,,,,,,,"erfurt, thüringen",False,Thüringen,,Facharzt,"Facharzt, Ltd. OA, Standortleiter",Facharzt,Radiologie,nur Erfurt (Thüringen) oder Teleradiologie,ist mit Fam. in Erfurt Gebiet gebunden. Arbeitet 70%. Offen für Teleradiologie.,lea.zimmermann@web.de,+49 1325116820,,2025-07-14 23:59:00,0g854xnf520yk0kzrrtk0ogem47lo4,Tel.,2026-01-17 17:25:35,2026-01-17
776,Wagner,Clara,Dr.,interested,,,,,,,,,,"aachen, nordrhein-westfalen",,NRW,,Facharzt,"Ltd. OA, Chefarzt, Standortleiter, Gesellschafter",Facharzt,Radiologie,Aachen und Umgebung,Engelskirchen nein,clara.wagner@yahoo.de,+49 1978524479,,2025-08-15 23:59:00,2oufjrgs1a22lb6w51fv0a2ngpcvb1,LinkedIn,2026-01-17 17:25:35,2026-01-17
777,Wagner,Klara,,contacted,,,,,,,,,,aachen,,,,Facharzt,"Standortleiter, Gesellschafter",Facharzt,Radiologie,Aachen und Umgebung,Lin keine Antwort,klara.wagner@web.de,+49 1236208062,,2025-07-10 23:59:00,1glkahmbbo2rk6lr8oy511vn3q3tqr,LinkedIn,2026-01-17 17:25:35,2026-01-17
779,Krüger,Mara,,contacted,,,,,,,,,,"bonn, köln",,,,Facharzt,"Facharzt, Oberarzt, Ltd. OA, Standortleiter, Gesellschafter",Facharzt,Radiologie,Bonn und Süd-Köln,"aktuell nein weil gerade neuen Job angefangen.

Lin keine Rückmeldung",mara.krüger@web.de,+49 1184705842,,2025-08-22 23:59:00,1qi0ur8up52gpvitxepq1gmgjs5sly,LinkedIn,2026-01-17 17:25:35,2026-01-17
781,Schulz,Nina,Dr.,interested,,,,,,,,,,hamburg,,,,Oberarzt,"Ltd. OA, Chefarzt, Standortleiter, Gesellschafter",Facharzt,Radiologie,Hamburg,,nina.schulz@web.de,+49 1928072841,,2025-07-25 23:59:00,2d4e3ztsuz065qznjvjf0mgnrm20gz,LinkedIn,2026-01-17 17:25:35,2026-01-17
782,Zimmermann,Isabella,,contacted,,,,,,,,,,hamburg,,,,Facharzt,"Ltd. OA, Standortleiter",Facharzt,Radiologie,Hamburg,Danke für das Angebot. Prinzipiell passt die Stellenbeschreibung ganz gut zu mir. Allerdings bin ich in meiner aktuellen Position sehr zufrieden. Ein Wechsel kommt zum aktuellen Zeitpunkt nicht infrage.,isabella.zimmermann@yahoo.de,+49 1521105893,,2025-07-15 23:59:00,2godwjht2j1jqklwsatd0rlc3gfih9,LinkedIn,2026-01-17 17:25:35,2026-01-17
783,Bauer,Mara,,contacted,,,,,,,,,,hamburg,,,,"Oberarzt, Standortleiter","Ltd. OA, Standortleiter, Gesellschafter",Facharzt,Radiologie,Hamburg,,mara.bauer@yahoo.de,+49 1360970000,,2025-07-15 23:59:00,2fod3cl7qj0hk9ddf3zw1m4pb8o3db,LinkedIn,2026-01-17 17:25:35,2026-01-17
784,Weber,Emma,,contacted,,,,,,,,,,hamburg,,,,Assistenzarzt,Facharzt,Assistenzarzt,Radiologie,AA in Hamburg,,emma.weber@gmail.com,+49 1878088265,,2025-07-15 23:59:00,2lg2m33oar0fnq6h5ack1onlc2i6o1,LinkedIn,2026-01-17 17:25:35,2026-01-17
786,Schwarz,Clara,,interested,,,,,,,,,,"berlin, brandenburg",,"Brandenburg, Berlin",,Oberarzt,"Ltd. OA, Chefarzt, Standortleiter, Gesellschafter",Facharzt,Radiologie,Berlin und Umgebung noch für 2 Jahre,"Aktuell und voraussichtlich auch in den nächsten zwei Jahren kommt ein Ortswechsel für mich allerdings nicht infrage, da ich weiterhin in Berlin bleiben möchte.


Zukünftig könnte für mich jedoch eine Position in Berlin von Interesse sein..Sollten Sie eine entsprechende Gelegenheit sehen, würde ich mich über eine Benachrichtigung freuen.",clara.schwarz@web.de,+49 1535849915,,2025-07-15 23:59:00,1mnycb8h2w1wihpe79mv1bdcpogjrf,LinkedIn,2026-01-17 17:25:35,2026-01-17
787,Wolf,Elena,,contacted,,,,,,,,,,bremen,,Bremen,,Oberarzt,"Ltd. OA, Chefarzt, Standortleiter, Gesellschafter",Facharzt,Radiologie,Bremen und Umgebung,"Allerdings bin ich sowohl familiär als auch beruflich fest in Bremen verwurzelt. Zudem bietet meine aktuelle Position mir bereits ein breites Spektrum an Untersuchungen und fachlichen Herausforderungen. 
Daher sehe ich derzeit keine Veranlassung für einen Wechsel, möchte mich aber dennoch für Ihr Interesse und die Kontaktaufnahme bedanken. Ich wünsche Ihnen viel Erfolg bei der Besetzung der Stelle.",elena.wolf@outlook.com,+49 1914768089,,2025-07-15 23:59:00,09vh51f23c1l8d68jqv729q4az3r0a,LinkedIn,2026-01-17 17:25:35,2026-01-17
791,Hartmann,Julia,,contacted,,,,,,,,,,duisburg,,,,Oberarzt,"Oberarzt, Ltd. OA, Standortleiter",Facharzt,Radiologie,Duisburg,Duisburg,julia.hartmann@gmail.com,+49 1352855087,,2025-07-16 23:59:00,2cmt6ryrdt0kimjikq8n0wlhqbice7,LinkedIn,2026-01-17 17:25:35,2026-01-17
795,Hartmann,Paula,Dr.,interested,,,,,,,,,,"köln, nordrhein-westfalen",False,NRW,,Oberarzt,"Oberarzt, Standortleiter",Facharzt,Radiologie,Köln und Umgebung,"Tel. Engelskirchen ist zu weit. Gerne in Kontakt bleiben

62 Jahre alt seit 20 Jahren als OA 
will Keine Dienste mehr
Muss nicht leitend sein
OA Gehalt jetzt  140-150 inkl. Dienste 
Schnittbilddiagnostik seit 20 Jahren 
Auch Angios auch Rö und Sono
War 2 Jahre in Praxis 
Keine Mamma 
Kein Gyn
Kein Herz und kein Prostata
nur KH Spektrum",paula.hartmann@yahoo.de,+49 1094121585,,2025-07-28 23:59:00,0zzjzkoepc25drfgw4ni26w10to6qd,Tel.,2026-01-17 17:25:35,2026-01-17
796,Müller,Laura,Dr.,contacted,,,,,,,,,,lübeck,,,,Facharzt,"Oberarzt, Standortleiter",Facharzt,Radiologie,ist FA bei Uni Lübeck,Lin,laura.müller@outlook.com,+49 1076177677,,2025-07-24 23:59:00,1txju2fzr40njuy4f8rj2ascmhdsuw,LinkedIn,2026-01-17 17:25:35,2026-01-17
798,Wolf,Nina,,interested,,bei Segali vorgestellt,,,,,,,,"CH, DE",True,"ganz Deutschland, Schweiz",,Facharzt,"Facharzt, Oberarzt, Standortleiter, Gesellschafter",Facharzt,Radiologie,offen für alles,"Bei Segali vorgestellt und RoMed vorgeestellt.
Segali kennt ihm von einem anderen Dienstleister. Bei Mergen hatte er sich selbst beworben. 

bader hat ihn abgelehnt weil wenig erfahrung. 

Kein prostata und kein Herz
MSK sehr gut 
Will sich langristig niederlassen
Leben in Braunschweig
Asap am September
Erst selbst und danach die Familie
Kennt siemens MRT und Phillips 
Alles kann 
Kontakt per Email vorab",nina.wolf@outlook.com,+49 1335742868,,2025-08-25 23:59:00,0i3bg22x7v0qf03fypvk26q6hy4fkn,Email,2026-01-17 17:25:35,2026-01-17
799,Weber,Maria,,interested,,,,,,,,,,"CH, düsseldorf, köln, nordrhein-westfalen",True,"Schweiz, NRW",,Facharzt,"Facharzt, Standortleiter, Gesellschafter",Facharzt,Radiologie,Düsseldorf und Köln und CH,"Strahleninstitut vorgestellt - abgelehnt

Tel. Sehr angenehm. Ist alleinerziehende Mutter von sehr begabtem Kind.
will in nach Köln weil man dem Kind da eine bessere Förderung bieten kann. Arbeitet beim Grönemeyer institut. Kennt Segali. Kann alles MSK, Neuro, Herz CT Q2
Gerne auch Mamma und Prostata nach einarbeitung. 
TZ 30 Std pro Woche
Ab 165k+ interessant auf Vollzeit gerechnet
Kann machen MSK und will Leidenschaft Neuroradiologisch Diagnostik 
Umzug OK  auch Richtung Köln gerne
CH auch OK
Könnte auch gerne Mamma machen
Kann auch alles andere Diagnostisch
Kardio-CT viel gemacht macht Q1 Oktober aber vor Schwangeschaft viel, theoretisch Q2 Ende des Jahres
Prostata ganz wenig Erfahrung vllt 20-25 Befunde",maria.weber@gmail.com,+49 1153406599,,2025-09-17 23:59:00,2f4sqo3d061vvxa54u481kijpsczmz,Email,2026-01-17 17:25:35,2026-01-17
800,Hartmann,Johanna,,interested,,vorgestellt bei Segali,,,,,,,,DE,True,ganz Deutschland,,Oberarzt,"Facharzt, Oberarzt",Facharzt,Radiologie,junger FA Rad,"Tel. spricht russich. In der Schweit kann er seinen FA nicht anerkennen, weil er Rus Pass hat. Deswegen zurück nach Deutschland
Kann MSK, Prostata und Mamma. Gerne Süddeutschland oder Ostdeutschland. Kein NRW und auch kein Norddeutschland. Gesagt dass er mit ab 135 und mit seinen SP mit 140k rechnen kann. 

Fachlich bringt der Kollege Erfahrung in der Schnittbilddiagnostik (MSK), sowie in den Bereichen Prostata und Mammographie mit. Über eine vielseitige Tätigkeit, bei der er seine Erfahrung vertiefen kann und auch Neues kennenlernen könnte, würde er sich freuen. In unserem Gespräch hat er einen sehr offenen und motivierten Eindruck hinterlassen, wobei wir uns fließend auf Deutsch unterhalten konnten.

Über eine kurze Rückmeldung würde ich mich sehr freuen. 

Vielen Dank im Voraus und weiterhin einen guten Start in die neue Woche!",johanna.hartmann@outlook.com,+49 1211454005,,2025-08-11 23:59:00,21eg9hhk4u1ew7euo3r91hs0nw62g9,Tel.,2026-01-17 17:25:35,2026-01-17
801,Meyer,Sarah,Dr.,interested,,,,,,,,,,"CH, DE",True,"ganz Deutschland, Schweiz",,Facharzt,"Ltd. OA, Standortleiter, Gesellschafter",Facharzt,Radiologie,will Leitung ab 190k DE /CH,"Hat schon gekündigt
verdiente knapp unter 190k p.a.
Hat Angebot 197k 
200k süddeutschland
Ostdeutschland  240k im klinischen mit ambulant
deutschlandweit umzug ok, aber immobilie in Dortmund.


Geburtsdatum: 
1. Oktober 1971

Staatsangehörigkeit: deutsch

Adresse:
Bodieckstraße102, 44289 Dortmund
Telefonnr.: 
0151 288 213 40

E-mail: dr.ismailince@yahoo.com

Familienstand: verheiratet, 1 Kind; meine Frau Karola ist Ingenieurin. 

1. August bis 31. Oktober 2009 Assistenzarzt an der Wiener Universitätsklinik für Psychiatrie und Psychotherapie

23. Nov. 2009 bis 15. Feb. 2010 Assistenzarzt an der Universitätsklinik für Herz, Thorax- und Gefäßchirurgische
Anästhesie und Intensivmedizin in Wien

ca.18 Monate Assistenzarzt in der Innere Medizin in Deutschland

02 / 2012 – 06 /2018 Assistenzarzt in der Radiologie

01.04.2022 bis 30.03.2023 Leitender Oberarzt im Klinikum Stadt Soest

Seit April 2024 angestellt in einerMVZinDortmund",sarah.meyer@gmail.com,+49 1313216279,,2025-08-19 23:59:00,07dlhvwi521bg8rlb8zt1phkk3r7m2,Tel.,2026-01-17 17:25:35,2026-01-17
802,Wagner,Mara,,interested,,,,,,,,,,hessen,,Hessen,,Standortleiter,"Facharzt, Oberarzt, Standortleiter",Facharzt,Radiologie,Frankfurt und Umgebung,"Vorgestellt bei Bader - Absage Email

alles bis 80km aber nur ambulant-
haben 2 Wohnungen in Offenbach
kann Prostata und MSK, Gefäße, Kopf, 
kein Sono
hat schon gekündigt. ab 01.01.2026 oder früher
FA seit 2008
will 185k",mara.wagner@web.de,+49 1877825018,,2025-08-29 23:59:00,0sofuzsm9u0m8g1750ei07kfonkiev,Email,2026-01-17 17:25:35,2026-01-17
803,Hartmann,Isabella,Dr.,interested,,,,,,,,,,hessen,False,Hessen,,Facharzt,"Standortleiter, Gesellschafter",Facharzt,Radiologie,Frankfurt und Umgebung,"wohnt in Norden Bad Nauheim, pendelradius
Leitung oder Beteiligung
Keine Klinik
Q1 Prostata und in dem Thema promoviert
Q2 Lungen
Kein Mamma 
Herz-CT an der Uni gemacht 
Herz-MRT auch könnte einarbeitern",isabella.hartmann@gmail.com,+49 1604592221,,2025-08-19 23:59:00,1m6tssgifj26e3kuct5g129geidb37,Tel.,2026-01-17 17:25:35,2026-01-17
804,Hoffmann,Paula,Dr.,interested,,,,,,,,,,"CH, DE, karlsruhe",True,"ganz Deutschland, Schweiz",,Facharzt,"Oberarzt, Gesellschafter",Facharzt,Radiologie,Karlsruhe und Umgebung,"Umkreis von 50 bis max. 70km vom 76275 Ettlingen. Am Montag habe ich meine FA Prüfung und werde mich danach in meiner Gegend in ein paar Praxen bewerben. Es gibt tatsächlich ein paar freie Stellen, wo auch die Inhaber in 2-3 Jahren in Rente gehen, mit guten Aufstiegsmöglichkeiten als Inhaber.

von Bader abgelehnt
Frau ist auch Radiologin
Umzug nach Wien ist in Ordnung
November dann FA Prüfung
Rotiniert knie schulter osg MRT
Nicht so rotiniert aber weit über 100 Ellenbogen, posttraumatische schwieriger
Hand nur 20 Std. nicht so viel 

Prostata MRT 100 haben Anbindung an Uro MVZ
Schicken Biopsie ergebnisse und haben gute Treffquote

Cardio CT 1 pro Woche 
Cardio MRT 4 pro Woche - 100 Stück.

Mamma MRT macht der Chef weil nur privatpatienten

Weiterbildungsfähig und willig 

Hat 2 Jahre Orthopädie gemacht - Sportmedizin und Endoprothetik Arcus Kliniken

Er kann sich noch frei forman und er ist biegsam 
Großes interesse am dem Spektrum

Macht man Strukturierte Befundung oder frei diktiert?
Bei freihand geht es schneller

Stress-MR auch mit einem Kardiologen zusammen. Jedes 4-5 Herz ist ein Stress Herz und erfahrung bei der Befundung. Alle 2-3 Wochen ein Befund.

1 Monat Kündigungsfrist 

Frau
Herz MRT 

Beide haben Ihre Weiterbildung in DE gemacht 

Ist pragmatisch und bodenständig
Wäre sehr schön und möchte sich beteiligen",paula.hoffmann@web.de,+49 1367841997,,2025-10-31 23:59:00,1gjhxingdx05gi8c0frg0uu7ia9rgo,Email,2026-01-17 17:25:35,2026-01-17
805,Müller,Mara,,interested,,,,,,,,,,AT,,Österreich,,,,Facharzt,Radiologie,Radiologe in Wien,"Bader angebiten - will es sich überlegen und per Email CV senden

SP MSK 
hat Kardio Q1 und teilnahmebescheining herz
Bescheinigung für prostata auch

Zertifikat für mamma hat er nicht aber kann er mitmachen Mamma MRT hat auch Erfahrung
Lebt in Wien",mara.müller@web.de,+49 1767895617,,2025-09-03 23:59:00,24m65u4vmt0qa7jlr25d2cf5ouvex0,Tel.,2026-01-17 17:25:35,2026-01-17
807,Wolf,Clara,,interested,,,,,,,,,,AT,,Österreich,,Facharzt,"Oberarzt, Standortleiter, Gesellschafter",Facharzt,Radiologie,Wien,"gerade FA gemacht
sind vor 3 Jahren aus DE nach Wien gezogen. Sie kommt aus Norddeutschland und Mann ist Chirirg aus München. 
Hat eine super Stelle. in AUT werden die Dienste aus Arbeitszeit bezahlt. Also macht Sie eine Nacht und dann hat Sie schon 25 Str und restliche Tage geht sie um 13 nach hausen. Nur wien. haben kinder
Kennt selbst Bader",clara.wolf@web.de,+49 1824937886,,2025-09-10 23:59:00,0bs97poaod2b9o5ya7fx1mnk7e4171,Tel.,2026-01-17 17:25:35,2026-01-17
808,Klein,Isabella,Dr.,in Interview,,vorgestellt bei Mergen,,,,,,,,"AT, CH, DE",,"ganz Deutschland, Österreich, Schweiz",,Chefarzt,"Facharzt, Standortleiter, Gesellschafter",Facharzt,Radiologie,für alles offen,"kann auch zum 01.01.2026 oder nV.
aktuell noch Inhaber https://radiologie-dresden-gorbitz.de/ will aber Anteile verkaufen. RoMed angeboten. 
Ist seit 15 Jahren in der Niederlassung
Ist auch Neuroradiologe 
Macht auch viel MSK und Neuro auch Prostata
Weniger Mamma-MR (hat sich rausgehalten) obwohl er Mamma grundsätzlich macht
Auch keine Herz-Diagnostik 
In Wolkenstein in Südtirol in Fortbildung für MSK
Schmerztherapie einer der SP
dazu Klinik in Prien erwähnt. Will es sich mit seiner Frau überlegen
Frau ist Musikerin, Wien wäre perfekt aber schon vertrag unterschrieben. 
60-80 Stunden",isabella.klein@outlook.com,+49 1773850035,,2025-11-05 23:59:00,1pk21h4p8o1dmk61zq310ihg5i0vqy,Tel.,2026-01-17 17:25:35,2026-01-17
852,Bauer,Alina,,interested,,,,,,,,,,,,,,,,Facharzt,Chirurgie,,25.06.2024 - vmartynenko: vorgestellt FÜR CA Gefäßchirurgie in Attendorn,alina.bauer@web.de,+49 1665806657,,2026-01-17 14:33:19.300648,2n0a8k864k1wv1mtsux02myomayx2m,,2026-01-17 17:25:35,2026-01-17
853,Wolf,Clara,,contacted,,,,,,,,,,,,,,,,Facharzt,Chirurgie,,Viszeralchirurgie ltd. OA,clara.wolf@outlook.com,+49 1990290499,,2026-01-17 14:33:19.300648,03bhgmug0m1nmmnakuv91cy1xj4r9l,,2026-01-17 17:25:35,2026-01-17
854,Schneider,Isabella,Dr.,interested,,,,,,,,,,,,,,Ltd. OA,"Ltd. OA, Chefarzt, Standortleiter",Facharzt,Chirurgie,,27.10.2022 - vmartynenko: offen für eine Chefarztstelle für Viszeralchirurgie in Niedersachsen oder NRW.,isabella.schneider@outlook.com,+49 1607597843,,2026-01-17 14:33:19.300648,15r33n0eem04jr4udf7y1nuu2e7tbx,,2026-01-17 17:25:35,2026-01-17
855,Becker,Alina,,contacted,,,,,,,,,,,,,,,,Facharzt,Chirurgie,,,alina.becker@yahoo.de,+49 1113280274,,2026-01-17 14:33:19.300648,0a2og6iraa2oud7tvp7i2rngkihd5y,,2026-01-17 17:25:35,2026-01-17
856,Weber,Maria,,interested,,,,,,,,,,,,,,,,Facharzt,Chirurgie,SP Kinderneurochirurgie und Epilepsiechirirgie,,maria.weber@yahoo.de,+49 1747075797,,2026-01-17 14:33:19.300648,097uk2goj21qn5gwyxjr28kw356iny,,2026-01-17 17:25:35,2026-01-17
857,Meyer,Emma,,contacted,,,,,,,,,,,,,,,,sonstige,Chirurgie,,,emma.meyer@yahoo.de,+49 1721646357,,2026-01-17 14:33:19.300648,0ol5pr669a1oc0doz76q06rxegoxuu,,2026-01-17 17:25:35,2026-01-17
859,Zimmermann,Sarah,,interested,,,,,,,,,,,,,,,,Facharzt,Innere Medizin,,02.07.2024 - vmartynenko: bei Proselis in Herten vorgestellt. LOA Perspektive  und die Nähe zu seinem Wohnort motiviren ihn sich vorzustellen.,sarah.zimmermann@yahoo.de,+49 1221962441,,2026-01-17 14:33:19.300648,1f0yul73y11eijlgqxb900nks6wghy,,2026-01-17 17:25:35,2026-01-17
860,Krüger,Lisa,,contacted,,,,,,,,,,,,,,,,Facharzt,Innere Medizin,,"11.10.2024 - vmartynenko: sieht keine fachliche Weiterentwicklung. Bundesweit offen für Kardio interventionell. TAVI Prozeduren sind wichtig für die Auswahl. Momentan verdient ca 170.000€ fix.

Austarifliche Vergütung: Eine faire und leistungsgerechte Vergütung, die über den üblichen Tarifvertrag hinausgeht.
   •    Starkes Katheterprogramm: Die Möglichkeit, in einem hochmodernen kardiologischen Katheterlabor tätig zu sein und umfangreiche interventionelle Erfahrungen zu sammeln.
   •    Entwicklungsmöglichkeiten: Besonders interessiert bin ich an der Möglichkeit, mich im Bereich der TAVI-Prozeduren weiterzuentwickeln und neue Techniken zu erlernen.
   •    Forschung und Promotion: Gerne möchte ich die Gelegenheit nutzen, meine wissenschaftliche Arbeit weiterzuführen und eine Doktorarbeit anzufertigen.

Idealerweise sollte die Klinik in einer größeren Stadt oder im direkten Umland einer solchen gelegen sein, um eine gute Anbindung und Lebensqualität zu gewährleisten.",lisa.krüger@web.de,+49 1561104843,,2026-01-17 14:33:19.300648,0ennkkb07y18jdl2da621qtqt6qr6j,,2026-01-17 17:25:35,2026-01-17
861,Neumann,Lisa,,contacted,,,,,,,,,,,,,,,,Facharzt,Innere Medizin,,Schwerpunkte in Rhythmologie und Elektrophysiologie,lisa.neumann@web.de,+49 1149823521,,2026-01-17 14:33:19.300648,20n8g86k9e27gtuxb7y82pz2vo08bq,,2026-01-17 17:25:35,2026-01-17
862,Schmidt,Clara,Dr.,interested,,,,,,,,,,,,,,Freelancer,,Facharzt,Innere Medizin,,11.11.2022 - vmartynenko: aktuell Honorararzt. Bundesweit offen für Chefarzt Stellen und leitende Stellen. Gehalt ab 270.000€ (VHB),clara.schmidt@yahoo.de,+49 1926949044,,2026-01-17 14:33:19.302176,18qtvhunvq19u2vjk63d1l2kqw7gds,,2026-01-17 17:25:35,2026-01-17
863,Becker,Julia,Dr.,interested,,,,,,,,,,,,,,,,Facharzt,Innere Medizin,,,julia.becker@outlook.com,+49 1913662274,,2026-01-17 14:33:19.302176,2ohgwjvoq90w0we2ubc92e6wuoz9xm,,2026-01-17 17:25:35,2026-01-17
864,Hoffmann,Mila,,contacted,,,,,,,,,,,,,,,,Facharzt,Innere Medizin,,,mila.hoffmann@outlook.com,+49 1569451420,,2026-01-17 14:33:19.302176,1dl9x7og042dptpxn4yj2a43v9kxyk,,2026-01-17 17:25:35,2026-01-17
810,Klein,Elena,,interested,,,,,,,,,,"düsseldorf, nordrhein-westfalen",,NRW,,,,MTRA,Radiologie,Düsseldorf und Umgebung,"Bei FNK Düsseldorf abgelehnt weil sie keine Dienste machen will.

Frau Atashafroozneh wünscht sich eine neue berufliche Herausforderung in Düsseldorf, ab dem 01.01.2026 in Teilzeit – 32h/Woche, wobei sie gerne aus familiären Gründen einen ganzen Tag pro Woche frei hätte. Sie bringt fundierte Erfahrung im gesamten diagnostischen Spektrum inkl. MRT, CT, Röntgen und Digitale Mammographie mit, wobei sie viel Wert auf eine kollegiale und patientenorientierte Umgebung legt. 

Ihr Wunschgehalt auf eine Vollzeitstelle gerechnet sind 4600€.",elena.klein@web.de,+49 1329195483,,2025-09-29 23:59:00,0f8bi9ckib1r1xcnu4cp1558tept7t,Tel.,2026-01-17 17:25:35,2026-01-17
811,Richter,Lena,Dr.,interested,,,,,,,,,,"AT, DE",True,"ganz Deutschland, Österreich",,Assistenzarzt,Assistenzarzt,Assistenzarzt,Radiologie,AA Radiologie,"01/2026 2 Wbj fertig. 
Kann Sono und Rö und hat Strahlenschutzkurs 
kein CT und kein MRT
ganz DE verfügbar.",lena.richter@web.de,+49 1968020578,,2025-10-06 23:59:00,291hf85oid2pcoqqdnbd1pj80rv4u8,Tel.,2026-01-17 17:25:35,2026-01-17
812,Krüger,Alina,,interested,,,,,,,,,,"düsseldorf, nordrhein-westfalen",False,NRW,,Facharzt,"Facharzt, Oberarzt",Facharzt,Radiologie,nur Düsseldorf und Umgebung,"4 Woche Kfrist
will ohne Dienste 80-100% 
nur Düsseldorf und Umgebung 
war vorher MTRA
wichtig Einarbeitung 
seit 09/2025 FA
144 für Springer ist OK

hat am 01.10. neuen Job im KH mit Diensten.
Segali hat Kaiserswerth angeboten.
Essen RH DT abgelehnt, Will erstmal in der Klink bleiben.",alina.krüger@gmail.com,+49 1134574359,,2025-12-04 23:59:00,1ogw23d2wl2pr2m5yi9p06kvzyo4pd,Email,2026-01-17 17:25:35,2026-01-17
813,Zimmermann,Nina,Dr.,interested,,,,,,,,,,"AT, CH, DE, heidelberg, mannheim",True,"ganz Deutschland, Österreich, Schweiz",,Facharzt,"Facharzt, Oberarzt, Standortleiter",Facharzt,Radiologie,Mannheim Heidelberg,"Springer Rheinland abgesagt wg Familie und Umzug. 144k gesagt.
Wohnt mit Familie bei Mannheim
3M zum QEnde
01.04.2026 Anfang wäre möglich",nina.zimmermann@web.de,+49 1966468766,,2025-10-27 23:59:00,0zhkrtljbl0617vm5uvw0fbeo8bygu,Email,2026-01-17 17:25:35,2026-01-17
839,Schneider,Julia,,contacted,,,,,,,,,,,,,,,,Facharzt,Pädiatrie / Kindermedizin,,,julia.schneider@outlook.com,+49 1013531341,,2026-01-17 14:33:19.298508,0czsuhd60012z2lp8mup0h8bnh0s2d,LinkedIn,2026-01-17 17:25:35,2026-01-17
865,Schmidt,Mara,Dr.,contacted,,,,,,,,,,,,,,,,Facharzt,Innere Medizin,,,mara.schmidt@outlook.com,+49 1164183221,,2026-01-17 14:33:19.302176,2837dln05f25rv58k0us135jete484,,2026-01-17 17:25:35,2026-01-17
866,Krüger,Maria,Dr.,interested,,,,,,,,,,,,,,,,Facharzt,Innere Medizin,,FA Allgemeinmedizin SP Schmerztherapie - Raum München,maria.krüger@outlook.com,+49 1059777596,,2026-01-17 14:33:19.302176,1gx89zy5kq23kex4f5oo24d0ftuabp,,2026-01-17 17:25:35,2026-01-17
867,Wolf,Alina,Dr.,contacted,,,,,,,,,,,,,,,,Facharzt,Innere Medizin,,,alina.wolf@web.de,+49 1441717846,,2026-01-17 14:33:19.302176,1adevf773q0fywi2ftie06y9xc6j0x,,2026-01-17 17:25:35,2026-01-17
869,Müller,Johanna,Dr.,contacted,,,,,,,,,,,,,,,,Facharzt,Innere Medizin,,"27.10.2022 - vmartynenko: Will aus familiären Gründen nach München umziehen. MAcht Weiterbildung in der Gastro. noch 2 Jahre übrig. im Letzten Jahr hat er ca. 1200 Endoskopien gemacht.

Bewirbt sich aktiv selbst. Schon 20 Bewerbungen in München verschickt. Will Patientenkontakt und weniger Station machen.",johanna.müller@web.de,+49 1293966112,,2026-01-17 14:33:19.302176,1kltpex2di0x0zic5yau2m7mqxm8aw,,2026-01-17 17:25:35,2026-01-17
870,Bauer,Lea,Dr.,interested,,,,,,,,,,,,,,,,Facharzt,Innere Medizin,,"23.05.2023 - vmartynenko: Stelle in Osterholz abgesagt. Hat keine Lust auf Pendeln.


30.03.2023 - vmartynenko:
kaltakquise- Stellen in der Nähe von bremen grundsätzlich interessant. per email alles abgeschickt. warte auf Feedback",lea.bauer@gmail.com,+49 1283951869,,2026-01-17 14:33:19.302176,0u3dy9bsnp0x74eeg2pv2j6ifn14zr,,2026-01-17 17:25:35,2026-01-17
872,Schneider,Lena,,interested,,,,,,,,,,,,,,,,Assistenzarzt,Innere Medizin,,will 120k inklusive Dienste,lena.schneider@gmail.com,+49 1507370534,,2026-01-17 14:33:19.303211,0o55u728zb1m3a5ngmcy0sge9ix51u,,2026-01-17 17:25:35,2026-01-17
873,Koch,Emma,Dr.,contacted,,,,,,,,,,,,,,,,Facharzt,Innere Medizin,,"12.01.2023 - vmartynenko:
Herr Grothaus hat den Kontakt empfohlen. Er hat jedoch momentan kein Interesse",emma.koch@outlook.com,+49 1757649935,,2026-01-17 14:33:19.303211,00eknuh1ow01h7u7d1qu11tw7zqzsv,,2026-01-17 17:25:35,2026-01-17
874,Klein,Lea,,contacted,,,,,,,,,,,,,,,,Facharzt,Innere Medizin,,,lea.klein@yahoo.de,+49 1433640745,,2026-01-17 14:33:19.303211,0ciby3n23o0rlvut6zas1dm95pv1ou,,2026-01-17 17:25:35,2026-01-17
875,Richter,Lisa,,interested,,,,,,,,,,,,,,,,Facharzt,Innere Medizin,,,lisa.richter@yahoo.de,+49 1040815929,,2026-01-17 14:33:19.303211,216vdlw56m0rf6dj5j6o05ekx695pr,,2026-01-17 17:25:35,2026-01-17
876,Zimmermann,Paula,Dr.,contacted,,,,,,,,,,,,,,Ltd. OA,"Ltd. OA, Chefarzt, Standortleiter",Facharzt,Innere Medizin,,"09.01.2023 - vmartynenko:

Bereit bei Maximalversorger als Leitender Oberarzt oder Chefarzt einzusteigen oder Grund und Regelversorger als Chefarzt.

Sollte zentral liegen. Anklam und Rügen kommen nicht in Frage.

Hat uns HerrnMatthias Friesicke von Asklepios empfohlen.",paula.zimmermann@outlook.com,+49 1800125852,,2026-01-17 14:33:19.303211,1spjue0b1d0oesld8k4r2mssgu7zme,,2026-01-17 17:25:35,2026-01-17
877,Richter,Johanna,,contacted,,,,,,,,,,,,,,,,Facharzt,Innere Medizin,,,johanna.richter@gmail.com,+49 1847242009,,2026-01-17 14:33:19.303211,0gc9bp5l772itycn0lde25qbq9ugg1,,2026-01-17 17:25:35,2026-01-17
878,Krüger,Julia,Dr.,contacted,,,,,,,,,,,,,,,,Facharzt,Innere Medizin,,,julia.krüger@yahoo.de,+49 1610162693,,2026-01-17 14:33:19.304196,1vds16osxf2fyg0talkj1b5ks50igm,,2026-01-17 17:25:35,2026-01-17
879,Koch,Lena,Dr.,contacted,,,,,,,,,,,,,,,,Facharzt,Innere Medizin,,,lena.koch@yahoo.de,+49 1834631505,,2026-01-17 14:33:19.304196,062qmwbahk2dj4i7z30s1w8euedke4,,2026-01-17 17:25:35,2026-01-17
880,Neumann,Lea,,contacted,,,,,,,,,,,,,,,,Facharzt,Innere Medizin,,"12.04.2024 - vmartynenko: Eltern wohnen in Göttingen und sind 80. Deswegen will er in der Nähe bleiben. Chefarztvakanzen oder MVZ Leitung käme in Frage. verdient aktuell 210-240 inklusive Dienste.

Hat eine Wohnung in Kassel. Umkreis 200km um Göttingen ist ok",lea.neumann@yahoo.de,+49 1610823578,,2026-01-17 14:33:19.304196,1vq8osvgg929qtynugva2jvie05yxc,,2026-01-17 17:25:35,2026-01-17
881,Wagner,Johanna,,interested,,,,,,,,,,,,,,,,Facharzt,Innere Medizin,,"25.05.2023 - vmartynenko:
45 Minuten um Iserlohn als Leitender Oberarzt gastroenterologie",johanna.wagner@yahoo.de,+49 1611370887,,2026-01-17 14:33:19.304196,2qqe11ore61u9p5n7a4d0mqz0pp02h,,2026-01-17 17:25:35,2026-01-17
882,Zimmermann,Elena,,interested,,,,,,,,,,,,,,,,Facharzt,Innere Medizin,,"02.07.2024 - vmartynenko: vorgestellt bei Proselis in Herten. 190k aktuelles Gehalt mit 6 Diensten. möchte nicht weniger.

Aktuelle Klinik hat finanzielle Schwierigkeiten",elena.zimmermann@outlook.com,+49 1589406157,,2026-01-17 14:33:19.304196,127ipy7vn30uoekdo87t1cbgdx8mko,,2026-01-17 17:25:35,2026-01-17
883,Schulz,Lisa,,interested,,,,,,,,,,,,,,,,Facharzt,Innere Medizin,,"17.03.2023 - vmartynenko:
interessiert an Stelln um Brake. Osterholz würde auch in fragte kommen. Frau momentan schwanger und jetzt kann er nicht wechseln. Kontakt wieder Ende August/September",lisa.schulz@web.de,+49 1166581129,,2026-01-17 14:33:19.304196,058zjv7srw1itkqbsihs2dk4vuqwoq,,2026-01-17 17:25:35,2026-01-17
884,Koch,Mara,,interested,,,,,,,,,,,,,,,,Facharzt,Innere Medizin,,"27.03.2023 - vmartynenko: wäre offen vielleicht nächstes Jahr, maximal 1 Stunden von Dresden/Meisen entfernt",mara.koch@outlook.com,+49 1434147620,,2026-01-17 14:33:19.304196,04r1ylqgqv1c337il5um1h4rfuhmkq,,2026-01-17 17:25:35,2026-01-17
885,Klein,Isabella,Dr.,contacted,,,,,,,,,,,,,,,,Facharzt,Innere Medizin,,,isabella.klein@web.de,+49 1952129235,,2026-01-17 14:33:19.304196,2hnymrdyn80nfjn8bzu21211m8824p,,2026-01-17 17:25:35,2026-01-17
886,Klein,Mila,Dr.,contacted,,,,,,,,,,,,,,,,Facharzt,Innere Medizin,hat neuen job seit 04/2025,17.04.2025: Ich habe einen neuen Job und arbeite jetzt als Stv. Chefarzt Angiologie bei Kantonsspital Aarau AG.,mila.klein@web.de,+49 1194118051,,2026-01-17 14:33:19.305195,06izvlrfdu1exoiuoqy00sq5op4dd0,LinkedIn,2026-01-17 17:25:35,2026-01-17
887,Schneider,Mara,,interested,,,,,,,,,,,,,,,,"Facharzt, sonstige",Innere Medizin,,"12.12.2022 - EB:

Position
Fachärztin für Physikalische und Rehabilitative Medizin

Wohnort
Potsdam

Verfügbarkeit
Ab sofort verfügbar

Gehaltswunsch
100.000 € /Jahr

Wunschstandort
München und Umgebung

Motivation
Dr. Köhler ist zu Zeit auf der Suche nach einer neuen Herausforderung in Münchner Raum. Ihr Mann arbeitet in München und pendelt immer zwischen Süd und Nord. Deswegen hat sich Frau Köhler entschieden mit Ihrer Familie komplett nach München zu ziehen.

Zusammenfassung
Dr. Köhler arbeitete zuletzt als Fachärztin für Physikalische und Rehabilitative Medizin in einer großen Rehaklinik.
Sie ist vor einiger Zeit Mutter geworden und hat seitdem Ihre Zeit in das Kind investiert. Aktuell sucht Frau Köhler eine neue Herausforderung im Raum München.
Ihr Mann arbeitet in München und pendelt immer zwischen Süd und Nord. Deswegen hat sich Frau Köhler entschieden, mit Ihrer Familie komplett nach München zu ziehen und Ihr Angebot hat ihr Interesse geweckt. Als junge Mutter, würde sie gerne einen Arbeitsplatz finden, mit geregelten Arbeitszeiten und ohne Nacht-& Wochenenddienste.
Für erste Gespräche steht Frau Köhler gerne zur Verfügung.",mara.schneider@gmail.com,+49 1759866312,,2026-01-17 14:33:19.305195,2b9zi3pmdn0sg7w68x8l1i442a8dg7,,2026-01-17 17:25:35,2026-01-17
889,Müller,Laura,,interested,,,,,,,,,,,,,,,,Facharzt,Innere Medizin,,,laura.müller@outlook.com,+49 1563791034,,2026-01-17 14:33:19.305195,1yhepk9tce2hterhktf12drrg72pfd,,2026-01-17 17:25:35,2026-01-17
890,Schwarz,Lea,,contacted,,,,,,,,,,,,,,,,Facharzt,Innere Medizin,,,lea.schwarz@yahoo.de,+49 1636132436,,2026-01-17 14:33:19.305195,03upg29nn90umeuqn6ja1p4tr0rm61,,2026-01-17 17:25:35,2026-01-17
891,Klein,Maria,Dr.,contacted,,,,,,,,,,,,,,,,Facharzt,Innere Medizin,,aktuell 07/2021 kein Interesse,maria.klein@web.de,+49 1909371406,,2026-01-17 14:33:19.305195,0b05of741w26s3yyftk222uq1l9j5r,,2026-01-17 17:25:35,2026-01-17
892,Fischer,Nina,Dr.,contacted,,,,,,,,,,,,,,,,Facharzt,Innere Medizin,,,nina.fischer@gmail.com,+49 1209582010,,2026-01-17 14:33:19.305195,16i2mdfphc1heoqolgh00l58vn5ruh,,2026-01-17 17:25:35,2026-01-17
894,Hoffmann,Elena,Dr.,interested,,,,,,,,,,,,,,,,Facharzt,Innere Medizin,,"In Waldshut am 14.06 vorgestellt

14.06.2023 - vmartynenko: offen für Waldshut als Chefarzt aber wurde noch vom Wettbewerb darauf angesprochen. Überlegt selbst, über uns oder ""Exclusiv"" Dienstleister in Vorstellung zu gehen",elena.hoffmann@gmail.com,+49 1566089416,,2026-01-17 14:33:19.306215,1s5tl6imvy265lr9fdey0jjlmr8pv6,,2026-01-17 17:25:35,2026-01-17
896,Wagner,Mila,,contacted,,,,,,,,,,,,,,,,Facharzt,Innere Medizin,,"ist Intensiv- und Notfallmediziner, kein Interesse an Arbeit im Op",mila.wagner@web.de,+49 1089628968,,2026-01-17 14:33:19.306215,1nq9v8tdd71u90hckger07eu1ygmqn,,2026-01-17 17:25:35,2026-01-17
897,Richter,Lea,Dr.,contacted,,,,,,,,,,,,,,,,Facharzt,Innere Medizin,,"16.01.2023 - Guten Tag Herr Martynenko,

Kiel, Lübeck, Segeberg (wann geht Prof. Ludwig in Rente?).
Wie ist die Nachfolge in Lübeck geregelt? 
Positionen: CA, ÄD, Mvz Leitung, ggf. Sektionsleitung.
Zurzeit bin ich Belegarzt in Bad Oldesloe, was mir gefällt. Aber man weiss ja nie, was kommt? vmartynenko:",lea.richter@yahoo.de,+49 1833610675,,2026-01-17 14:33:19.306215,0n6ywktmve1hnw4i6h9i260b4uj7yu,,2026-01-17 17:25:35,2026-01-17
898,Zimmermann,Mara,,contacted,,,,,,,,,,,,,,,,Facharzt,Innere Medizin,,,mara.zimmermann@gmail.com,+49 1547025975,,2026-01-17 14:33:19.306215,2fc7p8bx6y0jj1uqfb5a03067k2c50,,2026-01-17 17:25:35,2026-01-17
899,Weber,Lea,Dr.,contacted,,,,,,,,,,,,,,,,Facharzt,Innere Medizin,,"24.01.2023 - vmartynenko:
es würde nördliches NRW oder Hamburg/Schleswig Holstein passen.",lea.weber@web.de,+49 1802810413,,2026-01-17 14:33:19.306215,0zg7wqwfwn20agi56jhp1tdeq1bhom,,2026-01-17 17:25:35,2026-01-17
900,Klein,Klara,Dr.,contacted,,,,,,,,,,,,,,,,Facharzt,Innere Medizin,,,klara.klein@web.de,+49 1544330720,,2026-01-17 14:33:19.306215,05hdstvsuv1tku4yava00f9go0x2fg,,2026-01-17 17:25:35,2026-01-17
901,Wolf,Sophie,Dr.,interested,,,,,,,,,,,,,,,,Facharzt,Innere Medizin,,"20.12.2022 - vmartynenko:
per Linkdin: Hallo Herr Martynenko, ich bin in Schrobenhausen geboren und aufgewachsen. Seit über 20 Jahren bin ich nun im Saarland beruflich tätig, eine Rückkehr in meine Heimat war jedoch immer wieder ein Thema, eine wirklich gute Gelegenheit hat sich bisher nicht ergeben. Das Klinikum St. Elisabeth ist ja eine Klinik der Grund- und Regelversorgung (??). Wieso gibt es denn keine eigene (kleine) Abteilung für Gastroenterologie ? Bei dem Bedarf und der Versorgungssituation wäre das m.E. angebracht, und dann auch eine attraktivere Position. Dann käme es für mich ev. in Frage. MfG",sophie.wolf@yahoo.de,+49 1217755042,,2026-01-17 14:33:19.306215,1u8idjfl3f1oaj1nhwpv0b2dezjxd2,,2026-01-17 17:25:35,2026-01-17
846,Schulz,Sophie,Dr.,interested,,,,,,,,,,"AT, CH, DE",,"ganz Deutschland, Österreich, Schweiz",,Ltd. OA,"Ltd. OA, Standortleiter",Facharzt,"Radiologie, Mammographie",offen für alles - MSK und Mamma,"Aktuell viel Mamma und MSK
kein Herz und Prostata
KV Zulassung für Mamma macht kurative Mamma
ist seit 2 Jahren in der Leitung 
ist 57 Jahre alt
genre in Kontakt bleiben. Umzug ist auch OK
wird Gespräche führen über Leitung, weil sein Standort jetzt zur Uni Essen gehört",sophie.schulz@outlook.com,+49 1150285994,,2025-10-31 23:59:00,0fg3dyo0bt28qzft1u401r5qevbjsp,LinkedIn,2026-01-17 17:25:35,2026-01-17
902,Wagner,Anna,,interested,,,,,,,,,,,,,,,,Facharzt,Innere Medizin,,16.03.2023 - vmartynenko: SOterholz Klinik wegen teamarztmodel abgesagt. Ist aber offen für neue Möglichkeiten,anna.wagner@outlook.com,+49 1365808101,,2026-01-17 14:33:19.307209,2rp62t1peu13r7dy2a4k0v2p5xky3g,,2026-01-17 17:25:35,2026-01-17
903,Fischer,Laura,,contacted,,,,,,,,,,,,,,,,Facharzt,Innere Medizin,,"27.10.2022 - vmartynenko: Linkedin: Mir wäre wichtig in ein funktionierendes Team einsteigen zu können und keine Abteilung aufbauen zu müssen. Gehalt und Urlaube dürfen sich am Tarifvertrag orientieren. Schön, aber kein Muss, wäre, wenn keine Hintergrunddienste im Coro-Labor zu absolvieren wären.",laura.fischer@outlook.com,+49 1019545463,,2026-01-17 14:33:19.307209,1a9kk703u21h67f6hpk82j0bp7kuiw,,2026-01-17 17:25:35,2026-01-17
904,Wagner,Paula,Dr.,contacted,,,,,,,,,,,,,,,Chefarzt,Facharzt,Innere Medizin,CA Innere Medizin,ist CA KMG Kliniken,paula.wagner@yahoo.de,+49 1111917992,,2025-12-11 23:59:00,18xptol93o0m13pv9in52g0d3r9pnz,LinkedIn,2026-01-17 17:25:35,2026-01-17
905,Wolf,Klara,,interested,,,,,,,,,,,,,,,,Facharzt,Innere Medizin,,25.05.2023 - vmartynenko: offen für Oberarztstellen um Bremen herum,klara.wolf@web.de,+49 1732046752,,2026-01-17 14:33:19.307209,0l79own0qc2le1515knh1msxl8gxte,,2026-01-17 17:25:35,2026-01-17
906,Meyer,Mara,Dr.,contacted,,,,,,,,,,,,,,,,Facharzt,Innere Medizin,,,mara.meyer@web.de,+49 1811825829,,2026-01-17 14:33:19.307209,0f5wvp44vm1wcijtsk921mxjchxfa8,,2026-01-17 17:25:35,2026-01-17
907,Zimmermann,Nina,Dr.,contacted,,,,,,,,,,,,,,,,Facharzt,Innere Medizin,,,nina.zimmermann@outlook.com,+49 1087403050,,2026-01-17 14:33:19.307209,0yeun04qo82ek1kmd28k133beh7ei5,,2026-01-17 17:25:35,2026-01-17
908,Neumann,Isabella,Dr.,interested,,,,,,,,,,,,,,Ltd. OA,"Ltd. OA, Chefarzt, Standortleiter",Facharzt,Innere Medizin,,"27.10.2022 - vmartynenko:
ich suche nicht aktiv. Falls es im Raum Berlin/ Brandenburg etwas attraktives gibt oder HH dann höre ich es mir gern an. Tatsächlich interessiere ich mich ausschließlich für Chefarzt Positionen. Oder als leitender Gastroenterologe in einer allgemeinen Inneren Medizin.",isabella.neumann@outlook.com,+49 1312015006,,2026-01-17 14:33:19.307209,0lhm31gehb1qn63sdmds0ba52lvmup,,2026-01-17 17:25:35,2026-01-17
909,Schwarz,Mila,Dr.,contacted,,,,,,,,,,,,,,,,Facharzt,Innere Medizin,,,mila.schwarz@web.de,+49 1169815633,,2026-01-17 14:33:19.307209,0cqxlvxrwu1ozneew3a21wdqad44sy,,2026-01-17 17:25:35,2026-01-17
910,Hartmann,Clara,Dr.,contacted,,,,,,,,,,,,,,,,Facharzt,Innere Medizin,,,clara.hartmann@gmail.com,+49 1060850391,,2026-01-17 14:33:19.308183,0ugkk7vg820q7jqm54702dw1ghxudn,,2026-01-17 17:25:35,2026-01-17
911,Müller,Mila,Dr.,interested,,,,,,,,,,,,,,Oberarzt,Ltd. OA,Facharzt,Innere Medizin,,,mila.müller@gmail.com,+49 1517881600,,2026-01-17 14:33:19.308183,1fopkogl0b0pp2eb5bbp2oekj1487r,,2026-01-17 17:25:35,2026-01-17
912,Richter,Clara,Dr.,contacted,,,,,,,,,,,,,,,,Facharzt,Innere Medizin,,,clara.richter@gmail.com,+49 1083754717,,2026-01-17 14:33:19.308183,0mhsogz6nm0x4fqvhqzz1h1u291xxz,,2026-01-17 17:25:35,2026-01-17
913,Wagner,Sophie,,interested,,,,,,,,,,,,,,Chefarzt,"Chefarzt, Standortleiter",Facharzt,Innere Medizin,,"10.11.2022 - vmartynenko: Will Chefarzt in GR Berlin und Brandenburg
Bereit für Umzug unter folgenden Voraussetzungen
Gehalt   300 T€
Dienstwagen + BahnCard 100% 1.Klasse
Offenheit für Integrativmedizin
Mitgestaltung in hohem Maße
Interesse an und Förderung von Verbandstätigkeit und Dozententätigkeit des CA",sophie.wagner@web.de,+49 1546083474,,2026-01-17 14:33:19.308183,08j8j8iq1k0zla8kp0d4299ohfozou,,2026-01-17 17:25:35,2026-01-17
914,Zimmermann,Paula,,contacted,,,,,,,,,,,,,,,,Facharzt,Innere Medizin,,15.02.2023 - vmartynenko: Interesse an leitenden Stellen um Lüdenscheid,paula.zimmermann@yahoo.de,+49 1616586309,,2026-01-17 14:33:19.308691,2p62xl9zr50rmwi4yfz608ldqlqt84,,2026-01-17 17:25:35,2026-01-17
915,Schulz,Klara,Dr.,contacted,,,,,,,,,,,,,,,,Facharzt,Innere Medizin,,macht derzeit 08/2022  Facharzt in der Allgemeinmedizin. Unter den heutigen Umständen möchte er nicht mehr in ein deutsches Krankenhaus zuruck,klara.schulz@gmail.com,+49 1772925459,,2026-01-17 14:33:19.308691,1pe4vjopk820inil9sq30irpiczyq4,,2026-01-17 17:25:35,2026-01-17
920,Hoffmann,Maria,,contacted,,,,,,,,,,,,,,,,Facharzt,Anästhesie,,"23.06.2023 - EB:
KANDIDATENDOSSIER
 
Name/ Vorname Dr. med.  Akremi, Faycal
Position Oberarzt für Anästhesie
Wohnort Düsseldorf
Verfügbarkeit 12 Wochen
 
Gehaltswunsch Nach Kennenlernen und Absprache
Wunschstandort Düsseldorf und Umgebung
Motivation Dr. Akremi plant in naher Zukunft seinen Umzug nach Düsseldorf und ist auf der Suche nach einer geeigneten Oberarztstelle in der unmittelbaren Umgebung. Dadurch möchte er vermeiden, lange Arbeitswege auf sich nehmen zu müssen.
Fähigkeiten • Facharzt für Anästhesie
• Zusatzbezeichnung spezielle Intensivmedizin
• Zusatzbezeichnung Notfallmedizin 
• Interuniversitäres Diplom: Gerontoanästhesie und -Intensivmedizin
• Interuniversitäres Diplom: Invasive und Nichtinvasive Beatmung
• Weiterbildung zum ABS-Experte                                 (Zertifizierung voraussichtlich September 2023)
Zusammenfassung                                     
Dr. Akremi, ein engagierter Oberarzt der Klinik für Anästhesie und Intensivmedizin im Marienhospital Brühl, strebt danach, seine berufliche Expertise kontinuierlich zu erweitern. Er verfügt bereits über die Zusatzbezeichnung spezielle Intensivmedizin sowie Notfallmedizin und befindet sich derzeit in den abschließenden Phasen seiner Weiterbildung zum ABS-Experten. Voraussichtlich wird er im September 2023 zertifiziert.
Mit dem Umzug nach Düsseldorf in greifbarer Nähe, ist Dr. A. aktiv auf der Suche nach einer passenden Oberarztstelle in unmittelbarer Umgebung. Er möchte dabei seine Arbeitswege minimieren und seine kostbare Zeit effizienter nutzen können. Beeindruckt von der Reputation Ihrer Klinik, äußerte Dr. A. bereits äußerst positive Eindrücke und hegt großes Interesse daran, sich vorzustellen und mehr über die Anforderungen und Chancen innerhalb Ihres Teams zu erfahren.
Dr. A. steht gerne für erste Gespräche zur Verfügung und freut sich darauf, weitere Einblicke zu gewinnen.
______________________

bei paracelsus Golzheim vor Ort gewesen, kriegt ein Angebot.",maria.hoffmann@gmail.com,+49 1530027149,,2026-01-17 14:33:19.308691,2fwypxebrp073q9e4iwq0nnbv0tvkh,,2026-01-17 17:25:35,2026-01-17
922,Schwarz,Maria,,interested,,,,,,,,,,,,,,,,Facharzt,Anästhesie,,"04.08.2023 - EB:

Position 
Facharzt für Anästhesie

Wohnort 
Neuss

Verfügbarkeit 
12 Wochen Kündigungsfrist

Gehaltswunsch 
Ab 130.000 € 

Wunschstandort 
Düsseldorf und Umgebung

Zusammenfassung                                                  
Dr. Aldaies hat vor kurzem seine Anerkennung als Facharzt für Anästhesie erreicht und ist nunmehr auf der Suche nach neuen beruflichen Herausforderungen. Insbesondere eine kleinere Klinik, die Rufdienste anstelle von Anwesenheitsdiensten bietet und Fortbildungen unterstützt, gefällt ihm sehr.

Wenn es die Möglichkeit für Weiterbildungen gibt würde Dr. Aldaeis diese auch gerne nutzen und sich weiterentwickeln.

Ihre renommierte Fachklinik hat Dr. Aldaeis' Interesse geweckt und er ist sehr daran interessiert, mehr über die angebotenen Stellen und Möglichkeiten zu erfahren.

Für ein erstes Kennenlernen und weiterführende Gespräche steht Dr. Aldaies gerne zur Verfügung.",maria.schwarz@outlook.com,+49 1918829876,,2026-01-17 14:33:19.308691,0ora5559vn0f7dzidvty2ez8jnqjie,,2026-01-17 17:25:35,2026-01-17
923,Müller,Lena,,contacted,,,,,,,,,,,,,,,,Facharzt,Anästhesie,,"Momentan kein Interesse, aber wenn dann nur stationär",lena.müller@outlook.com,+49 1341611469,,2026-01-17 14:33:19.308691,1me8x6q0zq0b80qlsv9m17rquia18q,,2026-01-17 17:25:35,2026-01-17
925,Schneider,Nina,,contacted,,,,,,,,,,,,,,,,Assistenzarzt,Anästhesie,,,nina.schneider@gmail.com,+49 1267025842,,2026-01-17 14:33:19.308691,1ulqjgwtms23kh0ig8x1030ecpvx4i,,2026-01-17 17:25:35,2026-01-17
926,Hoffmann,Lena,,contacted,,,,,,,,,,,,,,Ltd. OA,"Ltd. OA, Chefarzt, Standortleiter",Facharzt,Anästhesie,,,lena.hoffmann@gmail.com,+49 1072805769,,2026-01-17 14:33:19.31021,09n4tycyc81gwe6sw8bs1z0uvmcbpe,,2026-01-17 17:25:35,2026-01-17
927,Müller,Laura,Dr.,interested,,,,,,,,,,,,,,,,Facharzt,Anästhesie,,,laura.müller@yahoo.de,+49 1513168427,,2026-01-17 14:33:19.31021,18cwsewbyv0p6bjr48yw08rmkxiip7,,2026-01-17 17:25:35,2026-01-17
928,Müller,Paula,Dr.,contacted,,,,,,,,,,,,,,,,Facharzt,Anästhesie,,,paula.müller@gmail.com,+49 1533992500,,2026-01-17 14:33:19.31021,0adkwixo5p15gk2mn10c0jnwh1bczx,,2026-01-17 17:25:35,2026-01-17
929,Weber,Alina,Dr.,contacted,,,,,,,,,,,,,,,,Facharzt,Anästhesie,,,alina.weber@yahoo.de,+49 1027582488,,2026-01-17 14:33:19.310757,12ndxzvozr2ajx67oxy525ex90xlpv,,2026-01-17 17:25:35,2026-01-17
930,Zimmermann,Johanna,,interested,,,,,,,,,,,,,,,,Facharzt,Anästhesie,,27.05.2024 - vmartynenko: Ameos zu weit weg,johanna.zimmermann@gmail.com,+49 1472001062,,2026-01-17 14:33:19.310757,25dxcgdce22clxtupsbk0bq5g73s07,,2026-01-17 17:25:35,2026-01-17
931,Richter,Lena,,contacted,,,,,,,,,,,,,,,,Facharzt,Anästhesie,,,lena.richter@outlook.com,+49 1061529641,,2026-01-17 14:33:19.310757,2ld9sjukpf2bhfzpq7vs0ugfzn2x4b,,2026-01-17 17:25:35,2026-01-17
932,Wolf,Klara,,contacted,,,,,,,,,,,,,,,,Facharzt,Anästhesie,,Hätte Interesse an einer OA Stelle,klara.wolf@web.de,+49 1490800591,,2026-01-17 14:33:19.310757,1xyjk5z1ej1t0r8mtthe1imz2vzdnn,,2026-01-17 17:25:35,2026-01-17
933,Wagner,Elena,,interested,,,,,,,,,,,,,,,,Facharzt,Anästhesie,,,elena.wagner@outlook.com,+49 1861411340,,2026-01-17 14:33:19.310757,0u2aa4qqfv1h5rzkan7r1dwqgef3lr,,2026-01-17 17:25:35,2026-01-17
934,Neumann,Alina,,contacted,,,,,,,,,,,,,,,,Facharzt,Anästhesie,,,alina.neumann@yahoo.de,+49 1758869498,,2026-01-17 14:33:19.310757,1tcbzd9mqh2dstgswupz1aiz8s6w7u,,2026-01-17 17:25:35,2026-01-17
935,Becker,Alina,Dr.,contacted,,,,,,,,,,,,,,,,Facharzt,Anästhesie,,,alina.becker@yahoo.de,+49 1204859559,,2026-01-17 14:33:19.310757,0ej7r8ints0o3hdgdv2j2n11eddsvo,,2026-01-17 17:25:35,2026-01-17
936,Koch,Sarah,,interested,,,,,,,,,,,,,,,,Facharzt,Anästhesie,,,sarah.koch@outlook.com,+49 1715500485,,2026-01-17 14:33:19.310757,0c2rkkt1km1x0ybr3e9b1ieqkwz9lp,,2026-01-17 17:25:35,2026-01-17
937,Fischer,Mila,,interested,,,,,,,,,,,,,,,,Facharzt,Anästhesie,,"06.05.2024 - vmartynenko:
An Stellen als LOA Intensivmedizin/Anästhesie interessiert. Seine Frau Anästhesistin. Region um Flensburg herum. Anklam ist zu weit weg",mila.fischer@web.de,+49 1226303884,,2026-01-17 14:33:19.311778,1uikcmujtm2l6k155k402iq8qw3cdk,,2026-01-17 17:25:35,2026-01-17
940,Krüger,Laura,Dr.,contacted,,,,,,,,,,,,,,,,Facharzt,Anästhesie,,an OA/LOA/CA-Stellen im Raum München interessiert,laura.krüger@yahoo.de,+49 1554857356,,2026-01-17 14:33:19.311778,283lmmiktg10mttd9bz90c96dj40rf,,2026-01-17 17:25:35,2026-01-17
941,Becker,Clara,Dr.,interested,,,,,,,,,,,,,,,,Facharzt,Anästhesie,,,clara.becker@web.de,+49 1967967987,,2026-01-17 14:33:19.311778,0dxkxrzvrn2i1hliuhpm2mw9g0mw1s,,2026-01-17 17:25:35,2026-01-17
942,Klein,Lena,,contacted,,,,,,,,,,,,,,,,Facharzt,Anästhesie,,"an Angeboten im Raum Gießen, Frankfurt, Marburg interessant",lena.klein@outlook.com,+49 1494990295,,2026-01-17 14:33:19.311778,0j4jcx6k9h2bff3wyx4x2q5mzcua0b,,2026-01-17 17:25:35,2026-01-17
943,Hartmann,Mila,Dr.,contacted,,,,,,,,,,,,,,,,Facharzt,Anästhesie,,,mila.hartmann@yahoo.de,+49 1436045529,,2026-01-17 14:33:19.311778,0t1vpg0moc1iifd3ig9t0fy4ltaxg9,,2026-01-17 17:25:35,2026-01-17
944,Bauer,Paula,Dr.,interested,,,,,,,,,,,,,,,,Facharzt,Anästhesie,,Interesse an einer OA Stelle,paula.bauer@web.de,+49 1626813423,,2026-01-17 14:33:19.312766,2kt6yohcn20av7gv9qwe280umrj5hx,,2026-01-17 17:25:35,2026-01-17
945,Hartmann,Klara,,interested,,,,,,,,,,,,,,,,Facharzt,Anästhesie,,"05.06.2024 - EB:
Offen für Angebote im Radius von 50km von Dresden.
Interessiert an Ltd. OA Stellen.",klara.hartmann@gmail.com,+49 1254916041,,2026-01-17 14:33:19.312766,0dyszes9xd12h2la0gr01zby3lkfz6,,2026-01-17 17:25:35,2026-01-17
946,Neumann,Johanna,Dr.,contacted,,,,,,,,,,,,,,,,Facharzt,Anästhesie,,"Stelle mit Jahresgehalt i.H.v. 120 000 Euro angeboten, zu niedrig",johanna.neumann@yahoo.de,+49 1786933522,,2026-01-17 14:33:19.312766,0bc302k2ux2bid2o10lw0xjq76t3f2,,2026-01-17 17:25:35,2026-01-17
947,Neumann,Laura,,contacted,,,,,,,,,,,,,,,,Facharzt,Anästhesie,,,laura.neumann@yahoo.de,+49 1566597904,,2026-01-17 14:33:19.312766,0yoiro3u9c2rm357idk20re9uye3zl,,2026-01-17 17:25:35,2026-01-17
948,Wolf,Paula,Dr.,contacted,,,,,,,,,,,,,,,,Facharzt,Anästhesie,,,paula.wolf@outlook.com,+49 1449884904,,2026-01-17 14:33:19.312766,2h0xfuol7w2fzztjdpq72r95kkxkw6,,2026-01-17 17:25:35,2026-01-17
949,Neumann,Isabella,,contacted,,,,,,,,,,,,,,,,Facharzt,Anästhesie,,,isabella.neumann@gmail.com,+49 1212042667,,2026-01-17 14:33:19.312766,184r3znvwx0mzg4g98wx1klrzl69ps,,2026-01-17 17:25:35,2026-01-17
950,Neumann,Mila,Dr.,contacted,,,,,,,,,,,,,,,,Facharzt,Anästhesie,,,mila.neumann@yahoo.de,+49 1320712252,,2026-01-17 14:33:19.312766,1q15p6t1660btg035fs41cmn5zlk0g,,2026-01-17 17:25:35,2026-01-17
951,Schneider,Johanna,Dr.,interested,,,,,,,,,,,,,,,,Facharzt,Anästhesie,,,johanna.schneider@outlook.com,+49 1693953045,,2026-01-17 14:33:19.312766,18lfe00qrj2qfvbu0sxw1cywpr70n4,,2026-01-17 17:25:35,2026-01-17
888,Zimmermann,Emma,Prof. Dr.,interested,,,,,,,,,,,,,,,,Facharzt,Innere Medizin,,"25.05.2023 - vmartynenko:
offen für neue Angebote. Schaut sich Stellen bundesweit an.",emma.zimmermann@yahoo.de,+49 1122926507,,2026-01-17 14:33:19.305195,2f8prf6dzp1ctp2odv5t1fdthxtpsn,,2026-01-17 17:25:35,2026-01-17
952,Schulz,Sarah,Dr.,interested,,,,,,,,,,,,,,,,Facharzt,Anästhesie,,"18.07.2023 - EB:
-Erfahrener OA
-gut bezahlte OA stelle oder ltd. OA Stelle kommen in Frage
-Gehaltswunsch ab 160k
-Ameos Bernburg kommt nicht in Frage",sarah.schulz@outlook.com,+49 1201984535,,2026-01-17 14:33:19.313779,242o0wfin30u5nwilyvc0vodqu1o1l,,2026-01-17 17:25:35,2026-01-17
953,Wolf,Mara,,contacted,,,,,,,,,,,,,,,,Facharzt,Anästhesie,,,mara.wolf@web.de,+49 1537200894,,2026-01-17 14:33:19.313779,1e8qzzi9vv1dzvj79ke10uih5eeoxk,,2026-01-17 17:25:35,2026-01-17
954,Becker,Lena,Dr.,contacted,,,,,,,,,,,,,,,,Facharzt,Anästhesie,,ldt. OA,lena.becker@outlook.com,+49 1378669507,,2026-01-17 14:33:19.313779,25ad3aibpa1sjkvi458c27ods3311j,,2026-01-17 17:25:35,2026-01-17
955,Klein,Clara,Dr.,contacted,,,,,,,,,,,,,,,,Facharzt,Anästhesie,,,clara.klein@outlook.com,+49 1160189749,,2026-01-17 14:33:19.313779,2cb0ty5xba07i831f58z1gaga4ym4e,,2026-01-17 17:25:35,2026-01-17
956,Müller,Clara,,interested,,,,,,,,,,,,,,,,Facharzt,Anästhesie,,"26.09.2023 - EB:
Sehr geehrter Herr Biryukov, 
 
vielen Dank für Ihren Anruf und Ihr Interesse. Das Angebot ist sehr interessant, aber nach reifer Überlegung sind wir der Meinung, dass der Zeitpunkt nicht passt (Schwangerschaft meiner Frau etc.). Dennoch bin ich mittelfristig interessiert in ein Krankenhaus in Düsseldorf zu wechseln. Sollten Sie daher im Raum Düsseldorf passende Angebote haben würde ich mich über eine kurze Nachricht freuen. 
 
Was halten Sie von einem weiteren Telefonat bzgl. meines Werdeganges, sodass Sie diesbzgl. besser informiert sind und auch mehr über mich wissen? in der 40 Kalenderwoche habe ich Urlaub und hätte daher Zeit für ein derartiges Gespräch. Als kurze Vorabinformation habe ich meinen Lebenslauf beigefügt. 
 
Ich bitte Sie diesen Lebenslauf vertraulich zu behandeln und nur nach individueller Rücksprache an weitere Personen weiterzuleiten.",clara.müller@yahoo.de,+49 1028851175,,2026-01-17 14:33:19.313779,0ku3btq2uz0fxpp3rbw118uwqw1v0c,,2026-01-17 17:25:35,2026-01-17
957,Fischer,Paula,Dr.,interested,,,,,,,,,,,,,,,,Facharzt,Anästhesie,,"Chefarzt Stelle in Nürnberg wäre interessant, FA für Anästhesie gesucht",paula.fischer@gmail.com,+49 1422965905,,2026-01-17 14:33:19.313779,0hu54sipqf097edw2v370lh47qkfkm,,2026-01-17 17:25:35,2026-01-17
958,Schneider,Nina,Dr.,contacted,,,,,,,,,,,,,,,,Facharzt,Anästhesie,,10/21 Kein Interesse,nina.schneider@web.de,+49 1729847179,,2026-01-17 14:33:19.313779,2g3xem0x2d03o1sfi6qf20k733045x,,2026-01-17 17:25:35,2026-01-17
959,Schulz,Isabella,,interested,,,,,,,,,,,,,,,,Facharzt,Anästhesie,,"26.01.2023 - vmartynenko:
ich habe in Markranstädt gebaut, daher kommt für mich ein Jobwechsel auf eine Chefarztposition (leitender Oberarzt bin ich bereits) nur in einem maximal 45 Minuten Fahrradius um Markranstädt herum in Frage.

Mit freundlichen Grüßen 


Dr. med. Robert Kraensel",isabella.schulz@yahoo.de,+49 1589423149,,2026-01-17 14:33:19.313779,29qrxei99p18z6c22nzg0o7n2bz57w,,2026-01-17 17:25:35,2026-01-17
960,Meyer,Klara,Dr.,contacted,,,,,,,,,,,,,,,,Facharzt,Anästhesie,,"momentan kein Interesse, aber an einer interessanten Stelle schon, Chefarzt möglich an einer guten Klinik, hohes Gehalt",klara.meyer@gmail.com,+49 1216707715,,2026-01-17 14:33:19.314777,1u9tsyol5k0zows9kw86216v4ug8ts,,2026-01-17 17:25:35,2026-01-17
961,Richter,Julia,Dr.,contacted,,,,,,,,,,,,,,,,Facharzt,Anästhesie,,,julia.richter@gmail.com,+49 1705026493,,2026-01-17 14:33:19.314777,0x12sl5d6c10nj4k1x8m1ytjtt15mn,,2026-01-17 17:25:35,2026-01-17
962,Müller,Mila,Dr.,contacted,,,,,,,,,,,,,,,,"Facharzt, Doppelfacharzt",Anästhesie,,"ich bin seit 20 Jahren in eigener Praxis niedergelassen. Somit kommt eine Festanstellung nicht in Frage. Ich mache einiges an Nebentätigkeiten, Flugrückholungen, Notarzt, Schiffsarzt, so etwas käme in Frage",mila.müller@web.de,+49 1407665952,,2026-01-17 14:33:19.314777,1i235zwsas1w9bs2i60o1po8uov7ur,,2026-01-17 17:25:35,2026-01-17
963,Koch,Mara,,contacted,,,,,,,,,,,,,,,,Facharzt,Anästhesie,,will nur um Bayreuth - kein Dr. Gruber im MedCenter (med360) - hat ein Pferd,mara.koch@outlook.com,+49 1354925699,,2026-01-17 14:33:19.314777,2liy0ecwjp16rerdvmf52nstkwwun5,,2026-01-17 17:25:35,2026-01-17
964,Müller,Lisa,Dr.,contacted,,,,,,,,,,,,,,,,Facharzt,Anästhesie,,"aktuell 07/2022 kein Interesse, siehe XING",lisa.müller@gmail.com,+49 1874853926,,2026-01-17 14:33:19.314777,2hx1rm9dqq1tdl67pqla1oqxtqkoud,,2026-01-17 17:25:35,2026-01-17
965,Weber,Mila,,contacted,,,,,,,,,,,,,,,,Facharzt,Anästhesie,,,mila.weber@yahoo.de,+49 1296863595,,2026-01-17 14:33:19.314777,1f4i97ryc20x2f2mdahd0pl9q27q24,,2026-01-17 17:25:35,2026-01-17
966,Bauer,Laura,Dr.,contacted,,,,,,,,,,,,,,,,Facharzt,Anästhesie,,"Hat kein Interesse, vor kurzem erst gewechselt.",laura.bauer@yahoo.de,+49 1922062634,,2026-01-17 14:33:19.314777,1z6q4hsz4r06jm9e1ntt2dkvr5zrx8,,2026-01-17 17:25:35,2026-01-17
967,Krüger,Lisa,,contacted,,,,,,,,,,,,,,,,Facharzt,Anästhesie,,,lisa.krüger@web.de,+49 1757824596,,2026-01-17 14:33:19.314777,2aia7e2cx10acct2xh940t49cpfdkg,,2026-01-17 17:25:35,2026-01-17
968,Fischer,Emma,,contacted,,,,,,,,,,,,,,,,Facharzt,Anästhesie,,,emma.fischer@gmail.com,+49 1459174148,,2026-01-17 14:33:19.315776,1c3le36j0d0ueltq26wn1tqufo1q1s,,2026-01-17 17:25:35,2026-01-17
969,Neumann,Paula,Dr.,interested,,,,,,,,,,,,,,,,Facharzt,Anästhesie,,"07.12.2023 - TP: tel. wollen in 2024 ein Kind bekommen und will dann in 2025 leitende Position in Palliativ z.B oder Anäshesie


in 2-3 Jahren CH interessant",paula.neumann@outlook.com,+49 1920939731,,2026-01-17 14:33:19.315776,1p5u01ynie27r6zj4um106bhvfku85,,2026-01-17 17:25:35,2026-01-17
970,Wolf,Sarah,Dr.,contacted,,,,,,,,,,,,,,,,Facharzt,Anästhesie,,,sarah.wolf@web.de,+49 1068098347,,2026-01-17 14:33:19.315776,1qdase7b5u09x5101ie92gjlvqj07o,,2026-01-17 17:25:35,2026-01-17
971,Koch,Emma,,contacted,,,,,,,,,,,,,,,,Facharzt,Anästhesie,,"23.06.2023 - EB:


kriegt ein Vertrag bei ameos
____________________________________
KANDIDATENDOSSIER


Name/ Vorname Dr. med. Hassan Al Omran
Position Facharzt Anästhesie
Wohnort Leipzig
Verfügbarkeit Max. in 6 Monaten, eventuell auch früher möglich

Gehaltswunsch 120.000 € per Annum
Wunschstandort Sachsen-Anhalt
Motivation Dr. Al Omran arbeitet in seiner Klinik seit knapp 10 Jahren und sucht nach einer neuen Herausforderung. Der Kandidat möchte sich sehr gerne weiterentwickeln und strebt den nächsten Karriereschritt, sowie damit verbundene Gehaltserhöhung an.
Fähigkeiten • Facharzt für Anästhesie
• General Anesthesia 
• Invasive monitoring 
• European Board Of cardiothoracic Anesthesia (Kinder und Erwachsenen Kardio-Anästhesie)
Zusammenfassung                                                  

Dr. Al Omran arbeitet aktuell als Facharzt für Anästhesie mit dem Schwerpunkt Kardio-Anästhesie bei Helios Herzzentrum in Leipzig.

Dr. Al Omran arbeitet in seiner Klinik seit knapp 10 Jahren und sucht nach einer neuen Herausforderung. Der Kandidat möchte sich sehr gerne weiterentwickeln und strebt den nächsten Karriereschritt, sowie damit verbundene Gehaltserhöhung an.

Dr. Al Omran ist aktuell aktiv auf der Suche nach beruflicher Veränderung und zeigt großes Interesse an der ausgeschriebenen Stelle in Halberstadt, Er steht Ihne gerne für erste Gespräche zur Verfügung.",emma.koch@outlook.com,+49 1842614939,,2026-01-17 14:33:19.315776,21qtsdc85e1n8x8by4by2k3ufybqio,,2026-01-17 17:25:35,2026-01-17
792,Müller,Emma,Dr.,interested,,,,,,,,,,"AT, CH, DE",,"ganz Deutschland, Österreich, Schweiz",,Standortleiter,"Chefarzt, Standortleiter, Gesellschafter",Facharzt,Radiologie,ist ÄL Wien will Beteiligung,"kann alles außer Herz
will Beteiligung, aber nicht nur ein paar Prozent
Bader abgelehnt",emma.müller@outlook.com,+49 1757923694,,2025-09-03 23:59:00,2ix7bcjxxf0nzt9ntusg1m6odznszf,Tel.,2026-01-17 17:25:35,2026-01-17
916,Bauer,Nina,,contacted,,,,,,,,,,,,,,,,Facharzt,Innere Medizin,,"19.07.2024 - EB:
habilitierter Oberarzt
Facharzt für Viszeralchirurgie
Zusatzbezeichnung „Proktologie“ und „Spezielle Viszeralchirurgie“ sucht leitende oder CA Position in Köln oder Umgebung.",nina.bauer@outlook.com,+49 1536108223,,2026-01-17 14:33:19.308691,1un5b0wh4w1i0ebqgv6y03jgidsn13,,2026-01-17 17:25:35,2026-01-17
917,Krüger,Maria,Dr.,contacted,,,,,,,,,,,,,,,,Facharzt,Innere Medizin,,,maria.krüger@yahoo.de,+49 1440202863,,2026-01-17 14:33:19.308691,1gsk6my7ak0no64mymnu1i5ytvxaer,,2026-01-17 17:25:35,2026-01-17
918,Schwarz,Mara,Dr.,contacted,,,,,,,,,,,,,,,,Facharzt,Anästhesie,,,mara.schwarz@yahoo.de,+49 1315827499,,2026-01-17 14:33:19.308691,0svx44r8b42prb5rndkx2mvi68v2zh,,2026-01-17 17:25:35,2026-01-17
919,Schmidt,Mara,,interested,,,,,,,,,,,,,,,,Facharzt,Anästhesie,,,mara.schmidt@outlook.com,+49 1026419589,,2026-01-17 14:33:19.308691,2et2d75r981sirb6o0m51m3qwycz0f,,2026-01-17 17:25:35,2026-01-17
921,Richter,Isabella,,interested,,,,,,,,,,,,,,,,Facharzt,Anästhesie,,25.06.2024 - vmartynenko: offen nur für Chefarztstellen. Intensivmedizin Erfahrung aber keine Zerttifizierung. Vorgestellt in Attendorn,isabella.richter@gmail.com,+49 1388317307,,2026-01-17 14:33:19.308691,0vk2s0hahl2fl2thokj82altb5kdoq,,2026-01-17 17:25:35,2026-01-17
972,Weber,Emma,,contacted,,,,,,,,,,,,,,,,Facharzt,Anästhesie,,"22.11.2022 - TP:
Schön Klinik München - per Email vorgestell
Schön Klinik Bad Aibling - per Email an aib-ortho-chefaztsekretariat@schoen-klinik.de Fr. Darvas und mgiehl@schoen-klinik.de vorgestellt

München Klinik Absage - per Email vorgestellt - Tel mit Fr. Reuss - Dr. Demetz ist noch in Urlaub. Bitte Vorstellen per Email an: Denise.reuss@muenchen-klinik.de
Agip Absage - .per Email vorgestellt an Frau Lingscheid - GF Hr. Janz ist in Besprechung

München Klinik Bogenhausen - nein
München Klinik Harlaching/Neuperlach - bei Prof. Felbinger - nein
München Klinik Schwabing - nein
Krankenhaus Martha-Maria - nicht erreicht - https://kh-muenchen.martha-maria.de/de/anaesthesie
Internistisches Klinikum München Süd - nicht erreicht - https://www.ikms.de/ikms-ueber-uns
Artemed Klinikum München Süd - am Montag bitte probieren, dann ist Dr. Vogel wieder da - https://www.artemed-muenchen-sued.de/anaesthesiologie-und-intensivmedizin
Helios Klinik München Perlach - nicht erreicht - https://www.helios-gesundheit.de/kliniken/muenchen-perlach/unser-angebot/unsere-fachbereiche/anaesthesie-und-intensivmedizin/
Helios Klinik München West - nein - nur über Zentrale in Berlin
LMU Klinikum - nein - Tel. mit Prof. Zwißler - rekrutieren selbst
AGiB - am Montag bitte probieren - mit Arzt telefoniert und bitte über GF Herr Janz probieren https://www.agib.info/agib/

hat Interesse an OP-Zentrum in München

Kündigungsfrist 6 Wochen zum QEnde

OA Stelle in München

Frau Anästhesie und Intensiv Krankenpflegerin (Teilzeit) Kind ist 11 Monate

AT interessant !

OA Stelle in München

Tarif und OA in einem größeran KH als alternative

Kitaplatz im KH Krippe und Kindergarten zusammen?

Großhadern oder westen München KH",emma.weber@yahoo.de,+49 1992684167,,2026-01-17 14:33:19.315776,042odpgf2c0hdumfy9ot0cqzm26uoi,,2026-01-17 17:25:35,2026-01-17
979,Schmidt,Clara,,interested,,,,,,,,,,,,,,,,Facharzt,Anästhesie,,"04.08.2023 - EB:

Position 
Funktionsoberarzt für Anästhesie

Wohnort 
Marl

Verfügbarkeit 
12 Wochen
 
Gehaltswunsch 
150k

Wunschstandort 
Düsseldorf und Umgebung

Motivation 
Dr. Samimi ist proaktiv auf der Suche nach neuen beruflichen Perspektiven, in denen er den Fortschritt von der Position eines Funktionsoberarztes zur Rolle eines Oberarztes vollziehen kann. Dabei strebt er nicht nur eine Erweiterung seiner Verantwortungsbereiche an, sondern auch eine entsprechende finanzielle Anerkennung seiner Fachkompetenz und Führungsqualitäten. Er zeigt sich zudem besonders angetan von der Möglichkeit, seinen Dienst in Form von Rufdiensten zu versehen, was eine willkommene Abwechslung zu traditionellen Anwesenheitsdiensten darstellt.

Fähigkeiten 
• Facharztbezeichnung für Anästhesiologie
• Zusatzbezeichnung Notfallmedizin

Zusammenfassung                                     
Dr. Samimi bringt derzeit seine Expertise als Funktionsoberarzt für Anästhesie im Marienhospital Marl ein und hat eine zusätzliche Qualifikation in Notfallmedizin erworben. Dennoch strebt er an, seine Kenntnisse durch weitere Zusatzqualifikationen zu erweitern, sobald sich eine passende Gelegenheit ergibt.
Im Hinblick auf seine Karriere plant Dr. Samimi, den nächsten Schritt zu machen und die Position eines Oberarztes anzustreben, wobei er sowohl in Bezug auf die Verantwortung als auch das Gehalt einen Fortschritt erwartet. Besonders reizvoll ist für ihn die Option, Rufdienste statt Anwesenheitsdienste zu leisten.
Die geographische Lage und das Profil Ihrer Klinik haben Dr. Samimi's Aufmerksamkeit geweckt, und er zeigt großes Interesse, mehr über die spezifischen Anforderungen der Position zu erfahren und einen tieferen Dialog zu beginnen.
Um seine Eignung und seinen Enthusiasmus für die Rolle persönlich zu demonstrieren, bietet Dr. Samimi sich für ein Vorstellungsgespräch am 15.08.2023 an.",clara.schmidt@gmail.com,+49 1004730565,,2026-01-17 14:33:19.316777,1jxnxtc1cs00zystivjo1op6d72hwc,,2026-01-17 17:25:35,2026-01-17
984,Schmidt,Klara,Dr.,interested,,,,,,,,,,,,,,,,Facharzt,Anästhesie,,,klara.schmidt@yahoo.de,+49 1542248486,,2026-01-17 14:33:19.317792,0wwbglw46x079ffxwbuh12svudunvr,,2026-01-17 17:25:35,2026-01-17
985,Bauer,Mila,Dr.,contacted,,,,,,,,,,,,,,,,Facharzt,Anästhesie,,,mila.bauer@gmail.com,+49 1456973431,,2026-01-17 14:33:19.317792,1rn7jdr7q32pjkyxq2p31vajxydrd7,,2026-01-17 17:25:35,2026-01-17
939,Klein,Paula,Dr.,interested,,,,,,,,,,,,,,,,Facharzt,Anästhesie,,,paula.klein@gmail.com,+49 1576089114,,2026-01-17 14:33:19.311778,0j23ktj2fh1k611y7ndh216v4m4tsv,,2026-01-17 17:25:35,2026-01-17
986,Schwarz,Mila,Dr.,interested,,,,,,,,,,,,,,,,Facharzt,Anästhesie,,,mila.schwarz@outlook.com,+49 1408184246,,2026-01-17 14:33:19.317792,2g0jg4rcwy1uiat1qczv1ktct6u9hn,,2026-01-17 17:25:35,2026-01-17
987,Wolf,Sarah,Dr.,interested,,,,,,,,,,,,,,,,Facharzt,Anästhesie,,,sarah.wolf@outlook.com,+49 1888335513,,2026-01-17 14:33:19.317792,0z4edc10v7238wtajp1f2pb2ebctua,,2026-01-17 17:25:35,2026-01-17
988,Krüger,Johanna,Dr.,interested,,,,,,,,,,,,,,,,Assistenzarzt,Anästhesie,,Schweiz Interesse,johanna.krüger@web.de,+49 1961063410,,2026-01-17 14:33:19.317792,2gjrmd42m309vacwq5n013se95exl1,,2026-01-17 17:25:35,2026-01-17
989,Meyer,Paula,Dr.,contacted,,,,,,,,,,,,,,,,Facharzt,Anästhesie,,10/21 kein Interesse,paula.meyer@gmail.com,+49 1219865985,,2026-01-17 14:33:19.317792,0270ccr1gv09n684036j01twcx0b3e,,2026-01-17 17:25:35,2026-01-17
990,Schulz,Sophie,,contacted,,,,,,,,,,,,,,,,Facharzt,Anästhesie,,ltd. OA - aber erst kurz,sophie.schulz@gmail.com,+49 1559330002,,2026-01-17 14:33:19.317792,1ty3itduwn07fo3zusoj10oeqmo5ex,,2026-01-17 17:25:35,2026-01-17
991,Schulz,Johanna,Dr.,contacted,,,,,,,,,,,,,,,,Facharzt,Anästhesie,,Teilzeit 50%,johanna.schulz@outlook.com,+49 1233964183,,2026-01-17 14:33:19.318792,092ngpsgxk1yeemux9ku2apj91gyqk,,2026-01-17 17:25:35,2026-01-17
1006,Zimmermann,Anna,,contacted,,,,,,,,,,bayern,,Bayern,,,"Ltd. OA, Standortleiter",Facharzt,Anästhesie,,,anna.zimmermann@web.de,+49 1343279026,,2026-01-17 14:33:19.320327,275kfhefcb1a16ije9dt23gqu61jcn,,2026-01-17 17:25:35,2026-01-17
992,Fischer,Laura,,contacted,,,,,,,,,,,,,,,,Facharzt,Anästhesie,,aktuell 08/2022 kein Interesse,laura.fischer@outlook.com,+49 1884463032,,2026-01-17 14:33:19.318792,29a7fsqfo01t8iub47ja0g8baijhrh,,2026-01-17 17:25:35,2026-01-17
993,Schneider,Clara,Dr.,contacted,,,,,,,,,,,,,,,,Facharzt,Anästhesie,,,clara.schneider@outlook.com,+49 1446678858,,2026-01-17 14:33:19.318792,14mfobrgbz29j6llix8j1gdn3wdfad,,2026-01-17 17:25:35,2026-01-17
994,Hoffmann,Johanna,,interested,,,,,,,,,,,,,,,,Facharzt,Anästhesie,,"06.05.2024 - vmartynenko:
offen für LOA Anästhesie fast bundesweit. Momentan als Honorararzt tätig",johanna.hoffmann@outlook.com,+49 1387080882,,2026-01-17 14:33:19.318792,0umtexqb5z0y8lwrcd9e2ce0czhi0i,,2026-01-17 17:25:35,2026-01-17
995,Wolf,Laura,,contacted,,,,,,,,,,,,,,,,Facharzt,Anästhesie,,,laura.wolf@yahoo.de,+49 1513468349,,2026-01-17 14:33:19.318792,0xu7a86u070feisqwtnz1bm7n9wgyp,,2026-01-17 17:25:35,2026-01-17
996,Schmidt,Sophie,,contacted,,,,,,,,,,,,,,,,Facharzt,Anästhesie,,aktuell 09/2022 kein Interesse an der Vorstellung neuer Jobangebote,sophie.schmidt@outlook.com,+49 1542767468,,2026-01-17 14:33:19.318792,0wsifro59j12uux117tt0gyq48sq8f,,2026-01-17 17:25:35,2026-01-17
997,Richter,Klara,,contacted,,,,,,,,,,,,,,,,Facharzt,Anästhesie,,,klara.richter@gmail.com,+49 1351904092,,2026-01-17 14:33:19.318792,061jskn1l304aiubzhzt1930sbgwdb,,2026-01-17 17:25:35,2026-01-17
998,Neumann,Lisa,,interested,,,,,,,,,,,,,,,,Facharzt,Anästhesie,,,lisa.neumann@web.de,+49 1326443229,,2026-01-17 14:33:19.318792,1el78qrg0u1wbgzdnknq16aaiuhmxa,,2026-01-17 17:25:35,2026-01-17
999,Neumann,Klara,,interested,,,,,,,,,,,,,,,,Facharzt,Anästhesie,,,klara.neumann@yahoo.de,+49 1158369352,,2026-01-17 14:33:19.318792,0aatjmut7s1ag4qxpc0r094qmgz8a7,,2026-01-17 17:25:35,2026-01-17
1000,Müller,Sarah,,contacted,,,,,,,,,,,,,,,,Facharzt,Anästhesie,,,sarah.müller@yahoo.de,+49 1010867732,,2026-01-17 14:33:19.318792,0tty1mhsnr07hpgss9xm2hadcd358o,,2026-01-17 17:25:35,2026-01-17
1001,Schwarz,Isabella,,contacted,,,,,,,,,,,,,,,,Facharzt,Anästhesie,,,isabella.schwarz@yahoo.de,+49 1519377458,,2026-01-17 14:33:19.318792,015j4o7rrh2ohsbynf3i1h08zcpnxj,,2026-01-17 17:25:35,2026-01-17
1002,Neumann,Lena,,contacted,,,,,,,,,,,,,,,,Facharzt,Anästhesie,#NAME?,,lena.neumann@yahoo.de,+49 1344677764,,2026-01-17 14:33:19.318792,29ots2qc110ikokm6ti320zf10emb3,,2026-01-17 17:25:35,2026-01-17
1003,Hartmann,Julia,Dr.,contacted,,,,,,,,,,,,,,Chefarzt,"Chefarzt, Standortleiter",Facharzt,Anästhesie,,Chefarzt,julia.hartmann@outlook.com,+49 1465196301,,2026-01-17 14:33:19.320327,1htr00hmx52n4bbon0kq1vxqgz0h5k,,2026-01-17 17:25:35,2026-01-17
1004,Becker,Lea,,contacted,,,,,,,,,,,,,,,,Facharzt,Anästhesie,,,lea.becker@gmail.com,+49 1521787476,,2026-01-17 14:33:19.320327,1evbl0wxq929giofwbj71u8ecxmztu,,2026-01-17 17:25:35,2026-01-17
1005,Bauer,Elena,,interested,,,,,,,,,,,,,,,"Ltd. OA, Standortleiter",Facharzt,Anästhesie,,,elena.bauer@yahoo.de,+49 1932888289,,2026-01-17 14:33:19.320327,2gul52ydnh28zz99v1jh1kxr6uwq0t,,2026-01-17 17:25:35,2026-01-17
1014,Schwarz,Mara,,contacted,,,,,,,,,,,,,,Ltd. OA,"Ltd. OA, Chefarzt, Standortleiter",Facharzt,Orthopädie & UCH,"• Sportmedizin
• Chirotherapie
• Naturheilverfahren
• Akupunktur",will Reha und konservative Orthopädie,mara.schwarz@web.de,+49 1175653851,,2026-01-17 14:33:19.320917,2c0vxkssed1jms06fcso1fm3q1slgb,,2026-01-17 17:25:35,2026-01-17
1015,Schmidt,Johanna,Dr.,interested,,,,,,,,,,,,,,,,Facharzt,Orthopädie & UCH,,,johanna.schmidt@web.de,+49 1372529962,,2026-01-17 14:33:19.321956,18cjy7n32c14ij8q5do70iayhalg9b,,2026-01-17 17:25:35,2026-01-17
1016,Müller,Mara,Dr.,interested,,,,,,,,,,,,,,Ltd. OA,"Ltd. OA, Chefarzt, Standortleiter",Facharzt,Orthopädie & UCH,,,mara.müller@gmail.com,+49 1012418387,,2026-01-17 14:33:19.321956,1w1evrvvdq02x91z51i106i6wugbve,,2026-01-17 17:25:35,2026-01-17
1017,Wagner,Laura,,contacted,,,,,,,,,,,,,,,,Facharzt,Orthopädie & UCH,"Zertifikat Fusschirurgie 
(D.A.F. Deutsche Assoziation für Fuß und Sprunggelenk e.V.)

Zusatzbezeichnung Spezielle Unfallchirurgie

Zusatzbezeichnung Manuelle Medizin 

ATLS Provider

Zusatzbezeichnung Notfallmedizin

Fachkunde Strahlenschutz (Notfallmedizin)","26.09.2023 - EB:

gerade erst mit Familie nach München gezogen, ich gut qualifiziert mit Sp. UCH. ist offen für Angebote in einer Praxis, möchte ab und zu operieren. Gehaltsvorstellungen 130k bis 150K. Ab sofort verfügbar, 3 kleine Kinder Zuhause, ürde gerne 65-75 % Teilzeit arbeiten wollen.",laura.wagner@outlook.com,+49 1277228278,,2026-01-17 14:33:19.321956,1cvbfh3csx1r8pt0bm4r1wqcqvn78l,,2026-01-17 17:25:35,2026-01-17
1018,Meyer,Sophie,Dr.,contacted,,,,,,,,,,,,,,,,Facharzt,Orthopädie & UCH,,,sophie.meyer@outlook.com,+49 1271362638,,2026-01-17 14:33:19.321956,1iypflrbk21yfl7jukxy0tdu4hqwne,,2026-01-17 17:25:35,2026-01-17
973,Hartmann,Maria,,contacted,,,,,,,,,,,,,,,,Facharzt,Anästhesie,,,maria.hartmann@web.de,+49 1815979739,,2026-01-17 14:33:19.315776,0njq8np4kk2gk7fadthx074kbe55tm,,2026-01-17 17:25:35,2026-01-17
974,Hoffmann,Anna,Dr.,contacted,,,,,,,,,,,,,,,,Doppelfacharzt,Anästhesie,,,anna.hoffmann@outlook.com,+49 1178100637,,2026-01-17 14:33:19.315776,09ldguzw8w0txyode5ta2h7cmxi5e1,,2026-01-17 17:25:35,2026-01-17
975,Richter,Anna,,contacted,,,,,,,,,,,,,,,,Facharzt,Anästhesie,,ist Grenzgänger mit DE und CH,anna.richter@yahoo.de,+49 1330824523,,2026-01-17 14:33:19.315776,1ncri3ezrx1qwklbe8hw00k837r99s,,2026-01-17 17:25:35,2026-01-17
976,Müller,Paula,,interested,,,,,,,,,,,,,,,,Facharzt,Anästhesie,,"21.09.2023 - EB:
arbeitet in Volmerstein (55 min von Düsseldorf entfernt), kommt aus düsseldorf",paula.müller@gmail.com,+49 1898152624,,2026-01-17 14:33:19.316777,1ywqon77ib1jr5nd4ob0047inr3bgo,,2026-01-17 17:25:35,2026-01-17
977,Wagner,Maria,,contacted,,,,,,,,,,,,,,,,Facharzt,Anästhesie,,,maria.wagner@outlook.com,+49 1526188474,,2026-01-17 14:33:19.316777,145335i7ws1jbusdx9eh0zv0auod16,,2026-01-17 17:25:35,2026-01-17
1019,Neumann,Isabella,,interested,,,,,,,,,,,,,,,,Facharzt,Orthopädie & UCH,,"23.06.2023 - EB:
relativ flexibel, möchte 150 aufwärts verdienen.

Skills: 
-Fusschirurgie
-Kindertraumatologie",isabella.neumann@gmail.com,+49 1441534831,,2026-01-17 14:33:19.322471,12gx1106u22msjfr2mez2mdf650lkg,,2026-01-17 17:25:35,2026-01-17
793,Koch,Lena,Dr.,interested,,,,,,,,,,nordrhein-westfalen,False,NRW,,Standortleiter,"Standortleiter, Gesellschafter",Facharzt,Radiologie,will Ärztlicher Direktor / Regionalleiter,"tel. ist Standortleiter ZRN. 
Frau ist Neurologin mit eigener Praxis und haben Kinder in der Schule. 
Kann sich vorstellen, ärztliche Leitung für mehrere Standorte zu übernehmen. Clusterleitung, Regionalleiter oder Beteiligung an Praxis. Alles in Rheinland oder NRW.
Aktuell ist das Team bei ZRN voll.",lena.koch@gmail.com,+49 1129843101,,2025-07-22 23:59:00,2kuytdbbbm24a91aflm41r96g22b78,Tel.,2026-01-17 17:25:35,2026-01-17
1020,Wolf,Lisa,Dr.,contacted,,,,,,,,,,,,,,,,Facharzt,Orthopädie & UCH,,,lisa.wolf@yahoo.de,+49 1177640995,,2026-01-17 14:33:19.322471,2az7bb5khg1xwzof388010vro03ymj,,2026-01-17 17:25:35,2026-01-17
1021,Koch,Mara,,interested,,,,,,,,,,,,,,,,Facharzt,Orthopädie & UCH,,"07.11.2022 - EB:
Er möchte noch nicht in die Praxis, will eher Karriere machen, höchst Wahrscheinlich möchte er Weiterbildungen machen.
Ist sehr schwer zu verstehen, spricht sehr bedingt deutsch.
Arbeitet seit einem Jahr als Oberarzt.",mara.koch@outlook.com,+49 1585789447,,2026-01-17 14:33:19.322471,1vgvq9was50h7t2nvgxu0yzaufc0xh,,2026-01-17 17:25:35,2026-01-17
1022,Zimmermann,Julia,,interested,,,,,,,,,,,,,,,,Facharzt,Orthopädie & UCH,,,julia.zimmermann@outlook.com,+49 1535476927,,2026-01-17 14:33:19.322471,1tpg22kalz0w9eaq1ohb1ehwtt1u93,,2026-01-17 17:25:35,2026-01-17
1023,Bauer,Emma,Dr.,contacted,,,,,,,,,,,,,,,,Facharzt,Orthopädie & UCH,,,emma.bauer@outlook.com,+49 1208583729,,2026-01-17 14:33:19.322471,1syg02qxws13tv4jxmnc1am48eiwjp,,2026-01-17 17:25:35,2026-01-17
1024,Meyer,Mara,,contacted,,,,,,,,,,,,,,,,Facharzt,Orthopädie & UCH,,"23.06.2023 - EB:
KANDIDATENDOSSIER


Name/ Vorname Dr. med. Sami Albatrod
Position Oberarzt für Unfallchirurgie und Orthopädie/
Wohnort Bielefeld
Verfügbarkeit Ab sofort Verfügbar (hat gekündigt)

Gehaltswunsch Nach Kennenlernen und Absprache
Wunschstandort Köln, Düsseldorf und Umgebung
Motivation Dr. Almatrod möchte gerne nach Düsseldorf oder Köln umziehen, seine Kinder wollen in einer Großstadt Abitur machen, darum hat er den Entschluß gefasst nach Düsseldorf oder Köln umzuziehen. Er sucht eine konservative Stelle und interessiert sich für alles Möglichkeiten in oder nahe einer Großstadt.
Fähigkeiten • Facharzt für Orthopädie und Unfallchirurgie
• Zusatzbezeichnung 
spezielle orthopädische Chirurgie
• 6 Jahre Erfahrung in Endoprothetik
• Voraussetzungen für 
Physikalische Medizin
• Manuellen Therapie (Fehlen noch 2 Kurse)
Zusammenfassung                                                  

Dr. Goldbach arbeitet derzeit als Sektionsleiter septische Chirurgie und Orthopädie. Er ist Hauptoperateur in EPZmax und hat die Zusatzqualifikatoin in Antibiotic Stewardship (ABS).
Außerdem ist er Qualitätsmanagementbeauftragter der orthopädisch-unfallchirurgischen Abteilung, sowie des EPZmax.


_________________

in helis mvz krefeld vorgestellt und med360, kein Interesse!",mara.meyer@gmail.com,+49 1926230600,,2026-01-17 14:33:19.322471,05rfsv9uct23h6g8uq782nabeanjrt,,2026-01-17 17:25:35,2026-01-17
1025,Wolf,Julia,Dr.,interested,,,,,,,,,,,,,,,,Facharzt,Orthopädie & UCH,"Fähigkeiten 
• Notfallmedizin
• Notarzt
• Intensivtransport
• PALS Provider
• ATLS Provider
• Strahlenschutz
• Notfalldiagnostik/Röntgendiagnostik
• PHTLS
• Weiterbildung Spezielle Unfallchirurgie (bis Mai 2023)","24.10.2022 - evgeny:
Gehaltswunsch: 
120-135k

Wohnort: 
Ratingen

KF:
Juni 2023

Motivation 
Dr. Albers kann sich sehr gut vorstellen in einer Praxis zu arbeiten auch rein konservative Tätigkeit wäre kein Problem für Ihn, jedoch hätte er auch gerne die Möglichkeit für operative Eingriffe.

Fähigkeiten 
• Notfallmedizin
• Notarzt
• Intensivtransport
• PALS Provider
• ATLS Provider
• Strahlenschutz
• Notfalldiagnostik/Röntgendiagnostik
• PHTLS
• Weiterbildung Spezielle Unfallchirurgie (bis Mai 2023)

Zusammenfassung                                                  
Dr. Albers arbeitet als Facharzt Orthopädie und Unfallchirurgie in BG-Klinikum Duisburg. Dort macht er auch aktuell seine Weiterbildung „Spezielle Unfallchirurgie“, die bis Mai 2023 andauert. Dach würde er gerne in ein Praxisumfeld wechseln im Großraum Düsseldorf. Dr. Albers kann sich sehr gut vorstellen in einer Praxis zu arbeiten, auch rein konservative Tätigkeit wäre kein Problem für Ihn, jedoch hätte er auch gerne die Möglichkeit für operative Eingriffe.
Zu der Stelle in Solingen oder Haan hat sich Dr. Albers sehr interessiert gezeigt und würde sich sehr gerne bei Ihnen vorstellen und nähere Informationen zu den Perspektiven bei Med360 erfahren.
Dr. Albers steht Ihnen ab sofort für erste Gespräche zur Verfügung.",julia.wolf@web.de,+49 1780484868,,2026-01-17 14:33:19.322471,2k0i3ldfn02ew9kq2rz909xdg43lig,,2026-01-17 17:25:35,2026-01-17
8,Koch,Julia,,interested,,,,,,,,,,,,,,,,Facharzt,Orthopädie & UCH,,will noch KH 5 Jahre machen als OA,julia.koch@outlook.com,+49 1319215825,,2026-01-17 14:33:19.355431,1m9dil2pfv0of9nudrp50a3o0x7md9,,2026-01-17 17:25:35,2026-01-17
794,Klein,Emma,Dr.,interested,,,,,,,,,,,,,,Chefarzt,"Chefarzt, Gesellschafter",Facharzt,Radiologie,will Beteiligung,"Wien abgesagt. Aktuell uninteressant

ist CA in Graz 1 Tag pro Woche und rest teleradiologische. Macht noch komplett teleradiologisch für ein Institut dazu. 
Kann alles außer Herz-MR, hier Einarbeitung.
Kann MSK, Prostata und Mamma MR.
Kfrist 3 Monate
verdient jetzt 255k
will Beteiligung langfristig. Wohnt in Wien

Einziger der Schnittbilder befunden teleradoiolooisch für ein Institut",emma.klein@gmail.com,+49 1479305244,,2025-08-28 23:59:00,0sgn4x5qh82rr1kyvw0j19dcbp2ynj,Email,2026-01-17 17:25:35,2026-01-17
1034,Hartmann,Alina,,interested,,,,,,,,,,"bitburg, breit, neuss",,,,Ltd. OA,"Ltd. OA, Chefarzt, Standortleiter",Facharzt,Orthopädie & UCH,"-arbeitet in Bitburg als Chefärztin, es sind knapp 180 km von Neuss entfernt.
-würde in eine MVZ wechseln beim Gehalt von 180K-200K
-Schwerpunkt sehr breit: Wirbelsäule, Endoprothetik, Traumatologie
Fachkunde Strahlenschutz
Fachkunde Arzt im Rettungswesen
Spez. Unfallchirurgie (D-Arzt)
KF. : 6Monate","21.10.2022 - evgeny:

Momentan noch kein Interesse an einem Wechsel
____________________________________
-arbeitet in Bitburg als Chefärztin, es sind knapp 180 km von Neuss entfernt.
-würde in eine MVZ wechseln beim Gehalt von 180K-200K
-Schwerpunkt sehr breit: Wirbelsäule, Endoprothetik, Traumatologie
Fachkunde Strahlenschutz
Fachkunde Arzt im Rettungswesen
Spez. Unfallchirurgie (D-Arzt)
KF. : 6Monate",alina.hartmann@outlook.com,+49 1463814302,,2026-01-17 14:33:19.324487,2opmzz340x0eo91l8lcp2d9nrhg5ix,,2026-01-17 17:25:35,2026-01-17
981,Schulz,Mara,,interested,,,,,,,,,,,,,,Chefarzt,"Chefarzt, Standortleiter, Gesellschafter",Facharzt,Anästhesie,,"18.07.2023 - EB:
-Professor für Anästhesie",mara.schulz@web.de,+49 1991681265,,2026-01-17 14:33:19.316777,0nj97psut61jao37fxkg0my7eljw0n,,2026-01-17 17:25:35,2026-01-17
982,Müller,Nina,Dr.,contacted,,,,,,,,,,,,,,,,Facharzt,Anästhesie,,,nina.müller@outlook.com,+49 1407087874,,2026-01-17 14:33:19.316777,2309c7gibr1yd06fk3vh0b3ptr75xo,,2026-01-17 17:25:35,2026-01-17
983,Koch,Mara,,contacted,,,,,,,,,,,,,,,,Facharzt,Anästhesie,,"Zusatzbezeichnung Notfallmedizin
Zusatzbezeichnung spezielle Intensivmedizin",mara.koch@gmail.com,+49 1770457225,,2026-01-17 14:33:19.316777,2omnvx54jw2n4ek3ex8r009o9ldk8d,,2026-01-17 17:25:35,2026-01-17
1026,Hoffmann,Paula,Dr.,contacted,,,,,,,,,,,,,,,,Facharzt,Orthopädie & UCH,"Fähigkeiten 
• Orthopädie
• konservative Wirbelsäuleninfiltrationen 
• IGOST","17.10.2022 - evgeny:


Position Facharzt für Unfallchirurgie und Orthopädie 

Wohnort Augsburg

Verfügbarkeit Kündigungsfrist ist 8 Wochen 

Gehaltswunsch Ab 120.000 € /Jahr

Wunschstandort Umgebung von Augsburg

Motivation 
Dr. Alekseenko ist gerade dabei nach München umzuziehen und der Standort Germering kommt Ihm sehr entgegen. Abgesehen davon sucht Dr. Alekseenko eine Stelle, wo er seinen Schwerpunkt selbst legen und bei seinen Patienten selbst operative Eingriffe durchführen kann.

Fähigkeiten 
• Orthopädie
• konservative Wirbelsäuleninfiltrationen 
• IGOST

Zusammenfassung                                                  
Dr. Alekseenko arbeitet zu Zeit bereits in einer konservativ ausgerichteten Praxis in München mit dem Schwerpunkt „interventionelle Schmerztherapie der Wirbelsäule“. Aktuell werden fast alle operativen Eingriffe von Chef persönlich durchgeführt und es gibt kaum Freiheiten in seiner Tätigkeit. Aus diesen Gründen sucht der Kandidat nach neuen Optionen mit viel Freiraum für Spezialisierung, wo er seine Patienten selbst konservativ als auch operativ behandeln kann. Zu der Stelle hat sich Dr. Alekseenko sehr interessiert gezeigt und würde sich sehr gerne bei Ihnen vorstellen und nähere Informationen zu den Perspektiven bei Med360 erfahren.
Dr. Alekseenko steht Ihnen ab sofort für erste Gespräche zur Verfügung.",paula.hoffmann@web.de,+49 1964396630,,2026-01-17 14:33:19.322471,2kyobdns9q0gjqkp92iv05nj9s0hlz,,2026-01-17 17:25:35,2026-01-17
1028,Neumann,Klara,,interested,,,,,,,,,,,,,,,,Facharzt,Orthopädie & UCH,,"23.06.2023 - EB:

KANDIDATENDOSSIER


Name/ Vorname Dr. med. Loiy Alhrout

Position Facharzt für Unfallchirurgie und Orthopädie, Hauptoperateur
Wohnort Werne an der Lippe
Verfügbarkeit Kündigungsfrist ist 12 Wochen 

Gehaltswunsch Ab 150.000 € per Annum
Wunschstandort Rheinland (max. 100km von Dortmund entfernt)
Fähigkeiten • Facharzt für Orthopädie und Unfallchirurgie
• ZB „Spezielle orthopädische Chirurgie“
• Zertifikat Fußchirurgie
• Hauptoperateur
Zusammenfassung                                                  

Dr. Al Alhrout ist derzeit als Facharzt für Orthopädie und Unfallchirurgie in der katholischen Klinik Lünen-Werne tätig. Er ist ein erfahrener Hauptoperateur für Endoprothetik und besitzt zusätzliche Qualifikationen in spezielle orthopädische Chirurgie und Fußchirurgie. Sein Wohnort liegt in der Nähe von Dortmund, und Ratingen würde sich noch innerhalb eines akzeptablen Radius befinden.

Dr. Alhrout strebt nach neuen Karrieremöglichkeiten, die ihm gegebenenfalls auch finanzielle Vorteile bieten. Dabei ist es ihm sehr wichtig, weiterhin als Hauptoperateur aktiv zu sein und seine Fähigkeiten kontinuierlich weiterzuentwickeln.

Dr. Alhrout steht ab sofort für erste Gespräche zur Verfügung und freut sich darauf, weitere Details zu besprechen.
_______________________________________
vorgestellt in Fachklinik Ratingen MED360, aber Sie brauchen keinen",klara.neumann@web.de,+49 1676595625,,2026-01-17 14:33:19.323507,08krrq4e7n2g1gs8stop1vdp75lmz8,,2026-01-17 17:25:35,2026-01-17
1032,Bauer,Clara,,Hot / is searching,,,,,,,,,,,,,,,,Facharzt,Orthopädie & UCH,,06.06.2023 - vmartynenko: 2 Stunden um Hamburg herum kommt in Frage!,clara.bauer@web.de,+49 1521962662,,2026-01-17 14:33:19.323507,1hsck5r1ax1oojkiw0xd0bxdzl9ryh,,2026-01-17 17:25:35,2026-01-17
1035,Krüger,Julia,Dr.,contacted,,,,,,,,,,,,,,,,Facharzt,Orthopädie & UCH,,,julia.krüger@yahoo.de,+49 1478920619,,2026-01-17 14:33:19.324487,29qwf5vfs22jy5eds3jy1oo8ygtgz2,,2026-01-17 17:25:35,2026-01-17
1036,Wolf,Paula,,interested,,,,,,,,,,,,,,,,Facharzt,Orthopädie & UCH,,"12.04.2024 - vmartynenko: möchte im Reha Bereich arbeiten als Chefarzt. Momentan als LOA beschäftigt. Schleswig Holstein komm in Frage.

Küfri ca 6 Monate",paula.wolf@gmail.com,+49 1264229580,,2026-01-17 14:33:19.324487,0bmkfd6aqt1k104ug0pz0rrn4dbreb,,2026-01-17 17:25:35,2026-01-17
1037,Bauer,Klara,,contacted,,,,,,,,,,,,,,,,Facharzt,Orthopädie & UCH,,"22.02.2023 - EB: Sucht nahe kamp-linfort eine OA stelle, wo er seine ZB zuende bringen kann.
Er hat jeweils zur hälfte die Sp. UCH als auch sp. Orthopädie abgeschloßen.",klara.bauer@yahoo.de,+49 1281596359,,2026-01-17 14:33:19.324487,073sonf5mh0oh2qim1ob0y8q2dmnj0,,2026-01-17 17:25:35,2026-01-17
797,Richter,Mara,Dr.,contacted,,,,,,,,,,,,,,Facharzt,"Ltd. OA, Standortleiter",Facharzt,Radiologie,,,mara.richter@web.de,+49 1337951038,,2025-07-31 23:59:00,0axut2mtjl0e8n182t6s26rwui15l9,LinkedIn,2026-01-17 17:25:35,2026-01-17
1007,Schmidt,Isabella,Dr.,interested,,1. Hospitation,,,,,,,,"düsseldorf, nordrhein-westfalen",False,NRW,,Facharzt,"Facharzt, Oberarzt",Facharzt,Anästhesie,offen in Düsseldorf und Umgebung,"Standort zu weit. Sucht in der Nähe von Düsseldorf

Vorstellung Frau Takil: 
Frau Takil arbeitet aktuell an unterschiedlichen Standorten ihres Arbeitgebers und ist offen, etwas Neues kennenzulernen. 
Es wäre interessant, das Team und die Arbeitsbedingungen im Rahmen einer Hospitation vor Ort kennenzulernen. 
Sie würde gerne in Vollzeit arbeiten, wobei wir ein Zielgehalt von 140.000€ im Jahr kommuniziert haben. 
Offene Frage:  Wie ist die aktuelle Kündigungsfrist?",isabella.schmidt@yahoo.de,+49 1215319777,,2025-06-05 23:59:00,2jilxvhlw81op47huvr20wcr5zpyjz,Tel.,2026-01-17 17:25:35,2026-01-17
1008,Schulz,Nina,Dr.,interested,,,,,,,,,,"köln, nordrhein-westfalen",,NRW,,Facharzt,Oberarzt,Facharzt,Anästhesie,Köln und Umgebung,"will in Klinik bleiben
Bekommt keine OA position
Nicht primär ausgerichtet aber wäre interessant
Macht nebenberuflich Notarzt Köln
Und nebenberuflich Reanimation Kinder
Möchte weiterarbeiten
3Monate zum Q-Ende",nina.schulz@gmail.com,+49 1721751888,,2025-11-03 23:59:00,0e2qvr0ocm1dgn4fkm8n1s7s06wn8y,Email,2026-01-17 17:25:35,2026-01-17
1009,Richter,Laura,Dr.,interested,,warte auf Rückmeldung,,,,,,,,,,,,Oberarzt,Oberarzt,Facharzt,Anästhesie,TZ und wenn mehr Geld,arbeitet 60% TZ und bekommt 72000 Netto inkl. 5 Dienste.,laura.richter@outlook.com,+49 1666215578,,2025-10-07 23:59:00,0t21w0tnlk207ohavzg428stxoxa8m,Email,2026-01-17 17:25:35,2026-01-17
1013,Hoffmann,Anna,Dr.,contacted,,,,,,,,,,,,,,,,Facharzt,Orthopädie & UCH,,,anna.hoffmann@web.de,+49 1353294832,,2026-01-17 14:33:19.320917,1djaq50ypu0prnz0qw9l2ht8rzxlwe,,2026-01-17 17:25:35,2026-01-17
1038,Koch,Anna,,interested,,,,,,,,,,,,,,,,Facharzt,Orthopädie & UCH,,"23.06.2023 - EB:


In Germering vorgestellt, aber er hat abgesagt am Ende weil es einfach von der Distanz her zu weit ist.
____________________________________________
KANDIDATENDOSSIER


Name/ Vorname Dr. med. Samuel Bär
Position Facharzt für Unfallchirurgie und Orthopädie (Praxis)
Wohnort Bielefeld
Verfügbarkeit 12 Wochen

Gehaltswunsch Ab 135.000 €
Wunschstandort Großraum München
Motivation Dr. Bär betrachtet die aktuelle Situation in seiner Klinik mit einer gewissen Unzufriedenheit, sei es in Bezug auf die Vergütung oder den Aufgabenbereich. Aus diesem Grund sondiert er behutsam den Markt, um nach neuen Möglichkeiten Ausschau zu halten.
Fähigkeiten • Facharzt für Orthopädie und Unfallchirurgie
• Ambulante Erfahrung
• Fachkunde Strahlenschutz
• Zusatzbezeichung Notfallmedizin
• „International Diploma in Mountain Medicine“
• ATLS Zertifikates
Zusammenfassung                                                  

Dr. Bär ist derzeit als hochqualifizierter Facharzt in der angesehenen orthopädischen Praxis ""Orthozentrum Rosenheim"" tätig. Seine Expertise umfasst nicht nur die konservative Orthopädie, sondern auch die Zusatzbezeichnung in Notfallmedizin, eine ATLS-Zertifizierung sowie Fachkunde im Strahlenschutz, außerdem operiert er auch sehr gerne.

Trotz seiner fachlichen Erfolge betrachtet Dr. Bär die aktuelle Situation in seiner Klinik mit einer gewissen Unzufriedenheit, sei es in Bezug auf die Vergütung oder den Aufgabenbereich. Daher sondiert er mit Bedacht den Markt, um nach neuen Perspektiven und Möglichkeiten Ausschau zu halten. Sowohl eine Facharztstelle als auch eine leitende Facharztstelle kommen für Dr. Bär in Frage, und er ist offen für eine Anstellung im Umfang von 80-100%.

Mit großem Interesse steht Dr. Bär für einen persönlichen Austausch mit den Verantwortlichen von Med360grad zur Verfügung. Er möchte sich gerne vorstellen und gleichzeitig mehr über die vielfältigen Möglichkeiten und spezifischen Anforderungen dieses Standorts erfahren.",anna.koch@yahoo.de,+49 1316675523,,2026-01-17 14:33:19.324487,0zt9rpqnmu161rprakqy1x540nzbkh,,2026-01-17 17:25:35,2026-01-17
1039,Weber,Paula,,contacted,,,,,,,,,,,,,,,,Facharzt,Orthopädie & UCH,"Fähigkeiten
• Zusatzbezeichnung „Spezielle Unfallchirurgie“
• ABS Hygiene Beauftragter DGKH
• AO-Mitgliedschaft DGU-
• Mitgliedschaft ITLS und Notarztkurs
• ATLS
• Strahlenschütz Notfall Diagnostik","15.12.2022 - EB:

möchte unbedingt Weiterbildung in Handchirurgie, Endoprothetik oder orthopädische Chirurgie machen
---------------------------------------
Position
Oberarzt für Unfallchirurgie und Orthopädie

Wohnort
Flensburg

Verfügbarkeit
Kündigungsfrist ist 12 Wochen

Gehaltswunsch
Tarifvertrag

Wunschstandort
Flexibel (deutschlandweit)

Motivation
Der Kandidat möchte sich sehr gerne weiterbilden und sucht einen Arbeitgeber der ihm die Weiterbildung in Handchirurgie, Endoprothetik oder spezielle Orthopädie bieten kann. Dafür wäre er auch flexibel und Umzugs bereit.

Fähigkeiten
• Zusatzbezeichnung „Spezielle Unfallchirurgie“
• ABS Hygiene Beauftragter DGKH
• AO-Mitgliedschaft DGU-
• Mitgliedschaft ITLS und Notarztkurs
• ATLS
• Strahlenschütz Notfall Diagnostik

Zusammenfassung
Dr. Al Barri arbeitet zu Zeit in einer Klinik als Oberarzt für Orthopädie und Unfallchirurgie. Er bringt die Zusatzbezeichnung in spezielle Unfallchirurgie mit und hat alle Voraussetzungen und Kurse für D-Arzt Zulassung erfüllt, muss diese nur noch beantragen. Der Kandidat möchte sich sehr gerne weiterbilden und sucht einen Arbeitgeber der ihm die Weiterbildung in Handchirurgie, Endoprothetik oder spezielle Orthopädie bieten kann. Dafür wäre er auch flexibel und Umzugs bereit.
Dr. Barri steht Ihnen ab sofort für erste Gespräche zur Verfügung.",paula.weber@web.de,+49 1826739999,,2026-01-17 14:33:19.324487,18pcwf6u55182hv29p9w06rg77kkrx,,2026-01-17 17:25:35,2026-01-17
1041,Bauer,Alina,Dr.,contacted,,,,,,,,,,,,,,,,Facharzt,Orthopädie & UCH,,,alina.bauer@gmail.com,+49 1820386657,,2026-01-17 14:33:19.325475,1fgqh3rzje1u72k7nfbz20b3r1rbfz,,2026-01-17 17:25:35,2026-01-17
1042,Neumann,Nina,Prof. Dr.,contacted,,,,,,,,,,,,,,,,Facharzt,Orthopädie & UCH,"Fähigkeiten
• Habil.Chefarzt und Senior-Hauptoperateur Endoprothetikzentrum
• Basiszertifikat Knie-Endoprothetik
• Spezielle Orthopädische Chirurgie
• Orthopädische Rheumatologie,
• Physikalische Therapie und Balneologie,
• Sportmedizin,
• Röntgendiagnostik des gesamten Skelettes,
• Zertifizierung Schulter- / Ellenbogenchirurgie DVSE,
• FIFA Diploma in Football Medicine,
• Kniechirurgie,
• Fachexperte für Endoprothetikzentren,
• M-Arzt Verwaltungsberufsgenossenschaft,
• VBG Schulter- / Ellenbogenchirurgie und
• Hygienebeauftragter Arzt","27.04.2023 - EB:

KANDIDATENDOSSIER

Position
Chefarzt für UCH und Orthopädie

Wohnort
Duisburg

Verfügbarkeit
12- 24 Wochen

Gehaltswunsch
Nach Kennenlernen und Absprache

Wunschstandort
Flexibel (Bleicherode)

Fähigkeiten
• Habil.Chefarzt und Senior-Hauptoperateur Endoprothetikzentrum
• Basiszertifikat Knie-Endoprothetik
• Spezielle Orthopädische Chirurgie
• Orthopädische Rheumatologie,
• Physikalische Therapie und Balneologie,
• Sportmedizin,
• Röntgendiagnostik des gesamten Skelettes,
• Zertifizierung Schulter- / Ellenbogenchirurgie DVSE,
• FIFA Diploma in Football Medicine,
• Kniechirurgie,
• Fachexperte für Endoprothetikzentren,
• M-Arzt Verwaltungsberufsgenossenschaft,
• VBG Schulter- / Ellenbogenchirurgie und
• Hygienebeauftragter Arzt

Zusammenfassung
Dr. Baums ist derzeit in einer hochangesehenen Position als habilitierter Chefarzt im St. Elisabeth-Krankenhaus tätig, welches ein akademisches Lehrkrankenhaus der renommierten Universität Duisburg-Essen ist. In seiner Rolle als (Senior-) Hauptoperateur leitet er das EndoProthetikZentrum des Hauses in Dorsten. Mit einer beeindruckenden Erfahrung von über 6 Jahren als Chefarzt besitzt er auch eine Fülle von Zusatzqualifikationen, darunter Orthopädische Rheumatologie, spezielle orthopädische Chirurgie, Physikalische Therapie und Balneologie, Sportmedizin, Röntgendiagnostik des gesamten Skelettes, Zertifizierung in Schulter- / Ellenbogenchirurgie durch die DVSE, FIFA Diploma in Football Medicine, Kniechirurgie Deutsche Kniegesellschaft, Fachexpertise für Endoprothetikzentren, M-Arzttätigkeit für die Verwaltungsberufsgenossenschaft sowie VBG Schulter- / Ellenbogenchirurgie.
Als absoluter Experte auf dem Gebiet der Endoprothetik besitzt Dr. Baums außerdem die Zulassung als Prüfer und Fachgutachter im Fachgebiet Orthopädie und Unfallchirurgie sowie für Fachgebundene Röntgendiagnostik Skelettsystem im Gebiet Chirurgie.
Dr. Baums hat großes Interesse an der Klinik und dem Standort gezeigt und ist bereit, sich bei entsprechender Gelegenheit mit einem der Verantwortlichen auszutauschen.",nina.neumann@gmail.com,+49 1300573848,,2026-01-17 14:33:19.325475,03oqqdj0cv1n0khxlgqe1y3hgznfn4,,2026-01-17 17:25:35,2026-01-17
1043,Zimmermann,Sarah,Dr.,contacted,,,,,,,,,,,,,,Chefarzt,"Chefarzt, Standortleiter",Facharzt,Orthopädie & UCH,,,sarah.zimmermann@yahoo.de,+49 1656022040,,2026-01-17 14:33:19.325475,0g6pk8wbb31af1nqtvhi2bkw8t8x7m,,2026-01-17 17:25:35,2026-01-17
1027,Krüger,Lea,,contacted,,,,,,,,,,,,,,,,Facharzt,Orthopädie & UCH,,,lea.krüger@outlook.com,+49 1560116997,,2026-01-17 14:33:19.323507,0f3il1igmn1461fdjkqf08ohgl3yo0,,2026-01-17 17:25:35,2026-01-17
1029,Schwarz,Elena,,contacted,,,,,,,,,,,,,,,,Facharzt,Orthopädie & UCH,,,elena.schwarz@gmail.com,+49 1791345631,,2026-01-17 14:33:19.323507,1lqghq03j00w906kh6qt1zh0t0aw44,,2026-01-17 17:25:35,2026-01-17
1030,Neumann,Maria,,contacted,,,,,,,,,,,,,,,,Facharzt,Orthopädie & UCH,,"Erfurt, Jena",maria.neumann@yahoo.de,+49 1276580107,,2026-01-17 14:33:19.323507,1ri737k3gw0zybp3ugwk0gxr12je47,,2026-01-17 17:25:35,2026-01-17
1044,Bauer,Alina,,interested,,,,,,,,,,,,,,,,Facharzt,Orthopädie & UCH,,"17.10.2022 - evgeny:

Möchte nur im Umkreis von Augsburg arbeiten
_______________________________________________________________

Position Oberarzt Unfallchirurgie und Orthopädie., Tätigkeitsschwerpunkt Traumatologie, Arthroskopie & spezielle Chirurgie

Wohnort Langweid am Lech

Verfügbarkeit Kündigungsfrist ist 6 Wochen zum Quartalsende

Gehaltswunsch Ab 160.000 € /Jahr

Wunschstandort Germering

Motivation 
Dr. Berdier würde gerne den nächsten Karriereschritt gehen wollen, und den sieht er in einem privaten Umfeld mit ambulanter Versorgung. Eine Anfahrtszeit von knapp 40 min zum Standort Germering, mit einer Tätigkeit ohne Dienste und mit einem geregelten Arbeitsalltag ist für Ihn eine Steigerung der Lebensqualität.

Fähigkeiten 
• Spezielle Unfallchirurgie
• Arthroskopie
• Handchirurgie
• Traumatologie
• Strahlenschutz-Grundkurs
• Spezialkurs Röntgendiagnostik
• ATLS
• ACLS
• TDSC, Terror and Disaster Surgical Care

ZUSAMMENFASSUNG
Dr. Berdier arbeitet zu Zeit als Oberarzt für Unfallchirurgie und Orthopädie in der Kreisklinik Günzburg. Seine Schwerpunkte liegen in der Handchirurgie, Sporttraumatologie und Arthroskopie. Für Herrn Berdier gibt es kaum Aussichten in der Kreisklinik Günzburg Karriere zu machen, dennoch möchte er sich weiterentwickeln. Er würde gerne für einen Arbeitgeber arbeiten, wo er die Möglichkeiten für operative Eingriffe bekommt und keine Dienste mehr zu machen hat. Die geringe Anfahrtszeit und Arbeit ohne Dienste sind die Hauptgründe für sein ausgeprägtes Interesse an dieser Stelle. Zudem zeigte sich Dr. Berdier sehr erfreut über die Tatsache das er trotzt einer Sprechstundenarbeit in der Praxis aus weiterhin operativ tätig sein kann.
Dr. Berdier würde sich gerne bei Ihnen vorstellen und mehr über die Perspektiven und Möglichkeiten bei der Stelle am Standort Germering erfahren.",alina.bauer@gmail.com,+49 1112200756,,2026-01-17 14:33:19.325475,2dv6tkffz62ff84klq941f3d5181p9,,2026-01-17 17:25:35,2026-01-17
1045,Krüger,Sophie,,interested,,,,,,,,,,,,,,,,Facharzt,Orthopädie & UCH,,"Lieber Herr Likhachev, 
Vielen Dank! Grundsätzlich finde ich Ihr Angebot interessant- ich bin jedoch an den norddeutschen Raum gebunden, da meine Frau gerade eine Praxis in Hamburg gekauft hat. Gern höre ich mir Ihre Vorschläge zu dort vakanten Positionen an!
Mit freundlichen Grüßen
Dr Aryan Behechtnejad",sophie.krüger@yahoo.de,+49 1362966412,,2026-01-17 14:33:19.325475,1cujb4gemk10v6zbff1n1vuh5uk8ub,,2026-01-17 17:25:35,2026-01-17
1046,Weber,Julia,Dr.,interested,,,,,,,,,,,,,,,,Facharzt,Orthopädie & UCH,"• Oberarzt Orthopädie und Unfallchirurgie
• Arthroskopie
• Endoprothetik Spezialist","24.10.2022 - evgeny:

Ist sehr unzuverlässig, hat Interesse an Stellen in Düsseldorf, antwortet aber sehr selten. Worde in Ratingen vorstellig, danach ist er verloren gegangen. Schlechter Kandidat
________________________________________________
Position Oberarzt für Orthopädie und Unfallchirurgie

Wohnort Düsseldorf

Verfügbarkeit 3 Monate zum Quartalsende

Gehaltswunsch 150.000 € / Jahr

Wunschstandort Ratingen, Leverkusen, Hilden oder Haan

Motivation 
Dr. Ben Rabaa möchte eine neue Stelle finden, die in unmittelbarer Umgebung zu seinem Wohnort ist. Weil Herr Ben Rabaa aus Düsseldorf kommt, sind für Ihn die Stellen nahe Düsseldorf von größtem Interesse. Außerdem möchte Dr. Ben Rabaa unbedingt weiter operativ tätig sein und das OP-Zentrum von Med360 spricht ihn sehr an.

Fähigkeiten 
• Oberarzt Orthopädie und Unfallchirurgie
• Arthroskopie
• Endoprothetik Spezialist

Zusammenfassung                                         
Dr. Ben Rabaa arbeitet aktuell als Oberarzt für Orthopädie und Unfallchirurg in 
St. Josef Krankenhaus Linnich. Der Kandidat hat sich aktuell auf Endoprothetik und Arthroskopie spezialisiert. Der Weg zu Arbeit von über 150km täglich veranlasste ihn, sich nach neuen beruflichen Optionen umzuschauen, die wesentlich näher zum Wohnort gelegen sind. Dr. Ben Rabaa würde gerne für einen Arbeitgeber arbeiten, bei dem er einerseits weiterhin operativ tätig sein kann, und andererseits bei dem er feste Arbeitszeiten ohne Dienste hat. Der Kandidat war bereits für die Fachklinik 360 in Ratingen tätig und ist auf seinen eigenen Wunsch zu St. Josef Krankenhaus Linnich gewechselt. Dr. Ben Rabaa hat die besten Erinnerungen an seine Zeit bei Med360 und kann sich sehr gut vorstellen wieder für Med360 arbeiten zu können. Für erste Gespräche steht der Kandidat jederzeit zur Verfügung und würde sich über eine Einladung sehr freuen.",julia.weber@yahoo.de,+49 1637009742,,2026-01-17 14:33:19.325475,249dg4ecx20fvugp8x910wuquagxnf,,2026-01-17 17:25:35,2026-01-17
1047,Krüger,Isabella,,interested,,,,,,,,,,,,,,,,Facharzt,Orthopädie & UCH,,Fuß- oder Sprunggelenk-Chirurgie interessiert,isabella.krüger@gmail.com,+49 1984282761,,2026-01-17 14:33:19.325475,1chrcio9631cabuw0qki2pkht3c0em,,2026-01-17 17:25:35,2026-01-17
1048,Schneider,Anna,,interested,,,,,,,,,,,,,,,,Facharzt,Orthopädie & UCH,"Facharzt für Orthopädie und Unfallchirurgie
Spezielle Unfallchirurgie
Handchirurgie
Fußchirurgie (GFFC)
Tauch- und Überdruckmedizin (GTÜM)","03.11.2022 - EB:

Bemerkung:
Sucht nach etwas Interessantem, alle aktuellen Angebote von Med360 und Helios in Krefeld sind nicht interessant für Ihn.

Fähigkeiten:
Facharzt für Orthopädie und Unfallchirurgie
Spezielle Unfallchirurgie
Handchirurgie
Fußchirurgie (GFFC)
Tauch- und Überdruckmedizin (GTÜM)",anna.schneider@gmail.com,+49 1645319893,,2026-01-17 14:33:19.326488,1tv9q8kwyi2mmp39qc152gr27gry82,,2026-01-17 17:25:35,2026-01-17
1049,Wagner,Sophie,Dr.,interested,,,,,,,,,,,,,,,,Facharzt,Orthopädie & UCH,,nur 1 Tag pro Woche,sophie.wagner@outlook.com,+49 1259142106,,2026-01-17 14:33:19.326488,2ayfrxtmzf2dl2mr7znw2a0zfn8u9o,,2026-01-17 17:25:35,2026-01-17
1052,Wagner,Anna,,contacted,,,,,,,,,,,,,,,,Facharzt,Orthopädie & UCH,,"23.06.2023 - EB:

Hat mich angerufen, will nicht konservativ arbeiten, ist offen für Angebote 130k nahe Essen",anna.wagner@web.de,+49 1730458001,,2026-01-17 14:33:19.326488,0lspvstuqx2rdafh9p4j096gf4a8v0,,2026-01-17 17:25:35,2026-01-17
1053,Koch,Sarah,Dr.,contacted,,,,,,,,,,,,,,,,Facharzt,Orthopädie & UCH,"Fähigkeiten
-Facharzt für Orthopädie und Unfallchirurgie
-Zusatzbezeichnung Spezielle Unfallchirurgie,
-D-Arzt
-Zusatzbezeichnung Handchirurgie
-Zertifikat Fußchirurgie (D.A.F.)
-Zusatzbezeichnung Akupunktur
Zusatzbezeichnung Akupunktur","12.10.2022 - evgeny:

Wohnt in Oberhausen, er überlegt sich mit seiner Frau nach Köln zu ziehen.

Gehaltswunsch
ab 150K

Fähigkeiten
Facharzt für Orthopädie und Unfallchirurgie
Zusatzbezeichnung Spezielle Unfallchirurgie,
D-Arzt
Zusatzbezeichnung Handchirurgie
Zertifikat Fußchirurgie (D.A.F.)
Zusatzbezeichnung Akupunktur",sarah.koch@yahoo.de,+49 1785776325,,2026-01-17 14:33:19.326488,1whvrsfunm02mjsuqotz0r2ktullem,,2026-01-17 17:25:35,2026-01-17
1055,Schulz,Emma,Dr.,contacted,,,,,,,,,,,,,,,,Facharzt,Orthopädie & UCH,,ist Geschäftsführer! - ltd. OA,emma.schulz@yahoo.de,+49 1541735846,,2026-01-17 14:33:19.326488,1ld7oqmskj0gd4bz6hp7235oavlshz,,2026-01-17 17:25:35,2026-01-17
1056,Becker,Paula,,contacted,,,,,,,,,,,,,,,,Facharzt,Orthopädie & UCH,,Raum Regensburg oder Freiburg,paula.becker@web.de,+49 1448119675,,2026-01-17 14:33:19.327481,2j9jnt1p7a1oo726xz172hkz1p6uk6,,2026-01-17 17:25:35,2026-01-17
1057,Schulz,Nina,,contacted,,,,,,,,,,,,,,,,Facharzt,Orthopädie & UCH,,,nina.schulz@yahoo.de,+49 1919887405,,2026-01-17 14:33:19.327481,04gd43pxyg2qtw7thbcs0r9lj7jypu,,2026-01-17 17:25:35,2026-01-17
1058,Schmidt,Johanna,Dr.,interested,,,,,,,,,,,,,,,,Facharzt,Orthopädie & UCH,"-Facharzt für Orthopädie und Unfallchirurgie
-EPZ-Koordinator, 
-Mitglied Arbeitsgemeinschaft Endoprothetik (AE)
-Zusatzbezeichnungen: Notfallmedizin, 
-ATLS Provider, 
-EPZ_Seniorhauptoperateur","19.07.2023 - EB:

Gehaltsvorstellung ca. 250-300K
18.07.2023 - EB:

Zusatzbezeichnung ,, spezielle orthopädische Chirurgie“ ( fehlen noch 7 Monate)

Facharzt für Orthopädie und Unfallchirurgie
EPZ-Koordinator, Mitglied Arbeitsgemeinschaft Endoprothetik (AE)
Zusatzbezeichnungen: Notfallmedizin, ATLS Provider, EPZ-Seniorhauptoperateur

Aktuell bei Sana-Krankenhaus Rummelsberg",johanna.schmidt@gmail.com,+49 1329192426,,2026-01-17 14:33:19.327481,0y89y2szv31hydb72os92me8zmg387,,2026-01-17 17:25:35,2026-01-17
1059,Becker,Maria,,contacted,,,,,,,,,,,,,,,,Facharzt,Orthopädie & UCH,,,maria.becker@web.de,+49 1391243077,,2026-01-17 14:33:19.327481,281k1vlt930p726ioi1r2bya8zf8e8,,2026-01-17 17:25:35,2026-01-17
1060,Klein,Lena,Dr.,contacted,,,,,,,,,,,,,,,,Facharzt,Orthopädie & UCH,,,lena.klein@outlook.com,+49 1625890378,,2026-01-17 14:33:19.327481,1uuj4ijptc065mlsylws1q6h2qmnl8,,2026-01-17 17:25:35,2026-01-17
1061,Schulz,Lisa,Dr.,contacted,,,,,,,,,,,,,,Chefarzt,"Chefarzt, Standortleiter",Facharzt,Orthopädie & UCH,,,lisa.schulz@web.de,+49 1235966111,,2026-01-17 14:33:19.327481,15ilhh11k80jslstrznj2cyk9vxv4v,,2026-01-17 17:25:35,2026-01-17
1062,Richter,Nina,Dr.,interested,,,,,,,,,,,,,,,,Facharzt,Orthopädie & UCH,,Traumatologie + Abdomen - Süddeutschland / Voralpenland,nina.richter@gmail.com,+49 1672383513,,2026-01-17 14:33:19.327481,18z5a9uxic0kjxu39f810by32cj3gk,,2026-01-17 17:25:35,2026-01-17
1063,Neumann,Mara,,contacted,,,,,,,,,,,,,,,,Facharzt,Orthopädie & UCH,"Fähigkeiten 
• Zusatzbezeichnung - Kinderorthopädie
• Zusatzbezeichnung - Notfallmedizin, Notarzt  
• ACLS Instruktor
• DRG Beauftragter der Klinik
• Mitglied des Malteser Hilfsdienstes
• Personalplanung der Abteilung","20.10.2022 - evgeny:


17.10.2022 - evgeny:

Möchte gerne Teilzeit in München arbeiten, maximal 4 Tage die Woche

__________________________________________________________

Position 
Funktionsoberarzt für Unfallchirurgie und Orthopädie 

Wohnort 
München

Verfügbarkeit Kündigungsfrist ist 6 Monate 

Gehaltswunsch 
-Ab 130.000 € /Jahr Vollzeit oder
-Ab 100.000 € /Jahr mit Möglichkeit auf       
 eine Nebenbeschäftigung

Wunschstandort 
Germering

Motivation 
Dr. Brosseder hat eine Funktionsoberarztstelle und eine weitere Stelle, wo er am Wochenende als Notfallchirurg arbeiten muss. Diese 2 Stellen würde er gerne gegen eine Vollzeitstelle ersetzen, wo er nicht mehr am Wochenende arbeiten muss und in der Woche, einen geregelten Arbeitsalltag hat. Zu einen Wechsel in eine Praxis steht Dr. Brosseder sehr offen gegenüber und sieht diesen als nächsten Schritt in seiner Karriere. 

Fähigkeiten 
• Zusatzbezeichnung - Kinderorthopädie
• Zusatzbezeichnung - Notfallmedizin, Notarzt  
• ACLS Instruktor
• DRG Beauftragter der Klinik
• Mitglied des Malteser Hilfsdienstes
• Personalplanung der Abteilung

Zusammenfassung                                                  
Dr. Brosseder arbeitet zu Zeit als Funktionsoberarzt in der Fachklinik für Kinderorthopäde. Außerdem arbeitet Dr. Brosseder in Nebenbeschäftigung an Wochenenden als Notfallarzt in einer Notfalleinrichtung. Dr. Brosseder würde gerne eine Stelle annehmen, wo er einen Vollzeitvertrag erhält und nicht mehr an den Wochenenden eine Zusatzbeschäftigung ausüben müsste. Des Weiteren würde er sehr ungerne auf seine operative Tätigkeit verzichten wollen und sucht eine geeignete Stelle, die Ihm diese Möglichkeit bietet. Zu der Stelle hat sich Dr. Brosseder sehr interessiert gezeigt und würde sich sehr gerne bei Ihnen vorstellen und nähere Informationen zu den Perspektiven bei Med360 erfahren.
Dr. Brosseder steht Ihnen ab sofort für erste Gespräche zur Verfügung.",mara.neumann@gmail.com,+49 1154659834,,2026-01-17 14:33:19.32848,1mveaancfi202ddjl71l1mx68pnj9b,,2026-01-17 17:25:35,2026-01-17
1064,Wolf,Sophie,,contacted,,,,,,,,,,,,,,,,Facharzt,Orthopädie & UCH,,"23.06.2023 - EB:
KANDIDATENDOSSIER
Name/ Vorname DR. Med. Frederik Büsching-Steinfelsner
Position Facharzt für Unfallchirurgie und Orthopädie
Wohnort Pullach im Isartal
Verfügbarkeit 12 Wochen
Gehaltswunsch Ab 135.000 € 
Wunschstandort Großraum München (Germering)
Fähigkeiten • Facharzt für Orthopädie und Unfallchirurgie
• Ambulante Erfahrung
• ATLS-Zertifikat
• Weiterbildung Notfallmedizin
Zusammenfassung
Dr. Büsching-Steinfelsner, ein erfahrener Facharzt für Orthopädie und Unfallchirurgie, ist derzeit im MVZ Isarklinikum GmbH tätig. Er verfügt über umfangreiche ambulante Erfahrung und ist offen für einen beruflichen Wechsel. Der Grund dafür liegt darin, dass er ein breiteres Behandlungsspektrum und mehr berufliche Möglichkeiten sucht, als ihm derzeit geboten werden. Aus diesem Grund ist er aktiv auf der Suche nach neuen Gelegenheiten.

Dr. Büsching-Steinfelsner ist mit dem Germedicum und Med360grad vertraut und interessiert sich dafür, sich näher vorzustellen und mehr über die Karrieremöglichkeiten in Ihrem Unternehmen zu erfahren.

Er hat sein Interesse bekundet und steht offen für erste Gespräche.

Dr. Büsching-Steinfelsner freut sich darauf, die Gelegenheit zu haben, seine Fähigkeiten und Erfahrungen weiterzuentwickeln und eine neue berufliche Herausforderung anzunehmen.

___________________________________

In Germering vorgestellt",sophie.wolf@gmail.com,+49 1446821640,,2026-01-17 14:33:19.32848,1gyqdmw3f10otm7lm1u20idp1wmr1i,,2026-01-17 17:25:35,2026-01-17
1065,Wolf,Lisa,,interested,,,,,,,,,,,,,,Chefarzt,"Chefarzt, Standortleiter",Facharzt,Orthopädie & UCH,"Fähigkeiten
• Chefarzt für Orthopädie und UCH
• Facharzt für Orthopädie und Unfallchirurgie
• Leiter des Endoprothetikzentrums
• Leiter des Spezialzentrums für operative Rheumatologie
• Zusatzbezeichnung
spezielle orthopädische Chirurgie
• Zusatzbezeichnung Chirotherapie
• Zusatzbezeichnung Sportmedizin
• Habilitation","27.04.2023 - EB:

KANDIDATENDOSSIER

Position
Chefarzt für Unfallchirurgie und Orthopädie/

Wohnort
Nürnberg

Verfügbarkeit
Gesetzliche Kündigungsfrist

Gehaltswunsch
ab 350k

Wunschstandort
flexibel

Motivation
Prof. Dr. Carl ist derzeit nicht aktiv auf der Suche, jedoch findet er das Konzept der Endoklinik äußerst faszinierend. In Verbindung mit einer möglichen Beförderung zum ärztlichen Leiter und einer damit einhergehenden Gehaltserhöhung ist er sehr offen für einen Wechsel nach Bleicherode. Darüber hinaus reizt ihn die Chance, ein größeres Team zu leiten und eine der führenden Kliniken zu übernehmen.

Fähigkeiten
• Chefarzt für Orthopädie und UCH
• Facharzt für Orthopädie und Unfallchirurgie
• Leiter des Endoprothetikzentrums
• Leiter des Spezialzentrums für operative Rheumatologie
• Zusatzbezeichnung
spezielle orthopädische Chirurgie
• Zusatzbezeichnung Chirotherapie
• Zusatzbezeichnung Sportmedizin
• Habilitation

Zusammenfassung
Prof. Dr. Carl kann bereits auf eine beeindruckende Karriere zurückblicken: Seit rund 7 Jahren ist er als Chefarzt der renommierten Klinik für Orthopädie und Unfallchirurgie im Krankenhaus Martha-Maria in Nürnberg tätig und hat sich dabei insbesondere auf Endoprothetik und Rheumatologie spezialisiert. Zusätzlich ist er als Leiter des EndoProthetikZentrums sowie des Spezialzentrums für operative Rheumatologie aktiv. Mit einer Habilitation und den Zusatzbezeichnungen in Chirotherapie, Sportmedizin und Spezieller Orthopädischer Chirurgie ist er bestens für seine Tätigkeit gerüstet.
Derzeit ist Prof. Dr. Carl nicht aktiv auf der Suche nach einer neuen Herausforderung, aber er ist sehr fasziniert von dem Konzept der Endoklinik. Eine mögliche Beförderung zum ärztlichen Leiter und eine damit verbundene Gehaltserhöhung würden ihn zusätzlich motivieren, einen Wechsel nach Bleicherode in Betracht zu ziehen. Darüber hinaus reizt ihn die Chance, ein größeres Team zu leiten und eine der führenden Kliniken für Orthopädie zu übernehmen.",lisa.wolf@outlook.com,+49 1139194404,,2026-01-17 14:33:19.32848,1te1i19blj0lgazp0fhe2otibhsbbs,,2026-01-17 17:25:35,2026-01-17
1067,Schmidt,Sarah,Dr.,contacted,,,,,,,,,,,,,,,,Facharzt,Orthopädie & UCH,"Fähigkeiten
• Zusatzbezeichnung Manuelle Medizin/Chirotherapie
• Zusatzbezeichnung Notfallmedizin
• Osteopathische Verfahren
• Wirbelsäulenchirurgie
• Sportmedizin
• Arbeitsmedizin, Betriebsarzt
• Psychosomatische Grundversorgung","21.10.2022 - evgeny:

Gehaltswunsch
Ab 120.000 € /Jahr

Wunschstandort
Marburg

Motivation
Der Kandidat kommt teilweise aus einem Praxisumfeld und würde dies gerne auch weiterhin bleiben wollen.
Dr. Chatterjee möchte zu einem Arbeitgeber wechseln, bei dem er Möglichkeit hat, zum einen die eigenen Schwerpunkte aufzubauen und zum anderen möchte er sich nur auf einen Arbeitgeber fokussieren, anstatt mehrere Teilzeitstellen auszuüben. Dr. Chatterjee kommt aus Frankfurt und sucht nach einer Stelle in der Frankfurter-Umgebung, Marburg ist für Ihn dabei eine gute Option.

Fähigkeiten
• Zusatzbezeichnung Manuelle Medizin/Chirotherapie
• Zusatzbezeichnung Notfallmedizin
• Osteopathische Verfahren
• Wirbelsäulenchirurgie
• Sportmedizin
• Arbeitsmedizin, Betriebsarzt
• Psychosomatische Grundversorgung

ZUSAMMENFASSUNG
Dr. Chatterjee arbeitet zu Zeit Teilzeit in einer Praxis und Teilzeit als Betriebsarzt für TÜV.
Neben seinen Zusatzbezeichnungen in Manuelle Medizin/Chirotherapie und Notfallmedizin, verfügt der Kandidat über weitreichende Kenntnisse in Wirbelsäule Behandlung und Sportmedizin. Dr. Chatterjee möchte zu einem Arbeitgeber wechseln, bei dem er Möglichkeit hat, zum einen die eigenen Schwerpunkte aufzubauen und zum anderen möchte er sich nur auf einen Arbeitgeber fokussieren, anstatt mehrere Teilzeitstellen auszuüben. Dr. Chatterjee kommt aus Frankfurt und sucht nach einer Stelle in der Frankfurter-Umgebung. An der ausgeschriebenen Stelle hat Dr. Chatterjee sehr viel Interesse gezeigt und würde sich gerne mit Ihnen darüber austauschen, welche Möglichkeiten es für Ihn im Unternehmen existieren und was konkret von Ihm erwartet wird.",sarah.schmidt@web.de,+49 1704777088,,2026-01-17 14:33:19.32848,0z5yaecgn30xisx5uuxn1ol8ig2bw7,,2026-01-17 17:25:35,2026-01-17
1070,Becker,Sophie,Dr.,contacted,,,,,,,,,,,,,,Ltd. OA,"Ltd. OA, Chefarzt, Standortleiter",Facharzt,Orthopädie & UCH,"Fähigkeiten 
· Sektionsleiter Orthopädie und Unfallchirurgie 
· Fachkunde Strahlenschutz/ Notfalldiagnostik 
· Fachkunde Rettungsmedizin 
· Fachkunde Röntgendiagnostik Skelett 
· Zusatzbezeichnung Kinderorthopädie 
· Zusatzbezeichnung Spezielle Orthopädische Chirurgie
· A Kurs Akupunktur 
· Ist dabei seine ZB in spezielle Unfallchirurgie und D-Arzt in diesem Jahr abzuschließen.","21.10.2022 - evgeny:
Position 
Sektionsleiter für Unfallchirurgie und Orthopädie

Wohnort 
Nahe Krefeld

Verfügbarkeit 
Kündigungsfrist ist 3 Monate

Gehaltswunsch 
160.000 €/ jährlich

Wunschstandort 
Krefeld

Motivation 
Dr. KD möchte den nächsten Karriereschritt gehen und bewusst in eine Niederlassung wechseln. Er sucht eine neue Stelle mit geregelten Arbeitszeiten bei, der er keine Schicht oder Nachtdienste mehr machen muss. Außerdem ist die Wohnortnähe bzw. der Arbeitsweg für Dr. KD von sehr großer Bedeutung, wobei Ihr Standort Innerhalb von 15 Minuten für Ihn erreichbar wäre.

Fähigkeiten 
· Sektionsleiter Orthopädie und Unfallchirurgie 
· Fachkunde Strahlenschutz/ Notfalldiagnostik 
· Fachkunde Rettungsmedizin 
· Fachkunde Röntgendiagnostik Skelett 
· Zusatzbezeichnung Kinderorthopädie 
· Zusatzbezeichnung Spezielle Orthopädische Chirurgie
· A Kurs Akupunktur 
· Ist dabei seine ZB in spezielle Unfallchirurgie und D-Arzt in diesem Jahr abzuschließen.

Zusammenfassung
Dr. KD arbeitet aktuell als Sektionsleiter für Endoprothetik für die Chirurgische Abteilung in einem Hospital. Dr. KD hat neben seiner Zusatzbezeichnungen für Kinderorthopädie und spez. orthopädischen Chirurgie, noch eine laufende Weiterbildung in spez. Unfallchirurgie und D-Arzt. Der Kandidat möchte den nächsten Karriereschritt gehen und bewusst in eine Niederlassung wechseln. Er sucht eine neue Stelle mit geregelten Arbeitszeiten, bei der er keine Schicht oder Nachtdienste mehr machen muss. Außerdem ist die Wohnortnähe bzw. der Arbeitsweg für Dr. KD von sehr großer Bedeutung, wobei Ihr Standort Innerhalb von 15 Minuten für Ihn erreichbar wäre.
Dr. KD sucht eine Stelle, bei der er weiterhin operativ tätig sein kann. Die rein konservative Behandlung kommt für Ihn nicht in Frage. Auf Ihr Unternehmen ist der Kandidat sehr gut zu sprechen, er möchte sich gerne bei Ihnen vorstellen und mehr über die Möglichkeiten in Ihrem Unternehmen erfahren. Der Kandidat steht Ihnen jederzeit für erste Gespräche zur Verfügung.",sophie.becker@outlook.com,+49 1276719227,,2026-01-17 14:33:19.329478,1gxxu279od1yz96l0c4c2c2td8j40x,,2026-01-17 17:25:35,2026-01-17
1071,Zimmermann,Laura,,contacted,,,,,,,,,,,,,,,,Facharzt,Orthopädie & UCH,,"23.06.2023 - EB:
KANDIDATENDOSSIER
Name/ Vorname
Dr. med. Klaus Dannheuser
Position
Facharzt für Unfallchirurgie und Orthopädie
Wohnort
Bad Reichenhall
Verfügbarkeit
12 Wochen
Gehaltswunsch
Ab 200.000 € pro Jahr
Wunschstandort
Germering
Motivation
Dr. Dannheuser stammt ursprünglich aus der Region nahe Germering. Sowohl seine Familie als auch sein gesamter Freundeskreis sind dort beheimatet. Bisher hat der Kandidat alle Angebote ausgeschlagen, doch der Standort hat sein Interesse sehr deutlich geweckt. Von Anfang an war es sein mittelfristiger Plan, nach München zurückzukehren, und alle warteten geduldig auf den idealen Moment, der nun anscheinend mit diesem Angebot gekommen ist.
Fähigkeiten
• Facharzt für Chirurgie
• Schwerpunktbezeichnung Unfallchi-rurgie
• Facharzt für Allgemeinchirurgie
• D-Arzt
• Fachkunde Strahlenschutz
• ZB Notfallmedizin
Zusammenfassung
Dr. Dannheuser, ein erfahrener Facharzt, hat in den letzten Jahren im renommierten Fachärztezentrum Freilassing als Vertragsarzt der KV und D-Arzt der Berufsgenossenschaften gearbeitet. Zusätzlich zu seiner breiten Expertise in diesem Bereich verfügt er über eine Fachkunde im Strahlenschutz sowie eine Zusatzweiterbildung in Notfallmedizin.
Ursprünglich stammt Dr. Dannheuser aus der charmanten Region nahe Germering. Seine familiären Bindungen und sein enger Freundeskreis haben ihn stets mit ihrer Nähe begleitet. Obwohl er bisher alle anderen Angebote abgelehnt hat, hat ihn dieser spezielle Standort nun stark interessiert. Von Anfang an war es sein mittelfristiger Plan, nach München zurückzukehren, und alle warteten geduldig auf den idealen Moment, der nun anscheinend mit diesem Angebot gekommen ist.
Dr. Dannheuser hat ein aufrichtiges Interesse an der ausgeschriebenen Stelle gezeigt und möchte gerne weitere Einzelheiten über die Anforderungen und Möglichkeiten in Ihrem Unternehmen erfahren. Für erste Gespräche steht der Kandidat gerne zur Verfügung.
_________________________
vorgestellt in germering",laura.zimmermann@outlook.com,+49 1750207824,,2026-01-17 14:33:19.329478,22am1iscgo0ychu5rj3c17pipajiig,,2026-01-17 17:25:35,2026-01-17
1072,Müller,Julia,Dr.,contacted,,,,,,,,,,,,,,,,Facharzt,Orthopädie & UCH,,,julia.müller@outlook.com,+49 1021424346,,2026-01-17 14:33:19.329478,1fn4mlr38j2o5dqhwm0r1jgx4xcopz,,2026-01-17 17:25:35,2026-01-17
1073,Weber,Lena,,interested,,,,,,,,,,,,,,Chefarzt,"Chefarzt, Standortleiter",Facharzt,Orthopädie & UCH,,ab sofort verfügbar,lena.weber@outlook.com,+49 1210450241,,2026-01-17 14:33:19.329478,1tgj78oht91urd7isurh00bkga7fkd,,2026-01-17 17:25:35,2026-01-17
1074,Schneider,Sophie,,contacted,,,,,,,,,,,,,,,,Facharzt,Orthopädie & UCH,,offen auch für die Schweiz,sophie.schneider@web.de,+49 1824626765,,2026-01-17 14:33:19.329988,1mdfgdv9u010rk4qoeqj27tqvxnqee,,2026-01-17 17:25:35,2026-01-17
1075,Zimmermann,Nina,Dr.,interested,,,,,,,,,,,,,,,,Facharzt,Orthopädie & UCH,,"21.10.2022 - evgeny:
-hat eine neue Stelle gefunden",nina.zimmermann@gmail.com,+49 1127099535,,2026-01-17 14:33:19.329988,0a5crp20lx026ko3pc5w0t2gzx66do,,2026-01-17 17:25:35,2026-01-17
1076,Wagner,Mara,,interested,,,,,,,,,,,,,,Chefarzt,"Chefarzt, Standortleiter",Facharzt,Orthopädie & UCH,,"19.07.2023 - EB:
ist für Chefarztstellen in NRW offen, aktuell in Trier tätig.
Bleicherode kommt nicht in Frage.

skills:
-Leiter Endoprothetikzentrum der Maximalversorgung
-Prof. (habilitiert)
-spezielle orthopädische Chirurgie",mara.wagner@web.de,+49 1078218958,,2026-01-17 14:33:19.329988,0os54gbp2s1mwhfve72l2cnrudr334,,2026-01-17 17:25:35,2026-01-17
1077,Krüger,Anna,,contacted,,,,,,,,,,,,,,,,Facharzt,Orthopädie & UCH,"Fähigkeiten 
• D-Ärztin, 
• 4 Jahre Erfahrung als CÄ in der Chirurgie u UCH, 
• Hand-u. Fußchirurgie, 
• Wiederherstellungschirurgie, 
• Wirbelsäulenchirurgie","10.10.2022 - evgeny: 
Wohnort Nahe Hamburg

Verfügbarkeit Kurzfristig zum 01.11.2022

Gehaltswunsch Ab 100.000 € /Jahr 

Wunschstandort Hamburg

Motivation Die Kandidatin möchte sehr gerne in die Privatumgebung wechseln, weg von den Diensten und Schichten in einer Klinik. Sie war stets in einem Klinikumfeld tätig und möchte endlich geregelte Arbeitszeiten und  die Wochenenden frei genießen können. Außerdem hatte Sie in Ihrer Karriere schon einige leitende Positionen gehabt und möchte endlich  ohne viel Verantwortung Ihre geliebte Tätigkeit als Orthopädin ausführen.

Fähigkeiten 
• D-Ärztin, 
• 4 Jahre Erfahrung als CÄ in der Chirurgie u UCH, 
• Hand-u. Fußchirurgie, 
• Wiederherstellungschirurgie, 
• Wirbelsäulenchirurgie

ZUSAMMENFASSUNG

Die Kandidatin ist eine super erfahrene Orthopädin mit 25 jährigen Erfahrung mit einem sehr breiten Spektrum an Fähigkeiten wie zum Beispiel Hand-u. Fußchirurgie, Wiederherstellungschirurgie oder Wirbelsäulenchirurgie. Außerdem ist Sie eine Durchgangsärztin und ist mit dem administrativen Umgang sehr vertraut. Dr. Drews würde gerne die geregelte Arbeitszeit einer Praxis genießen und die verbleibenden 7-10 Jahre Ihre geliebte Tätigkeit in Ruhe ohne Dienste und Schichten nachgehen wollen. Dr. Drews möchte keine langen Wege mehr fahren müssen. Sie möchte unbedingt in Hamburg arbeiten und wie von Ihnen auch gewünscht, liegt ihre Gehaltsvorstellung bei 100.000€/Jahr. Die Kandidatin ist an der ausgeschriebenen Stelle sehr interessiert und würde gerne Ihre Erfahrung und Fähigkeiten gerne zur Verfügung stellen. Für erste Gespräche steht Dr. Drews Ihnen gerne zur Verfügung",anna.krüger@outlook.com,+49 1330483633,,2026-01-17 14:33:19.330527,0vso60ants2f9khugm6c1yo02yt3rb,,2026-01-17 17:25:35,2026-01-17
1078,Schmidt,Nina,Dr.,interested,,,,,,,,,,,,,,,,Facharzt,Orthopädie & UCH,,,nina.schmidt@web.de,+49 1214239372,,2026-01-17 14:33:19.330527,122prnz3ye1somsuhgjr21flzbaku7,,2026-01-17 17:25:35,2026-01-17
1079,Schulz,Julia,Dr.,contacted,,,,,,,,,,,,,,,,Facharzt,Orthopädie & UCH,,,julia.schulz@web.de,+49 1784770703,,2026-01-17 14:33:19.330527,1qytqupqvx1e026r4cen03aonpf0w0,,2026-01-17 17:25:35,2026-01-17
1080,Weber,Alina,Dr.,contacted,,,,,,,,,,,,,,,,Facharzt,Orthopädie & UCH,,,alina.weber@gmail.com,+49 1977828620,,2026-01-17 14:33:19.330527,0k12ln0ddh0slb78oxnl2kf611lbt1,,2026-01-17 17:25:35,2026-01-17
1081,Schwarz,Laura,Dr.,contacted,,,,,,,,,,,,,,,,Facharzt,Orthopädie & UCH,,,laura.schwarz@gmail.com,+49 1220301105,,2026-01-17 14:33:19.330527,1yrtfjwgut2a2ebzzsi40ak7n20z2c,,2026-01-17 17:25:35,2026-01-17
1082,Krüger,Alina,,interested,,,,,,,,,,,,,,,,Facharzt,Orthopädie & UCH,"Fähigkeiten 
• Facharzt für Allgemeine Chirurgie
• Spezielle Unfallchirurgie (D-Arzt)
• AGA Certified Surgeon für Arthroskopie und Gelenkchirurgie
• Zertifikat Advanced Trauma Life Support for Doctors (ATLS) 
• Clinical Observership Sport medicine and Arthroscopy
• FIFA Diploma in Football medicine
(Abschluss voraussichtlich in Dezember 2023)
• GOTS-Sportarzt
• Gesellschaft für Orthopädische-Traumatologische Sportmedizin (Abschluss voraussichtlich im Jahr 2024)","17.07.2023 - EB:

Vorgestellt bei Westheim-MVZ in Marsberg
-------------------------------------------
Position 
Oberarzt für Unfallchirurgie und Orthopädie, Schwerpunkt Arthroskopie 

Wohnort 
Lippstadt/Holzminden

Verfügbarkeit 
12 Wochen Kündigungsfrist

Gehaltswunsch 
Nach Kennenlernen und absprache

Wunschstandort 
Marsberg

Fähigkeiten 
• Facharzt für Allgemeine Chirurgie
• Spezielle Unfallchirurgie (D-Arzt)
• AGA Certified Surgeon für Arthroskopie und Gelenkchirurgie
• Zertifikat Advanced Trauma Life Support for Doctors (ATLS) 
• Clinical Observership Sport medicine and Arthroscopy
• FIFA Diploma in Football medicine
(Abschluss voraussichtlich in Dezember 2023)
• GOTS-Sportarzt
• Gesellschaft für Orthopädische-Traumatologische Sportmedizin (Abschluss voraussichtlich im Jahr 2024)

Zusammenfassung                                                  
Dr. AE ist derzeit als  Oberarzt für Orthopädie und Unfallchirurgie in einer Klinik für Unfallchirurgie, Orthopädie und Sporttraumatologie tätig. Er verfügt über umfangreiche Erfahrung in den Bereichen Unfallchirurgie und Arthroskopie. Er ist spezialisiert auf Spezielle Unfallchirurgie und besitzt die D-Arzt-Zulassung. Darüber hinaus hat er Zertifikate in ATLS und Arthroskopie & Gelenkchirurgie erworben. Aktuell absolviert er weitere Zusatzqualifikationen und plant, Anfang des Jahres die Traumatologische Sportmedizin sowie das FIFA Diploma in Football Medicine zu erlangen.

Dr. AE erwägt seit einiger Zeit den Wechsel von der Klinik in die ambulante Versorgung, um von Schichten und Diensten wegzukommen und durch geregelte Arbeitszeiten mehr Zeit mit seiner Familie verbringen zu können. Er hat kein Problem damit, einen überwiegenden Anteil an konservativer Tätigkeit zu übernehmen, solange er gelegentlich operieren kann. Dr. AE ist räumlich an die Region in Holzminden gebunden und der Standort in Marsberg würde ihm gut passen, da er bequem erreichbar wäre.

Dr. AE hat großes Interesse an der ausgeschriebenen Stelle gezeigt und möchte sich gerne näher vorstellen, um mehr über die Möglichkeiten und Chancen in Ihrem Unternehmen zu erfahren. Er steht für erste Gespräche gerne zur Verfügung.

Bitte geben Sie mir zeitnah Bescheid, ob Dr. AE für die Position in Frage kommt und ob Sie an einem Treffen interessiert sind.",alina.krüger@yahoo.de,+49 1149799295,,2026-01-17 14:33:19.330527,0s53gsuojt19rov8b6mt2gq4ukgk99,,2026-01-17 17:25:35,2026-01-17
1083,Klein,Mila,Dr.,interested,,,,,,,,,,,,,,,,Facharzt,Orthopädie & UCH,,"24.10.2022 - evgeny:

Hat eine neue Stelle eingetreten vor ca.3-4 Monaten  als Oberarzt (Unfallchirurgie) Tel.gespäch am 12.10.22
__________________________________________________________________
Position Facharzt für Unfallchirurgie und Orthopädie 
Wohnort Bayern
Verfügbarkeit Ab sofort verfügbar deutschlandweit

Gehaltswunsch 
Tarifvertrag

Wunschstandort 
Sehr flexibel und Umzugs bereit

Motivation 
Dr. K3 sucht aktuell nach einer Möglichkeit weitere Zusatzbezeichnungen zu erwerben. Der Kandidat sucht nach einer Großklinik oder einem Krankenhaus für die Ausübung seiner Tätigkeit als Orthopäde. Der aktuelle Arbeitgeber kann Ihm diese Möglichkeiten nicht bieten, darum sucht Dr. K3 deutschlandweit nach geeigneten Optionen.

Fähigkeiten 
• 10 Jahre Facharzt Erfahrung (seit 2021 in Deutschland anerkannt)
• Gelenk- / Knochendeformitäten und Korrekturen 

Zusammenfassung                                                  
Dr. K3 ist seit 2012 anerkannter Facharzt in seiner Heimat, seit Ende 2021 wurde er auch in Deutschland als Facharzt zertifiziert und sucht aktuell nach einer Möglichkeit weitere Zusatzbezeichnungen zu erwerben. Dr. K3 sucht nach einer Großklinik oder einem Krankenhaus für die Ausübung seiner Tätigkeit als Orthopäde. Der aktuelle Arbeitgeber kann Ihm diese Möglichkeiten nicht bieten, darum sucht 
Dr. K3 deutschlandweit nach geeigneten Optionen. Der Kandidat ist Umzugs bereit und dank seiner Flexibilität und aktuellen beruflichen Situation ist er ab 1.April deutschlandweit verfügbar.",mila.klein@yahoo.de,+49 1989652926,,2026-01-17 14:33:19.330527,0q56vhuh1805pcpuzhfw1eeeun0ojk,,2026-01-17 17:25:35,2026-01-17
1085,Hartmann,Anna,,contacted,,,,,,,,,,,,,,,,Facharzt,Orthopädie & UCH,"Fähigkeiten
• Facharzt für Orthopädie und Unfallchirurgie
• Zusatzbezeichnung spezielle Unfallchirurgie
• D-Arzt Voraussetzungen
• Zusatzbezeichnung Notfallmedizin
• ATLS
• Fachkunde Rettungsdienst","02.03.2023 - EB:

Position
Leitender Facharzt für Unfallchirurgie und Orthopädie

Wohnort
Herten

Verfügbarkeit
12 Wochen

Gehaltswunsch
Ab 165.000 €

Wunschstandort
Großraum Düsseldorf / Köln

Motivation
Dr. Elsayed strebt in Zukunft eine Tätigkeit im ambulanten Umfeld an und bevorzugt dabei einen Arbeitsplatz, der fernab von den Belastungen durch Rufbereitschaften und Wochenendschichten liegt.

Fähigkeiten
• Facharzt für Orthopädie und Unfallchirurgie
• Zusatzbezeichnung spezielle Unfallchirurgie
• D-Arzt Voraussetzungen
• Zusatzbezeichnung Notfallmedizin
• ATLS
• Fachkunde Rettungsdienst

Zusammenfassung
Dr. Elsayed ist derzeit als Leitender Oberarzt in der Klinik für Orthopädie und Unfallchirurgie am EVK in Castrop-Rauxel tätig. Der Kandidat verfügt über Zusatzbezeichnungen in Notfallmedizin sowie spezieller Unfallchirurgie mit D-Arzt-Qualifikation.
In Zukunft strebt Dr. Elsayed eine Tätigkeit im ambulanten Umfeld an und bevorzugt dabei einen Arbeitsplatz, der frei von den Belastungen durch Rufbereitschaften und Wochenendschichten ist. Der Kandidat hat Med360 als sehr positive Option in Erwägung gezogen und beabsichtigt, sich auf eine der Stellen in Solingen oder Wermelskirchen zu bewerben.
Dr. Elsayed steht Ihnen gerne für erste Gespräche zur Verfügung.",anna.hartmann@outlook.com,+49 1952215748,,2026-01-17 14:33:19.331542,1v2c8v8z2v0g8wdvvftf2br4b1gqgf,,2026-01-17 17:25:35,2026-01-17
1086,Fischer,Maria,Dr.,interested,,,,,,,,,,,,,,,,Facharzt,Orthopädie & UCH,,,maria.fischer@yahoo.de,+49 1802139904,,2026-01-17 14:33:19.331542,0zs79w5yt11649ucb2eo2gyn627noq,,2026-01-17 17:25:35,2026-01-17
1087,Schwarz,Isabella,Dr.,interested,,,,,,,,,,,,,,,,Facharzt,Orthopädie & UCH,,,isabella.schwarz@web.de,+49 1443488945,,2026-01-17 14:33:19.331542,190sqy8y4t19yejz6yea2k47gu2dnt,,2026-01-17 17:25:35,2026-01-17
1088,Meyer,Laura,Dr.,interested,,,,,,,,,,,,,,,,Facharzt,Orthopädie & UCH,,,laura.meyer@yahoo.de,+49 1323130378,,2026-01-17 14:33:19.331542,2r1al9b3mm0x6n1s0yce267trok1s9,,2026-01-17 17:25:35,2026-01-17
1089,Hoffmann,Elena,,interested,,,,,,,,,,,,,,,,Facharzt,Orthopädie & UCH,,"23.06.2023 - EB:
möchte nur Hamburg
24.05.2023 - vmartynenko: 50 km um Hamburg herum offen. Es muss keine leitende Stelle sein aber gehaltlich möchte er sich verbessern.

Skills:
Orthopädie und Unfallchirurgie
Spezielle Unfallchirurgie
Ständiger D-Arzt Vertreter
Basiszertifikat Fußchirurgie (GFFC)
ATLS
Manuelle Medizin
Sportmedizin",elena.hoffmann@web.de,+49 1809209192,,2026-01-17 14:33:19.332105,2gcun0u1ha0psna3eiv813k2na7cuf,,2026-01-17 17:25:35,2026-01-17
1090,Wagner,Mila,,contacted,,,,,,,,,,,,,,,,Facharzt,Orthopädie & UCH,,,mila.wagner@gmail.com,+49 1441497721,,2026-01-17 14:33:19.332105,1e863hzvsq1gwdzt871l2qh6yqewcd,,2026-01-17 17:25:35,2026-01-17
1091,Wolf,Laura,,contacted,,,,,,,,,,,,,,,,Facharzt,Orthopädie & UCH,"Fähigkeiten
• Facharzt für Orthopädie und Unfallchirurgie
• Zusatzbezeichnung spezielle Unfallchirurgie
• Zusatzbezeichnung Notfallmedizin
• Zusatzbezeichnung fachgebundene Radiologie","07.03.2023 - EB:
Position
Facharzt für Unfallchirurgie und Orthopädie
Wohnort
Schweinfurt
Verfügbarkeit
Ende 2023
Gehaltswunsch
150.000 €- 160.000 €
Wunschstandort
Köln und Umgebung
Motivation
Dr. Farghal plant, zum Ende des Jahres nach Köln zu ziehen, um seiner Tochter nahe zu sein, die dort studiert. Er betreibt seit über zehn Jahren eine Privatpraxis und beabsichtigt, diese zu verkaufen, um idealerweise in Köln als leitender Angestellter tätig zu werden.
Fähigkeiten
• Facharzt für Orthopädie und Unfallchirurgie
• Zusatzbezeichnung spezielle Unfallchirurgie
• Zusatzbezeichnung Notfallmedizin
• Zusatzbezeichnung fachgebundene Radiologie
Zusammenfassung
Dr. Farghal ist derzeit Inhaber einer erfolgreichen orthopädisch/chirurgischen Privatpraxis in Schweinfurt. Als Experte auf dem Gebiet der speziellen Orthopädischen Unfallchirurgie bietet er auch duchgangsärztliche Tätigkeit an. Darüber hinaus verfügt er über Zusatzbezeichnungen in Notfallmedizin und fachgebundener Radiologie.
Zum Ende des Jahres plant Dr. Farghal einen Umzug nach Köln, um seiner Tochter näher zu sein, die dort studiert. Er beabsichtigt, seine Praxis zu verkaufen und strebt eine Position als leitender Angestellter in einem ortho-chirurgischen MVZ in Köln an. Mit seiner langjährigen Erfahrung als Praxisinhaber und profunder Kenntnis der ambulanten Tätigkeit bringt Dr. Farghal wertvolles Know-how mit.
Dr. Farghal ist mit den Konditionen der Arbeit in einer Praxis bestens vertraut und kennt die Med360 Gruppe bereits gut. Er hat eine hohe Meinung von dem Unternehmen und hatte bereits bei Kongressen die Gelegenheit, den Chef des Unternehmens zu treffen. Dr. Farghal steht Ihnen ab sofort für erste Gespräche zur Verfügung und würde sich sehr über eine Position in leitender Funktion in einem der MVZ der Med360 Gruppe in der Nähe von Köln freuen.",laura.wolf@outlook.com,+49 1442283507,,2026-01-17 14:33:19.332105,1w82wcz5bt1qsnrd6r8y13bk8ejqie,,2026-01-17 17:25:35,2026-01-17
1092,Meyer,Nina,Dr.,contacted,,,,,,,,,,,,,,,,Facharzt,Orthopädie & UCH,,,nina.meyer@outlook.com,+49 1233056608,,2026-01-17 14:33:19.332105,1muktfthfb1jszxqnr0z06u1u8gojk,,2026-01-17 17:25:35,2026-01-17
1093,Klein,Sophie,,interested,,,,,,,,,,,,,,,,Facharzt,Orthopädie & UCH,,,sophie.klein@outlook.com,+49 1911220869,,2026-01-17 14:33:19.332105,1bt7wiacfg0hx7bqy5xe13kuydzdfk,,2026-01-17 17:25:35,2026-01-17
1094,Hartmann,Mila,Dr.,contacted,,,,,,,,,,,,,,Ltd. OA,"Ltd. OA, Chefarzt, Standortleiter",Facharzt,Orthopädie & UCH,"• Habilitation
• ZB Spezielle Unfallchirurgie
• ZB Spezielle orthopädische Chirurgie
• Kinderorthopädie
• Wirbelsäulenchirurgie
• Tumore
• Revisionsendoprothetik
• Allgemeinchirurgie",,mila.hartmann@web.de,+49 1405397279,,2026-01-17 14:33:19.332105,1uqg2mm83u1qbqp7tqf807k94j070p,,2026-01-17 17:25:35,2026-01-17
1095,Klein,Sarah,,contacted,,,,,,,,,,,,,,,,Facharzt,Orthopädie & UCH,,"23.06.2023 - EB:
möchte keine rein konservative Stelle antreten",sarah.klein@gmail.com,+49 1396907041,,2026-01-17 14:33:19.333123,0znohv1bxk1yvfph2scm1i5n0xina3,,2026-01-17 17:25:35,2026-01-17
1096,Zimmermann,Isabella,,contacted,,,,,,,,,,,,,,,,Facharzt,Orthopädie & UCH,,"23.06.2023 - EB:
KANDIDATENDOSSIER


Name/ Vorname Dr. med. JULIAN DOMINIK FROMM

Position Facharzt für Unfallchirurgie und Orthopädie 
Wohnort München
Verfügbarkeit 3 Monate zum Quartalsende

Gehaltswunsch Ab 125.000 € per annum
Wunschstandort München und Umgebung
Fähigkeiten • Facharzt für Orthopädie und UCH
• Aktuell in Weiterbildung für spezielle Unfallchirurgie (D-Arzt), Erwerb voraussichtlich Anfang 2024
• Zusatzbezeichnung Notfallmedizin
• Fachkunde Strahlenschutz 
• Weiterbildung Transfusionsbeauftragter
Zusammenfassung                                              

Dr. Fromm ist derzeit als Facharzt am Muskuloskelettalen Universitäts-Zentrum München (MUM) am Klinikum Großhadern / Klinikum Innenstadt tätig. Er befindet sich kurz vor dem Abschluss der Zusatzbezeichnung spezielle Unfallchirurgie und verfügt bereits über die Zusatzbezeichnung Notfallmedizin sowie die Fachkunde in Strahlenschutz.

Dr. Fromm strebt derzeit einen Wechsel in eine Praxisumgebung an, um sich von den Diensten und Schichten in einem Krankenhaus zu lösen. Eine vorwiegend konservative Tätigkeit in einer Praxis stellt für ihn keinerlei Problem dar, da er sich vollkommen bewusst ist, welche Aufgaben dies mit sich bringt.

Der Kandidat zeigt großes Interesse an der ausgeschriebenen Stelle und möchte gerne mehr über den Aufgabenbereich und die vorhandenen Möglichkeiten erfahren. Dr. Fromm steht Ihnen für erste Gespräche gerne zur Verfügung.

________________________

in Germering vorgestellt",isabella.zimmermann@outlook.com,+49 1465664252,,2026-01-17 14:33:19.333123,0atf1zsd4a2kf0v4bucx207kybmoel,,2026-01-17 17:25:35,2026-01-17
1097,Zimmermann,Sarah,Dr.,contacted,,,,,,,,,,,,,,,,Facharzt,Orthopädie & UCH,,,sarah.zimmermann@web.de,+49 1611007000,,2026-01-17 14:33:19.333123,1mhu0ijl4827l6rek57g03sm1xtapb,,2026-01-17 17:25:35,2026-01-17
1098,Becker,Elena,"Dr.
0611 4509 714",contacted,,,,,,,,,,,,,,,,Facharzt,Orthopädie & UCH,,,elena.becker@web.de,+49 1052190653,,2026-01-17 14:33:19.333123,15mnp3v2zo2dsginc9yu1tdv4vv2lr,,2026-01-17 17:25:35,2026-01-17
1099,Schulz,Clara,,interested,,,,,,,,,,,,,,,,Facharzt,Orthopädie & UCH,"Fähigkeiten
• Orthopädie und Unfallchirurgie
• Spezielle orthopädische Chirurgie
• Senior-Hauptoperateur endoCert
• Akupunktur
• Manuelle Therapie (Prüfung 2023)
• DAF-Fußchirurgie
• Gutachterliche Tätigkeiten","12.10.2022 - evgeny:

Wohnort
Leverkusen

Verfügbarkeit
Kündigungsfrist ist 12 Wochen
Gehaltswunsch
Ab 150.000 € /Jahr

Wunschstandort
Köln und Umgebung

Motivation
Dr. Fütterer wünscht sich einen Umstieg aus der Klinik in die Praxisumgebung. Dadurch verspricht er sich mehr freie Zeit für sich und seine Familie, sowie mehr Lebensqualität.

Fähigkeiten
• Orthopädie und Unfallchirurgie
• Spezielle orthopädische Chirurgie
• Senior-Hauptoperateur endoCert
• Akupunktur
• Manuelle Therapie (Prüfung 2023)
• DAF-Fußchirurgie
• Gutachterliche Tätigkeiten

Zusammenfassung
Dr. Fütterer arbeitet zu Zeit als Oberarzt und Senior-Hauptoperateur in Eduardus Krankenhaus Köln. Der Kandidat bringt die ZB in „Spezielle orthopädische Chirurgie“ mit. Außerdem hat er ein Zertifikat in Akupunktur und Fußchirurgie, sowie anstehende abschließende Prüfung in Manuellen Therapie, am Anfang nächsten Jahren. Dr. Fütterer möchte gerne in die Praxisumgebung wechseln, damit er mehr Zeit seiner Familie widmen kann. Er wäre bereit für einen Umstieg, sofern er die Möglichkeit bekommt, endoprothetische Eingriffe auszuführen, darauf möchte er auf keinen Fall verzichten. Zu der Stelle hat sich Dr. Fütterer sehr interessiert gezeigt und würde sich sehr gerne bei Ihnen vorstellen und nähere Informationen zu den Perspektiven und Möglichkeiten bei Med360 erfahren.
Dr. Fütterer steht Ihnen ab sofort für erste Gespräche zur Verfügung.",clara.schulz@outlook.com,+49 1955056799,,2026-01-17 14:33:19.333123,0qkuh883yg24l8pc211d0q3k8bsc0r,,2026-01-17 17:25:35,2026-01-17
1101,Richter,Paula,,interested,,,,,,,,,,,,,,,,Facharzt,Orthopädie & UCH,,"26.10.2022 - EB:
Position Facharzt/Oberarzt für Chirurgie und 

Wohnort 
Hannover/Wolfsburg

Verfügbarkeit 
3 Monate

Gehaltswunsch 
Ca. 125.000 € /Jahr (+/-)

Wunschstandort 
Hannover (100 km Radius)

Fähigkeiten 
• Facharzt für Unfallchirurgie und Orthopädie
• Zusatzbezeichnung Rettungsmedizin
• Leitender Notarzt der Stadt Hannover
• ATLS
• Primär- und Revisionsendoprothetik Hütgelenk
• Hygienemanagement

ZUSAMMENFASSUNG
Dr. Trompetter arbeitet zu Zeit in Einer Städtischen Klinik als Oberarzt Chirurgie, Unfallchirurgie und Orthopädie mit den Zusatzbezeichnungen Rettungsdienst, Leitender Notarzt und Kurs-Direktor Advanced Trauma Life Support. Der Kandidat möchte gerne weg von den Diensten und Schichten in einem Klinikbetrieb, den Sprung in die Praxistätigkeit schaffen. Er hat mehrere Wohnsitze, seine Familie wohnt in Hannover und er selbst pendelt zwischen Familie und Wolfsburg. Der Kandidat sucht einen geeigneten Arbeitgeber, wo er seine Erfahrung und Fähigkeiten einsetzen kann und dabei nicht vollständig auf die operative Tätigkeit verzichten muss.
Der Kandidat hat sich zu der Stelle sehr interessiert gezeigt und steht Ihnen ab sofort für erste Gespräche zur Verfügung.


25.10.2022 - evgeny:

Möchte gerne ein Austausch mit dem Klinikleiter. Er kann sich gut vorstellen von der städtischen Klinik in MVZ umzusteigen. Er würde gerne wissen, wie viel operative Tätigkeit möglich ist.

Wohnort: 
Hannover 

Wunschstandort: Hannover (100km Radius)

Gehaltsvorstellung: 120-130K
_____________________________________
24.10.2022 - evgeny:
-Facharzt für Unfallchirurgie und Orthopädie
-Zusatzbezeichnung Rettungsmedizin
-Leitender Notarzt der Stadt Hannover",paula.richter@outlook.com,+49 1060061801,,2026-01-17 14:33:19.333123,1lw90wgbmn0xr73cuya123tb6jvef4,,2026-01-17 17:25:35,2026-01-17
1102,Zimmermann,Sophie,Dr.,contacted,,,,,,,,,,,,,,,,Facharzt,Orthopädie & UCH,,"23.06.2023 - EB:
wollte mir seinen CV schicken , aber ist untergetaucht

Kniegelenk und Sportorthopädie",sophie.zimmermann@web.de,+49 1307710546,,2026-01-17 14:33:19.333123,1phct9i7gp042wcaw8u81yb627kuiy,,2026-01-17 17:25:35,2026-01-17
1103,Richter,Klara,,interested,,,,,,,,,,,,,,,,Facharzt,Orthopädie & UCH,,"23.06.2023 - EB:


Handchirurgie
ab 150K
nähe Stuttgart",klara.richter@web.de,+49 1504801433,,2026-01-17 14:33:19.334151,2jm3omdnsd21ov3kk3aq1fo3begc5e,,2026-01-17 17:25:35,2026-01-17
1104,Neumann,Julia,,interested,,,,,,,,,,,,,,,,Facharzt,Orthopädie & UCH,,"28.05.2024 - vmartynenko:
möchte in Fritzlar vorgestellt werden. Endoprothetik findet er interessant. ihm fehlen noch paar Monate bis Zusatzbezeichnung spezielle Orthopädie. Die Zeit bei seinem aktuellen Arbeitgeber wird angerechnet. ab dem 8.06 bis 12.07 im Urlaub.




10.07.2023 - EB:


-aktuell OA
-Ist auf der Suche, nach neuen Möglichkeiten
-will nur große Operationen wie zB Endoprothetik etc
-Gehaltswunsch ab 155k",julia.neumann@web.de,+49 1951133370,,2026-01-17 14:33:19.334151,1o2jy5jxqm1ll88qvoux1fvhesse37,,2026-01-17 17:25:35,2026-01-17
1105,Bauer,Paula,,contacted,,,,,,,,,,,,,,,,Facharzt,Orthopädie & UCH,,"02.08.2023 - vmartynenko:
pendelt über 200 km und möchte näher an Karlsruhe arbeiten. Stuttgart kommt auch in Frage. 
Wünscht Weiterentwicklung in der Chirurgie und momentan in weiterbildung zur speziellen Orthopädie.

Tarifvertrag ist ok",paula.bauer@web.de,+49 1620745709,,2026-01-17 14:33:19.334151,1615wdryc30ga3ihm65v1yi4qj8lvx,,2026-01-17 17:25:35,2026-01-17
1106,Becker,Alina,Dr.,contacted,,,,,,,,,,,,,,,,Facharzt,Orthopädie & UCH,,aktuell 02/2021 kein Interesse,alina.becker@yahoo.de,+49 1919603821,,2026-01-17 14:33:19.334151,0mn7nk8neq1eu1i4717o1p1oqj4ibl,,2026-01-17 17:25:35,2026-01-17
1084,Weber,Lea,Dr.,contacted,,,,,,,,,,,,,,,,Facharzt,Orthopädie & UCH,,"23.06.2023 - EB:
nur an Wirbelsäulechirurgie in Düsseldorf interessiert",lea.weber@yahoo.de,+49 1785570524,,2026-01-17 14:33:19.330527,0u2trp9p6x02i46ecst82nziu9q0xe,,2026-01-17 17:25:35,2026-01-17
1107,Klein,Nina,,contacted,,,,,,,,,,,,,,,,Facharzt,Orthopädie & UCH,"Fähigkeiten 
• Fachärztin für Orthopädie und Unfallchirurgie, 
• Spezielle Unfallchirurgie
• Durchgangsärztin,
• ATLS-Providerin, 
• Fachkunde Notfallmedizin
• Zertifizierte Fußchirurgin (DAF), 
• zertifizierte Arthroskopeurin (AGA), 
• zertifizierte Sportärztin (GOTS)","17.10.2022 - evgeny:

Vorgestellt bei Med360, warte auf Rückmeldung
______________________________________________________________
Position 
Facharzt/Oberarzt für Unfallchirurgie und Orthopädie 

Wohnort 
Lüdenscheid

Verfügbarkeit 
Kündigungsfrist ist 12 Wochen 

Gehaltswunsch 
Ab 160.000 € /Jahr

Wunschstandort 
Rheinland: Wermelskirchen, Solingen oder Haan

Motivation 
Dr. Gillman überlegt sich schon länger den Sprung von der Klinik in die Praxisumgebung zu wagen und unser Angebot hat endgültig Ihr Interesse geweckt.

Fähigkeiten 
• Fachärztin für Orthopädie und Unfallchirurgie, 
• Spezielle Unfallchirurgie
• Durchgangsärztin,
• ATLS-Providerin, 
• Fachkunde Notfallmedizin
• Zertifizierte Fußchirurgin (DAF), 
• zertifizierte Arthroskopeurin (AGA), 
• zertifizierte Sportärztin (GOTS)

Zusammenfassung                                                  
Dr. Gillman arbeitet zu Zeit als Oberärztin bei Märkische Kliniken GmbH. Sie hat zahlreiche Zertifikate nachzuweisen wie zum Bsp. Fußchirurgie (DAF), Arthroskopie (AGA) oder Sportärztin (GOTS). Außerdem ist sie ATLS-Providerin und hat die Zusatzbezeichnung in „Spezielle Unfallchirurgie“ und ist D-Ärztin. Sie überlegt sich schon länger den Sprung von der Klinik in die Praxisumgebung zu wagen und unser Angebot hat endgültig Ihr Interesse geweckt. Wenn die Möglichkeit besteht, würde Sie sehr gerne zu 80% Teilzeit arbeiten wollen, aber wenn es nicht möglich ist, dann ist sie auch bereit für eine Vollzeitstelle.
Dr. Gillman würde gerne mehr über die Rahmenbedingungen und Möglichkeiten im Unternehmen erkundigen und steht jeder Zeit für erste Gespräche zur Verfügung.",nina.klein@outlook.com,+49 1778355894,,2026-01-17 14:33:19.334151,1t3u15xe81015btx7nc10qfruo7pxk,,2026-01-17 17:25:35,2026-01-17
1108,Schmidt,Emma,,contacted,,,,,,,,,,,,,,Chefarzt,"Chefarzt, Standortleiter",Facharzt,Orthopädie & UCH,,"17.04.2024 - vmartynenko:
bereit 45 Minuten pro Strecke zu fahren. Unfallchirurgie, Spezielle Unfallchirurgie, D-Arzt.

ZUletzt Ärztliche Direktorin und Chefärztin in Ratingen gewesen. Kann sich auch LOA vorstellen wenn das Gehalt passt. Ohne Dienste und Wochenende 180.000 ist Wunschgehalt.",emma.schmidt@outlook.com,+49 1909783690,,2026-01-17 14:33:19.334151,1n8bjd216i2df7hre3jy1ehyy4dqwl,,2026-01-17 17:25:35,2026-01-17
1109,Koch,Lisa,Dr.,contacted,,,,,,,,,,,,,,,,Facharzt,Orthopädie & UCH,,10/2021 kein Interesse,lisa.koch@outlook.com,+49 1356377386,,2026-01-17 14:33:19.335123,0aqn1hlaez1sg7o16s231v0akfe5ry,,2026-01-17 17:25:35,2026-01-17
1110,Weber,Anna,,contacted,,,,,,,,,,,,,,,,Facharzt,Orthopädie & UCH,,,anna.weber@outlook.com,+49 1219733402,,2026-01-17 14:33:19.335123,0u78uuj92o2aw3pcia450urz9q45gk,,2026-01-17 17:25:35,2026-01-17
1111,Koch,Sarah,,interested,,,,,,,,,,,,,,,,Facharzt,Orthopädie & UCH,,"23.06.2023 - EB:
hat Ameos Abgesagt, und auf nächstes Jahr verschoben
________________________________
27.04.2023 - EB:

KANDIDATENDOSSIER

Position
Oberarzt
für Unfallchirurgie und Orthopädie
Sektionsleiter
septische Orthopädie und
Chirurgie

Wohnort
Magdeburg

Verfügbarkeit
12 Wochen

Gehaltswunsch
140.000
€ per Annum

Wunschstandort
Magdeburger Umgebung
Aschersleben

Motivation
Dr. Goldbach schaut sich nach neuen Möglichkeiten in
der Nähe von Magdeburg um. Er kann sich geregelte
Arbeitszeiten ohne Dienste bei einem attraktiven
außertariflichen Gehalt sehr gut vorstellen und zeigt
Interesse an Ihrem Unternehmen.

Fähigkeiten
• Facharzt für Orthopädie und Unfallchirurgie
• Qualitätsmanagementbeauftragter der Klinik für Orthopädie und Unfallchirurgie
• Qualitätsmanagementbeauftragter des EndoProthetikZentrums der Maximalversorgung (EPZmax) sowie des Zentrums für Fuß und Sprunggelenkchirurgie der Maximalversorgung (ZFSmax)
• Hauptoperateur des EPZmax
• Antibiotic Stewardship (ABS) Experte der deutschen Gesellschaft für Infektiologie e.V.
• ATLS-Provider
• OP Manager in Vertretung des
Chefarztes bzw. leitenden Oberarztes

Zusammenfassung
Dr. Goldbach ist derzeit als Sektionsleiter für septische Chirurgie und Orthopädie tätig und
fungiert als Hauptoperateur in EPZmax. Darüber hinaus verfügt er über eine
Zusatzqualifikation in Antibiotic Steward ship (ABS) und ist
Qualitätsmanagementbeauftragter sowohl für die orthopädisch unfallchirurgische Abteilung
als auch für EPZmax.
Derzeit ist Dr. Goldbach auf der Suche nach neuen Möglichkeiten in der Nähe von Magdeburg
und könnte sich geregelte Arbeitszei ten ohne Dienste bei einem attraktiven außertariflichen
Gehalt sehr gut vorstellen. Aus diesem Grund zeigt er großes Interesse an Ihrem
Unternehmen und hat sein Interesse an dem MVZ in Aschersleben bekundet.
Dr. Goldbach ist diese Woche noch im Urlaub und
steht gerne für einen telefonischen
Austausch zur Verfügung, um sich über die Anforderungen, Möglichkeiten und Perspektiven
im Unternehmen zu informieren",sarah.koch@gmail.com,+49 1129815959,,2026-01-17 14:33:19.335123,0szeco3i330kwjnpsktu1kaxk9e3xr,,2026-01-17 17:25:35,2026-01-17
1112,Müller,Laura,Dr.,contacted,,,,,,,,,,,,,,,,Facharzt,Orthopädie & UCH,,,laura.müller@yahoo.de,+49 1165916915,,2026-01-17 14:33:19.335123,2kdmmlghkq0a82beqa802oxdcacqvm,,2026-01-17 17:25:35,2026-01-17
1118,Meyer,Nina,,interested,,,,,,,,,,,,,,,,Facharzt,Orthopädie & UCH,,NRW - über 180k - min.ldt. OA - DE weit dann über 200k,nina.meyer@web.de,+49 1538074060,,2026-01-17 14:33:19.336122,1fx2030cdc2apilycnal0cowblxuj3,,2026-01-17 17:25:35,2026-01-17
1119,Weber,Mila,Prof. Dr.,contacted,,,,,,,,,,,,,,,,Facharzt,Orthopädie & UCH,,"27.04.2023 - EB:

KANDIDATENDOSSIER

Position
Geschäftsführender Oberarzt für Unfallchirurgie und Orthopädie

Wohnort
Göttingen

Verfügbarkeit
12 Wochen

Gehaltswunsch
Ab 300.000 €

Wunschstandort
Bleicherode

Motivation
Dr. Hawellek, als geschäftsführender Oberarzt, hat ausreichend Leitungserfahrung gesammelt und ist nun gewillt und bereit für den nächsten Karriereschritt. Er ist stark an dem Konzept der Endoklinik interessiert und möchte gerne mehr über die Stelle und damit verbundenen Möglichkeiten erfahren.

Fähigkeiten
• Facharzt für Orthopädie und Unfallchirurgie
• Zusatzbezeichnung spezielle orthopädische Chirurgie
• Senior-Hauptoperateur EPZmax
• Habilitiert
• Prüfarzt für Orthopädie und Traumatologie
• Primär- und Revisionsendoprothetik von Hüfte und Knie
• Septische Endoprothetik
• Periprothetische Frakturen
• Hüftgelenkerhaltende Chirurgie

Zusammenfassung
Dr. Hawellek ist momentan als Geschäftsführender Oberarzt und Senior-Hauptoperateur in den renommierten Unikliniken Göttingen tätig, wobei er sich auf den Bereich der Endoprothetik spezialisiert hat. Mit einer Zusatzbezeichnung in spezieller orthopädischer Chirurgie und einer abgeschlossenen Habilitation verfügt er über herausragende Fähigkeiten und Qualifikationen in diesem Fachgebiet, das auch weiterhin seine Leidenschaft und Hauptinteresse bleibt.
Dank seiner umfassenden Erfahrung in der Führungsposition ist Dr. Hawellek bereit für den nächsten Schritt auf der Karriereleiter und zeigt großes Interesse an der Struktur und Konzept der Endoklinik. Er möchte gerne mehr über die angebotene Stelle und damit verbundene Möglichkeiten erfahren und steht für erste Kennenlerngespräche zur Verfügung.",mila.weber@outlook.com,+49 1844822376,,2026-01-17 14:33:19.336122,1n9428a8p40sefm6a2z80n20izodhs,,2026-01-17 17:25:35,2026-01-17
1124,Zimmermann,Clara,,interested,,,,,,,,,,,,,,,,Facharzt,Orthopädie & UCH,"Ist offen für Angebote, aktuell herrscht eibischen Chaos in seiner Klinik, er schaut sich nach alternativen um.
Gehaltswunsch ab 145K.
Würde gerne mit Herrn Segali sprechen, welcher Standort für Ihn am besten geeignet wäre.",,clara.zimmermann@yahoo.de,+49 1970568398,,2026-01-17 14:33:19.337121,2lnxl4bwib2n4go8l96v0hpyfrofhp,,2026-01-17 17:25:35,2026-01-17
1126,Fischer,Alina,Dr.,interested,,,,,,,,,,,,,,,,Facharzt,Orthopädie & UCH,"Fähigkeiten 
• Management im Gesundheitswesen
• DVSE-Zertifikat für Schulter- und Ellenbogenchirurgie  
• Sportmedizin
• Endoprothetik","17.10.2022 - evgeny:

Position 
Facharzt Unfallchirurgie und Orthopädie., Tätigkeitsschwerpunkt 

Schulter, Endoprothetik

Wohnort 
Pegnitz

Verfügbarkeit 
Kündigungsfrist ist 4 Wochen

Gehaltswunsch 
Ab 100.000 € /Jahr

Wunschstandort 
flexibel

Motivation 
Der Kandidat kommt ursprünglich aus einem MVZ-Umfeld und arbeitet aktuell bei einer Klinik. Doch sein Wunsch ist es jedoch, ein MVZ in seiner unmittelbaren Umgebung zu finden. 

Fähigkeiten 
• Management im Gesundheitswesen
• DVSE-Zertifikat für Schulter- und Ellenbogenchirurgie  
• Sportmedizin
• Endoprothetik

ZUSAMMENFASSUNG
Dr. Nicolae arbeitet zu Zeit  bei Regiomed-Kliniken  in Lichtenfels als Orthopädischer Chirurg. 
Dr. Nicolae hat ein DVSE-Zertifikat für Schulter- und Ellenbogenchirurgie und Ihm fehlen im Bundesland Bayern, nur noch 3 Monate bis zur Zusatzbezeichnung Spezielle Orthopädie.
Der Kandidat kommt ursprünglich aus einem MVZ-Umfeld und arbeitet aktuell bei einer Klinik. Doch sein Wunsch ist es jedoch, ein MVZ in seiner unmittelbaren Umgebung zu finden.
Er sucht einen Arbeitgeber, bei dem er die Möglichkeit bekommt, konservative als auch operative Tätigkeit auszuüben. Er würde sich sehr gerne bei Ihnen Vorstellen und über die gegebenen Möglichkeiten der Stelle erfahren. Der Kandidat steht Ihnen jederzeit für ein erstes Gespräch zur Verfügung.",alina.fischer@web.de,+49 1626666092,,2026-01-17 14:33:19.337121,11zp5wnaz22q6csvyad40gakmcdbud,,2026-01-17 17:25:35,2026-01-17
1127,Wagner,Nina,Dr.,contacted,,,,,,,,,,,,,,,,Facharzt,Orthopädie & UCH,,Selbstständig,nina.wagner@yahoo.de,+49 1612045737,,2026-01-17 14:33:19.337121,02xvmbwso80upy3tewu10zd3lenmuo,,2026-01-17 17:25:35,2026-01-17
1128,Müller,Lisa,,contacted,,,,,,,,,,,,,,,,Facharzt,Orthopädie & UCH,,"02.07.2024 - EB:
wohnt aktuell nähe Venlo, sucht etwas an der Hollandgrenze. Hat bei Helios Krefeld letztes Jahr gekündigt. Ist eine Klinikerin bzw. Notärztin (Präklinikerin). Städtisches KH MG, mündlich vorgestellt. Chefärztin will sie kennenlernen.",lisa.müller@outlook.com,+49 1733822706,,2026-01-17 14:33:19.337121,294bdp18wa0wan6lrrkd1ki67ilpj9,,2026-01-17 17:25:35,2026-01-17
1129,Hoffmann,Johanna,,interested,,,,,,,,,,,,,,,,Facharzt,Orthopädie & UCH,,,johanna.hoffmann@outlook.com,+49 1272554575,,2026-01-17 14:33:19.337121,0ymr581ni303r4wp0z8f0nn91ag5yf,,2026-01-17 17:25:35,2026-01-17
1135,Müller,Maria,Dr.,contacted,,,,,,,,,,,,,,,,Facharzt,Orthopädie & UCH,,"17.10.2022 - evgeny:

Möchte nur in Bremen und Umgebung arbeiten und nur Fußchirurgie machen.
_________________________________________________

Position
Facharzt-/Oberarzt für Unfallchirurgie und Orthopädie

Wohnort
Hagen im Bremischen

Verfügbarkeit
Kündigungsfrist ist 3 Monate

Gehaltswunsch
Ab 110.000 € per annum

Wunschstandort
Bremen

Fähigkeiten
• Facharzt/Oberarzt für Orthopädie und Unfallchirurgie
• D.A.F. Zertifikat Fußchirurgie

Zusammenfassung
Dr.med.Jahr arbeitet zu Zeit als Oberärztin in Orthopädie und Unfallchirurgie in einer der größten Gesundheitsversorger Kliniken im deutschsprachigen Raum. Die Kandidatin behandelt sowohl allgemeine Orthopädischen Fälle als auch Ihr Spezialgebiet in Fußchirurgie. Die Kandidatin würde gerne zu einem Arbeitgeber wechseln, wo Sie die Möglichkeit bekommt, konservativ als auch operativ tätig zu sein. Sie würde gerne den Schritt in einen Praxisbetrieb gehen, wo Sie einen geregelten Arbeitsalltag ohne Nacht und Wochenenddienste vorfindet. Dr.med.Jahr kommt aus der Bremer-Umgebung und würde auch gerne in Bremen arbeiten wollen, möglichst nah am Wohnort. Frau Dr. Jahr hat von mir bereits von Ihrem Interesse gehört und steht Ihnen sehr gerne für erste Kennenlerngespräche zur Verfügung.",maria.müller@yahoo.de,+49 1546934493,,2026-01-17 14:33:19.338127,0syiaxpiy02gw9ij0ddn21yzyt81nx,,2026-01-17 17:25:35,2026-01-17
1136,Koch,Isabella,Dr.,interested,,,,,,,,,,,,,,,,Facharzt,Orthopädie & UCH,"Fähigkeiten
• Orthopädie
• Unfallchirurgie
• Schulter, Knie, Handchirurgie
• ATLS
• BLS","24.10.2022 - evgeny:

Ist nicht interessiert. Hat seit ein paar Wochen neue Stelle.
___________________________________________________________
Position
Facharzt für Unfallchirurgie und Orthopädie

Wohnort
Homburg

Verfügbarkeit
Kündigungsfrist ist 3 Monate

Gehaltswunsch
Ab 125.000 € /Jahr

Wunschstandort
Köln oder Leverkusen, eventuell Bayreuth wenn es deutlich bessere Konditionen gibt

Motivation
Dr. Jamous sucht einen Job, wo er keine Dienste mehr machen muss und seine Freizeit an Wochenenden mit seinen 4 Kindern verbringen kann, dabei möchte er weiterhin operativ tätig sein.

Fähigkeiten
• Orthopädie
• Unfallchirurgie
• Schulter, Knie, Handchirurgie
• ATLS
• BLS

Zusammenfassung
Dr. Jamous ist bereits seit 15 Jahren ein Facharzt für Orthopädie und Unfallchirurgie.
Er ist vor ca. 5 Jahren nach Deutschland eingewandert und hat seit 2021 seinen Facharzt in Deutschland erworben. Dr. Jamous ist sehr flexibel und kann sich gut vorstellen nach NRW umzuziehen. Der Kandidat würde gerne zu einem Arbeitgeber wechseln, wo er die Möglichkeit hat, weiterhin operativ tätig zu sein und dabei keine Dienste mehr machen muss und seine Wochenenden mit seinen Kindern verbringen kann. Die Stelle in Köln und Leverkusen spricht Ihn sehr an und er würde gerne mehr darüber erfahren wollen.",isabella.koch@yahoo.de,+49 1214227702,,2026-01-17 14:33:19.338127,0yxhgde9lf0gtl6r7nyp0y1n9w5cwn,,2026-01-17 17:25:35,2026-01-17
1139,Müller,Anna,,contacted,,,,,,,,,,,,,,,,Facharzt,Orthopädie & UCH,,"17.10.2022 - evgeny:


Position
Oberarzt / ltd. Oberarzt Unfallchirurgie und Orthopädie, mit Tätigkeitsschwerpunkt Hand,- Fußchirurgie, Allgemeinchirurgie, sowie Notfallmedizin

Wohnort
Köln

Verfügbarkeit
Kündigungsfrist ist 3 Wochen zum Quartalsende

Gehaltswunsch
Ab 165.000 € /Jahr Fixgehalt

Wunschstandort
Köln und Umgebung

Motivation
Der Kandidat arbeitet zu Zeit in Bayern, kommt aber ursprünglich aus Köln. Er möchte wieder nach Köln ziehen und sucht deshalb eine neue Stelle in Köln oder Umgebung. Dr. Jussufow arbeitet aktuell in einer Klinik und kann sich sehr gut vorstellen in eine Praxisumgebung zu wechseln, um mehr Zeit für sich und seine Familie zu haben.

Fähigkeiten
• Facharzt für Unfallchirurgie und Orthopädie
• Spezielle Unfallchirurgie (D-Arzt)
• Facharzt für Allgemeinchirurgie
• Notfallmedizin
• Manuelle Medizin / Chirotherapie
• ATLS-Provider

ZUSAMMENFASSUNG
Dr. Jussufow arbeitet zu Zeit als Oberarzt bei Helios Klinik in Bayern und pendelt regelmäßig nach Köln, weil er in Köln seinen Lebensmittelpunkt hat. Zu seinen Schwerpunkten gehört die Hand und Fußchirurgie, Allgemeinchirurgie, sowie Notfallmedizin. Außerdem hat er die ZB in „Manuelle Medizin“ /Chirotherapie, als auch in „Spezielle Unfallchirurgie“ und dazugehörige D-Arzt Zulassung. Dr Jussufow möchte wieder nach Köln ziehen und sucht deshalb eine neue Stelle in Köln oder Umgebung. Der Kandidat arbeitet aktuell in einer Klinik und kann sich sehr gut vorstellen in eine Praxisumgebung zu wechseln, um mehr Zeit für sich und seine Familie zu haben. Die angesprochene Stelle hat dem Kandidaten sehr zugesagt, weil die Stelle sich sehr gut mit seinen Wünschen und Fähigkeiten deckt. Dr. Jussufow würde sich gerne Vorstellen und steht jeder Zeit für erste Gespräche bereit.",anna.müller@outlook.com,+49 1001468064,,2026-01-17 14:33:19.33912,2237nm70730d75ifs5w40mcbu4tmms,,2026-01-17 17:25:35,2026-01-17
1142,Becker,Elena,,contacted,,,,,,,,,,,,,,,,Facharzt,Orthopädie & UCH,,"Vorgestellt bei Helios MVZ Krefeld

26.09.2023 - EB:
KANDIDATENDOSSIER
 
 
Name/ Vorname Dr. med.  Gregor Kara
Position Oberarzt für Orthopädie und Unfallchirurgie mit Schwerpunkt Traumatologie
Wohnort Velbert
Verfügbarkeit 12 Wochen
 
Gehaltswunsch Ab 130.000 € per Annum
Wunschstandort Velbert
Motivation Dr. Kara steht derzeit einer ungewissen Zukunft gegenüber, da sein derzeitiger Arbeitgeber Insolvenz angemeldet hat. Zunächst war eine Übernahme mit sicheren Arbeitsplätzen in Aussicht gestellt worden, doch mittlerweile ist klar geworden, dass sein Standort geschlossen wird. Die Ärzte sollten im besten Fall auf andere Standorte des Unternehmens verteilt werden, doch auch das ist sehr unsicher und nicht wirklich vertrauenswürdig. Aus diesem Grund sucht Dr. Kara nach einer passenden Alternative, um künftig einen sicheren Arbeitsplatz zu haben.

Fähigkeiten • Facharzt für Allgemeinchirurgie
• Facharzt für Unfallchirurgie und Orthopädie (Hauptsächlich als Traumatologe tätig)
• Koordination des Lokalen Traumazentrums.
• Angestrebt ist noch die Facharztrichtung - Viszeralchirurgie
• Fachkunde Strahlenschutz
• ATLS Provider
Zusammenfassung
Dr. Kara ist derzeit in der St. Lukas Klinik in Solingen tätig und hat sich auf den Bereich der Traumatologie spezialisiert. Neben seiner Facharztausbildung für Orthopädie und Unfallchirurgie verfügt er auch über den Facharzt in Allgemeinchirurgie sowie mehrjährige Erfahrung im Bereich Viszeralchirurgie. Zudem besitzt er die Zertifikate ATLS-Provider und Fachkunde im Strahlenschutz.
Angesichts der aktuellen Insolvenz seines Arbeitgebers steht Dr. Kara vor einer unsicheren beruflichen Perspektive. Zunächst war eine Übernahme mit gesicherten Arbeitsplätzen in Aussicht gestellt worden, jedoch hat sich mittlerweile herausgestellt, dass sein Standort geschlossen wird. Auch die Möglichkeit einer Verteilung der Ärzte auf andere Standorte des Unternehmens ist äußerst unsicher und wenig vertrauenswürdig. Daher ist Dr. Kara auf der Suche nach einer passenden Alternative, um künftig einen sicheren Arbeitsplatz zu haben.
Der Kandidat ist aktiv auf der Suche nach neuen Karrieremöglichkeiten und steht einer Anstellung im niedergelassenen, ambulanten Bereich sehr offen gegenüber. Ihr Unternehmen weckt großes Interesse bei ihm und er würde gerne mehr über die Anforderungen und Chancen erfahren. Für erste Gespräche steht Dr. Kara gerne zur Verfügung.",elena.becker@outlook.com,+49 1694488721,,2026-01-17 14:33:19.33912,1xa5truhzy0vxpmaxcvp1v4af4dp0p,,2026-01-17 17:25:35,2026-01-17
1143,Richter,Alina,Dr.,contacted,,,,,,,,,,,,,,,,Facharzt,Orthopädie & UCH,,,alina.richter@yahoo.de,+49 1284099699,,2026-01-17 14:33:19.33912,0o63e7yxiu2en9wr50md1rkbynrgz4,,2026-01-17 17:25:35,2026-01-17
1153,Becker,Johanna,,contacted,,,,,,,,,,,,,,,,"Facharzt, sonstige",Orthopädie & UCH,#NAME?,"24.10.2022 - evgeny:
Fähigkeiten 
-ATLS
-Manuelle Medizin / Chirotherapie 
-Sportmedizin bei Akademie Dampsoft
-Physikalische Therapie und Balneologie
-Kniechirurg",johanna.becker@gmail.com,+49 1310573816,,2026-01-17 14:33:19.341209,27xrg6m5eg2ldf21p5lz194d9flof0,,2026-01-17 17:25:35,2026-01-17
1155,Koch,Mara,Dr.,interested,,,,,,,,,,,,,,,,Facharzt,Orthopädie & UCH,,"07.06.2023 - vmartynenko: Chefarzt oder LOA um freiburg herum.

Waldshut-Tiengen als Chefarzt passt. Will es sich ganz genau anschauen. Stelle per Email vorgestellt",mara.koch@outlook.com,+49 1616551520,,2026-01-17 14:33:19.341209,1p9l1g8p4f22nzli3a041riy8oldcm,,2026-01-17 17:25:35,2026-01-17
1156,Meyer,Lena,Dr.,contacted,,,,,,,,,,,,,,,,Facharzt,Orthopädie & UCH,,,lena.meyer@yahoo.de,+49 1911618912,,2026-01-17 14:33:19.341209,1hufqy4g5s245a60dffa1w0i282n3d,,2026-01-17 17:25:35,2026-01-17
1157,Klein,Klara,Dr.,interested,,,,,,,,,,,,,,,,Facharzt,Orthopädie & UCH,,,klara.klein@outlook.com,+49 1411761949,,2026-01-17 14:33:19.341209,2p0fvm5o6i0y872goaes0xjfxnjwv0,,2026-01-17 17:25:35,2026-01-17
1158,Bauer,Isabella,Dr.,interested,,,,,,,,,,,,,,,,Facharzt,Orthopädie & UCH,,"20.10.2022 - evgeny:
-flexibel aber nur Richtung Süden oder Westen
-seit 14 Monaten Chefarzt bei kleinerem KK
-hat keine ZB Spez. Unfallchirurgie und D-Arzt
-Wirbelseulenspezialist
-42Jahre alt
-6Monate KF
-Gehalt aktuell 240K
-Motivation: das aktuelle Krankenhaus hat zu wenige operative Möglichkeiten und die Ausstattung ist nicht gut genug. Er hätte gerne neuere Geräte und Räumlichkeiten.",isabella.bauer@web.de,+49 1262924169,,2026-01-17 14:33:19.341209,2627gcygav1pagc8xm9x006iwoe32v,,2026-01-17 17:25:35,2026-01-17
1159,Klein,Elena,Dr.,interested,,,,,,,,,,,,,,,,Assistenzarzt,Orthopädie & UCH,,,elena.klein@yahoo.de,+49 1165788741,,2026-01-17 14:33:19.341209,19b6bbx5i61z4sklidd517wca4a5fs,,2026-01-17 17:25:35,2026-01-17
1166,Zimmermann,Lea,Dr.,contacted,,,,,,,,,,,,,,,,Facharzt,Orthopädie & UCH,"Fähigkeiten 
• Arthroskopische Operationen des
Kniegelenkes (MeniskusTeilresektion, -Naht, VKB Ersatzplastik, Abrasionsarthroplastik, OATS ..etc)
• Arthroskopische Operationen der Schulter
• Arthroplastik und Revisionen: Schulter, Hüftgelenk, Kniegelenk
• Unfallchirurgie und Trauma mit Behandlungen von Sport- sowie Unfallverletzungen und deren Folgen
• Minimalinvasive Operationen an der Wirbelsäule","10.10.2022 - evgeny:
Wurde zum Oberarzt befördert, hat aktuell kein Interesse zu wechseln.
____________________________________________
Oberarzt Orthopädie und Unfallchirurgie

Wohnort Eitorf

Verfügbarkeit Kündigungsfrist ist 3 Monate

Gehaltswunsch Ab 150.000 € /Jahr

Wunschstandort Köln

Motivation Dr. Malkawi sucht zu Zeit nach einer
neuen Herausforderung. Die Arbeit in
einer Praxisumgebung mit geregelten
Arbeitszeiten und keinen Diensten, ist für
Dr. Malkawi der nächste logische
Karriereschritt. Moderne OP-Ausstattung
und Weiterbildungsmöglichkeiten z.B. in
Handchirurgie sieht Dr. Malkawi sehr
positiv.

Fähigkeiten 
• Arthroskopische Operationen des
Kniegelenkes (MeniskusTeilresektion, -Naht, VKB Ersatzplastik, Abrasionsarthroplastik, OATS ..etc)
• Arthroskopische Operationen der Schulter
• Arthroplastik und Revisionen: Schulter, Hüftgelenk, Kniegelenk
• Unfallchirurgie und Trauma mit Behandlungen von Sport- sowie Unfallverletzungen und deren Folgen
• Minimalinvasive Operationen an der Wirbelsäule

Zusammenfassung
Dr. Malkawi arbeitet zu Zeit als Hauptoperateur in Endoprothetik Zentrum in Siegtal. Zuvor war er bereits als Funktionsoberarzt und Oberarzt tätig mit Tätigkeitsschwerpunkt Traumatologie, Arthroskopie und Arthroplastik der Knie-, Hüft-, und Schultergelenke. Wichtig für Dr. Malkawi ist eine Weiterführung seiner operativen Tätigkeit und es spricht Ihm sehr zu, ein neu und mit modernem Equipment ausgestattetes OP-Zentrum benutzen
zu können. Dr. Malkawi verdiente laut seinen Abrechnungen etwa 150.000 € für das abgelaufene Jahr, darum wäre es Ihm recht beim ähnlichen Gehalt, aber ohne Dienste den Arbeitgeber zu wechseln. Dr. Malkawi hat sich sehr interessiert an der Stelle in Köln gezeigt und würde sich gerne vorstellen und mehr darüber erfahren wollen.",lea.zimmermann@web.de,+49 1941187297,,2026-01-17 14:33:19.342219,2i150e8hgw248sjkkvjz204kxlhq4a,,2026-01-17 17:25:35,2026-01-17
1167,Bauer,Julia,,interested,,,,,,,,,,,,,,,,Facharzt,Orthopädie & UCH,"Fähigkeiten
• Facharzt für Orthopädie und Unfallchirurgie
• Zusatzbezeichnung Notfallmedizin
• Zertifikat Sonographie Stütz- und Bewegungsapparat
• ATLS-Provider
• Fachkunde Strahlenschutz
• DEGUM-Mitglied","02.03.2023 - EB:

Position
Oberarzt / Facharzt für Unfallchirurgie und Orthopädie

Wohnort
Mühldorf am Inn

Verfügbarkeit
12 Wochen

Gehaltswunsch
140.000€

Wunschstandort
Germering oder Bayreuth

Fähigkeiten
• Facharzt für Orthopädie und Unfallchirurgie
• Zusatzbezeichnung Notfallmedizin
• Zertifikat Sonographie Stütz- und Bewegungsapparat
• ATLS-Provider
• Fachkunde Strahlenschutz
• DEGUM-Mitglied

Zusammenfassung
Dr. Markvart ist derzeit als Oberarzt für Orthopädie und Unfallchirurgie bei Innklinikum Altötting, mit dem Schwerpunkt obere Extremität & Sporttraumatologie tätig. Sein Kompetenzbereich liegt in Unfallchirurgie, Orthopädie, Konservative Orthopädie, Sonographie und Sportmedizin. Er bringt die Zusatzbezeichnung Notfallmedizin mit und hat ein Zertifikat für Sonographie Stütz- und Bewegungsapparat.
Dr. Markvart strebt einen baldigen Wechsel von der Klinik in eine Praxisumgebung an, weg von den Diensten und Schichten. Ihm ist bewusst, dass er in einer Praxis nicht im vollen Umfang (5 Tage die Woche) operieren wird, aber wenn er gelegentlich die Möglichkeit dazu bekommt, wäre es für Ihn akzeptabel, denn auf die operative Tätigkeit möchte er auf keinen Fall verzichten.
Der Kandidat wäre bei einem sehr guten Angebot auch Umzugs bereit und freut sich über passendes Angebot sowie erstes Kennenlerngespräch.",julia.bauer@gmail.com,+49 1575901836,,2026-01-17 14:33:19.343232,25ues6v7gj26jushcz6f1ifehv9ha4,,2026-01-17 17:25:35,2026-01-17
1176,Zimmermann,Isabella,,interested,,,,,,,,,,,,,,,,Facharzt,Orthopädie & UCH,,"30.11.2022 - EB:

Position Fachärztin für Unfallchirurgie und Orthopädie 

Wohnort Magdeburg

Verfügbarkeit Kündigungsfrist ist 12 Wochen 

Gehaltswunsch 120.000 € /Jahr

Wunschstandort Magdeburg und Umgebung (Haldensleben)

Motivation Dr. Meinl hat ein kleines Kind und würde gerne mehr Zeit mit Ihm verbringen. Durch den Umstieg aus der Klinikumgebung und eine Praxislandschaft, verspricht sie sich mehr Freizeit und vor allem geregelte Arbeitszeiten.

Zusammenfassung                                                  
Dr. Meinl arbeitet seit knapp 2 Jahren als Fachärztin bei Helios Zerbst Klinik. Dr. Meinl hat ein kleines Kind und würde gerne mehr Zeit mit Ihm verbringen. Durch den Umstieg aus der Klinikumgebung und eine Praxislandschaft, verspricht sie sich mehr Freizeit und vor allem geregelte Arbeitszeiten. Sie schaut sich um nach einem MVZ oder Praxis, wo Sie die Möglichkeit bekommt, konservativ, als auch zum Teil operativ tätig zu sein, damit Sie sich als Fachärztin profilieren kann. Kleinere operative Eingriffe wie Arthroskopie, minimalinvasive Eingriffe als auch Frakturen aller Art, könnte Sie alleine ohne jegliche Unterstützung durchführen. Die Kandidatin hat sich an der Stelle sehr interessiert gezeigt und würde sich gerne vor Ort vorstellen wollen und mehr über die Perspektiven und Möglichkeiten bei Atos erfahren.
Dr. Meinl steht ab sofort für erste Kennenlerngespräche zur Verfügung.",isabella.zimmermann@gmail.com,+49 1527659959,,2026-01-17 14:33:19.344235,024joyxlz82o0wvxp8bc2cie1915ln,,2026-01-17 17:25:35,2026-01-17
1178,Bauer,Lena,Dr.,contacted,,,,,,,,,,,,,,,,Facharzt,Orthopädie & UCH,,,lena.bauer@web.de,+49 1372835685,,2026-01-17 14:33:19.344235,0cx2smxet71pjms2wp8t1s6n056c85,,2026-01-17 17:25:35,2026-01-17
1179,Weber,Lea,Dr.,contacted,,,,,,,,,,,,,,,,Facharzt,Orthopädie & UCH,,,lea.weber@outlook.com,+49 1445987071,,2026-01-17 14:33:19.344235,2hg8mc9rnn2573s96wb60b6fhr8026,,2026-01-17 17:25:35,2026-01-17
1180,Weber,Anna,,contacted,,,,,,,,,,,,,,,,Facharzt,Orthopädie & UCH,,,anna.weber@outlook.com,+49 1029322315,,2026-01-17 14:33:19.344235,2gmkw2dzpv07b0ygdwqt0zc9me2o15,,2026-01-17 17:25:35,2026-01-17
1181,Becker,Julia,,interested,,,,,,,,,,,,,,,,Facharzt,Orthopädie & UCH,,"23.06.2023 - EB:
KANDIDATENDOSSIER


Name/ Vorname Prof. Dr. med. AD
Position Chefarzt für UCH und Orthopädie 
Wohnort XXX
Verfügbarkeit 12- 24 Wochen

Gehaltswunsch Nach Kennenlernen und Absprache
Wunschstandort Flexibel (Bleicherode)
Motivation Dr. AD empfindet große Zufriedenheit in seiner Rolle als Chefarzt im Endoprothetikzentrum und ist nicht unbedingt auf der Suche nach einer Veränderung. Ein möglicher Wechsel käme für ihn nur in Frage, wenn es ein äußerst attraktives Projekt gäbe und die Bedingungen noch besser wären als aktuell. Da er bereits die höchste Stufe seiner Karriereleiter erreicht hat, wäre eine Stelle als Ärztlicher Direktor die einzige Option, die für ihn noch in Frage käme.
Fähigkeiten • Chefarzt und Hauptoperateur Endoprothetikzentrum
• Lehrbeauftragter für Orthopädie und Unfallchirurgie
• Facharzt für Orthopädie (gem. alter und neuer WB-Ordnung)
• Spezielle Orthopädische Chirurgie 
• Spezielle Unfallchirurgie 
• Sportmedizin
• Chirotherapie
• Physikalische Therapie und 
Balneologie Zertifizierter 
• Fußchirurg (D.A.F.-Zertifikat) 
• Zertifizierter Kniechirurg (DKG-Zertifikat) 
• Akupunktur (A-Diplom)
Zusammenfassung                                                  

Dr. AD ist derzeit als Chefarzt im Endoprothetikzentrum tätig und genießt einen hervorragenden Ruf als Experte auf dem Gebiet der Endoprothetik. Neben seiner beeindruckenden Erfahrung als Chefarzt von über 10 Jahren verfügt er über eine Vielzahl von Zusatzqualifikationen, darunter in spezieller Unfallchirurgie, spezieller orthopädischer Chirurgie, Sportmedizin sowie Chirotherapie und Akupunktur. Darüber hinaus verfügt er über Zertifikate in Fußchirurgie (D.A.F.), Kniechirurgie (DKG) sowie Physikalischer Therapie und Balneologie.
Obwohl Dr. AD große Zufriedenheit in seiner derzeitigen Rolle als Chefarzt im Endoprothetikzentrum empfindet und nicht unbedingt nach einer Veränderung sucht, würde er einen möglichen Wechsel in Erwägung ziehen, wenn es ein äußerst attraktives Projekt gäbe und die Bedingungen noch besser wären als aktuell. Da er bereits die höchste Stufe seiner Karriereleiter erreicht hat, wäre eine Stelle als Ärztlicher Direktor die einzige Option, die für ihn noch in Frage käme.
Dr. AD hat großes Interesse an dem Standort und der Klinik gezeigt und würde gerne die Möglichkeit nutzen, sich mit einem der Verantwortlichen auszutauschen, falls sich eine entsprechende Gelegenheit ergibt.
_____________________________

in Bleicherode Vorgestellt, hat aber abgesagt, wegen Umzugsbereitschaft",julia.becker@yahoo.de,+49 1635882688,,2026-01-17 14:33:19.344235,295q0fbrvv1g3aierl6i2oqigfpo9m,,2026-01-17 17:25:35,2026-01-17
1186,Hoffmann,Mara,Dr.,contacted,,,,,,,,,,,,,,,,Facharzt,Orthopädie & UCH,"Fähigkeiten
• Orthopädie
• Unfallchirurgie
• Notarztkurs ITLS
• Kindertraumatologie
• Strahlenschutzkurse( Grund-und Spezialkurs mit Fachkunde im Strahlenschutz )
• Notfalldiagonstik bei Erwachsenen und Kindern-Röntgendiagnostik
• Fachkunde im Strahlenschutz Röntgendiagnostik des Sekelettes","12.10.2022 - evgeny:

Position
Oberarzt für Unfallchirurgie und Orthopädie

Wohnort
Holzminden

Verfügbarkeit
Kündigungsfrist ist 3 Monate

Gehaltswunsch
Ab 110.000 € /Jahr

Wunschstandort
Northeim

Motivation
Der Kandidat möchte gerne die Klinik-Strukturen verlassen, wo er ständig Dienste und Schichtarbeit ausüben muss.
Dr. Mohammad würde gerne zu einem Arbeitgeber wechseln, bei dem er einen geregelten Arbeitsalltag hat und dadurch besser seine Freizeit mit seinen Kindern planen kann.

Fähigkeiten
• Orthopädie
• Unfallchirurgie
• Notarztkurs ITLS
• Kindertraumatologie
• Strahlenschutzkurse( Grund-und Spezialkurs mit Fachkunde im Strahlenschutz )
• Notfalldiagonstik bei Erwachsenen und Kindern-Röntgendiagnostik
• Fachkunde im Strahlenschutz Röntgendiagnostik des Sekelettes

Zusammenfassung
Der Kandidat arbeitet zu Zeit in einer Klinik als Oberarzt für Orthopädie und Unfallchirurgie. Im Ausland ist er bereits seit 2013 als Facharzt tätig gewesen und in Deutschland hat er seit 2019 die Facharzt Anerkennung erlangt. Der Kandidat möchte gerne die Klinik-Strukturen verlassen, wo er ständig Dienste und Schichtarbeit ausüben muss. Dr. Mohammad würde gerne zu einem Arbeitgeber wechseln, bei dem er einen geregelten Arbeitsalltag hat. Dr. Mohammad möchte in unmittelbare Umgebung arbeiten und nicht stundenlang pendeln müssen. Der Standort Northeim ist rund 30min von seinem Wohnsitz entfern und darum ist es auch sehr interessant für den Kandidaten. Für weitere Gespräche steht der Kandidat gerne zur Verfügung",mara.hoffmann@yahoo.de,+49 1961520096,,2026-01-17 14:33:19.345772,19d50611vu1jimbih2w22gunvd3x22,,2026-01-17 17:25:35,2026-01-17
1191,Fischer,Lena,,contacted,,,,,,,,,,,,,,,,Facharzt,Orthopädie & UCH,"Fähigkeiten
• Facharzt für Chirurgie/Unfallchirurgie
• Facharzt für Orthopädie und Unfallchirurgie
• Spezielle Unfallchirurgie
• D-Arzt","28.02.2023 - EB:

Position
Leitender Arzt für Unfallchirurgie und Orthopädie
Wohnort
Mettmann
Verfügbarkeit
Ab sofort
Gehaltswunsch
Nach Kennenlernen und Absprache
Wunschstandort
Solingen, Ratingen
Motivation
Dr. Nassar arbeitet zu Zeit als Honorararzt und würde gerne wieder eine feste Stelle bei einem MVZ annehmen. Er ist ausschließlich an einer leitenden Position interessiert. Der Standort Solingen ist für Ihn von großem Interesse, weil er in unmittelbare Nähe in Mettmann wohnt.
Fähigkeiten
• Facharzt für Chirurgie/Unfallchirurgie
• Facharzt für Orthopädie und Unfallchirurgie
• Spezielle Unfallchirurgie
• D-Arzt
Zusammenfassung
Dr. Nassar arbeitet zu Zeit als Honorararzt für verschiedene Kliniken, er verfügt über eine sehr lange klinische Erfahrung im Bereich der Orthopädie und Unfallchirurgie. Dazu gehört eine 17-jährige chefärztliche Position mit einer ausgedehnten
Sprechstunde, was der Tätigkeit in einem MVZ zugutekommt. Außerdem verfügt der Kandidat über die Zusatzbezeichnung in spezielle Unfallchirurgie mit D-Ärztlichen Zulassung. Dr. Nassar arbeitet zu Zeit als Honorararzt und würde gerne wieder eine feste Stelle bei einem MVZ annehmen. Er ist ausschließlich an einer leitenden Position interessiert. Der Standort Solingen ist für Ihn von großem Interesse, weil er in unmittelbare Nähe in Mettmann wohnt. Dr. Nassar hat sich an Ihrer Klinik sehr interessiert gezeigt und würde sich auch sehr gerne bei Ihnen vorstellen. Alle Urkunden und CV hat er bereits zukommen lassen.
Für erste Gespräche steht Dr. Nassar Ihnen ab sofort zur Verfügung",lena.fischer@gmail.com,+49 1565976253,,2026-01-17 14:33:19.346796,1xa5mkh3hl1ep7cjm6rr2btdkm1pw2,,2026-01-17 17:25:35,2026-01-17
1196,Bauer,Laura,Dr.,contacted,,,,,,,,,,,,,,,,Facharzt,Orthopädie & UCH,,,laura.bauer@gmail.com,+49 1410277909,,2026-01-17 14:33:19.346796,1p43d176e90ve624170v2iqrskmi2w,,2026-01-17 17:25:35,2026-01-17
1197,Schulz,Clara,Dr.,contacted,,,,,,,,,,,,,,,,Facharzt,Orthopädie & UCH,,,clara.schulz@web.de,+49 1588999259,,2026-01-17 14:33:19.346796,1qcy9fvutl2loh83jgdn2av2m9ezn1,,2026-01-17 17:25:35,2026-01-17
1198,Schulz,Alina,Prof. Dr.,contacted,,,,,,,,,,,,,,,,Facharzt,Orthopädie & UCH,,"10.07.2023 - EB:
Chefarzt Klinik für Orthopädie und Unfallchirurgie KRH Klinikum Neustadt am Rübenberge",alina.schulz@gmail.com,+49 1897471548,,2026-01-17 14:33:19.347796,1nbbuf1f4i28482vc3tj0jfjrpaxgw,,2026-01-17 17:25:35,2026-01-17
1199,Richter,Laura,,contacted,,,,,,,,,,,,,,,,Facharzt,Orthopädie & UCH,,,laura.richter@yahoo.de,+49 1989671748,,2026-01-17 14:33:19.347796,296askuua21yehbk5qjj1orupvoku2,,2026-01-17 17:25:35,2026-01-17
1134,Müller,Johanna,,interested,,,,,,,,,,,,,,,,Facharzt,Orthopädie & UCH,,"24.05.2023 - vmartynenko:
hat immer noch Interesse an einer Stelle im Kölner Raum. Nicht umzugsbereit!

Wermelskirchen würde passen",johanna.müller@yahoo.de,+49 1476834807,,2026-01-17 14:33:19.338127,02qgby376i1e15jo6v9q1r7k1ye70e,,2026-01-17 17:25:35,2026-01-17
1200,Müller,Lena,Dr.,contacted,,,,,,,,,,,,,,,,Facharzt,Orthopädie & UCH,,,lena.müller@gmail.com,+49 1960811059,,2026-01-17 14:33:19.347796,0hpncypw6t05herfpi281isxvestzz,,2026-01-17 17:25:35,2026-01-17
1201,Wolf,Mara,Dr.,contacted,,,,,,,,,,,,,,,,Facharzt,Orthopädie & UCH,,"21.10.2022 - evgeny:

Für die Stellen in Stuttgart und München vorgestellt bei MED360. War kurz vor der Anstellung, hat aber plötzlich Kontakt abgebrochen.
________________________________________________________________


Position
Oberarzt Unfallchirurgie und Orthopädie, Wirbelsäulenchirurgie

Wohnort
Stuttgart

Verfügbarkeit
Kündigungsfrist ist 4 Monate

Gehaltswunsch
Ab 140.000 € /Jahr

Wunschstandort
Stuttgart oder Germering

Motivation
Dr. Petrov ist aktuell seit 6 Jahren bei Helios in Pforzheim angestellt. Er möchte nun eine neue Herausforderung annehmen und eventuell Zusatzbezeichnungen erwerben. Er würde gerne unteranderem eine Weiterbildung für Fuß und Sprunggelenkchirurgie angehen, wenn es dafür eine Möglichkeit gibt. Die aktuelle Arbeitsstelle ist knapp 100 km von seinem Wohnort entfernt, er würde gerne näher zum Haus arbeiten wollen. Außerdem schätzt Dr. Petrov die Möglichkeit einen geregelten Arbeitstag ohne Dienste und Schichten zu haben.

Fähigkeiten
• Orthopädie
• Spezielle Unfallchirurgie
• ATLS Zusammenfassung

ZUSAMMENFASSUNG
Dr. Petrov arbeitet zu Zeit als Oberarzt für Unfallchirurgie, Orthopädie und Wirbelsäulenchirurgie in der Helios Klinik Pforzheim. Der Weg zu arbeit ist knapp 100 km entfern, deshalb sucht Dr. Petrov eine Arbeitsstelle in seiner direkten umgebung in Stuttgart. Er und seine Frau würden aber auch gerne nach München umziehen, wenn sich dort eine geeignete Möglichkeit bietet, da beide diese Stadt sehr mögen. Er würde gerne zu einem Arbeitgeber wechseln der Ihm auch gewisse Weitebildungen anbieten können. Auf operative Behandlungen würde er sehr ungerne verzichten, aber es ist kein K.O Kriterium für ihn. Dr. Petrov hat sich sehr interessiert an der vorgeschlagenen Stelle gezeigt und würde sich sehr gerne Vorstellen und mehr über die gegebenen Möglichkeiten bei MED360 erfahren wollen",mara.wolf@outlook.com,+49 1497368807,,2026-01-17 14:33:19.347796,02x8xdpvih1ec4v32p3h0t9asxrmzi,,2026-01-17 17:25:35,2026-01-17
1208,Weber,Maria,,contacted,,,,,,,,,,,,,,,,Facharzt,Orthopädie & UCH,,"23.06.2023 - EB:
In Germering vorgestellt, möchte Beteiligung haben oder Gehalt ab 200K. Ihm wurde bei MED 360 abgesagt
_______________
KANDIDATENDOSSIER
Name/ Vorname Priv. Doz. Dr. med. Dr. med. univ. Markus Wurm
Position Facharzt für Unfallchirurgie und Orthopädie
Wohnort München
Verfügbarkeit 12 Wochen
Gehaltswunsch Ab 150.000 € 
Wunschstandort Großraum München (Germering)
Fähigkeiten • Facharzt für Orthopädie und Unfallchirurgie
• Zusatzbezeichnung „Spezielle Unfallchirurgie“
• Habilitation inkl. Verleihung der Venia legendi durch die Technische Universität München
• Zusatzausbildung zum GOTS- Sportarzt
Zusammenfassung

Dr. Wurm, ein erfahrener Funktionsoberarzt, ist derzeit im angesehenen Klinikum rechts der Isar, Klinik und Poliklinik für Unfallchirurgie, tätig. Neben seiner fundierten Ausbildung verfügt Dr. Wurm über eine Zusatzausbildung als GOTS-Sportarzt sowie eine Habilitation und eine Zusatzbezeichnung in spezieller Unfallchirurgie. Aufgrund persönlicher Gründe plant Dr. Wurm, keine Dienste mehr zu übernehmen, und ist aktiv auf der Suche nach einer geeigneten Möglichkeit in einer Praxisumgebung mit geregelten Arbeitszeiten in oder rund um München. Dr. Wurm hat großes Interesse an der ausgeschriebenen Stelle bekundet und steht Ihnen gerne für erste Gespräche zur Verfügung.",maria.weber@outlook.com,+49 1100876542,,2026-01-17 14:33:19.348789,2h77szp5lw0gg369oml02lv20y88m4,,2026-01-17 17:25:35,2026-01-17
1210,Schulz,Mila,,contacted,,,,,,,,,,,,,,,,Facharzt,Orthopädie & UCH,"Fähigkeiten 
• Facharzt für Orthopädie und Unfallchirurgie mit Schwerpunkt: Endoprothetik
• D-Arzt Voraussetzungen
• Zusatzbezeichnung Spezielle Orthopädische Chirurgie
• Zusatzbezeichnung Spezielle Unfallchirurgie
• AGA-Zertifikat für arthroskopische Chirurgie
• DAF-Zertifikat für Fußchirurgie
• VKO-Zertifikat für Kinderorthopädie","27.02.2023 - EB:

Aktuelle Position: Oberarzt für Unfallchirurgie und Orthopädie 

Wunschposition: ltd. OA oder Chefarzt, aber auch MVZ offen gegenüber bei viel op-Tätigkeit und lukrativen Konditionen

Wohnort Lippstadt

Verfügbarkeit 12 Wochen

Gehaltswunsch Nach Kennenlernen und Absprache (ca. 180K)

Wunschstandort flexibel

Fähigkeiten 
• Facharzt für Orthopädie und Unfallchirurgie mit Schwerpunkt: Endoprothetik
• D-Arzt Voraussetzungen
• Zusatzbezeichnung Spezielle Orthopädische Chirurgie
• Zusatzbezeichnung Spezielle Unfallchirurgie
• AGA-Zertifikat für arthroskopische Chirurgie
• DAF-Zertifikat für Fußchirurgie
• VKO-Zertifikat für Kinderorthopädie

Zusammenfassung                                                  

Dr. Rayyan ist derzeit als hochqualifizierter Oberarzt für Orthopädie und Unfallchirurgie bei den renommierten GFO Kliniken Niederrhein im St. Vinzenz Hospital in Dienstlaken tätig. Seine herausragenden Fachkenntnisse in der Endoprothetik, gelenkerhaltenden Chirurgie des Hüftgelenks, Osteotomien sowie in der Sportorthopädie und Traumatologie machen ihn zu einem Experten auf seinem Gebiet. Mit außergewöhnlichen Zusatzbezeichnungen in spezieller Unfallchirurgie sowie spezieller Orthopädie und zahlreichen Zertifikaten, wie dem AGA-Zertifikat für arthroskopische Chirurgie, dem DAF-Zertifikat für Fußchirurgie und dem VKO-Zertifikat für Kinderorthopädie, hat er sich als äußerst kompetenter Arzt und Chirurg etabliert.

Dr. Rayyan strebt nun den nächsten Karriereschritt an und sucht entweder eine Position als leitender Oberarzt in der Klinik oder einen Umstieg in den Praxisbetrieb, bevorzugt mit Fokus auf Endoprothetik und möglichst viel operativer Tätigkeit. Bei einem guten Angebot und passenden Arbeitsumgebung ist er deutschlandweit flexibel und umzugsbereit.
Die Stelle in Bayreuth hat dem Kandidaten sehr zugesagt, wenn die Möglichkeit für Endoprothetik gegeben ist, würde er sich sehr gerne für die Stelle bewerben und erste Gespräche mit Herrn Dr. Gruber führen.",mila.schulz@web.de,+49 1956443812,,2026-01-17 14:33:19.348789,07qgxk56eq1b1h33kcwn1synl5lyqr,,2026-01-17 17:25:35,2026-01-17
1212,Krüger,Johanna,,contacted,,,,,,,,,,,,,,,,Facharzt,Orthopädie & UCH,,"23.06.2023 - EB:

hat für med360 Stuttgart abgesagt und bereits eine andere Stelle angenommen
_____________________________________

KANDIDATENDOSSIER
Name/ Vorname
Dr. med. Julia Katharina Reinhardt
Position
Oberärztin, Abteilung für Unfallchirurgie und
Sportorthopädie
Wohnort
Tübingen
Verfügbarkeit
12 Wochen
Gehaltswunsch
A
b 140.000 € per Annum
Wunschstandort
Großraum Stuttgart
Motivation
De
rzeit findet eine umfangreiche Umstrukturierung
in der Klinik statt, bei der Dr. Reinhardt das
vorgelegte Angebot und die Bedingungen als unfair
empfindet. Daher ist sie auf der Suche nach neuen
Karrieremöglichkeiten.
Fähigkeiten
• Facharzt für Orthopädie und Unfallchirurgie
• Zusatzbezeichnung Notfallmedizin
• Schwerpunkt Sportorthopädie
• Zertifizierter Arthroskopeur (AGA)
• Fachkunde Strahlenschutz
Zusammenfassung
Dr. Reinhardt arbeitet aktuell als Oberärztin in der Abteilung für Unfallchirurgie und
Sportorthopädie im Diakonie Klinikum Stuttgart. Ihr Fokus liegt a uf den Bereichen
Notfallmedizin und Sportorthopädie.
Derzeit findet eine umfangreiche Umstrukturierung in der Klinik statt, bei der Dr.
Reinhardt das vorgelegte Angebot und die Bedingungen als unfair empfindet. Daher ist
sie auf der Suche nach neuen Karri eremöglichkeiten.
Dr. Reinhardt ist sowohl für konservative als auch operative Tätigkeiten offen und würde
bevorzugt zumindest gelegentlich ambulant arbeiten. Sie interessiert sich sowohl für eine
Facharztposition als auch für eine leitende Facharztpositi on. Nach einem ausführlichen
Austausch würde sie sich im persönlichen Gespräch für eine der beiden Positionen
entscheiden.
Dr. Reinhardt zeigt großes Interesse an der ausgeschriebenen Stelle bei Med360 und
steht gerne für erste Gespräche zur Verfügung.",johanna.krüger@outlook.com,+49 1278913146,,2026-01-17 14:33:19.348789,1ge364zp801fqji0vaff11syo83sto,,2026-01-17 17:25:35,2026-01-17
1217,Müller,Lena,Dr.,contacted,,,,,,,,,,,,,,,,Facharzt,Orthopädie & UCH,"• D-Arzt,
• VAV Zulassung
• ZB Spezielle Unfallchirurgie
• ZB Notfallmedizin
• ZB manuelle Therapie
• ZB Sportmedizin
• Fachkunde Rettungsdienst,
• Strahlenschutz
• ATLS Provider
• AGA Zertifikat: „Arthroskopeur“","23.07.2024 - EB:
Ist für Angebote nicht mehr offen, hat eine stabile Situation aktuell und hat bereits ein sehr gutes standing in seiner Klinik. 

20.10.2022 - evgeny:
Position
Chefarzt für Unfallchirurgie und Orthopädie

Wohnort
Dortmund

Verfügbarkeit
Kündigungsfrist ist 3-6 Monate

Gehaltswunsch
Nach dem Kennenlernen und Absprache , aktuell 250.000€

Wunschstandort
Flexibel

Motivation
Der Kandidat ist nicht gänzlich zufrieden mit der aktuellen Situation bei seinem Arbeitgeber. Eine schwierige Situation mit OP-Sall Belegung und nicht eingehaltene Versprechungen veranlassen Dr. Rosenke dazu sich aktiv nach besseren Arbeitsbedingungen umzuschauen.

Fähigkeiten
• D-Arzt,
• VAV Zulassung
• ZB Spezielle Unfallchirurgie
• ZB Notfallmedizin
• ZB manuelle Therapie
• ZB Sportmedizin
• Fachkunde Rettungsdienst,
• Strahlenschutz
• ATLS Provider
• AGA Zertifikat: „Arthroskopeur“

Zusammenfassung
Dr. Rosenke ist seit Anfang des Jahres als Chefarzt für die Klinik für Unfallchirurgie und Orthopädie bei Agaplesion Evangelisches Krankenhaus Holzminden tätig. Zuvor war er schon als geschäftsführender Oberarzt und leitender Arzt aktiv und konnte sehr viel Erfahrung in leitenden Positionen sammeln. Neben seinen zahlreichen Zusatzbezeichnungen wie z.B. spezielle Unfallchirurgie und Notfallmedizin, hat er noch die D-Arzt, sowie VAV-Zulassungen. Dr. Rosenke ist sehr flexibel, seine Familie wohnt in Dortmund und Sie finden sich immer an den Wochenenden zusammen. Daher macht der Standort für Ihn keinen großen Unterschied, aber am liebste würde er natürlich in einer schönen Gegend wohnen.
Der Kandidat möchte zu einem Arbeitgeber wechseln wo er sich maximal entfalten kann und anständige Arbeitsbedingungen vorfindet. Der Kandidat kann sich gut vorstellen für Helios in Stralsund tätig zu werden. Er möchte gerne mehr über die Modalitäten, Aufgaben und Möglichkeiten im Unternehmen erfahren und steht Ihnen ab sofort für erste Kennenlerngespräche zur Verfügung.",lena.müller@yahoo.de,+49 1339083065,,2026-01-17 14:33:19.350317,2ijzeig5cs1u9k7qlfyy06jmj1gdt1,,2026-01-17 17:25:35,2026-01-17
1218,Fischer,Sophie,,contacted,,,,,,,,,,,,,,,,Facharzt,Orthopädie & UCH,,"23.06.2023 - EB:

nächste Woche Mittwoch und Donnerstag Termin in Solingen und Wermelskirchen
_______________________________
KANDIDATENDOSSIER
 
 
Name/ Vorname Dr. med.  Malte Rüdiger
Position Oberarzt für Orthopädie und Unfallchirurgie
Wohnort Köln
Verfügbarkeit 12 Wochen
 
Gehaltswunsch 160.000 € per Annum
Wunschstandort Köln und Umgebung (Wermelskirchen, Solingen)
Fähigkeiten • Facharzt für Orthopädie und Unfallchirurgie
• Zusatzweiterbildung spezielle Unfallchirurgie 
• Zusatzweiterbildung Notfallmedizin 
• Zusatzweiterbildung Handchirurgie
• Fachkunde Strahlenschutz (Notfall- und Skelettdiagnostik) 
Zusammenfassung                                 
Dr. Rüdiger ist derzeit als hochrangiger Oberarzt in der unfallchirurgischen Abteilung des renommierten Krankenhauses Köln-Porz tätig, wo er sich auf Orthopädie und Unfallchirurgie spezialisiert hat. Sein Fachwissen wird durch Zusatzbezeichnungen in spezieller Unfallchirurgie, Handchirurgie und Notfallmedizin unterstrichen. In letzter Zeit denkt er ernsthaft darüber nach, den klinischen Betrieb gegen eine Tätigkeit in einer Praxis einzutauschen.
Für einen Wechsel zu einer Praxis in der unmittelbaren Umgebung von Köln wäre Dr. Rüdiger bereit, wenn gewisse Bedingungen erfüllt sind. Er legt Wert darauf, mindestens 1-2 Tage pro Woche operative Tätigkeiten ausüben zu können, und eine Vergütung in Höhe von etwa 160.000€ wäre für ihn angemessen.
Dr. Rüdiger ist mit dem Unternehmen bereits vertraut, da er vor einigen Jahren an einem Kennenlerngespräch in Leverkusen teilgenommen hat. Das damalige Angebot von knapp 120.000€ lag deutlich unter den Erwartungen des Kandidaten, insbesondere angesichts seiner zusätzlichen Zertifikate wie D-Arzt oder Notfallmedizin. Derzeit steht er einem Wechsel jedoch sehr aufgeschlossen gegenüber und wäre bei einem entsprechenden Angebot äußerst interessiert.
Dr. Rüdiger ist bereit, erste Gespräche zu führen, und freut sich darauf, weitere Einblicke in die Position zu erhalten.",sophie.fischer@web.de,+49 1323633268,,2026-01-17 14:33:19.350317,1x4zk3d3ex2da6sxe5cz00koht1uym,,2026-01-17 17:25:35,2026-01-17
1222,Müller,Paula,,contacted,,,,,,,,,,,,,,,,Facharzt,Orthopädie & UCH,"Fähigkeiten 
• Facharzt für Physikalische Medizin und Rehabilitation und Sport Medizin
• Zertifikat Liebscher und Bracht Schmerztherapie 
• Zertifikat Stoßwellentherapie 
• Zetifikat K-Taping Therapie
• Faltenunterspritzung I, Aging in Balance
• Zusatzbezeichnung Sportmedizin","14.11.2022 - EB:

Vorgestellt bei med360 in Germering, warte auf Feedback.
_______________________________________
Position 
Facharzt für Physikalische Medizin und Rehabilitation und            Sport Medizin

Wohnort 
München

Verfügbarkeit 
Ab sofort verfügbar

Volumen: Teil oder Vollzeit, gerne auch 80-100%

Gehaltswunsch 
Ca. 110.000 € /Jahr 

Wunschstandort 
Großraum München (gerne auch Germering)

Motivation 
Dr. Sbabti musste Ihre Stelle in der Harlaching Klinik vor knapp einem halben Jahr aus familiären Gründen kündigen. Sie hat für Ihr Kleinkind vorerst kein Kitaplatz bekommen und musste selbst bei dem Kind bleiben.
Aktuell hat Sie jedoch ein Kitaplatz gefunden und würde gerne Ihre Tätigkeit als Ärztin wieder aufnehmen.

Fähigkeiten 
• Facharzt für Physikalische Medizin und Rehabilitation und Sport Medizin
• Zertifikat Liebscher und Bracht Schmerztherapie 
• Zertifikat Stoßwellentherapie 
• Zetifikat K-Taping Therapie
• Faltenunterspritzung I, Aging in Balance
• Zusatzbezeichnung Sportmedizin

ZUSAMMENFASSUNG
Dr. Sbabti arbeitete zuletzt in der Schön Klinik München Harlaching als Fachärztin  für Physikalische Medizin und Rehabilitation. Sie musste jedoch Ihre Stelle in der Harlaching Klinik vor knapp einem halben Jahr aus familiären Gründen kündigen. Sie hat für Ihr Kleinkind vorerst kein Kitaplatz bekommen und musste selbst bei dem Kind bleiben. Aktuell hat Sie jedoch ein Kitaplatz gefunden und würde gerne Ihre Tätigkeit als Ärztin wieder aufnehmen. Die Kandidatin kommt aus München, darum passt der Standort in Germering sehr gut von der Distanz her. Dr. Sbabti sucht eine Stelle mit geregelten Arbeitszeiten ohne Schichten und Wochenenddienste, deswegen ist Ihr Angebot sehr interessant für die Kandidatin. Dr. Sbabti hat sich zu der Stelle sehr interessiert gezeigt! Sie steht Ihnen ab sofort zur Verfügung und ist für erste Kennenlerngespräche noch in dieser Woche erreichbar.",paula.müller@outlook.com,+49 1524804854,,2026-01-17 14:33:19.350825,2qhvssywr40d0j7798hn22qso4efug,,2026-01-17 17:25:35,2026-01-17
1223,Schulz,Elena,,interested,,,,,,,,,,,,,,,,Facharzt,Orthopädie & UCH,,"12.12.2022 - EB:

Position 
Facharzt für Unfallchirurgie und Orthopädie

Wohnort 
Oberhausen

Verfügbarkeit 
Kündigungsfrist ist 12 Wochen

Gehaltswunsch 
Ab 120.000 € /Jahr

Wunschstandort 
Ruhrgebiet -Bochum

Motivation 
Dr. Schäfer ist aktuell in einer Reha-Klinik
tätig, er ist nicht ganz unzufrieden,
dennoch ist das Gehalt einer tariflichen
Vergütung ähnlich. Dr. Schäfer ist offen
für neue Möglichkeiten mit AT-Vergütung.

Fähigkeiten 
• Facharzt für Unfallchirurgie undOrthopädie
• konservative Ausrichtung
• Manuelle Medizin
• Chirotherapie
• Sportmedizin
• Akupunktur
• DIGEST

Zusammenfassung
Dr. Schäfer arbeitet aktuell als Facharzt Orthopädie und Unfallchirurgie für Salvea Reha-klinik in Krefeld. Zuvor war er bereits in einer konservativen Tätigkeit für Helios MVZ aktiv und bringt entsprechend viel Erfahrung im ambulanten Bereich. Er ist nicht unzufrieden mit dem aktuellen Job, dennoch ist sein Gehalt einer tariflichen Vergütung ähnlich. Dr. Schäfer ist offen für neue Möglichkeiten mit AT-Vergütung und rein konservativen Tätigkeit. Zu der Stelle hat sich Dr. Schäfer sehr interessiert gezeigt und würde sich sehr gerne bei Ihnen vorstellen und nähere Informationen zu den Perspektiven bei Ihnen erfahren. Dr. Schäfer steht Ihnen ab nächster Woche für erste Gespräche zur Verfügung.",elena.schulz@web.de,+49 1856690149,,2026-01-17 14:33:19.350825,1whpcsz5cg161e96wcbi0q02jtkenh,,2026-01-17 17:25:35,2026-01-17
1225,Hartmann,Nina,Dr.,contacted,,,,,,,,,,,,,,,,Facharzt,Orthopädie & UCH,,"12.10.2022 - evgeny:

Position 
Oberarzt für Unfallchirurgie und Orthopädie 

Wohnort 
Salzgitter

Verfügbarkeit 
Kündigungsfrist ist 3 Monate 

Gehaltswunsch 
Ab 110.000 € /Jahr + Variablen Anteil

Wunschstandort 
Seesen, Northeim

Motivation 
Der Kandidat sucht eine Möglichkeit von einer Klinik in die Praxisumgebung zu wechseln, weg von den Diensten und Wochenendschichten. Durch den geregelten Tagesablauf kann er besser die Zeit mit seiner Familie einplanen. 

Fähigkeiten 
• Orthopädie
• Unfallchirurgie
• Fachkunde im Strahlenschutz nach der Röntgenverordnung (RöV) für die Notfalldiagnostik .

Zusammenfassung                                                  

Der Kandidat arbeitet zu Zeit in einer Klinik als Oberarzt für Orthopädie und Unfallchirurgie. Er ist sehr breit aufgestellt und kann die meisten ambulanten Eingriffe problemlos erledigen. Der Kandidat sucht eine Möglichkeit von einer Klinik in die Praxisumgebung zu wechseln, weg von den Diensten und Wochenendschichten. Durch den geregelten Tagesablauf kann er besser die Zeit mit seiner Familie einplanen. Er sucht eine neue Herausforderung in mittelbarer Umgebung zu seinem Standort Salzgitter und Seesen, als auch Northeim liegen in seiner Reichweite. Der Kandidat möchte gerne die konservative als auch operative Tätigkeit vereinen und sucht nach einem Arbeitgeber, der Ihm diese Möglichkeit gibt. Der Kandidat war an der ausgeschriebenen Stelle sehr interessiert und steht Ihnen für erste Gespräche gerne zur Verfügung.",nina.hartmann@web.de,+49 1703519742,,2026-01-17 14:33:19.350825,2810nwn2gm2m4grgxdca2olwj281xe,,2026-01-17 17:25:35,2026-01-17
1229,Fischer,Johanna,Dr.,contacted,,,,,,,,,,,,,,,,Assistenzarzt,Orthopädie & UCH,,"08.12.2022 - EB:

Möchte dieses Jahr noch im Krankenhaus bleiben
______________________________________________________

KANDIDATENDOSSIER

Name/ Vorname Dr. med.  Tanja Scheufens

Position 
Facharzt-/Oberarzt /für Unfallchirurgie und Orthopädie 

Wohnort 
Leverkusen

Verfügbarkeit 
Kündigungsfrist ist 6 Monate , Aufhebungsvertrag ist jedoch möglich

Gehaltswunsch 
150.000 € per annum

Wunschstandort 
Leverkusen

Fähigkeiten 
• Facharzt für Orthopädie und Unfallchirurgie
• Zusatzbezeichnung Spezielle Unfallchirurgie
• Handchirurgie
• Klinische Akut- und Notfallmedizin
• ATLS Provider
• Notarzt",johanna.fischer@yahoo.de,+49 1009105077,,2026-01-17 14:33:19.351848,0t96siv8dp1gnex43hzz1j1emm78sj,,2026-01-17 17:25:35,2026-01-17
355,Fischer,Anna,,interested,,,,,,,,,,,,,,,,Facharzt,Radiologie,,,anna.fischer@outlook.com,+49 1160355112,,2026-01-17 14:33:19.405653,0eksqu2n8x2od5ks5np50jb4x1fwem,,2026-01-17 17:25:35,2026-01-17
1232,Schneider,Lea,Dr.,interested,,,,,,,,,,,,,,,,Facharzt,Orthopädie & UCH,"Fähigkeiten
• Zertifikat DKG Kniechirurg
• AGA-Arthroskopie
• Zertifikat für die Medizindidaktische Qualifizierung (MQ I)
• Strahlenschütz
• Notfall Diagnostik","01.03.2023 - EB:

Position
Oberarzt für Unfallchirurgie und Orthopädie

Wohnort
Ludwigsburg

Verfügbarkeit
Kündigungsfrist ist 12 Wochen

Gehaltswunsch
Ab 130.000 €

Wunschstandort
Stuttgart

Motivation
Vorausschauend auf die zunehmende Ambulantisierung in Kliniken und den damit einhergehenden Einschränkungen, möchte Dr. Schlumberger gerne künftig in einem MVZ arbeiten. Dies bietet ihm die Chance auf geregelte Arbeitszeiten ohne Dienste und mehr Zeit für seine Familie

Fähigkeiten
• Zertifikat DKG Kniechirurg
• AGA-Arthroskopie
• Zertifikat für die Medizindidaktische Qualifizierung (MQ I)
• Strahlenschütz
• Notfall Diagnostik

Zusammenfassung
Dr. Schlumberger, ein erfahrener Oberarzt mit Schwerpunkt auf Kniechirurgie, arbeitet derzeit im Zentrum für Sportorthopädie und spezielle Gelenkchirurgie in der Orthopädischen Klinik Markgröningen. Er besitzt Zertifikate in Medizindidaktischer Qualifizierung (MQ I) und DKG-Kniechirurgie.
Vorausschauend auf die zunehmende Ambulantisierung in Kliniken und den damit einhergehenden Einschränkungen, möchte Dr. Schlumberger gerne künftig in einem MVZ arbeiten. Dies bietet ihm die Chance auf geregelte Arbeitszeiten ohne Dienste und mehr Zeit für seine Familie. Obwohl er seine operative Tätigkeit ungern aufgeben würde, ist er sich bewusst, dass diese künftig eingeschränkt und nur ambulant stattfinden wird.
Dr. Schlumberger ist an einem Austausch mit den Verantwortlichen von Med360 sehr interessiert und möchte gerne mehr über die Stelle und die damit verbundenen Möglichkeiten erfahren. Er steht für Gespräche jederzeit zur Verfügung.",lea.schneider@yahoo.de,+49 1178417018,,2026-01-17 14:33:19.352419,0p7jc8ievg20m7m5k4271p0oqliahs,,2026-01-17 17:25:35,2026-01-17
1233,Hoffmann,Laura,,contacted,,,,,,,,,,,,,,,,Facharzt,Orthopädie & UCH,"Fähigkeiten
-Endoprothetik
-Strahlenschutz
-Teilgebietsradiologie
-Sonografie
-SP Unfallchirurgie
-D-Arzt
-Umstellungsosteotomie/Knorpelersatz
-Arthroskopie
-Rehaklinik
-Osteosynthesen
-Transfusionsmedizin","25.10.2022 - evgeny:

Fähigkeiten
-Endoprothetik
-Strahlenschutz
-Teilgebietsradiologie
-Sonografie
-SP Unfallchirurgie
-D-Arzt
-Umstellungsosteotomie/Knorpelersatz
-Arthroskopie
-Rehaklinik
-Osteosynthesen
-Transfusionsmedizin",laura.hoffmann@yahoo.de,+49 1569345635,,2026-01-17 14:33:19.352419,1j0sx5l91813da51mb5h0uiul79ek1,,2026-01-17 17:25:35,2026-01-17
1238,Weber,Isabella,,contacted,,,,,,,,,,,,,,,,Facharzt,Orthopädie & UCH,"Fähigkeiten
• Fachärztin/Oberärztin für Orthopädie und Unfallchirurgie
• Akupunktur A-Diplom (2019)
• Sportmedizin (2018)
• Chirotherapie / Manuelle Medizin (2017)
• Notfallmedizin (2011)
• Strahlenschutz
• ATLS","27.04.2023 - EB:
KANDIDATENDOSSIER

Position
OA für Unfallchirurgie und Orthopädie

Wohnort
Stuttgart

Verfügbarkeit
12 Wochen

Gehaltswunsch
65.000€ (bei 50%) per annum

Wunschstandort
Stuttgart

Fähigkeiten
• Fachärztin/Oberärztin für Orthopädie und Unfallchirurgie
• Akupunktur A-Diplom (2019)
• Sportmedizin (2018)
• Chirotherapie / Manuelle Medizin (2017)
• Notfallmedizin (2011)
• Strahlenschutz
• ATLS

Zusammenfassung
Dr. Schölzl ist derzeit als Oberärztin für Orthopädie und Unfallchirurgie am Robert-Bosch-Krankenhaus in Stuttgart tätig. Sie verfügt über Zusatzqualifikationen in Sportmedizin, Notfallmedizin und Chirotherapie / Manuelle Medizin. Ihre Ambition ist es, in ein Praxisumfeld zu wechseln und sich von den Diensten und Schichten in der Klinik zu lösen. Sie bevorzugt eine konservative Arbeitsweise und sieht ihre Zukunft in einem MVZ. Aufgrund ihrer familiären Verpflichtungen sucht sie derzeit nach einer Teilzeitstelle (50%). Dr. Schölzl ist sehr an einem Austausch interessiert und steht gerne für erste Gespräche zur Verfügung.",isabella.weber@gmail.com,+49 1001187232,,2026-01-17 14:33:19.353439,1pgkdsuf1b10b3ia8fwl23j31z3lcd,,2026-01-17 17:25:35,2026-01-17
1239,Meyer,Lea,Dr.,interested,,,,,,,,,,,,,,Ltd. OA,"Ltd. OA, Chefarzt, Standortleiter",Facharzt,Orthopädie & UCH,,"27.06.2023 - vmartynenko:
Wohn in Falkensee. Hat 3 kinder und in 3-4 Jahren sind diese so alt, dass er auch bundesweit offen wäre.

War in Stralsund vorstellig aber hat dann abgesagt, weil doch zu weit weg. Geld ist nicht alles.

Schwerpunkt in der Orthopädie und koordiniert Endoprotetikzentrum. Momentan Geschäftsführender Leitender Oberarzt und mehr geht nicht in der Klinik.
Wechselmotivation: der nächste Karriereschritt als Chefarzt!
Gehalt Richtung 300k. Offen für Grund und Regelversorger",lea.meyer@outlook.com,+49 1850567631,,2026-01-17 14:33:19.353439,0wzxlwe17z2nkgnstslw14p6o5geg8,,2026-01-17 17:25:35,2026-01-17
1242,Wolf,Sarah,Dr.,contacted,,,,,,,,,,,,,,Chefarzt,"Chefarzt, Standortleiter",Facharzt,Orthopädie & UCH,,,sarah.wolf@web.de,+49 1206667848,,2026-01-17 14:33:19.353439,2nhawxfv3d05iwywytpw14monu85g6,,2026-01-17 17:25:35,2026-01-17
1243,Hartmann,Sarah,Dr.,interested,,,,,,,,,,,,,,,,Facharzt,Orthopädie & UCH,,,sarah.hartmann@outlook.com,+49 1675246878,,2026-01-17 14:33:19.353439,1eiujxty8305h2zmofxt0fbuiinxn3,,2026-01-17 17:25:35,2026-01-17
1244,Wolf,Lisa,Dr.,contacted,,,,,,,,,,,,,,Ltd. OA,"Ltd. OA, Chefarzt, Standortleiter",Facharzt,Orthopädie & UCH,,,lisa.wolf@gmail.com,+49 1998864411,,2026-01-17 14:33:19.353439,1iylfrtjzu2a86hlgnio00bwhfvz66,,2026-01-17 17:25:35,2026-01-17
1245,Weber,Lisa,Dr.,contacted,,,,,,,,,,,,,,,,Facharzt,Orthopädie & UCH,,Nur Hannover interessant,lisa.weber@yahoo.de,+49 1851802073,,2026-01-17 14:33:19.354439,0x2v6374ac1kxmwwmtyq0pu5v67lbn,,2026-01-17 17:25:35,2026-01-17
1246,Neumann,Lea,Dr.,contacted,,,,,,,,,,,,,,,,Facharzt,Orthopädie & UCH,,,lea.neumann@yahoo.de,+49 1157050512,,2026-01-17 14:33:19.354439,1nr8zo4ku01cxzu2f0c00zercrdm8o,,2026-01-17 17:25:35,2026-01-17
1247,Wolf,Emma,,contacted,,,,,,,,,,,,,,,,Facharzt,Orthopädie & UCH,,"23.06.2023 - EB:
Fachärztin für Chirurgie und Handchirurgie, keine Orthopädin, kommen nur Stellen in frage, in der Abteilung Handchirurgie nahe Leipzig.",emma.wolf@web.de,+49 1980130438,,2026-01-17 14:33:19.354439,18sk401irt26ocgh074g1cmpqspdxw,,2026-01-17 17:25:35,2026-01-17
9,Fischer,Isabella,Dr.,interested,,,,,,,,,,,,,,Ltd. OA,"Ltd. OA, Chefarzt, Standortleiter",Facharzt,Orthopädie & UCH,"Fähigkeiten 
• Spezielle Unfallchirurgie
• PHTLS /ATLS / TDSC – Provider
• Qualifikation Leitender Notarzt
• Expertenzertifikat Fußchirurgie
• Ständiger Durchgangsarzt Vertreter
• Hauptoperateur und Koordinator im Endoprothetilkzentrum
• Leiter und Koordinator im Traumazentrum
• Zertifizierung Knorpeltransplantation","17.10.2022 - evgeny:

Chefarztkandidat, flexibel
______________________________________________

Position Leitender Oberarzt für Unfallchirurgie und Orthopädie 

Wohnort Essen

Verfügbarkeit Kündigungsfrist ist 3 Monate

Gehaltswunsch Nach persönlichem Kennenlernen und Vereinbarung

Wunschstandort  Flexibel und Umzugsbereit

Motivation Dr. Stewen hatte in der Vergangenheit den Chefarztposten nicht wirklich in Betracht gezogen, doch er merkt mittlerweile, dass er viel mehr erreichen kann und will, wenn er den nächste Karriereschritt geht. 

Fähigkeiten 
• Spezielle Unfallchirurgie
• PHTLS /ATLS / TDSC – Provider
• Qualifikation Leitender Notarzt
• Expertenzertifikat Fußchirurgie
• Ständiger Durchgangsarzt Vertreter
• Hauptoperateur und Koordinator im Endoprothetilkzentrum
• Leiter und Koordinator im Traumazentrum
• Zertifizierung Knorpeltransplantation

Zusammenfassung
Dr. Stewen ist seit knapp 4 Jahren der leitende Oberarzt in einer Klinik für Orthopädie und Unfallchirurgie. Neben seiner Tätigkeit als Hauptoperateur und Koordinator im Endoprothetilkzentrum und Leitung und Koordination im Traumazentrum hat Dr. Stewen noch die Qualifikation als Leitender Notarzt, D-Arzt und die Zusatzbezeichnung Spezielle Unfallchirurgie vorzuweisen. Dr. Stewen war früher nicht wirklich auf ein Chefarztposten aus, merkt aber mittlerweile, dass er viel mehr erreichen kann und will, wenn er den nächste Karriereschritt geht. Dr. Stewen würde gerne zu einem Arbeitgeber wechseln, der Ihm die Chance bietet, sein Engagement, sowie ausgeprägte Organisationsstärke einsetzen zu können. Dr. Stewen ist an seinem Wohnort nicht sehr verwurzelt, darum wäre er unter Umständen, bei einem sehr passenden Angebot auch Umzugs bereit. Der Kandidat hat an der ausgeschriebenen Stelle sehr großes Interesse bekundet und würde sich gerne näher vorstellen, sowie weitere Details über die Möglichkeiten und Chancen im Unternehmen erfahren. Dr. Stewen steht Ihnen für erste Gespräche gerne zur Verfügung.",isabella.fischer@gmail.com,+49 1708053943,,2026-01-17 14:33:19.355431,1m3v0gcnuh0lmfqdo6n418thlezvo2,,2026-01-17 17:25:35,2026-01-17
15,Becker,Sophie,Dr.,contacted,,,,,,,,,,,,,,,,Facharzt,Orthopädie & UCH,,,sophie.becker@gmail.com,+49 1130980466,,2026-01-17 14:33:19.356459,22ybhq9unl2kgemb157w0ivkjkivnx,,2026-01-17 17:25:35,2026-01-17
16,Schmidt,Lisa,Dr.,interested,,,,,,,,,,,,,,,,Facharzt,Orthopädie & UCH,,Orthopädie und Unfallchirurgie Schmerztherapie Wirbelsäulentherapie,lisa.schmidt@outlook.com,+49 1933668657,,2026-01-17 14:33:19.356459,0bccx0kgi91bm8plyybd2m5f7cxcdg,,2026-01-17 17:25:35,2026-01-17
17,Müller,Mila,Dr.,contacted,,,,,,,,,,,,,,,,Facharzt,Orthopädie & UCH,,,mila.müller@yahoo.de,+49 1083225200,,2026-01-17 14:33:19.356459,04d70q4a3s0xhdo4yewu1nci5rvwuv,,2026-01-17 17:25:35,2026-01-17
18,Müller,Julia,Dr.,contacted,,,,,,,,,,,,,,,,Facharzt,Orthopädie & UCH,,ist Chefarzt - sucht selbst,julia.müller@outlook.com,+49 1984557283,,2026-01-17 14:33:19.356459,0s1152sd9y2f31wi3q9u110ly6vem1,,2026-01-17 17:25:35,2026-01-17
19,Krüger,Emma,Dr.,contacted,,,,,,,,,,,,,,,,Facharzt,Orthopädie & UCH,,kein Interesse an Bayreuth,emma.krüger@web.de,+49 1931027611,,2026-01-17 14:33:19.357438,2d7hef9a1l29ojqbub4r1u932vtpxd,,2026-01-17 17:25:35,2026-01-17
20,Schneider,Paula,,contacted,,,,,,,,,,,,,,Chefarzt,"Chefarzt, Standortleiter",Facharzt,Orthopädie & UCH,,"10.07.2023 - EB:
chefarzt

Sprachen:
Deutsch
Muttersprache oder zweisprachig
Russisch
Verhandlungssicher
Englisch
Französisch
Italienisch",paula.schneider@yahoo.de,+49 1184228116,,2026-01-17 14:33:19.357438,0nry0ac5ym28w03kxl2c0esv80p5qr,,2026-01-17 17:25:35,2026-01-17
21,Wagner,Lena,,interested,,,,,,,,,,,,,,Ltd. OA,"Ltd. OA, Chefarzt, Standortleiter",Facharzt,Orthopädie & UCH,,"29.11.2022 - EB:

Behandlung von Wirbelsäulenerkrankungen aller Art mit Schwerpunkt der operativen minimal-invasiven Technik und komplexe Wirbelsäulenchirurgie sowie Revisionseingriffe.

Fähigkeiten
Zusatzbezeichnung Sportmedizin
Fachkunde Strahlenschutz
Prüfarzt in klinischen Studien",lena.wagner@outlook.com,+49 1519783356,,2026-01-17 14:33:19.357438,23phs0bjbq2miz9ximtp0w78iy22jt,,2026-01-17 17:25:35,2026-01-17
22,Fischer,Julia,,contacted,,,,,,,,,,,,,,,,Facharzt,Orthopädie & UCH,,,julia.fischer@yahoo.de,+49 1118106098,,2026-01-17 14:33:19.357438,077196g8f81l40636bmo1s9339y9ma,,2026-01-17 17:25:35,2026-01-17
23,Wagner,Maria,Dr.,contacted,,,,,,,,,,,,,,,,Facharzt,Orthopädie & UCH,,,maria.wagner@web.de,+49 1945840039,,2026-01-17 14:33:19.358449,1ngcm0kanw2q6yl6g5mh2bgmvbsmpn,,2026-01-17 17:25:35,2026-01-17
24,Wolf,Alina,,interested,,,,,,,,,,,,,,,,Facharzt,Orthopädie & UCH,"Fähigkeiten
• Zusatzbezeichnung Sportmedizin
• Praxistätigkeit Erfahrung
• Zusatzqualifikation „AGA-Arthroskopeur‘‘
• Zusatzqualifikation „DFB- Fußballmedizin‘‘ (in Weiterbildung)
• Zusatzqualifikation „DKG-Kniechirurg‘‘ (in Weiterbildung)
• Zusatzbezeichnung Manuelle Medizin
• ATLS – Provider","28.11.2022 - EB:

Position
Facharzt für Unfallchirurgie und Orthopädie

Wohnort
Düsseldorf

Verfügbarkeit
Kündigungsfrist ist 12 Wochen

Gehaltswunsch
Ab 150.000 € /Jahr

Wunschstandort
Düsseldorf und Umgebung

Motivation
Aktuell werden fast alle operativen Eingriffe von Chefs persönlich durchgeführt und es gibt kaum Freiheiten in seiner Tätigkeit. Aus diesen Gründen sucht der Kandidat nach neuen Optionen mit mehr Freiraum für operative Tätigkeit. Der Kandidat kommt aus Düsseldorf, sodass Standorte Solingen, Ratingen oder Haan von größerem Interesse sein könnten.

Fähigkeiten
• Zusatzbezeichnung Sportmedizin
• Praxistätigkeit Erfahrung
• Zusatzqualifikation „AGA-Arthroskopeur‘‘
• Zusatzqualifikation „DFB- Fußballmedizin‘‘ (in Weiterbildung)
• Zusatzqualifikation „DKG-Kniechirurg‘‘ (in Weiterbildung)
• Zusatzbezeichnung Manuelle Medizin
• ATLS – Provider

Zusammenfassung
Dr. Zafeiris arbeitet zu Zeit bereits in MVZ Sporthomedic Köln, mit dem Schwerpunkt „Knie und Schulter“. Aktuell werden fast alle operativen Eingriffe von Chefs persönlich durchgeführt und es gibt kaum Freiheiten in seiner Tätigkeit. Aus diesen Gründen sucht der Kandidat nach neuen Optionen mit mehr Freiraum für operative Tätigkeit. Der Kandidat kommt aus Düsseldorf, sodass Standorte Solingen, Ratingen oder Haan von größerem Interesse sein könnten. Zu Med360grad hat sich Dr. Zafeiris sehr interessiert gezeigt und würde sich sehr gerne bei Ihnen vorstellen und nähere Informationen zu den Perspektiven bei Med360 erfahren.
Dr. Zafeiris steht Ihnen ab sofort für erste Gespräche zur Verfügung.",alina.wolf@yahoo.de,+49 1541965429,,2026-01-17 14:33:19.358449,0v4q2givxo21eh0bgrqk1qzq8uj7cu,,2026-01-17 17:25:35,2026-01-17
39,Müller,Lisa,,interested,,,,,,,,,,"münster, nordrhein-westfalen",,NRW,,Facharzt,"Ltd. OA, Chefarzt, Standortleiter, Gesellschafter",Doppelfacharzt,"Radiologie, Strahlentherapie",Münster und Umgebung,"ist DoppelFA Rad und Strahlen
SP MRT, kann auch CT und Rö
kein Sono,Mamma,Prostata, Herz
hat TZ 32 Std. und 180k 
Fam ist in Münster, pendelt jeden Tag nach Soest 2h über Land
Leitung muss nicht
Kann auch Praxis kaufen in Münster und Umgebung
ist 56 J. alt.",lisa.müller@yahoo.de,+49 1884894841,,2025-05-21 23:59:00,0t9tuesyhs0rq9sj9y882a2hx7vze6,Tel.,2026-01-17 17:25:35,2026-01-17
42,Hartmann,Clara,Dr.,interested,,,,,,,,,,,,,,Ltd. OA,"Ltd. OA, Chefarzt, Standortleiter",Facharzt,Strahlentherapie,,"10.10.2024 - TP:
Herr Dr. Bagatzounis wünscht sich eine neue berufliche Aufgabe (in Anstellung) in Teilzeit oder Vollzeit, wobei er und seine Ehefrau aktuell freiberuflich tätig sind und er somit auch kurzfristig starten könnte. 

Herr Dr. Bagatzounis hat zuletzt die Brachytherapie und Stereotaxie am St. Luke’s Hospital aufgebaut, wobei die Abteilung nun weitestgehend auch ohne ihn funktioniert. Meine Ausführungen zu Ihrer Abteilung, der Arbeit mit Varian TrueBeam und insbesondere die Bildfusionen haben ihm sehr gefallen. Er möchte gerne in einem Umfeld mit modernster Medizin arbeiten und würde sich über ein erstes Kennenlernen mit Ihnen freuen.

Gleichzeitig hat er betont, dass die Flugverbindungen zwischen München und Thessaloniki sehr gut sind, sodass er sich einen Zweitwohnsitz in Rosenheim oder einem der anderen Standorte gut vorstellen kann.",clara.hartmann@yahoo.de,+49 1175400534,,2026-01-17 14:33:19.361464,0404bp51p72akhy0tzdo1eiosp416x,,2026-01-17 17:25:35,2026-01-17
43,Hoffmann,Lisa,Dr.,contacted,,,,,,,,,,,,,,,,Facharzt,Strahlentherapie,,,lisa.hoffmann@yahoo.de,+49 1171999711,,2026-01-17 14:33:19.361464,0kegwp5pfz06778c1hwl06ys6djuto,,2026-01-17 17:25:35,2026-01-17
44,Koch,Laura,Dr.,interested,,,,,,,,,,,,,,,,Facharzt,Strahlentherapie,,,laura.koch@web.de,+49 1021516643,,2026-01-17 14:33:19.361464,099l5r8uzo25ghaxoqqc1zhyat8j8s,,2026-01-17 17:25:35,2026-01-17
45,Schwarz,Mara,Dr.,interested,,,,,,,,,,,,,,,,Facharzt,Strahlentherapie,,,mara.schwarz@outlook.com,+49 1922917211,,2026-01-17 14:33:19.361464,1hrcobq7wg17nswov9s912uwd4bplw,,2026-01-17 17:25:35,2026-01-17
46,Weber,Mara,,interested,,,,,,,,,,,,,,,,Facharzt,Strahlentherapie,,,mara.weber@yahoo.de,+49 1789109576,,2026-01-17 14:33:19.361464,1v4ymsbhl62jnf7bemun0yektt90rk,,2026-01-17 17:25:35,2026-01-17
47,Becker,Alina,Dr.,interested,,,,,,,,,,,,,,,,Facharzt,Strahlentherapie,,,alina.becker@web.de,+49 1891724725,,2026-01-17 14:33:19.361464,2b3wapy5qg0w7cu8ox7317pkp25f9c,,2026-01-17 17:25:35,2026-01-17
48,Fischer,Alina,Dr.,interested,,,,,,,,,,,,,,,,Facharzt,Strahlentherapie,,nur Norddeutschland,alina.fischer@outlook.com,+49 1007391307,,2026-01-17 14:33:19.362486,124f91xmt71we0tvcik121ikn2aoqt,,2026-01-17 17:25:35,2026-01-17
49,Schneider,Isabella,Dr.,interested,,,,,,,,,,,,,,,,Facharzt,Strahlentherapie,,,isabella.schneider@outlook.com,+49 1438487454,,2026-01-17 14:33:19.362486,1zs5e1mo8e2gxnme7rmp18y5j2jy4t,,2026-01-17 17:25:35,2026-01-17
50,Meyer,Klara,Dr.,contacted,,,,,,,,,,,,,,,,Facharzt,Strahlentherapie,,,klara.meyer@web.de,+49 1798595317,,2026-01-17 14:33:19.362486,03qqrg7pwy2ae03devbg23r7bshyco,,2026-01-17 17:25:35,2026-01-17
51,Weber,Clara,Dr.,interested,,,,,,,,,,,,,,,,"Facharzt, Doppelfacharzt",Strahlentherapie,,Interesse zu einem späteren Zeitpunkt,clara.weber@web.de,+49 1975391382,,2026-01-17 14:33:19.362486,1ype37xfse0kvrukv5qe0xt79cat7f,,2026-01-17 17:25:35,2026-01-17
54,Zimmermann,Isabella,Dr.,contacted,,,,,,,,,,,,,,,,Facharzt,Strahlentherapie,,aktuell 01/2021 kein Interesse,isabella.zimmermann@yahoo.de,+49 1604540818,,2026-01-17 14:33:19.362486,14rkiq77fy2jrapsjox82pcmb3djig,,2026-01-17 17:25:35,2026-01-17
55,Weber,Clara,Dr.,contacted,,,,,,,,,,,,,,,,Facharzt,Strahlentherapie,,Rhein-Main-Gebiet beschränkt,clara.weber@yahoo.de,+49 1728905135,,2026-01-17 14:33:19.363485,1w73gbnugs1jzose6lgu0wbprg03oo,,2026-01-17 17:25:35,2026-01-17
56,Schwarz,Johanna,Dr.,contacted,,,,,,,,,,,,,,,,Facharzt,Strahlentherapie,,,johanna.schwarz@yahoo.de,+49 1297960141,,2026-01-17 14:33:19.363485,11r8u5u7nk2nd8qepx2d0mmbgi2w13,,2026-01-17 17:25:35,2026-01-17
57,Koch,Laura,Dr.,interested,,,,,,,,,,,,,,,,Facharzt,Strahlentherapie,,,laura.koch@yahoo.de,+49 1193292301,,2026-01-17 14:33:19.363485,2dx7wo4a8d0j0gck4xyz021ton9j05,,2026-01-17 17:25:35,2026-01-17
58,Schneider,Isabella,Dr.,interested,,,,,,,,,,,,,,,,Facharzt,Strahlentherapie,,"Könnte man in 1-2 Jahren anrufen, ist frischer OA.",isabella.schneider@yahoo.de,+49 1679208289,,2025-08-28 23:59:00,0s92junk6j1cpr55d7r322mqy8vacn,LinkedIn,2026-01-17 17:25:35,2026-01-17
59,Koch,Anna,Dr.,interested,,,,,,,,,,,,,,,,Facharzt,Strahlentherapie,,,anna.koch@yahoo.de,+49 1200457766,,2026-01-17 14:33:19.363485,1zssjjyx7911v13bmddp1m69pxo5ax,,2026-01-17 17:25:35,2026-01-17
62,Müller,Sarah,Dr.,contacted,,,,,,,,,,,,,,,,Facharzt,Strahlentherapie,,ist Gesellschafter,sarah.müller@web.de,+49 1323616496,,2026-01-17 14:33:19.364485,1qhj1pok6h2ppp1myqzy05s55wzky4,,2026-01-17 17:25:35,2026-01-17
63,Bauer,Elena,Dr.,interested,,,,,,,,,,,,,,,,Facharzt,Strahlentherapie,bei Romed vorgestellt,"musste absagen, weil sie es nicht schafft. erneut ansprechen. 

soll am 01.01.2026 anfangen

also erst gab es einen Vertrag für 1.10.2025
nun wohl ab 1.1.2025
 
desweiteren war damals ein Gehalt von 230t/a angegeben worden bei 48h! Woche
nun sind das 200t/a für 48h Woche..
...
 
derzeit 230t/a bei 45h Woche und keine doppelte Haushaltsführung und Pendelstrecke von ca 6-9h 


20.05.2025: Tel mit Mergen, sie sollte 15.05. anfangen aber dann doch auf 01.10. verschoben

07.01.2025 - TP:
RoMed leider nicht möglich. Kann nur den KV Sitz an einen aktuellen AG verkaufen, möchte sie aber nicht. In Kontakt bleiben.

19.09.2024 - TP: will Leiten. Hat einen KV Sitz in NRW KV Nordrhein. Macht auch jetzt mehr als 48h pro Woche
ROMed angeboten und vorgestellt.",elena.bauer@web.de,+49 1144508328,,2025-11-25 23:59:00,0a2aufwpy60scgwb2f52251eh55z3z,,2026-01-17 17:25:35,2026-01-17
64,Wolf,Emma,Dr.,contacted,,,,,,,,,,,,,,,,Facharzt,Strahlentherapie,,Labormedizin,emma.wolf@outlook.com,+49 1490281841,,2026-01-17 14:33:19.364485,04vsrjglma1xlweqs27x1noqutyom9,,2026-01-17 17:25:35,2026-01-17
65,Weber,Mara,,contacted,,,,,,,,,,,,,,,,Facharzt,Strahlentherapie,,"18.03.2024 - TP:
Lin RoMed angeboten",mara.weber@outlook.com,+49 1030162033,,2026-01-17 14:33:19.364485,2dzugo2x0p1yv8yio9111dwza1sf75,,2026-01-17 17:25:35,2026-01-17
66,Schmidt,Nina,Dr.,contacted,,,,,,,,,,,,,,,,Facharzt,Strahlentherapie,,21.11.2022 - TP: Leiter CDT Köln vorgestellt,nina.schmidt@gmail.com,+49 1415350732,,2026-01-17 14:33:19.364485,01ounm1lin0u47isb5bg1xx5e61ny4,,2026-01-17 17:25:35,2026-01-17
79,Krüger,Julia,,contacted,,,,,,,,,,,,,,,,Facharzt,Strahlentherapie,,,julia.krüger@yahoo.de,+49 1831188231,,2026-01-17 14:33:19.366501,293w5f6dbg2gybnv4pgu0hf084e6nq,,2026-01-17 17:25:35,2026-01-17
80,Wolf,Elena,Dr.,contacted,,,,,,,,,,,,,,,,Facharzt,Strahlentherapie,,,elena.wolf@web.de,+49 1920154981,,2026-01-17 14:33:19.366501,1mj1n1z7in2209jtxsaa0umoevexwz,,2026-01-17 17:25:35,2026-01-17
81,Becker,Klara,Dr.,interested,,,,,,,,,,,,,,,,Facharzt,Strahlentherapie,,ist auch selbstständig,klara.becker@web.de,+49 1358907865,,2026-01-17 14:33:19.366501,11hw823eqg0eu3efk9lp08b6pihgam,,2026-01-17 17:25:35,2026-01-17
82,Schulz,Maria,,contacted,,,,,,,,,,,,,,,,MTRA,Strahlentherapie,,Interesse an Strahlentherapie/Qualitätsmanage in Hamburg,maria.schulz@outlook.com,+49 1382507582,,2026-01-17 14:33:19.366501,15modlxhf10xk04ilzwm1ia4c427pz,,2026-01-17 17:25:35,2026-01-17
83,Müller,Emma,Dr.,interested,,,,,,,,,,,,,,Freelancer,,Facharzt,Strahlentherapie,will leitende Position,"18.09.2024 - TP:
will für FA 190k 
wenn er Leiter ist dann 180k
Umzug OK, lieber NRW
ab 01.12.2024",emma.müller@gmail.com,+49 1008655815,,2026-01-17 14:33:19.367503,1vcbi8kck82pmp09uan81mt11c3tzq,,2026-01-17 17:25:35,2026-01-17
84,Fischer,Klara,Dr.,contacted,,,,,,,,,,,,,,Chefarzt,"Chefarzt, Standortleiter",Facharzt,Strahlentherapie,,,klara.fischer@outlook.com,+49 1119329403,,2026-01-17 14:33:19.367503,2dxoamyt40045ruyx4wp0gkv06rrx5,,2026-01-17 17:25:35,2026-01-17
85,Weber,Elena,Dr.,interested,,,,,,,,,,,,,,,,Facharzt,Strahlentherapie,Raum Rhein-Main,"22.11.2022 - TP: Leiter in Köln angeboten 

vielen Dank für das interessante Job-Angebot. Da ich aus privaten Gründen an das Rhein-Main gebiet gebunden bin, kommt allerdings ein Wechsel in die Region Köln aktuell für mich leider nicht in Frage.

wenn Sie eine entsprechende Stelle in Pendel-Reichweite des Rhein-Main Gebietes im Angebot haben, würde ich mich natürlich über eine Kontaktaufnahme durch Sie freuen.",elena.weber@gmail.com,+49 1129151018,,2026-01-17 14:33:19.367503,0of5ug9zwb0no9sxtmp521f5fb024b,,2026-01-17 17:25:35,2026-01-17
86,Hoffmann,Lena,,interested,,,,,,,,,,,,,,,,Facharzt,Strahlentherapie,,"21.12.2022 - TP:
ich danke Ihnen für die Kontaktaufnahme und das Angebot.  Ich bin momentan noch familiär an den Raum Baden-Württemberg gebunden. Die Stelle ist aber eher in Nordrheinwestphalen, oder?
Ich würde mich aber zukünftig durchaus über ähnliche Angebote freuen und wünsche Ihnen einen schönen Tag

in Baden-Württemberg",lena.hoffmann@web.de,+49 1595527876,,2026-01-17 14:33:19.367503,1p39h0ga2x18g97ag75b0vl7mncsme,,2026-01-17 17:25:35,2026-01-17
87,Becker,Alina,,interested,,,,,,,,,,,,,,,,Facharzt,Strahlentherapie,,10/2021 kein Interesse,alina.becker@outlook.com,+49 1061017982,,2026-01-17 14:33:19.367503,2800mk2j8s2nxmrx4r6s1is995c08i,,2026-01-17 17:25:35,2026-01-17
88,Bauer,Paula,Dr.,contacted,,,,,,,,,,,,,,,,Facharzt,Strahlentherapie,,"war an der Uni Bonn und ist jetzt in Verhandlung als Partner, kennt Dr. Katiran",paula.bauer@yahoo.de,+49 1521449779,,2026-01-17 14:33:19.367503,1eu7263ow822lasc9moj1jhi857lqs,,2026-01-17 17:25:35,2026-01-17
89,Weber,Lea,,interested,,,,,,,,,,,,,,,,Facharzt,Strahlentherapie,,"02.05.2024 - vmartynenko: LINKEDIN:

""Sehr geehrter Herr Martynenko,

Vielen Dank für ihre Anfrage!
Rosenheim ist mir aktuell zu weit entfernt und für mich nicht interessant. Sollten sie Vakanzen im Raum München,Augsburg und Ulm haben dann können sie sich gerne nochmals melden.
Mit freundlichen Grüßen
Matthias Zähringer""",lea.weber@yahoo.de,+49 1327834623,,2026-01-17 14:33:19.367503,0yt8ctpdk605kyfyjv7b2hjkjx58lv,,2026-01-17 17:25:35,2026-01-17
94,Müller,Clara,PD Dr.,contacted,,,,,,,,,,,,,,Oberarzt,"Ltd. OA, Chefarzt, Standortleiter",Facharzt,Strahlentherapie,FA Strahlentherapie,,clara.müller@web.de,+49 1530914556,,2025-12-08 23:59:00,02wd09mi7h0i6ms2q0ah279fjj0a3c,LinkedIn,2026-01-17 17:25:35,2026-01-17
95,Krüger,Klara,"Dr.
oder dennis.lier77@t-online.de",contacted,,,,,,,,,,,,,,Oberarzt,"Ltd. OA, Chefarzt","Facharzt, Doppelfacharzt","Radiologie, Neuroradiologie, Nuklearmedizin",aktuell 04/2025 nein,"13.03.2025: Alex: Kontakt via Linkedin, sucht momentan nicht 

13.02.2023 - TP:
Als leitender Oberarzt der interventionellen Radiologie habe ich generell natürlich Interesse an solch einem Angebot, jedoch bin ich derzeitig in meiner aktuellen Position sehr gefestigt und will diese nicht verlassen.

Gerne können Sie mich in Zukunft weiter kontaktieren für weitere Anfragen,",klara.krüger@gmail.com,+49 1946680919,,2025-03-13 23:59:00,1eetm0tp2s19eb5q1yop27xebg97on,LinkedIn,2026-01-17 17:25:35,2026-01-17
96,Richter,Klara,,contacted,,,,,,,,,,,,,,,,Doppelfacharzt,"Radiologie, Nuklearmedizin",,"06.03.2020 - TP:
verwandt mit Krenare Ademaj. Auf Lin hinzugefügt aber keine Antwort. 
11.11.2020_ Tel mit Krenare. Schwester arbeitet an der Uniklinik München in der Nuklearmedizin und will erst in den 2 Jahren einen Schein dort machen und dann wechseln. - angehende Doppelfachärztin",klara.richter@yahoo.de,+49 1779253707,,2026-01-17 14:33:19.368504,2jqi5jxutg0003xzxi3w1ik86snrom,,2026-01-17 17:25:35,2026-01-17
100,Meyer,Alina,Dr.,interested,,ist interessiert und bereit!,,,,,,,,,,,,Freelancer,,"Facharzt, Doppelfacharzt","Radiologie, Nuklearmedizin",DoppelFA - Freelancer,"08.04.2024 - TP:
Sehr geehrte Kollegen,
 
ich bin Facharzt für Radiologie und Facharzt für Nuklearmedizin.
Ich könnte Verrrtungen bei Ihnen übernehmen.
 
Priv.-Doz Dr. med Hanno Botsch
Tennenbacher Str,50a
79106 Freiburg
Tel. 0761- 48991976 oder 01739239879
 
--
Mit freundlichem Gruß

Hanno Botsch",alina.meyer@web.de,+49 1914581418,,2025-04-03 23:59:00,2nfd64wm5c28vooeetj01hwabl2pdx,Email,2026-01-17 17:25:35,2026-01-17
103,Becker,Maria,,contacted,,,,,,,,,,,,,,,,Facharzt,"Radiologie, Nuklearmedizin",,"FA Radiologie, AA Nuklearmedizin",maria.becker@outlook.com,+49 1948614973,,2026-01-17 14:33:19.369485,2n28fu8ym11qw851dxb32e5de0yca0,,2026-01-17 17:25:35,2026-01-17
105,Hoffmann,Alina,Dr.,contacted,,,,,,,,,,,,,,Ltd. OA,"Ltd. OA, Chefarzt, Standortleiter","Facharzt, Doppelfacharzt","Radiologie, Nuklearmedizin",,,alina.hoffmann@outlook.com,+49 1661987743,,2026-01-17 14:33:19.369485,2jdmnnanan0vkz866phv17omgxmggf,,2026-01-17 17:25:35,2026-01-17
108,Richter,Mara,,interested,,,,,,,,,,,,,,,,"Facharzt, Doppelfacharzt","Radiologie, Nuklearmedizin","sucht 3,5J Weiterbildung in Nuk zum DoppelFA","hat ein Vorstellungsgespräch am Montag. Reens wollen erstmal selbst suchen. ggf in Vollzeit. 

01.10. ab Oktober
Kann MSK Wirbelsäule Schödel (Ellenbogen MRT, Hand weniger
CT alles mit kleinen Außend
60% - 3 Tage arbeitn und 2 Tage fei
Wenn geht teleradiologie
Auch längere Tage wenn am Ort 
Zuhause vorbereiten und vor Ort freigeben
Jetzt 160 bei Vollzeit 

07.03.2024 - TP:
Tel. Sucht in der Nähe zur Holländischen Grenze
ist FA Radiologie und braucht noch 3,5 Jahre bis DoppelFA Nuklearmedizin
will PET/CT
hat sich am 04.03. in Lingen beworben.",mara.richter@gmail.com,+49 1171694892,,2025-07-18 23:59:00,1ngfegjaxl27jz9s2crg2pjonthlu3,Email,2026-01-17 17:25:35,2026-01-17
119,Müller,Mara,Dr.,contacted,,,,,,,,,,,,,,,,Doppelfacharzt,"Radiologie, Nuklearmedizin",,gerade erst Weiterbildungsassistent in der Nuklearmedizin,mara.müller@gmail.com,+49 1996601135,,2026-01-17 14:33:19.372623,0gx5yyl9ui2a4pll9lw90ah4ztjgjo,,2026-01-17 17:25:35,2026-01-17
120,Wagner,Nina,Dr.,interested,,,,,,,,,,,,,,,,Doppelfacharzt,"Radiologie, Nuklearmedizin",macht Weiterbildung Nuklearmedizin,nur mit Weiterbildung Nuklearmedizin,nina.wagner@web.de,+49 1865338787,,2026-01-17 14:33:19.372623,1ag34uyvjc10wjsibmrf2fgqu282xt,,2026-01-17 17:25:35,2026-01-17
121,Neumann,Julia,Dr.,contacted,,,,,,,,,,,,,,,,Doppelfacharzt,"Radiologie, Nuklearmedizin",,16.11.2022 - TP: Hat eine leitende Position im Kantonsspital Baden angenommen. Ist mit Dr. Bölter weiterhin in Kontakt.,julia.neumann@web.de,+49 1635854129,,2026-01-17 14:33:19.372623,0suj98dh7p13vi4af3il26ryp2j7bc,,2026-01-17 17:25:35,2026-01-17
124,Zimmermann,Isabella,Dr.,contacted,,,,,,,,,,,,,,,,Doppelfacharzt,"Radiologie, Nuklearmedizin",,,isabella.zimmermann@yahoo.de,+49 1000391674,,2026-01-17 14:33:19.372623,07z3dxlslo02137thj410w6pg1cltv,,2026-01-17 17:25:35,2026-01-17
125,Müller,Julia,,interested,,,,,,,,,,,,,,,,Doppelfacharzt,"Radiologie, Nuklearmedizin","verdient aktuell 300k, will entweder mehr oder Gesellschafter",,julia.müller@outlook.com,+49 1831787622,,2026-01-17 14:33:19.372623,1etotdicnf136001g8l40ubmstzmbp,,2026-01-17 17:25:35,2026-01-17
127,Fischer,Maria,Dr.,contacted,,,,,,,,,,,,,,,,"Assistenzarzt, Doppelfacharzt","Radiologie, Nuklearmedizin",s.h. Defizite in Email,,maria.fischer@yahoo.de,+49 1013725725,,2026-01-17 14:33:19.373612,18ny78tsa62op5gfdccf0yvkoidc1m,,2026-01-17 17:25:35,2026-01-17
148,Neumann,Anna,Dr.,interested,,,,,,,,,,,,,,,,Facharzt,Nuklearmedizin,will sich im Sommer 2024 entscheiden,"15.03.2024 - TP:
vielen Dank für Ihre Nachricht. Aktuell habe ich keine weiteren Fragen. Das MVZ ist sicherlich eine gute Option. Bis zum Facharzt im August werde ich sicherlich an der LMU bleiben und dann wird sich auch zeigen wie meine weiteren Perspektiven hier am Klinikum sind.

06.03.2024: 1. Gespräch mit Mergen. Sehr positiv, will es sich überlegen. Hätte nur 3 Jahre bis FA Strahlentherapie

24.02.2024 - TP:
Tel. macht in 08/2024 seinen FA Nuk. Will danach DoppelFA machen Radiologie oder Strahlen. RoMed angeboten. Fragt ob Dienste in WB Zeit machen muss vor Ort oder Teleradiologisch
Vollzeit 
Englisch fließend",anna.neumann@web.de,+49 1362478707,,2026-01-17 14:33:19.376626,2ngdn293sb1vdf54mti51nqht5o99z,,2026-01-17 17:25:35,2026-01-17
149,Becker,Sarah,Dr.,contacted,,,,,,,,,,,,,,,,Facharzt,Nuklearmedizin,,Hat sich schon für einen Job entschieden.05/2021,sarah.becker@outlook.com,+49 1706594767,,2026-01-17 14:33:19.376626,0qolusz00j1pkgph6gui1gn16aib9n,,2026-01-17 17:25:35,2026-01-17
151,Richter,Klara,Dr.,contacted,,,,,,,,,,,,,,,,Facharzt,Nuklearmedizin,,zurzeit nicht umzugsbereit,klara.richter@web.de,+49 1316422378,,2026-01-17 14:33:19.376626,2m08tn3ml52flm05vxcm05ru2cllnv,,2026-01-17 17:25:35,2026-01-17
152,Bauer,Isabella,,interested,,,,,,,,,,,,,,,,Facharzt,Nuklearmedizin,,,isabella.bauer@gmail.com,+49 1195146410,,2026-01-17 14:33:19.376626,1cxcjavz8y25z41wes5z1wo6z4wrwm,,2026-01-17 17:25:35,2026-01-17
123,Klein,Isabella,Dr.,contacted,,,,,,,,,,nordrhein-westfalen,,,,,,Doppelfacharzt,"Radiologie, Nuklearmedizin",Nord NRW - SP Nuklearmedizin,"06.03.2023 - TP:
Guten Tag Frau Boss,

ich danke Ihnen für ihre Nachricht.
Uninteressant ist die Position nicht, aber für mein persönliches Profil und Situation zumindest derzeit nicht „das Richtige“.
Unter anderem liegt mein diagnostischere Schwerpunkt eher auf der Nuklearmedizin.

Für weitere Anfragen Ihrerseits bei regionalen Angeboten z.B. nördliches NRW etc. freue ich mich aber durchaus .",isabella.klein@web.de,+49 1348435975,,2026-01-17 14:33:19.372623,0cygwd5muw0uu4tqltde2gtkx3fvde,,2026-01-17 17:25:35,2026-01-17
1224,Schwarz,Sophie,Dr.,interested,,,,,,,,,,,,,,,,Facharzt,Orthopädie & UCH,,"Lübeck, Hamburg, Münsterland",sophie.schwarz@web.de,+49 1912131078,,2026-01-17 14:33:19.350825,09bc8lt2k707yru0oxck1fr3uwuq29,,2026-01-17 17:25:35,2026-01-17
155,Wolf,Emma,Dr.,contacted,,,,,,,,,,,,,,,,Facharzt,"Radiologie, Kinderradiologie",,,emma.wolf@yahoo.de,+49 1111028362,,2026-01-17 14:33:19.37761,0nho285v431mmfr7hexu1cz2dkb3j0,,2026-01-17 17:25:35,2026-01-17
158,Hartmann,Klara,,interested,,,,,,,,,,,,,,,,Facharzt,"Radiologie, Kinderradiologie",,"16.11.2022 - TP:
Radiologische Allianz Warten 130k  10.10. Zapet wieder da
Conradia  Aktiv    verhandeln aktuell mit einem Arzt
Radiologie Hohe Luft Absage    aktuell kein Bedarf
Medizinicum Hamburg Absage    aktuell kein Bedarf
Privatpraxis Finkenstaedt & Hellenbrand Absage    aktuell kein Bedarf
Kernspinzentrum Europa Passage Aktiv 130k  19.10. an Witte vorgestellt anonym
Röntgeninstitut Schlossgarten Warten    nochmal anrufen
Radiologie Dammtor Warten    - ab 9 Uhr da - Tel. mit Fr. Hofmann. Bitte am Montag nochmal anrufen. Hatten nicht so gute Erfahrungen mit Vermittler. Will sich erkundigen, ob für die Ärzte das ok ist mit uns zu arbeiten. 
Radiologie am Fleet Warten    nicht erreicht
Wilhelmsburger Krankenhaus Groß-Sand Absage    keine Vakanzen
Krankenhaus Reinbek St. Adolf-Stift Absage    keine Vakanzen
Evangelisches Amalie Sieveking-Krankenhaus Absage    mit Diensten und interventioneller Radiologie

Kinderradiologie",klara.hartmann@yahoo.de,+49 1889243659,,2026-01-17 14:33:19.37761,2c103hhtnx053jdmeoyp29ks0gpjom,,2026-01-17 17:25:35,2026-01-17
163,Schmidt,Lisa,Dr.,interested,,,,,,,,,,,,,,,,Facharzt,"Radiologie, Neuroradiologie",Rheinland / Ruhrgebiet,"Wien angeboten. aktuell nein.

Tel. ist in München, offen für was Neues in Rhein/Ruhr. Rein Diagnostisch, MSK + Neuro, offen für Prostata und Herz. 100% nd Leitung gernre.

07.04.2023 - TP:
Tel. Nr.: 01638663296 
Email:

aktuelle Position: Leiter MSK Schnittbilddiagnostik
aktueller Arbeitgeber: Uni Düsseldorf

Wunschposition: Standortleiter MVZ - Praxis zu langweilig
Wechselmotivation:

aktuelles Gehalt: 120 inkl. Dienste
Wunschgehalt: 200k war das beste Angebot bisher

Verfügbarkeit zeitlich: August/September macht den Neuroradiologen und macht die beiden Zertifikate von Deutsche Röntgengesellschaf und Deutsche Gesellschaft für Muskuloskelettale Radiologie.

6 Wochen zum QEnde

Verfügbarkeit räumlich: wohnt in Krefeld und ist pendelbereit ungerne Dortmund

Wo schon selbst beworben:

Kooepration Bundesligist

FA 2021

alles was schlaganfall gehört gerne ist ja auch lukrativ

wie und welche interventionen werden aktuell gemacht?

trombektomien

schmerztherapie auch",lisa.schmidt@yahoo.de,+49 1636967327,,2025-05-07 23:59:00,1eiwj7u7ih0vvbet90xu22h6ezzqsv,Tel.,2026-01-17 17:25:35,2026-01-17
164,Hoffmann,Lea,,interested,,,,,,,,,,,,,,,,Facharzt,"Radiologie, Neuroradiologie",Arbeitet Teilzeit und Remote,"21.02.2023 - TP:
Lin geschieben

22.03.2022 - TP:
Gute Tag Herr Putilin,
entschuldigen Sie bitte meine sehr verspätete Antwort. Leider kommt für mich derzeit ein Umzug nach Bochum nicht in Frage. Ich bedanke mich trotzdem für Ihr freundliches Angebot.
Mit freundlichen Grüßen
E. Ackermann",lea.hoffmann@gmail.com,+49 1870295007,,2026-01-17 14:33:19.378632,2f900xhw7a028mzjhjij2ccsj80lc1,,2026-01-17 17:25:35,2026-01-17
172,Schulz,Lea,Dr.,interested,,,,,,,,,,,,,,Ltd. OA,"Ltd. OA, Chefarzt, Standortleiter",Facharzt,"Radiologie, Neuroradiologie",Stelvtr. Leiter Neuroradiologie,"22.02.2023 - TP: Dresden angeboten

Bedingt klingt das Angebot interessant, falls das Gehalt höher ist als mein aktuelles, da ich momentan bereits als Stellvertreter Leiter einer universitären neuroradiologie tätig bin

Viele Grüße",lea.schulz@web.de,+49 1295782344,,2026-01-17 14:33:19.380153,2huex8tfpg1hlymelxqg2dkggkxt6k,,2026-01-17 17:25:35,2026-01-17
156,Wagner,Lisa,Dr.,contacted,,,,,,,,,,köln,,,,Chefarzt,"Chefarzt, Standortleiter",Facharzt,"Radiologie, Kinderradiologie",Chefarzt MVZ in Köln,,lisa.wagner@yahoo.de,+49 1539609620,,2026-01-17 14:33:19.37761,1btmcl9vly2kfbmpe58l2bol2i0vcx,,2026-01-17 17:25:35,2026-01-17
176,Schwarz,Paula,Dr.,contacted,,,,,,,,,,,,,,,,Facharzt,"Radiologie, Neuroradiologie",,ltd. OA SP interventionelle Neuroradiologie,paula.schwarz@web.de,+49 1663212354,,2026-01-17 14:33:19.380724,2gpaz707b90xapfxocaz02s60zejew,,2026-01-17 17:25:35,2026-01-17
161,Wolf,Mara,Dr.,interested,,,,,,,,,,"köln, nordrhein-westfalen",False,NRW,,Oberarzt,"Facharzt, Oberarzt, Ltd. OA, Standortleiter, Gesellschafter",,"Radiologie, Kinderradiologie",Köln und Umgebung,"Kein MVZ weil außerhalb von Köln
Kein Strahleninstitut
Engelskirchen zu weit
Ist an Köln gebunden
Gerne gut bezahlte FA Tätigkeit ohne Leitung
Auch Klinik wäre OK
Kinderradiologe SP 
Kardio SP
Alles sonst an Diagnostik im klinischen Bereich",mara.wolf@web.de,+49 1334505271,,2025-09-05 23:59:00,22r6wtr87j1btxihr0ai0raawobvei,Tel.,2026-01-17 17:25:35,2026-01-17
1235,Schmidt,Julia,Dr.,contacted,,,,,,,,,,,,,,,,Facharzt,Orthopädie & UCH,,erstmal an Freiburg gebunden,julia.schmidt@yahoo.de,+49 1356829013,,2026-01-17 14:33:19.352419,1fnz2rr4zq0hdzv405181v2uu61eli,,2026-01-17 17:25:35,2026-01-17
177,Weber,Emma,Dr.,interested,,,,,,,,,,,,,,Ltd. OA,"Ltd. OA, Chefarzt, Standortleiter",Facharzt,"Radiologie, Neuroradiologie","Rheinland / Ruhrgebiet - ab 200k - interventionell, kardio, onkologisch","ist Ltd. OA in Krefeld

14.03.2023 - TP:
vielen Dank für Ihre Mail. Leider passt diese Stelle bzw. passt mein Profil nicht gut zu dieser Stelle, da ich primär interventionell radiologisch tätig bin. 
Abgesehen von der Intervention liegen meine Tätigkeitsschwerpunkte in der onkologischen und kardialen Bildgebung.
Sollte Ihnen zukünftig etwas Passendes (ltd. OA, CA mittelgroßes bis großes Haus)begegnen, freue ich mich über eine erneute Kontaktaufnahme.
Mein Wunschgehalt liegt dabei bei 200k aufwärts.



will ltd. OA oder Chefarzt nur im Raum Rheinland / Ruhrgebiet",emma.weber@outlook.com,+49 1108563831,,2025-08-26 23:59:00,0146m8iuzw2pk95p3wob1f7jxqtxt9,,2026-01-17 17:25:35,2026-01-17
178,Krüger,Lea,,in Interview,,vorgestellt bei Kramer,,,,,,,,,,,,Freelancer,,Facharzt,"Radiologie, Neuroradiologie",FA Rad und Neuroradiologie,"08.12. Interesse an Winnenden. Hat Dr. hat viele Interventionen gemacht 200-250. Hat das letzte Jahr viel Diagnostik gemacht. Hat Modul E seit 04/2024. HerzQ1. Will 250k 10 Dienste sind OK. Umzug auch OK.

17.04.2025: Für mich kämen jedoch Wochenendvertretungen in Bayern in Frage, als Rufbereitschaftsdienste( Thrombektomien). Außerdem könnte ich in der letzten Augustwoche bundesweit einspringen, da ich in dieser Zeit an meiner aktuellen Stelle Urlaub habe.
Falls Sie tageweise Vertretungen am Wochenende brauchen, zum Beispiel von Freitag bis Sonntag in Bayern (ich wohne derzeit in Augsburg), lassen Sie es mich bitte wissen.


29.01.2025: Angefragt wg Lübeck. Keine Rückmeldung. Vllt weil will keine Dienste machen. 

18.09.2024 - TP:
macht auch Interventionen
ohne Dienste
Ende 2024 Wechsel
will 160k fix!!! für 40h, alles weitere zusätzlich
kann auch Leiterin machen",lea.krüger@web.de,+49 1813809836,,2025-12-09 23:59:00,2oef202kwg24fhewivqk23tgbrrlcp,Email,2026-01-17 17:25:35,2026-01-17
185,Schwarz,Mila,Dr.,interested,,,,,,,,,,,,,,,,Facharzt,"Radiologie, Neuroradiologie",,"10.11.2025: Rems Murr angeboten

24.03.2023 - TP:
Entschuldigen Sie bitte, dass Ihre Anfrage ein bisschen aus meinem Blickfeld geraten ist. Ich bin neben meiner Berufstätigkeit gerade sehr in die Pflege meines Vaters eingebunden, der auch zwischenzeitlich im Krankenhaus war.
Ehrlicherweise fehlt mir derzeit leider die Kapazität, ein neues Projekt voranzubringen.


15.02.2023 - TP: Conradia angeboten per Telefon und Email


in Berlin interessiert",mila.schwarz@yahoo.de,+49 1365951336,,2025-11-10 23:59:00,0u4twqhfa107xqokk30c0uehfro6rr,Email,2026-01-17 17:25:35,2026-01-17
187,Fischer,Anna,Dr.,contacted,,,,,,,,,,,,,,,,Facharzt,"Radiologie, Neuroradiologie",,,anna.fischer@yahoo.de,+49 1361419112,,2026-01-17 14:33:19.382245,2pnih2u4rf0ujlsp6ynz1ho1uhph9r,,2026-01-17 17:25:35,2026-01-17
188,Schneider,Julia,,contacted,,,,,,,,,,,,,,,,Facharzt,"Radiologie, Neuroradiologie",,ist Gesellschafter,julia.schneider@gmail.com,+49 1498807479,,2026-01-17 14:33:19.382245,0rot99n4ox2kq23r6lsz09b0nbjphf,,2026-01-17 17:25:35,2026-01-17
189,Wolf,Isabella,Dr.,contacted,,,,,,,,,,,,,,,,Facharzt,"Radiologie, Neuroradiologie",,,isabella.wolf@outlook.com,+49 1589128660,,2026-01-17 14:33:19.382245,0tdgmch0551dbkire0gq1zml1xt3rj,,2026-01-17 17:25:35,2026-01-17
190,Müller,Lisa,Dr.,contacted,,,,,,,,,,,,,,,,Facharzt,"Radiologie, Neuroradiologie",,,lisa.müller@gmail.com,+49 1189679555,,2026-01-17 14:33:19.382245,1a2lj6ssha110kcqtljr0qql1np1yk,,2026-01-17 17:25:35,2026-01-17
191,Schwarz,Mara,Dr.,interested,,,,,,,,,,,,,,,,Facharzt,"Radiologie, Neuroradiologie",Interventionelle Radiologie,,mara.schwarz@yahoo.de,+49 1478003826,,2026-01-17 14:33:19.382245,1cije0be8b08vio0ygwn1zs5ywzgrw,,2026-01-17 17:25:35,2026-01-17
192,Weber,Julia,Dr.,contacted,,,,,,,,,,,,,,,,Facharzt,"Radiologie, Neuroradiologie",,,julia.weber@yahoo.de,+49 1913619551,,2026-01-17 14:33:19.382245,2b2r0ufia02i1jg0i6wb001xt4ozi6,,2026-01-17 17:25:35,2026-01-17
199,Krüger,Julia,Dr.,contacted,,,,,,,,,,,,,,,,Facharzt,"Radiologie, Neuroradiologie",,,julia.krüger@web.de,+49 1604989914,,2026-01-17 14:33:19.383286,104lmd9ujw284rwowk6k1249jhbnzg,,2026-01-17 17:25:35,2026-01-17
200,Schneider,Sarah,Dr.,contacted,,,,,,,,,,,,,,,,Facharzt,"Radiologie, Neuroradiologie",,,sarah.schneider@web.de,+49 1050412103,,2026-01-17 14:33:19.384268,18333oefwm25z6puapr61eirr17xil,,2026-01-17 17:25:35,2026-01-17
186,Hartmann,Laura,Dr.,interested,,,,,,,,,,"hamburg, nordrhein-westfalen",True,"NRW, Hamburg",,Oberarzt,"Ltd. OA, Chefarzt, Standortleiter",Facharzt,"Radiologie, Neuroradiologie",Ruhrgebiet oder HH,"Tel. SP Interventionelle Neuroradiologie
Kennt die Stelle in Lübeck und auch Dr. Dyzmann. kommt für ihn nicht infrage.",laura.hartmann@outlook.com,+49 1738278534,,2025-04-03 23:59:00,0f6f56nuqq0o26js4u1i2qqm1artr3,Tel.,2026-01-17 17:25:35,2026-01-17
201,Koch,Paula,Dr.,contacted,,,,,,,,,,,,,,,,Facharzt,"Radiologie, Neuroradiologie",,,paula.koch@yahoo.de,+49 1589502911,,2026-01-17 14:33:19.384268,1r5p1egsqp08v9t0e16a2amc6r6xx3,,2026-01-17 17:25:35,2026-01-17
202,Becker,Lisa,,contacted,,,,,,,,,,,,,,,,Facharzt,"Radiologie, Neuroradiologie",,"interessiert Gesellschafter oder eine Leitungsfunktion (Schnittbilddiagnostik, Neuroradiologie, MSK, Thorax- und Abdominalradiologie)",lisa.becker@web.de,+49 1169403348,,2026-01-17 14:33:19.384268,2nrpuc6y7y1orlhedaio10yzmtt3dc,,2026-01-17 17:25:35,2026-01-17
231,Schulz,Lea,,Hot / is searching,,warte auf Rückmeldung,,,,,,,,,,,,Oberarzt,"Ltd. OA, Chefarzt, Standortleiter",Facharzt,"Radiologie, Neuroradiologie",Interventionelle Neuroradiologie,"will sich Anfang Januar melden

tel. Will sich über den Ort weiter informieren, Vereinbart, dass wir telefonieren, sobald ich neue Informationen von Prof.Kramer habe.

schafft es nicht bis zu der Einschulung seiner Tochter nach Lübeck umzuziehen. Vereinbart, dass ich Anfang 2026 wegen Lübeck oder anderer Vakanzen nochmal sprechen, weil sie dann im Sommerferien (Juli 2026) umziehen können. Gerne vorher auch andere Stellen anbieten. 
Segali hat 225k p.a. für Lübeck angeboten. 

macht 200-240 Thrombektomien pa. ist OA an der MHH Hanover. macht 7-10 Dienste. Hat die Zusatzbezeichnung in Neuroradiologie. KFrist ist nur 6 Wochen. 
Hat ein schulpflichtiges Kind. will CV für Lübeck senden diese Woche. 

Rems Murr angeboten",lea.schulz@web.de,+49 1590640996,,2025-11-27 23:59:00,0t5b16jfdp1aheni4h9j1dl6l2dabu,Email,2026-01-17 17:25:35,2026-01-17
243,Hoffmann,Emma,,contacted,,,,,,,,,,,,,,Oberarzt,"Oberarzt, Ltd. OA",Facharzt,"Radiologie, Neuroradiologie",Interventionelle Radiologie,Wien,emma.hoffmann@outlook.com,+49 1094687111,,2025-07-31 23:59:00,0t8cqyzk1l18sbqm4cw31n3ma1zsqa,LinkedIn,2026-01-17 17:25:35,2026-01-17
1100,Schneider,Lea,,contacted,,,,,,,,,,,,,,,,Facharzt,Orthopädie & UCH,,"27.04.2023 - EB:

Wohnt im Norden von magdeburg, ist einer 50% Teilzeitstell beim mvz offen gegenüber.
Hat im Sommer seine ZB spezielle Unfallchirurgie abgeschloßen. Möchte am besten nahe magdeburg 50% Stationär und 50% praxis.",lea.schneider@outlook.com,+49 1094568440,,2026-01-17 14:33:19.333123,037jk9z7b40yqbldhd9706z1zrnqgn,,2026-01-17 17:25:35,2026-01-17
252,Wolf,Clara,PD Dr.,contacted,,warte auf Rückmeldung,,,,,,,,,,,,Oberarzt,"Ltd. OA, Chefarzt",Facharzt,"Radiologie, Neuroradiologie",Interventionelle Neuroradiologie,"hat Modul E.

bei Lin Rems Murr angeboten",clara.wolf@web.de,+49 1465573943,,2025-11-28 23:59:00,28ivctfjm30n88pkj2lw235722qt3n,LinkedIn,2026-01-17 17:25:35,2026-01-17
254,Schneider,Mara,PD Dr.,interested,,,,,,,,,,,False,,,Oberarzt,"Ltd. OA, Chefarzt",Facharzt,"Radiologie, Neuroradiologie",nur Ltd. OA oder CA Neuroradiologie,Nur Frankfurt und Umgebung. Kann alles Interventionelle Neuroradiologie. Hat Modul E und F. Ist früher aus München nach Frankfurt umgezogen und hat 2 Kinden denen er versprochen hat nicht mehr umzuziehen. Frankfurt und +100km pendeln. Macht auch Dienste. Machen bis 200 Thrombektomien p.a.,mara.schneider@yahoo.de,+49 1156489929,,2025-11-27 23:59:00,1xj1x2sift13ino8b5td00uyzp89jc,Tel.,2026-01-17 17:25:35,2026-01-17
255,Hoffmann,Lena,Dr.,interested,,,,,,,,,,,,,,Facharzt,"Oberarzt, Ltd. OA",Facharzt,"Radiologie, Neuroradiologie",Interventionelle Neuroradiologie,"nur Raum Frankfurt und rein Neuroradiologisch
bei Lin angeschrieben",lena.hoffmann@gmail.com,+49 1231730377,,2025-12-08 23:59:00,2ay234jd4g0smxv6i66d292wgbmjsk,LinkedIn,2026-01-17 17:25:35,2026-01-17
256,Bauer,Emma,Dr.,contacted,,,,,,,,,,,,,,Facharzt,Ltd. OA,Facharzt,"Radiologie, Neuroradiologie",Neuroradiologie,Lin geschrieben und Stuttgart angeboten,emma.bauer@yahoo.de,+49 1756968333,,2025-12-04 23:59:00,1t4v82w5fm1ljxedmyo92hv6vig2v7,LinkedIn,2026-01-17 17:25:35,2026-01-17
257,Weber,Lea,,interested,,anrufen,,,,,,,,,,,,Facharzt,"Oberarzt, Standortleiter",Facharzt,"Radiologie, Neuroradiologie",FA Rad und Neuroradiologie,"Niedersachsen und Mek-Pom.
Tel. Sieht sich eher im klinischen oder ambulant, dann aber mit SP Neuroradiologie. Kein Modul E und kann nur schlecht MSK und kein Mamma. Gerne",lea.weber@gmail.com,+49 1751411201,,2025-12-08 23:59:00,2eaw4vbzc50n0egj6r062foxhma7i5,Tel.,2026-01-17 17:25:35,2026-01-17
258,Koch,Lisa,PD Dr.,interested,,,,,,,,,,,True,,,Ltd. OA,Chefarzt,Facharzt,"Radiologie, Neuroradiologie",will CA Neuroradiologie,"ab 400k+ jetzt 300+. Modul E und F
Stv. Klinikdirektor und Ltd. OA Sektionsleiter Neuroradiologie. hat MBA
Geld ist wichtig.",lisa.koch@web.de,+49 1079980946,,2025-12-12 23:59:00,10k69ypu9k0w310qykam0japgv0mlm,Tel.,2026-01-17 17:25:35,2026-01-17
248,Zimmermann,Anna,Dr.,interested,,,,,,,,,,CH,False,Schweiz,,Ltd. OA,"Ltd. OA, Chefarzt, Standortleiter, Gesellschafter",Facharzt,"Radiologie, Neuroradiologie",Luzern und Zentralschweiz,"Ltd. OA Emmental bei Dr. Knecht. 
Macht SP Neuroradiologie, aber will nur Diagnostisch arbeiten
Wenn dann nur mit HomeOffice interessant 
PainPoint sind Arbeitszeiten
will WorkLife Balance
Fokus Diagnostik
Keine Thrombektomien
Will familienfreundliche Stelle
Pensum 100% gerne weiter aber mit familienfreundlichen Zeiten
Nur CH und in Wohnen in Luzern
Also Zentralschweiz und rund um Luzern, Zürich, Aarau
Gerne auch in ambulante Versorgung
Diagnostik: MSK und Neuro, Sono
Herz nein, Mamma nein, Prostata nein
Hat ein gutes Gehalt , als OA schon 2xx
31 Urlaub und 10 FB Tage",anna.zimmermann@web.de,+49 1965488902,,2025-09-05 23:59:00,1lqrit8sjc130aizg12x0p7wjxbd35,Tel.,2026-01-17 17:25:35,2026-01-17
262,Schwarz,Klara,Dr.,contacted,,,,,,,,,,,,,,,,Facharzt,Radiologie,,,klara.schwarz@outlook.com,+49 1602000998,,2026-01-17 14:33:19.392543,05z39q2ran2q7aujx5ti14l7qivxck,,2026-01-17 17:25:35,2026-01-17
264,Neumann,Klara,Dr.,contacted,,,,,,,,,,,,,,Ltd. OA,"Ltd. OA, Chefarzt, Standortleiter",Facharzt,Radiologie,,"26.01.2023 - TP:
Danach kein Interesse mehr aber gerne in Kontakt bleiben. 

Sehr geehrter Herr Putilin,
Danke für ihre Nachfrage. Sollten in Zukunft Vakanzen offen sein, dürfen sie mich gerne informieren.


Sehr geehrter Herr Putilin,
Ich habe ihre Ausschreibung im Deutschen Ärzteblatt gelesen und mich interessiert die Stellenbeschreibung.
Ich bin Radiologe mit den Schwerpunkten muskuloskelettale Diagnostik, CT und Mammographie. Ich arbeite aktuell in einer Praxis in München.
Ich bitte Sie, meine Anfrage diskret zu behandeln. Vielleicht können Sie mir mehr über die Stelle und den Ort erzählen? Gerne komme ich auch einmal bei ihnen vorbei.",klara.neumann@yahoo.de,+49 1725319980,,2026-01-17 14:33:19.392543,1kmeyxe77l20kwbgtzaa2gys1250sy,,2026-01-17 17:25:35,2026-01-17
265,Wolf,Mila,,contacted,,,,,,,,,,,,,,,,Facharzt,Radiologie,,,mila.wolf@web.de,+49 1128456853,,2026-01-17 14:33:19.393579,1fz7r37oo70mrk4r4s0916wfk3kh1l,,2026-01-17 17:25:35,2026-01-17
267,Schneider,Lisa,Dr.,interested,,,,,,,,,,,,,,,,Facharzt,Radiologie,Ostwestphalen Lippe offen + Kollegen,"21.02.2023 - TP:
Martinus Leitung 
Berlin Leitung
angeboten

Ostwestphalen Lippe offen + Kollegen",lisa.schneider@gmail.com,+49 1870926578,,2026-01-17 14:33:19.393579,1uf9zv34x50y5fzj276z06mkq7s303,,2026-01-17 17:25:35,2026-01-17
268,Bauer,Maria,,contacted,,,,,,,,,,,,,,Facharzt,"Facharzt, Standortleiter",Facharzt,Radiologie,FA bei ZRN,,maria.bauer@gmail.com,+49 1823623363,,2026-01-17 14:33:19.393579,0n0e9qdplg1jy2d7tsvv19w30gm1zl,LinkedIn,2026-01-17 17:25:35,2026-01-17
269,Schwarz,Sarah,,contacted,,,,,,,,,,,,,,,,Facharzt,Radiologie,,,sarah.schwarz@yahoo.de,+49 1950500398,,2026-01-17 14:33:19.393579,0quod1czmt0xp0i9zrqx20etff5lco,,2026-01-17 17:25:35,2026-01-17
270,Bauer,Elena,,contacted,,,,,,,,,,,,,,,,Assistenzarzt,Radiologie,,,elena.bauer@web.de,+49 1370553127,,2026-01-17 14:33:19.393579,156fws8r6429ooo44ih52jvhbiqyew,,2026-01-17 17:25:35,2026-01-17
271,Schneider,Elena,,contacted,,,,,,,,,,,,,,,,Assistenzarzt,Radiologie,,,elena.schneider@web.de,+49 1871192502,,2026-01-17 14:33:19.393579,05u6ifktdd2mdx445pw90ct0kozkgh,,2026-01-17 17:25:35,2026-01-17
272,Richter,Elena,,contacted,,,,,,,,,,,,,,,,Assistenzarzt,Radiologie,3 Jahre AA Radiologie im Irak,,elena.richter@web.de,+49 1351733350,,2026-01-17 14:33:19.393579,2aenu8z70s0enjwy26of00u3xypoql,,2026-01-17 17:25:35,2026-01-17
273,Müller,Lea,Dr.,contacted,,,,,,,,,,,,,,,,Facharzt,Radiologie,,01.12.2022 - TP: Telefoniert. Sehr angenehmes Telefonat. Leiter Martinus angeboten. Ist im Moment sehr zufrieden mit seiner Arbeit und möchte nicht wechseln.,lea.müller@web.de,+49 1178042820,,2026-01-17 14:33:19.394583,0jhh8pjr5e16wu04t7ll01ce0twdsr,,2026-01-17 17:25:35,2026-01-17
274,Schmidt,Anna,,contacted,,,,,,,,,,,,,,,,Facharzt,Radiologie,,hat aktuell 08/2022 kein Interesse an einem Wechsel,anna.schmidt@web.de,+49 1704587180,,2026-01-17 14:33:19.394583,1kz9fpwqmi1qn9wusqx60akdtb8j9t,,2026-01-17 17:25:35,2026-01-17
276,Becker,Elena,,contacted,,,,,,,,,,,,,,,,Assistenzarzt,Radiologie,noch keine Erfahrung,,elena.becker@yahoo.de,+49 1790076201,,2026-01-17 14:33:19.394583,17q3ntx8ll00593rprrf1eioql7kjo,,2026-01-17 17:25:35,2026-01-17
277,Schneider,Julia,,contacted,,,,,,,,,,,,,,,,Facharzt,Radiologie,,,julia.schneider@gmail.com,+49 1430279325,,2026-01-17 14:33:19.394583,0ag53yfb3r1l2jmpnxuu24u6ccsq69,,2026-01-17 17:25:35,2026-01-17
278,Richter,Johanna,Dr.,contacted,,,,,,,,,,,,,,,,Facharzt,Radiologie,,,johanna.richter@outlook.com,+49 1822236449,,2026-01-17 14:33:19.394583,240th8oqpw1k1eqkh8hm03juo0hx1i,,2026-01-17 17:25:35,2026-01-17
279,Zimmermann,Paula,,contacted,,,,,,,,,,,,,,,,Assistenzarzt,Radiologie,,muss noch DE Approbation bekommen,paula.zimmermann@yahoo.de,+49 1567098006,,2026-01-17 14:33:19.394583,1mh05xha0c0chqqqlxii10u3w4yp0x,,2026-01-17 17:25:35,2026-01-17
281,Wagner,Sophie,,contacted,,,,,,,,,,,,,,,,Facharzt,Radiologie,,keine Interesse 11/2020 - wird bald FA!!!,sophie.wagner@yahoo.de,+49 1928801111,,2026-01-17 14:33:19.395583,2fcb7bosm40mfmb3099a2j24rta2yj,,2026-01-17 17:25:35,2026-01-17
282,Meyer,Laura,Dr.,contacted,,,,,,,,,,,,,,,,Facharzt,Radiologie,aktuell 02/2022 nein,"21.02.2023 - TP:
vielen lieben Dank für diese Information! 
Ich bin aktuell in Neheim als Oberärztin tätig, habe einen AT-Vertrag, keine Dienste und einmal die Woche Homeoffice… dementsprechend bin ich mit meiner aktuellen Tätigkeit äußerst zufrieden und spiele nicht mit dem Gedanken meine Stelle zu wechseln! 

Vielen Dank dennoch, dass sie mich kontaktiert haben. 

Dortmund - kommt aus der Elternzeit - OLEG hatte Kontakt",laura.meyer@gmail.com,+49 1074925108,,2026-01-17 14:33:19.395583,0jnir0n23v29qwqvhyt025ibgatchz,,2026-01-17 17:25:35,2026-01-17
283,Hartmann,Sophie,,interested,,,,,,,,,,,,,,,,Facharzt,Radiologie,will MSK Zeugnis haben,"will MSK Zeugnis haben und dann kündigen: 

Sehr geehrter Herr Putilin,
Es tut mir leid, dass ich jetzt erst schreibe.
Mein Plan ist das Zeugnis zu bekommen, und mein Ziel weiter zu verfolgen.
Zusammengefasst nach dem Zeugnis werde ich kündigen.

Ich weiß, es macht die Sache schwierig. Aber ich bin ehrlich.

Vielen Dank für Ihre Mühe
Mohammed Alashqar",sophie.hartmann@web.de,+49 1292704804,,2026-01-17 14:33:19.395583,1358zn8crp1gfwydpand0hddmin9mw,,2026-01-17 17:25:35,2026-01-17
284,Schulz,Lisa,,contacted,,,,,,,,,,,,,,,,Facharzt,Radiologie,,,lisa.schulz@outlook.com,+49 1184604275,,2026-01-17 14:33:19.395583,0y7f08fcxu1v63p9m5yh0w0ve87xmn,,2026-01-17 17:25:35,2026-01-17
285,Becker,Julia,Dr.,contacted,,,,,,,,,,,,,,Ltd. OA,"Ltd. OA, Chefarzt, Standortleiter",Facharzt,Radiologie,,,julia.becker@web.de,+49 1609879174,,2026-01-17 14:33:19.395583,1bl1u0fugr13gzoyqc5d2bd0ihfpqu,,2026-01-17 17:25:35,2026-01-17
286,Schwarz,Johanna,,contacted,,,,,,,,,,,,,,,,Facharzt,Radiologie,,,johanna.schwarz@gmail.com,+49 1530782616,,2026-01-17 14:33:19.395583,1ajhywunyo2n4zggc5gj2j4guhm113,,2026-01-17 17:25:35,2026-01-17
287,Weber,Maria,Dr.,contacted,,,,,,,,,,,,,,,,Facharzt,Radiologie,,,maria.weber@web.de,+49 1946602076,,2026-01-17 14:33:19.396563,0wik5sget3218uie5b7p0p8q7w9ot0,,2026-01-17 17:25:35,2026-01-17
289,Wolf,Anna,,contacted,,,,,,,,,,,,,,,,Facharzt,Radiologie,,,anna.wolf@gmail.com,+49 1982252702,,2026-01-17 14:33:19.396563,1ts56s7bld0yppgb37a60tjdq9cf6q,,2026-01-17 17:25:35,2026-01-17
290,Müller,Sarah,,contacted,,,,,,,,,,,,,,,,Facharzt,Radiologie,,,sarah.müller@web.de,+49 1189740056,,2026-01-17 14:33:19.396563,2qfckbf2k3249zuzuyy529e2uuadqr,,2026-01-17 17:25:35,2026-01-17
291,Becker,Alina,,contacted,,,,,,,,,,,,,,,,Facharzt,Radiologie,,nur in Vollersode  - Bremen / Hamburg - will erst Weiterbildung Allgemeinmedizin zu Ende machen 11/2020,alina.becker@web.de,+49 1419815849,,2026-01-17 14:33:19.396563,06tr3vmyaj24hn21s6a92pyyxz7vlp,,2026-01-17 17:25:35,2026-01-17
292,Fischer,Sarah,Dr.,contacted,,,,,,,,,,,,,,,,Facharzt,Radiologie,,an Wismar interessant,sarah.fischer@yahoo.de,+49 1562371947,,2026-01-17 14:33:19.396563,2pk24qiwma2pr47vqxw804gtqsa97e,,2026-01-17 17:25:35,2026-01-17
294,Klein,Mila,Dr.,contacted,,,,,,,,,,,,,,,,Facharzt,Radiologie,,,mila.klein@gmail.com,+49 1784438806,,2026-01-17 14:33:19.397563,01t4t2rgbp02d5m9gcyg1c8zzvtwtf,,2026-01-17 17:25:35,2026-01-17
295,Fischer,Johanna,,contacted,,,,,,,,,,,,,,,,Assistenzarzt,Radiologie,,,johanna.fischer@web.de,+49 1484649314,,2026-01-17 14:33:19.397563,19vifncveb1lnr2d2e052gs9efc0pa,,2026-01-17 17:25:35,2026-01-17
297,Bauer,Anna,,contacted,,,,,,,,,,,,,,,,Assistenzarzt,Radiologie,,,anna.bauer@web.de,+49 1275222910,,2026-01-17 14:33:19.397563,0xl8o12vje2p2knv6ixe16uovaluee,,2026-01-17 17:25:35,2026-01-17
298,Weber,Laura,,contacted,,,,,,,,,,,,,,,,Assistenzarzt,Radiologie,,,laura.weber@outlook.com,+49 1662674806,,2026-01-17 14:33:19.397563,1ooqgaxpzc1oagsoh6sg031kob0h9z,,2026-01-17 17:25:35,2026-01-17
299,Richter,Sophie,,interested,,,,,,,,,,,,,,,,Facharzt,Radiologie,20.03.2024 - TP: WBA im letzten Jahr,20.03.2024 - TP: WBA im letzten Jahr,sophie.richter@web.de,+49 1000163317,,2026-01-17 14:33:19.397563,2c97uahgyq248dykwkwg1rxcb5nnj0,,2026-01-17 17:25:35,2026-01-17
300,Müller,Lisa,,contacted,,,,,,,,,,,,,,,,Facharzt,Radiologie,,"ist aktuell 08/2022 dabei, sich beruflich umzuorientieren und kein Interesse",lisa.müller@web.de,+49 1895153498,,2026-01-17 14:33:19.397563,1p3t1fwsab25iqx6sz7i07jf4nbe0w,,2026-01-17 17:25:35,2026-01-17
301,Fischer,Isabella,,contacted,,,,,,,,,,,,,,,,Facharzt,Radiologie,,kein Interesse,isabella.fischer@gmail.com,+49 1219200097,,2026-01-17 14:33:19.398553,18prw5xn8w0mj7rgjnc100i7m569rp,,2026-01-17 17:25:35,2026-01-17
302,Bauer,Alina,Dr.,contacted,,,,,,,,,,,,,,,,Facharzt,Radiologie,,Kardiodiagnostik,alina.bauer@web.de,+49 1666845252,,2026-01-17 14:33:19.398553,2mf08s9bu105j6yc4rsg2id7qoqrb1,,2026-01-17 17:25:35,2026-01-17
303,Becker,Paula,Dr.,contacted,,,,,,,,,,,,,,,,Facharzt,Radiologie,,"Freelancer, Rhein Main Gebiet",paula.becker@outlook.com,+49 1145723281,,2026-01-17 14:33:19.398553,0j93xhcpdo0efvnbbzdf24e1uo4b7t,,2026-01-17 17:25:35,2026-01-17
304,Hoffmann,Laura,,contacted,,,,,,,,,,,,,,,,Facharzt,Radiologie,,"niedergelassene Ärztin, aktuell 07/2022 kein Interesse an einem Wechsel",laura.hoffmann@gmail.com,+49 1643058623,,2026-01-17 14:33:19.398553,09ohnpqn0q2ozc5bakqk2jvu3errcl,,2026-01-17 17:25:35,2026-01-17
305,Fischer,Klara,,interested,,,,,,,,,,,,,,,,Facharzt,Radiologie,,,klara.fischer@web.de,+49 1671511286,,2026-01-17 14:33:19.398553,03wxrjzxu32musf9c0uy26va5wbikl,,2026-01-17 17:25:35,2026-01-17
306,Schulz,Mara,Dr.,contacted,,,,,,,,,,,,,,,,Facharzt,Radiologie,,,mara.schulz@gmail.com,+49 1161362232,,2026-01-17 14:33:19.398553,1e824kgerm0yerhfm9812q0s98mwzr,,2026-01-17 17:25:35,2026-01-17
307,Becker,Klara,,contacted,,,,,,,,,,,,,,,,Facharzt,Radiologie,,aktuell kein Interesse 11/2020,klara.becker@outlook.com,+49 1024816574,,2026-01-17 14:33:19.398553,1w0pjel6im0vdt7yll191m81vp4ggl,,2026-01-17 17:25:35,2026-01-17
309,Schulz,Mila,Dr. med.,contacted,,,,,,,,,,,,,,,,Facharzt,Radiologie,,,mila.schulz@web.de,+49 1371693802,,2026-01-17 14:33:19.399563,003se14wpb127ey9skfl2ggehtej3x,,2026-01-17 17:25:35,2026-01-17
310,Weber,Sophie,,contacted,,,,,,,,,,,,,,,,Facharzt,Radiologie,,"21.02.2023 - TP:
Leitung Martinus angeboten - Email


05.08.2021: Email gesendet. Hatte mit Morozov tel. 
https://www.radiologie-koeln-nord.de/aerzte-artikel/articles/carsten-bolm.html",sophie.weber@yahoo.de,+49 1998940097,,2026-01-17 14:33:19.399563,19je3zvx4n1nisjo47a220r0efkvc3,,2026-01-17 17:25:35,2026-01-17
311,Schulz,Johanna,Dr.,contacted,,,,,,,,,,,,,,,,Facharzt,Radiologie,nur Management,"15.02.2023 - TP:
Sehr geehrter Herr Putilin,

Ihre Kollegin Frau Boss war diesbezüglich bereits auf mich zugekommen und wir haben festgestellt, dass es aktuell nicht passt.
Lassen Sie mich aber gern wissen, wenn Sie Angebote mit rein strategisch/operativen (nicht klinischen) Aufgaben erhalten.

Mit freundlichen Grüßen,
Georg Böning

ÄL in Berlin angeboten


ist PD Dr Dr - nur wenn CA Position",johanna.schulz@web.de,+49 1570930062,,2026-01-17 14:33:19.399563,0zhaf3o4xw1kqe8qd7i70glei5cpta,,2026-01-17 17:25:35,2026-01-17
312,Hartmann,Mila,,contacted,,,,,,,,,,,,,,,,Facharzt,Radiologie,,,mila.hartmann@web.de,+49 1115201810,,2026-01-17 14:33:19.399563,02mampkmb810d5mhv38d0rv73k6815,,2026-01-17 17:25:35,2026-01-17
313,Schneider,Isabella,Dr.,contacted,,,,,,,,,,,,,,,,Facharzt,Radiologie,,12/2020 fängt bei blikk Herne an,isabella.schneider@yahoo.de,+49 1433102271,,2026-01-17 14:33:19.399563,1q2l1g2vit1zl1pr6cln202td7goka,,2026-01-17 17:25:35,2026-01-17
314,Becker,Lea,Dr.,contacted,,,,,,,,,,,,,,,,Facharzt,Radiologie,,,lea.becker@web.de,+49 1618147110,,2026-01-17 14:33:19.399563,1pid8qs7y11noorokq1c1bahk76688,,2026-01-17 17:25:35,2026-01-17
315,Fischer,Sarah,,contacted,,,,,,,,,,,,,,,,Facharzt,Radiologie,,,sarah.fischer@web.de,+49 1894120324,,2026-01-17 14:33:19.399563,1u7evkfzwh1dgd0viip01anwp97epn,,2026-01-17 17:25:35,2026-01-17
316,Zimmermann,Alina,Dr.,contacted,,,,,,,,,,,,,,,,Facharzt,Radiologie,,aktuell 08/2022 in Rente,alina.zimmermann@outlook.com,+49 1065502203,,2026-01-17 14:33:19.399563,0nbnksp9yo0rkbzhh4en21a04zcho9,,2026-01-17 17:25:35,2026-01-17
317,Schneider,Paula,Dr.,contacted,,,,,,,,,,,,,,,,Facharzt,Radiologie,,,paula.schneider@gmail.com,+49 1464567361,,2026-01-17 14:33:19.399563,1aj85pmdjd0s1dp0wq6w278js2zbjn,,2026-01-17 17:25:35,2026-01-17
318,Richter,Mila,Dr.,contacted,,,,,,,,,,,,,,,,Facharzt,Radiologie,,ist noch AA für Radiologie,mila.richter@gmail.com,+49 1903787148,,2026-01-17 14:33:19.399563,0vsra57sk420edtdslnz1a97qarz5p,,2026-01-17 17:25:35,2026-01-17
319,Wolf,Klara,Dr.,interested,,,,,,,,,,,,,,,,Facharzt,Radiologie,nur Ruhrgebiet,"18.11.2020 - TP:
Düsseldorf kommt aktuell leider nicht in Frage für mich. Vielen Dank trotzdem für das Angebot. 
Viele Grüße aus Dortmund,",klara.wolf@yahoo.de,+49 1044400732,,2026-01-17 14:33:19.401082,0g0tdqj0062p5y2m4znb1dpczaki3r,,2026-01-17 17:25:35,2026-01-17
320,Meyer,Lena,,contacted,,,,,,,,,,,,,,,,Facharzt,Radiologie,,,lena.meyer@web.de,+49 1530565610,,2026-01-17 14:33:19.401082,02yob0ec3s1o160xq3081ojnclon5v,,2026-01-17 17:25:35,2026-01-17
321,Weber,Emma,,contacted,,,,,,,,,,,,,,,,Facharzt,Radiologie,braucht nur noch 100 Interventionen bis FA,"07.03.2024 - TP: fehlen nur noch 100 Interventionen bis FA.
Hatte sich in der Vergangenheit schon bei Prof. Tepe vorgestellt in Rosenheim aber nicht zusammengekommen
ist reiner Radiologe und will auch bleiben
kann auch gerne als AA starten",emma.weber@web.de,+49 1812453719,,2026-01-17 14:33:19.401082,2ju9kthxxh03enadof471ao837fsoq,,2026-01-17 17:25:35,2026-01-17
322,Müller,Mila,,contacted,,,,,,,,,,,,,,,,Facharzt,Radiologie,,"22.12.2022 - vmartynenko:
sucht erst ab September 2023 in München.
Lebt in Münchener Westen",mila.müller@outlook.com,+49 1181231167,,2026-01-17 14:33:19.401082,14tc4dl4sl0dzdlrmnfv0q0zo82bhk,,2026-01-17 17:25:35,2026-01-17
324,Fischer,Mila,Dr.,contacted,,,,,,,,,,,,,,,,Facharzt,Radiologie,,,mila.fischer@yahoo.de,+49 1742982251,,2026-01-17 14:33:19.401082,1vmxvtx72z1tr97a9wqz126ujfy8tj,,2026-01-17 17:25:35,2026-01-17
325,Wolf,Lena,Dr.,interested,,,,,,,,,,,,,,Ltd. OA,"Ltd. OA, Chefarzt, Standortleiter",Facharzt,Radiologie,will Praxis-Klinikmanagement,"13.02.2023 - TP:
Aufgrund meiner Managementausbildung strebe ich eine verantwortungsvollere Aufgabe im Praxis-Klinikmanagement an, so dass Ihnen somit leider absagen muss. 

08.02.2023 - TP: 
Moin Frau Boss,

vielen Dank für Ihr Stellenangebot, welches wirklich sehr interessant klingt.

Ein paar Fragen hätte ich allerdings:
1. Wie wäre der zeitliche Anteil vom Tagesgeschäft, für den man für die organisatorischen Tätigkeiten freigestellt werden würde? 
2. Da ich seit 3 Jahren Chefarztvertretung bin, zudem Hygiene-Beauftragte Ärztin, TÜV-geprüfte QM-Beauftragte + -Auditorin, ein international abgeschlossenes Studium mit Doktortitel vorweisen kann und zur Zeit (in der Endphase) Krankenhausmanagement (MSc) studiere, fällt meine Gehaltsvorstellung allerdings deutlich höher aus als das aus Ihrem Angebot. Sehen Sie da einen Verhandlungspielraum? 
3. Mein Spezialgebiet ist MSK. Wäre das im betrieblichen Alltag umsetzbar? 

Über eine Rückmeldung würde ich mich sehr freuen.

Herzlichen Gruß aus HH

Melanie Buurman",lena.wolf@web.de,+49 1867116760,,2026-01-17 14:33:19.401082,16pqw7tus701434a4mxv1b4h3tgk6r,,2026-01-17 17:25:35,2026-01-17
326,Müller,Klara,,contacted,,,,,,,,,,,,,,,,Facharzt,Radiologie,,,klara.müller@yahoo.de,+49 1947675922,,2026-01-17 14:33:19.402119,15j2jsl1bs0yawus35181zqy8xc9cy,,2026-01-17 17:25:35,2026-01-17
327,Klein,Nina,,contacted,,,,,,,,,,,,,,,,Assistenzarzt,Radiologie,,,nina.klein@gmail.com,+49 1667823857,,2026-01-17 14:33:19.402119,25c8rr1zei05z6dlslz212jwy23l1g,,2026-01-17 17:25:35,2026-01-17
328,Koch,Lena,,contacted,,,,,,,,,,,,,,,,Facharzt,Radiologie,,ist noch Assistenzärztin,lena.koch@yahoo.de,+49 1894052485,,2026-01-17 14:33:19.402119,2q8azgx0ax1qw22v1ain11xstrk2ex,,2026-01-17 17:25:35,2026-01-17
329,Schmidt,Anna,Dr.,contacted,,,,,,,,,,,,,,,,Facharzt,Radiologie,,Neurochirurgie,anna.schmidt@web.de,+49 1230436165,,2026-01-17 14:33:19.402119,25upl2l4b71syaxkabay29hou471b2,,2026-01-17 17:25:35,2026-01-17
330,Schneider,Johanna,,contacted,,,,,,,,,,,,,,,,Facharzt,Radiologie,,,johanna.schneider@yahoo.de,+49 1724284248,,2026-01-17 14:33:19.402631,0eeleqdk5h0r59tsgsms0q2ai8i819,,2026-01-17 17:25:35,2026-01-17
331,Bauer,Mara,Dr.,contacted,,,,,,,,,,,,,,,,Facharzt,Radiologie,will einen Anteil Home Office,,mara.bauer@outlook.com,+49 1387826439,,2026-01-17 14:33:19.402631,0ubnadrxpk14qh2ua5xw14uybdql6p,,2026-01-17 17:25:35,2026-01-17
117,Fischer,Lisa,Dr.,interested,,,,,,,,,,"CH, berlin, hamburg, stuttgart",,,,,,Doppelfacharzt,"Radiologie, Nuklearmedizin","Schweiz, Stuttgart, Hamburg, Berlin","17.07.2024 - TP: Tel. Rosenheim vorgestellt. Kann erst ab 01.04.2025 wechseln. 
ab 260k
ist Leiter der Nuk",lisa.fischer@outlook.com,+49 1797433118,,2026-01-17 14:33:19.371588,2q4tfn0c7526x1ipfwy90xusn0pwuh,,2026-01-17 17:25:35,2026-01-17
128,Hartmann,Paula,Dr.,contacted,,,,,,,,,,münchen,,,,,,Doppelfacharzt,"Radiologie, Nuklearmedizin",bei Conradia München,,paula.hartmann@yahoo.de,+49 1728272179,,2026-01-17 14:33:19.373612,0xuj6qinvg1ld6fm23u10edm5f8wd9,,2026-01-17 17:25:35,2026-01-17
332,Becker,Alina,Dr.,contacted,,,,,,,,,,,,,,,,Facharzt,Radiologie,,aktuell 07/2022 kein Interesse,alina.becker@web.de,+49 1656394445,,2026-01-17 14:33:19.402631,0re3r2ky100nx6kucg9e2aun2sp9eq,,2026-01-17 17:25:35,2026-01-17
335,Weber,Sarah,,contacted,,,,,,,,,,,,,,,,Facharzt,Radiologie,,,sarah.weber@gmail.com,+49 1575909893,,2026-01-17 14:33:19.402631,00fozrz4dg2r1508xst91fvm32hekp,,2026-01-17 17:25:35,2026-01-17
337,Krüger,Julia,,contacted,,,,,,,,,,,,,,,,Assistenzarzt,Radiologie,noch keine Erfahrung,,julia.krüger@gmail.com,+49 1361974964,,2026-01-17 14:33:19.403653,2b5lc7du9w2p8c9wvx4l0651fb82rk,,2026-01-17 17:25:35,2026-01-17
338,Wagner,Klara,,contacted,,,,,,,,,,,,,,,,Facharzt,Radiologie,,aktuell 07/2022 zufrieden mit Stelle und kein Interesse an einem Wechsel,klara.wagner@outlook.com,+49 1560602474,,2026-01-17 14:33:19.403653,10iv8l3ems2kxnoocnob1o9ubrrz19,,2026-01-17 17:25:35,2026-01-17
339,Schmidt,Alina,Dr.,interested,,,,,,,,,,,,,,,,Facharzt,Radiologie,,05.04.2023 - TP:,alina.schmidt@outlook.com,+49 1122972389,,2026-01-17 14:33:19.403653,1ycpk1qloe19nbmxszz71vdgfd9dta,,2026-01-17 17:25:35,2026-01-17
340,Wolf,Lea,Dr.,contacted,,,,,,,,,,,,,,Freelancer,,Facharzt,Radiologie,Türkei - Freelancer,Freelancer,lea.wolf@web.de,+49 1134869178,,2026-01-17 14:33:19.403653,1lgay4udm92ab5z2r50529le24493h,,2026-01-17 17:25:35,2026-01-17
341,Hoffmann,Mara,Dr.,contacted,,,,,,,,,,,,,,Freelancer,,Facharzt,Radiologie,schlechtes Benehmen med360 Straßlach Termin,19.09.2024 - TP: ist 80 Jahre alt. Hatte eine eigene Praxis in München. Kann alles,mara.hoffmann@yahoo.de,+49 1017719980,,2026-01-17 14:33:19.403653,1jmg53shua0o1kefnff50kcpzehubr,,2026-01-17 17:25:35,2026-01-17
334,Bauer,Isabella,,interested,,,,,,,,,,"aachen, köln",,,,,,Facharzt,Radiologie,Aachen-Köln linksrheinisch,"ist Ltd. OA in Aachen

21.02.2023 - TP:


hat OA Stelle - junger FA - nur Aachen-Köln linksrheinisch",isabella.bauer@outlook.com,+49 1195547342,,2026-01-17 14:33:19.402631,16o98q9do90gnsnb9lli0vupg50ozx,,2026-01-17 17:25:35,2026-01-17
146,Schwarz,Isabella,Dr.,interested,,,,,,,,,,,,,,,,Facharzt,Nuklearmedizin,"nur Nuk, kein MRT","07.03.2024 - TP:
ihm ist das Gesamtkonzept wichtig. Auch Vergütung ist wichtig.  Ist Nuklearmediziner Pur. 

13.02.2024 - TP: vorgestllt bei Mergen",isabella.schwarz@outlook.com,+49 1372286815,,2026-01-17 14:33:19.37561,0atbtii5160yklqt0fs30gwa1h3raw,,2026-01-17 17:25:35,2026-01-17
342,Hoffmann,Elena,Dr.,interested,,,,,,,,,,,,,,,,Facharzt,Radiologie,will mit Beteiligung,"09.02.2023 - TP: Berlin Conradia angeschrieben


07.10.2022 - TP: Lin geschrieben. Will als Gesellschafter irgendwo einsteigen. Vereibart, dass ich ihm etwas anbieten kann, wenn mit Beteiligugnsoption. 


neue Stelle 04/2022 Facharzt Radiologie bei Diagnostikum Wildau.",elena.hoffmann@yahoo.de,+49 1525514772,,2026-01-17 14:33:19.403653,1gw1yd0ptc1b7ml3fs602a31p3jorp,,2026-01-17 17:25:35,2026-01-17
343,Schneider,Lisa,,contacted,,,,,,,,,,,,,,,,Facharzt,Radiologie,,,lisa.schneider@web.de,+49 1422387731,,2026-01-17 14:33:19.403653,2b96ae5cxi2jyxm1rrth0hb3g56eye,,2026-01-17 17:25:35,2026-01-17
344,Klein,Paula,Dr.,interested,,,,,,,,,,,,,,Ltd. OA,"Ltd. OA, Chefarzt, Standortleiter",Facharzt,Radiologie,SP MSK,"15.02.2023 - TP: ÄL Conradia Berlin angeboten


will erst APL zuende machen",paula.klein@web.de,+49 1522758741,,2026-01-17 14:33:19.404655,09p51gkeco05ly2m0ol50fwhq47zfi,,2026-01-17 17:25:35,2026-01-17
345,Hoffmann,Alina,,interested,,,,,,,,,,,,,,,,Assistenzarzt,Radiologie,AA Radiologie,"20.03.2024 - TP:
mein Name ist Nora Dimitrova und derzeit bin ich auf der suche nach eine Stelle als Assistenzärztin für Radiologie. Ich habe Ihre Anzeige im Internet gelesen, dass Ärzte für MVZ gesucht werden. Könnten Sie mir bitte noch darüber erzählen ?",alina.hoffmann@gmail.com,+49 1298675196,,2026-01-17 14:33:19.404655,2mb78bd48827hz7otwm72bxzib7ff8,,2026-01-17 17:25:35,2026-01-17
346,Wagner,Klara,Dr.,contacted,,,,,,,,,,,,,,,,Facharzt,Radiologie,,Freelancer,klara.wagner@outlook.com,+49 1324995350,,2026-01-17 14:33:19.404655,1mlmv18cvw1y1ismjoll0se612in72,,2026-01-17 17:25:35,2026-01-17
347,Weber,Julia,,contacted,,,,,,,,,,,,,,,,Facharzt,Radiologie,,nur in Bayern oder Österreich,julia.weber@web.de,+49 1299810236,,2026-01-17 14:33:19.404655,13p66726170qpkzs4yb51nhw5mw6q4,,2026-01-17 17:25:35,2026-01-17
348,Klein,Emma,Dr.,contacted,,,,,,,,,,,,,,Ltd. OA,"Ltd. OA, Chefarzt, Standortleiter",Facharzt,Radiologie,,,emma.klein@gmail.com,+49 1647096079,,2026-01-17 14:33:19.404655,03p3tp7qvu1og0ym3c0121356ss87h,,2026-01-17 17:25:35,2026-01-17
349,Zimmermann,Klara,Dr.,contacted,,,,,,,,,,,,,,,,Facharzt,Radiologie,,,klara.zimmermann@gmail.com,+49 1916726696,,2026-01-17 14:33:19.404655,0np0wh3n7j0ivvmd95dw1l2rufq8ex,,2026-01-17 17:25:35,2026-01-17
350,Meyer,Laura,,contacted,,,,,,,,,,,,,,,,Facharzt,Radiologie,seit 08/2024 Die Radiologie,,laura.meyer@yahoo.de,+49 1234141924,,2026-01-17 14:33:19.404655,1wcydj4gmo2pinytl93z2f00phwiq3,,2026-01-17 17:25:35,2026-01-17
351,Schmidt,Mila,,contacted,,,,,,,,,,,,,,,,Facharzt,Radiologie,,"legt aktuell noch Facharztprüfung ab, Mitte 2023 wieder kontaktieren",mila.schmidt@web.de,+49 1343452204,,2026-01-17 14:33:19.405653,1zz7sm1y000axuaphldm0ds7rvlxk7,,2026-01-17 17:25:35,2026-01-17
353,Koch,Nina,Dr.,contacted,,,,,,,,,,,,,,,,Facharzt,Radiologie,,HH oder nördlich. Gerne auch OA in Klinik mit Diensten,nina.koch@yahoo.de,+49 1047081433,,2026-01-17 14:33:19.405653,0flt52f71m1klew9pj9214ze2xxzo8,,2026-01-17 17:25:35,2026-01-17
352,Hoffmann,Alina,Dr.,interested,,,,,,,,,,hamburg,,,,Ltd. OA,"Ltd. OA, Chefarzt, Standortleiter",Facharzt,Radiologie,ist Standortleiter MVZ Radiologische Allianz HH,ist Standortleiter MVZ,alina.hoffmann@outlook.com,+49 1044790434,,2026-01-17 14:33:19.405653,273h3a4t4b12e10xw3f719kqgwetab,,2026-01-17 17:25:35,2026-01-17
354,Koch,Elena,,contacted,,,,,,,,,,,,,,,,Facharzt,Radiologie,,,elena.koch@yahoo.de,+49 1355690183,,2026-01-17 14:33:19.405653,2esfs0u8mm1hg2gwol510t8ndzgpci,,2026-01-17 17:25:35,2026-01-17
358,Richter,Lena,,interested,,,,,,,,,,,True,,,Facharzt,Gesellschafter,Facharzt,Radiologie,Frankfurt und Umgebung,"letzte Praxis wurde Beteiligung versprochen und dann an Investor verkauft. will Beteiligung 
von Bader abgelehnt
SP MSK und Prostata, von den 500 für Q2 fehlen noch 300. Wie viele Prosstata machen die da? 
Kann kein Herz und keine Mamma. 
Ehefrau arbeitet auch 100% und haben ein kleines Kind. Großeltern sind in der Nähe. 
Wie viel Prozent kann man übernehmen? Minderheitsbeteiligung oder gleichwertig?",lena.richter@gmail.com,+49 1923214385,,2025-07-17 23:59:00,1zc1fbywyx1p4n93adrp0f3ztr9pfm,Tel.,2026-01-17 17:25:35,2026-01-17
360,Klein,Laura,,contacted,,,,,,,,,,,,,,,,Facharzt,Radiologie,,,laura.klein@web.de,+49 1238643582,,2026-01-17 14:33:19.406654,2mmjwenncd1lnjnhl9t9008bpxfncu,,2026-01-17 17:25:35,2026-01-17
361,Schneider,Sarah,Dr.,contacted,,,,,,,,,,,,,,,,Facharzt,Radiologie,,interessiert an NRW,sarah.schneider@outlook.com,+49 1337396971,,2026-01-17 14:33:19.406654,09cwl1vdvg2r9abdnnnx18n0945ru7,,2026-01-17 17:25:35,2026-01-17
363,Wagner,Emma,Dr.,contacted,,,,,,,,,,,,,,,,Facharzt,Radiologie,,,emma.wagner@yahoo.de,+49 1900726467,,2026-01-17 14:33:19.406654,1uqpegns0s1s6i8kcb011dkhihgirv,,2026-01-17 17:25:35,2026-01-17
364,Schwarz,Lisa,Dr.,contacted,,,,,,,,,,,,,,,,Facharzt,Radiologie,,,lisa.schwarz@outlook.com,+49 1123503088,,2026-01-17 14:33:19.406654,1o5s6mnsvd1c4hqs9k6k2ml9oeeof6,,2026-01-17 17:25:35,2026-01-17
365,Bauer,Lena,,contacted,,,,,,,,,,,,,,,,Facharzt,Radiologie,,"05.04.2023 - TP:
Wunschposition: FA in einer Praxis oder einem MVZ
Wechselmotivation: Will keine Dienste mehr weil geheiratet

aktuelles Gehalt:
Wunschgehalt: 150k

Verfügbarkeit zeitlich: 6 Wochen zum Q Ende
Verfügbarkeit räumlich: Schleswig Holstein oder HH

Wo schon selbst beworben: in Kiel 2 Praxen

01.01.22 FA in Kiel
Will Praxis
Hat OA Stellen und müsste dann Hintergrund machen
Angionotfälle müsste er kommen
Richtung Praxis
Will in Kiel bleiben
Ist seit 7 Jahre da
Bis HH geht aber lieber im Norden
AT will und Gemütlichkeit und Kollegen nette
In Kiel schon beworben, aber nicht interessant
40-50 CT und MRT befunden
Schnittbild interesant
Q1 und Q2 Herz MRT Kunse hat er schon
Interesse Herzdiagnostik
MSK auch weiter vertiefen
Im KH ist viele onkologie und trauma und ist langweilig
6 Wochen zum Q-Ende
150k pro Monat in Kiel
Wichtig kollegen und atmosphäre",lena.bauer@web.de,+49 1389064084,,2026-01-17 14:33:19.406654,0ae2p64qyw2dje3418fh1nazmw1x2u,,2026-01-17 17:25:35,2026-01-17
366,Wagner,Lea,Dr.,contacted,,,,,,,,,,,,,,,,Facharzt,Radiologie,,,lea.wagner@yahoo.de,+49 1153465014,,2026-01-17 14:33:19.406654,0u2lilq9ps0h9feprup82r0mdvhplq,,2026-01-17 17:25:35,2026-01-17
368,Bauer,Lea,Dr.,contacted,,,,,,,,,,,,,,,,Facharzt,Radiologie,,,lea.bauer@yahoo.de,+49 1085319345,,2026-01-17 14:33:19.406654,2gwpc9vw4e13pjrsn61e1x4b4j78wx,,2026-01-17 17:25:35,2026-01-17
369,Schmidt,Sarah,,contacted,,,,,,,,,,,,,,,,Assistenzarzt,Radiologie,,,sarah.schmidt@gmail.com,+49 1678789291,,2026-01-17 14:33:19.406654,20imke1ixc26uwtdflu30ta6e6zujg,,2026-01-17 17:25:35,2026-01-17
370,Hartmann,Sarah,Dr.,contacted,,,,,,,,,,,,,,,,Facharzt,Radiologie,,03/2022 in der Schweiz angefangen,sarah.hartmann@outlook.com,+49 1977287201,,2026-01-17 14:33:19.408191,1umqa3uoi20k9ooq6b2416erljs435,,2026-01-17 17:25:35,2026-01-17
371,Bauer,Julia,,contacted,,,,,,,,,,,,,,,,Facharzt,Radiologie,,sh Anmerkungen,julia.bauer@gmail.com,+49 1295688919,,2026-01-17 14:33:19.408191,0vd29u60900u9pb4p0j71xno3r760o,,2026-01-17 17:25:35,2026-01-17
372,Müller,Isabella,Dr.,contacted,,,,,,,,,,,,,,,,Facharzt,Radiologie,,,isabella.müller@outlook.com,+49 1498728305,,2026-01-17 14:33:19.408191,1k2qn9205112ktbh583g0pice8xze3,,2026-01-17 17:25:35,2026-01-17
373,Wolf,Lisa,Dr.,contacted,,,,,,,,,,,,,,,,Facharzt,Radiologie,,"Raum Stuttgart und München, gerne Gesellschafter",lisa.wolf@web.de,+49 1761220479,,2026-01-17 14:33:19.408191,2khqrspu0220sttzeoo3182horwhoi,,2026-01-17 17:25:35,2026-01-17
375,Klein,Julia,,contacted,,,,,,,,,,,,,,,,Facharzt,Radiologie,,,julia.klein@gmail.com,+49 1422189536,,2026-01-17 14:33:19.408191,23jsc15dgb1xnoomzxw01vjc9cgd2m,,2026-01-17 17:25:35,2026-01-17
376,Hoffmann,Mara,Dr.,contacted,,,,,,,,,,,,,,,,Facharzt,Radiologie,aktuell bei Siemens,,mara.hoffmann@gmail.com,+49 1637029422,,2026-01-17 14:33:19.408191,0r6wrhclts0zw89xdpdy131eu15g99,,2026-01-17 17:25:35,2026-01-17
377,Müller,Johanna,,contacted,,,,,,,,,,,,,,,,Facharzt,Radiologie,,,johanna.müller@outlook.com,+49 1984417246,,2026-01-17 14:33:19.409252,1y32wd1fce1f0r7ntjzf1afas1pzjw,,2026-01-17 17:25:35,2026-01-17
379,Wagner,Clara,Dr.,interested,,,,,,,,,,,,,,,,Facharzt,Radiologie,Uni Düsserldorf,"22.09.2022 - TP:

vielen Dank für Ihr Angebot. Vorerst werde ich weiter am Universitätsklinikum Düsseldorf bleiben.",clara.wagner@outlook.com,+49 1744711299,,2025-08-26 23:59:00,05zhepoz2p0vtkkvdm9y0hjjarblak,LinkedIn,2026-01-17 17:25:35,2026-01-17
380,Wagner,Emma,,contacted,,,,,,,,,,,,,,,,Facharzt,Radiologie,,,emma.wagner@outlook.com,+49 1195633004,,2026-01-17 14:33:19.409252,2n8ez5j5g11omb49qdkl2lsq7f39p9,,2026-01-17 17:25:35,2026-01-17
381,Klein,Klara,,contacted,,,,,,,,,,,,,,,,Facharzt,Radiologie,,Angebote nur Leipzig interessant,klara.klein@yahoo.de,+49 1124035411,,2026-01-17 14:33:19.409252,0quepefer22ebynd9xh81r0vg7036t,,2026-01-17 17:25:35,2026-01-17
384,Weber,Maria,Dr.,contacted,,,,,,,,,,,,,,,,Facharzt,Radiologie,Süddeutschland,aktuell 06/2021 kein Interesse,maria.weber@outlook.com,+49 1639362116,,2026-01-17 14:33:19.410227,1q7ke6mqev0zvs1efxpw02cyfd79kb,,2026-01-17 17:25:35,2026-01-17
385,Richter,Elena,,contacted,,,,,,,,,,,,,,,,Facharzt,Radiologie,,hat sich damals gegen Haan und für Radprax entschieden - nur Ruhrgebiet,elena.richter@outlook.com,+49 1970395427,,2026-01-17 14:33:19.410227,1h9226upf10utj6pebuw0opkv38wfy,,2026-01-17 17:25:35,2026-01-17
387,Bauer,Klara,Dr.,interested,,,,,,,,,,,True,,,Ltd. OA,"Ltd. OA, Chefarzt, Standortleiter",Facharzt,Radiologie,ist Ü60,,klara.bauer@web.de,+49 1543360000,,2026-01-17 14:33:19.410227,26bp6hpl461fi70vo6a00zmn1wcria,,2026-01-17 17:25:35,2026-01-17
388,Neumann,Sarah,Dr.,contacted,,,,,,,,,,,,,,Ltd. OA,"Ltd. OA, Chefarzt, Standortleiter",Facharzt,Radiologie,aktuell,,sarah.neumann@gmail.com,+49 1805823104,,2026-01-17 14:33:19.410735,2k6wfku5z00vq29le3q000e3a9yev0,,2026-01-17 17:25:35,2026-01-17
390,Wagner,Lisa,,contacted,,,,,,,,,,,,,,,,Facharzt,Radiologie,,gesprochen über gemeinsames Start-Up in Radiologie,lisa.wagner@outlook.com,+49 1705855349,,2026-01-17 14:33:19.410735,0fxw0t305902i261v0tn160mztikja,,2026-01-17 17:25:35,2026-01-17
378,Hartmann,Paula,Dr.,interested,,,,,,,,,,saarland,,,,Ltd. OA,"Ltd. OA, Chefarzt, Standortleiter",Facharzt,Radiologie,Saarland und Umgebung,20.04.2023 - TP:,paula.hartmann@yahoo.de,+49 1614474486,,2026-01-17 14:33:19.409252,2jweisrupx1i802gf3p31d75qptwxc,,2026-01-17 17:25:35,2026-01-17
392,Richter,Anna,Dr.,contacted,,,,,,,,,,,,,,,,Facharzt,Radiologie,will Mitte/Ende 2023 in Praxis in Rhein-Main,"22.02.2023 - TP:
Vielen Dank für Ihre Email.
Berlin wäre aktuell aufgrund der örtlichen Bindung nicht realisierbar.
Gegen Mitte/ Ende des Jahres würde ich gerne hier im Umkreis in eine Praxis wechseln.
Inzwischen habe ich auch das Q2 Zertifikat für die Prostata.


30.06.2021: Tel. macht in Mainz gerade Weiterbildungen Prostata-MR Q2 Zertifikat + MSK Zertifikat. Will diese erstmal zu Ende machen. Hat dort 09/2020 für 3 Jahre unterschrieben. Kann auch früher raus. Macht Dienste und ist alleinerziehend. Will auch gerne Schweiz. Vereinbart, dass ich Mitte 2022 anrufe. 

ab Mitte 2022 - auch Schweiz!!!",anna.richter@outlook.com,+49 1935535074,,2026-01-17 14:33:19.410735,10zqyk3rwg0zsv66u62b08lqc7vnot,,2026-01-17 17:25:35,2026-01-17
393,Becker,Emma,,contacted,,,,,,,,,,,,,,,,Facharzt,Radiologie,,,emma.becker@web.de,+49 1213151270,,2026-01-17 14:33:19.410735,2ayjmtu6uc0gwnbs4bgf087grpsdz2,,2026-01-17 17:25:35,2026-01-17
394,Bauer,Mila,,contacted,,,,,,,,,,,,,,,,Facharzt,Radiologie,,mehr als 25J. Facharzt,mila.bauer@web.de,+49 1370757360,,2026-01-17 14:33:19.410735,13aps46onu19ebe6jlh01g5k1m84dc,,2026-01-17 17:25:35,2026-01-17
395,Hoffmann,Clara,Dr.,contacted,,,,,,,,,,,,,,,,Facharzt,Radiologie,,,clara.hoffmann@gmail.com,+49 1671214410,,2026-01-17 14:33:19.410735,17z1z2pfjg15x6fd0b272ocya37u89,,2026-01-17 17:25:35,2026-01-17
396,Schwarz,Julia,Dr.,contacted,,,,,,,,,,,,,,,,Facharzt,Radiologie,,erst seit 01/2020 bei jetzigem AG in Führungsposition,julia.schwarz@yahoo.de,+49 1242782502,,2026-01-17 14:33:19.410735,03khlzmefw29n03kzon71p1jxuizwv,,2026-01-17 17:25:35,2026-01-17
398,Schwarz,Elena,,contacted,,,,,,,,,,,,,,,,Facharzt,Radiologie,,Mutterschutz bis 01/2023,elena.schwarz@outlook.com,+49 1261601695,,2026-01-17 14:33:19.410735,2hxpt9x8nh0ru2wq48nw00hr9dke8k,,2026-01-17 17:25:35,2026-01-17
399,Wolf,Julia,,contacted,,,,,,,,,,,,,,,,Facharzt,Radiologie,,"derzeit  08/222 nicht interessiert, da zurzeit in zweiter Weiterbildung zum FA Allgemeinmedizin befinde",julia.wolf@gmail.com,+49 1589395498,,2026-01-17 14:33:19.410735,0faypa71gb04v6ax6ag42hcdrj0n8h,,2026-01-17 17:25:35,2026-01-17
400,Schwarz,Alina,,contacted,,,,,,,,,,,,,,,,Facharzt,Radiologie,,,alina.schwarz@yahoo.de,+49 1727451357,,2026-01-17 14:33:19.410735,0dr3jk1fqm0toeq0x22u24gq79z903,,2026-01-17 17:25:35,2026-01-17
401,Koch,Julia,Dr.,contacted,,,,,,,,,,,,,,Ltd. OA,"Ltd. OA, Chefarzt, Standortleiter",Facharzt,Radiologie,Kardiovaskuläre Q3 Herz Zertifizierung,,julia.koch@yahoo.de,+49 1651855756,,2026-01-17 14:33:19.410735,12ejdjfizw0e9mh9unqq1kojvyfbqm,,2026-01-17 17:25:35,2026-01-17
406,Hartmann,Klara,Dr.,contacted,,,,,,,,,,,,,,,,Facharzt,Radiologie,,,klara.hartmann@gmail.com,+49 1982779936,,2026-01-17 14:33:19.413064,2cz7q2apqv29yatb7c0s0vfmldaxoy,,2026-01-17 17:25:35,2026-01-17
407,Bauer,Julia,Dr.,contacted,,,,,,,,,,,,,,,,Facharzt,Radiologie,,,julia.bauer@gmail.com,+49 1680475134,,2026-01-17 14:33:19.413064,0n242s9ijr19sgfgtutp157ly59z38,,2026-01-17 17:25:35,2026-01-17
408,Wagner,Elena,Dr.,contacted,,,,,,,,,,,,,,,,Facharzt,Radiologie,Teleradiologie,,elena.wagner@web.de,+49 1465378442,,2025-07-16 23:59:00,016nf6zpc70kuuv1i9hy0k4q57wwyy,LinkedIn,2026-01-17 17:25:35,2026-01-17
409,Wagner,Clara,,contacted,,,,,,,,,,,,,,,,Facharzt,Radiologie,,,clara.wagner@gmail.com,+49 1548653269,,2026-01-17 14:33:19.413717,27dt57bfcg0h0vfw86lf0x0r23k9hg,,2026-01-17 17:25:35,2026-01-17
410,Bauer,Mila,Dr.,contacted,,,,,,,,,,,,,,,,Facharzt,Radiologie,,aktuell 11/2020 keine Interesse,mila.bauer@web.de,+49 1006158364,,2026-01-17 14:33:19.413717,23d96grj7p1l4ex4e46629upt6sm3i,,2026-01-17 17:25:35,2026-01-17
411,Klein,Emma,,contacted,,,,,,,,,,,,,,,,Facharzt,Radiologie,,aktuell 11/2020 kein Interesse - aber wer weiß in Zukunft,emma.klein@gmail.com,+49 1448127582,,2026-01-17 14:33:19.413717,0svue7zdal2dnxccp08m0yf3ggzu2w,,2026-01-17 17:25:35,2026-01-17
412,Koch,Nina,,contacted,,,,,,,,,,,,,,,,Facharzt,Radiologie,,,nina.koch@gmail.com,+49 1915322957,,2026-01-17 14:33:19.413717,2l28uem36o1cmwray9a90gicp0wekp,,2026-01-17 17:25:35,2026-01-17
413,Müller,Sophie,,contacted,,,,,,,,,,,,,,,,Facharzt,Radiologie,,,sophie.müller@gmail.com,+49 1786910819,,2026-01-17 14:33:19.413717,0ov592qgmb2j4imkyw3a1zxmv2in53,,2026-01-17 17:25:35,2026-01-17
415,Meyer,Lisa,,contacted,,,,,,,,,,,,,,,,Facharzt,Radiologie,,,lisa.meyer@yahoo.de,+49 1393550329,,2026-01-17 14:33:19.413717,04y4fxuoa5291rs23m0w19eem61iud,,2026-01-17 17:25:35,2026-01-17
417,Becker,Elena,,contacted,,,,,,,,,,,,,,,,Assistenzarzt,Radiologie,,AA im 3. WB Jahr,elena.becker@web.de,+49 1354908297,,2026-01-17 14:33:19.4148,1q04n1i18i1jejqug1ic2iwuoi6qoq,,2026-01-17 17:25:35,2026-01-17
418,Schulz,Clara,,contacted,,,,,,,,,,,,,,,,Facharzt,Radiologie,,aktuell 08/2022 kein Interesse,clara.schulz@outlook.com,+49 1719134324,,2026-01-17 14:33:19.4148,2r7z48hwqm15sexay41v2cj13de8qh,,2026-01-17 17:25:35,2026-01-17
419,Becker,Julia,Dr.,contacted,,,,,,,,,,,,,,,,Assistenzarzt,Radiologie,,will interventionelle Radiologie,julia.becker@outlook.com,+49 1033763301,,2026-01-17 14:33:19.4148,2lr8qzz2hc2h6sg06h5i0b3iyi6ltj,,2026-01-17 17:25:35,2026-01-17
402,Weber,Lea,Dr.,contacted,,,,,,,,,,stuttgart,,,,Ltd. OA,"Ltd. OA, Chefarzt, Standortleiter",Facharzt,Radiologie,Raum Stuttgart auch Teilzeit,"13.02.2023 - TP:
war für Leiter Stuttgart im Prozess

30.01.2023 - TP:

 
26.01.2023 - TP:

keine Zertifikate

2016 Schnittbild

FA 2016 in die Niederlassung

keine Lust auf Interventionen

Richtung 200k im Jahr",lea.weber@outlook.com,+49 1159708404,,2026-01-17 14:33:19.410735,2neacef6mr10no8v5yt529y0f685ce,,2026-01-17 17:25:35,2026-01-17
416,Weber,Johanna,Dr.,interested,,,,,,,,,,hamburg,,,,,,Facharzt,Radiologie,Ltd. OA in Hamburg,Ltd. OA in Hamburg,johanna.weber@gmail.com,+49 1207217177,,2026-01-17 14:33:19.413717,2bygkzwhn91c95z7ruhj2ptb514cne,,2026-01-17 17:25:35,2026-01-17
423,Becker,Laura,Dr.,contacted,,,,,,,,,,,,,,,,Facharzt,Radiologie,,"ab 2022 neuer Job
Hat Q3 Herz",laura.becker@outlook.com,+49 1824912089,,2026-01-17 14:33:19.4148,0u3dbwbfb522vixy3v4m2f1btwqfa4,,2026-01-17 17:25:35,2026-01-17
424,Krüger,Emma,,contacted,,,,,,,,,,,,,,,,Facharzt,Radiologie,,will Gesellschafter werden,emma.krüger@gmail.com,+49 1400531329,,2026-01-17 14:33:19.415794,156x7zdrnv0a2iffjygz0qa3rl9du1,,2026-01-17 17:25:35,2026-01-17
425,Schmidt,Emma,,contacted,,,,,,,,,,,,,,,,Facharzt,Radiologie,,,emma.schmidt@gmail.com,+49 1735090674,,2026-01-17 14:33:19.415794,0e8s6493vl1y5do8etmb0ux01ygkqd,,2026-01-17 17:25:35,2026-01-17
427,Bauer,Clara,,contacted,,,,,,,,,,,,,,,,Assistenzarzt,Radiologie,,"23.11.2022 - TP:
med360 Bochum angeboten


vermutlich im letzten Weiterbildungsjahr",clara.bauer@web.de,+49 1584771782,,2026-01-17 14:33:19.415794,2k8qdzikye0gs1x5hlsn16oc4zhudi,,2026-01-17 17:25:35,2026-01-17
428,Richter,Lena,Dr.,contacted,,,,,,,,,,,,,,,,Facharzt,Radiologie,,,lena.richter@outlook.com,+49 1400317746,,2026-01-17 14:33:19.415794,2qhbohby1z1s6r4kfsyg2gcslavmt9,,2026-01-17 17:25:35,2026-01-17
430,Koch,Laura,Dr.,contacted,,,,,,,,,,,,,,"Ltd. OA, Chefarzt","Ltd. OA, Chefarzt, Standortleiter",Facharzt,Radiologie,,"Möchte auf keinen Fall zu Helios, sonst offen",laura.koch@yahoo.de,+49 1741592914,,2026-01-17 14:33:19.415794,00q0ebq3n90iuvj7cc0l0wqyb6rsp6,,2026-01-17 17:25:35,2026-01-17
431,Klein,Mila,Dr.,contacted,,,,,,,,,,,,,,,,Facharzt,Radiologie,,Leitender Arzt / CA,mila.klein@outlook.com,+49 1751870894,,2026-01-17 14:33:19.416768,1lnl47geid02ziktm8cs01te144wcy,,2026-01-17 17:25:35,2026-01-17
1249,Weber,Nina,,,,,,,,,,,,,,,,,,,,,,nina.weber@yahoo.de,+49 1242636801,,48113-11-21 00:00:01,,,2026-01-17 17:25:35,2026-01-17
432,Hartmann,Alina,Dr.,interested,,,,,,,,,,,,,,,,Assistenzarzt,Radiologie,AA Radiologie,aktuell noch Amtsärztin,alina.hartmann@yahoo.de,+49 1743090674,,2025-08-28 23:59:00,0u7uoqfw471gwrxes8vk29b372rct6,XING,2026-01-17 17:25:35,2026-01-17
435,Schneider,Johanna,Dr.,contacted,,,,,,,,,,,,,,,,Facharzt,Radiologie,,,johanna.schneider@web.de,+49 1807187173,,2026-01-17 14:33:19.416768,0510dc2enp1ixwf0cxnj1waejrdd54,,2026-01-17 17:25:35,2026-01-17
436,Koch,Paula,Dr.,contacted,,,,,,,,,,,,,,,,Facharzt,Radiologie,,letztes Jahr AA,paula.koch@web.de,+49 1593469702,,2026-01-17 14:33:19.416768,06kvwzcfge0c9lmynqjn0vjhr8trcm,,2026-01-17 17:25:35,2026-01-17
437,Krüger,Lena,,interested,,,,,,,,,,,,,,,,Facharzt,Radiologie,,Tritt eine neue Stelle am 1.1.2021. Daher derzeit kein Interesse.,lena.krüger@web.de,+49 1874586310,,2026-01-17 14:33:19.416768,0oa58xt1he0ko2o8b9xt1blddvppo4,,2026-01-17 17:25:35,2026-01-17
438,Richter,Sophie,Dr.,contacted,,,,,,,,,,,,,,,,Facharzt,Radiologie,aktuell 02/2023 nein,"16.02.2023 - TP:
Sehr geehrter Herr Putilin, herzlichen Dank für Ihr Angebot. Im Moment bin ich nicht interessiert. Herzliche Grüße, Dorett Hoffmann",sophie.richter@web.de,+49 1151174838,,2026-01-17 14:33:19.417804,2jlepmz73b2h0k3v54ux0dvtw9i99p,,2026-01-17 17:25:35,2026-01-17
439,Hoffmann,Johanna,Dr.,contacted,,,,,,,,,,,,,,,,Facharzt,Radiologie,,,johanna.hoffmann@gmail.com,+49 1999319094,,2026-01-17 14:33:19.417804,0y6qlcjjgb1l6bb8g14l00vjyo588z,,2026-01-17 17:25:35,2026-01-17
356,Krüger,Elena,Dr.,contacted,,,,,,,,,,,,,,,,Facharzt,Radiologie,,aktuell 06/2022 kein Interesse,elena.krüger@yahoo.de,+49 1478336023,,2026-01-17 14:33:19.405653,0e6hv1y6090kt7j4c1os0vroy18mk8,,2026-01-17 17:25:35,2026-01-17
357,Klein,Sarah,,contacted,,,,,,,,,,,,,,,,Assistenzarzt,Radiologie,,,sarah.klein@gmail.com,+49 1911542600,,2026-01-17 14:33:19.405653,16gfk3yspm2jg5o1o2pd02215msae1,,2026-01-17 17:25:35,2026-01-17
441,Hoffmann,Sophie,,contacted,,,,,,,,,,,,,,,,Facharzt,Radiologie,,"24.11.2022 - TP: Ich bin zur Zeit sehr zufrieden mit meiner Arbeitsstelle und suche im Moment keine weitere.
Trotzdem danke für Ihr Angebot.


21.11.2022 - TP: XING Leitung Martinus KH med360 angeboten",sophie.hoffmann@web.de,+49 1182749338,,2026-01-17 14:33:19.417804,1fwzkhoa211yed8wet1z1iz9yp7yyy,,2026-01-17 17:25:35,2026-01-17
443,Becker,Elena,Dr.,contacted,,,,,,,,,,,,,,,,Facharzt,Radiologie,,11/2020 - kein Interesse,elena.becker@yahoo.de,+49 1019804438,,2026-01-17 14:33:19.417804,1nv459ego42l8m0zgow62hg2rl46m2,,2026-01-17 17:25:35,2026-01-17
444,Zimmermann,Mara,Dr.,contacted,,,,,,,,,,,,,,,,Facharzt,Radiologie,,,mara.zimmermann@web.de,+49 1955851189,,2026-01-17 14:33:19.417804,1h5mo3kk8c2eub5hedtu106sevwcie,,2026-01-17 17:25:35,2026-01-17
445,Wagner,Julia,,interested,,,,,,,,,,,,,,Freelancer,,Facharzt,Radiologie,Freelancer,"15.02.2023 - TP:
Hallo Hr. Putilin
Danke sehr für ihr Angebot, das Angebot ist gut, aber momentan ich vertrete Ärzte in Praxen und suche nicht nach einer Festanstellung.
Ich wünsche Ihnen als Gute bei der Suche.",julia.wagner@gmail.com,+49 1160249665,,2025-09-10 23:59:00,1d2n6klfm92gztwa74gd0dxu1i4l5v,LinkedIn,2026-01-17 17:25:35,2026-01-17
446,Meyer,Lena,,contacted,,,,,,,,,,,,,,,,Facharzt,Radiologie,,,lena.meyer@yahoo.de,+49 1002776849,,2026-01-17 14:33:19.41878,11928c27oi1sdrucnrd10m671ddsjz,,2026-01-17 17:25:35,2026-01-17
447,Wagner,Isabella,Dr.,contacted,,,,,,,,,,,,,,,,Facharzt,Radiologie,,"18.03.2024 - TP:
aktuell 50% medneo und 50% Honorararzt
80-90% ambulant 
seit 11 Jahren FA 
will Vollzeit oder TZ 
150-160k
kennt alle Hersteller
hat keine Kündigungsfrist
Frankfurt und radius Wiesbaden, Gießen, Mainz, Darmstadt
ohne Interventionen
MRT CT Rö Sono
will ambulant bleiben - keine Dienste
langfristig",isabella.wagner@gmail.com,+49 1327971210,,2026-01-17 14:33:19.41878,020tyrelms29nuf5p0kp1gbueow0xl,,2026-01-17 17:25:35,2026-01-17
448,Neumann,Lisa,Dr.,contacted,,,,,,,,,,,,,,,,Facharzt,Radiologie,,Ltd. OA Hamburg Eppendorf,lisa.neumann@yahoo.de,+49 1773697191,,2026-01-17 14:33:19.41878,051ygntz281q3aryart60z643w1e61,,2026-01-17 17:25:35,2026-01-17
1250,Wagner,Paula,,,,,,,,,,,,,,,,,,,,,,paula.wagner@gmail.com,+49 1044967735,,48113-11-21 00:00:01,,,2026-01-17 17:25:35,2026-01-17
450,Müller,Laura,Dr.,interested,,,,,,,,,,,,,,Oberarzt,"Ltd. OA, Standortleiter",Facharzt,Radiologie,,Engelskirchen angefragt,laura.müller@gmail.com,+49 1906544994,,2025-08-28 23:59:00,0upnor2oc72dr2l2ugjv0zla5hx3hq,Email,2026-01-17 17:25:35,2026-01-17
451,Wolf,Johanna,Dr.,contacted,,,,,,,,,,,,,,,,Facharzt,Radiologie,,aktuell 11/2020 kein Interesse,johanna.wolf@outlook.com,+49 1786791846,,2026-01-17 14:33:19.41878,0bye85lcqf0n3wkotex818c2dn732p,,2026-01-17 17:25:35,2026-01-17
453,Wagner,Clara,,contacted,,,,,,,,,,,,,,,,Facharzt,Radiologie,,,clara.wagner@gmail.com,+49 1034660242,,2026-01-17 14:33:19.41878,0cuxm05e4n1isyq94sqa19c7tb51f9,,2026-01-17 17:25:35,2026-01-17
454,Müller,Clara,Dr.,contacted,,,,,,,,,,,,,,,,Facharzt,Radiologie,,kürzlich neuen Job angetreten,clara.müller@web.de,+49 1828423827,,2026-01-17 14:33:19.41878,16hhepy7861j0bt3ar790vvlpwb0ky,,2026-01-17 17:25:35,2026-01-17
455,Weber,Clara,Dr.,contacted,,,,,,,,,,,,,,,,Facharzt,Radiologie,,hat ein Buch geschrieben,clara.weber@yahoo.de,+49 1025114990,,2026-01-17 14:33:19.41878,2eek8voopc2iqadre31b0mj0d2yllv,,2026-01-17 17:25:35,2026-01-17
452,Wagner,Alina,Dr.,interested,,,,,,,,,,"düsseldorf, nordrhein-westfalen",,NRW,,Ltd. OA,"Ltd. OA, Chefarzt, Standortleiter",Facharzt,Radiologie,Gerne im Raum Düsseldorf,"ist Ltd. OA 

20.04.2023 - TP:
Remscheid zu weit weg. 

11.04.2023 - TP:
Leiter Remscheid vorgeschlagen",alina.wagner@yahoo.de,+49 1824087356,,2026-01-17 14:33:19.41878,2lobpxisn7095i3bzhhu1vej1a6ikr,,2026-01-17 17:25:35,2026-01-17
266,Schulz,Laura,,interested,,,,,,,,,,,,,,,,Facharzt,Radiologie,,ist OA in Helios Duisburg,laura.schulz@web.de,+49 1771656539,,2026-01-17 14:33:19.393579,1g04l3pjmr241kp1u26e0petbz5e96,,2026-01-17 17:25:35,2026-01-17
456,Fischer,Sophie,,contacted,,,,,,,,,,,,,,,,Facharzt,Radiologie,,interventionelle Radiologie,sophie.fischer@yahoo.de,+49 1736227162,,2026-01-17 14:33:19.41878,1il1ih0d1g00mep4ufg807ofow4sg3,,2026-01-17 17:25:35,2026-01-17
458,Meyer,Sarah,Dr.,contacted,,,,,,,,,,,,,,,,Facharzt,Radiologie,,nur Teilzeit - bundesweit,sarah.meyer@outlook.com,+49 1934874960,,2026-01-17 14:33:19.420319,23cym9r6tq2olpa78krk24w8flvsgr,,2026-01-17 17:25:35,2026-01-17
459,Schwarz,Emma,Dr.,contacted,,,,,,,,,,,,,,,,Facharzt,Radiologie,,,emma.schwarz@gmail.com,+49 1688572508,,2026-01-17 14:33:19.420319,0ccy05b5e60ca6ffa70k2je61a6l3v,,2026-01-17 17:25:35,2026-01-17
460,Becker,Lena,,contacted,,,,,,,,,,,,,,,,Facharzt,Radiologie,,,lena.becker@web.de,+49 1001254635,,2026-01-17 14:33:19.420319,2eez0by8co1cvggbtui11fn0ihkxyo,,2026-01-17 17:25:35,2026-01-17
461,Schwarz,Emma,,contacted,,,,,,,,,,,,,,,,Facharzt,Radiologie,,,emma.schwarz@outlook.com,+49 1646344591,,2026-01-17 14:33:19.420319,1uea1gqfx215nexetpy3249e57lx1s,,2026-01-17 17:25:35,2026-01-17
462,Fischer,Clara,Dr.,contacted,,,,,,,,,,,,,,,,Facharzt,Radiologie,,"22.02.2023 - TP:
Leitung Martinus angeboten",clara.fischer@gmail.com,+49 1587753655,,2026-01-17 14:33:19.420319,2178g4scn71i3ii5rtgz1tllwe9zyi,,2026-01-17 17:25:35,2026-01-17
463,Schulz,Paula,Dr.,interested,,,,,,,,,,,,,,,,Facharzt,Radiologie,,Engelskirchen angefragt,paula.schulz@yahoo.de,+49 1606547144,,2025-08-28 23:59:00,1swawg9m0g0brfcaqdaz2ey9yfddqc,Email,2026-01-17 17:25:35,2026-01-17
464,Schulz,Maria,,contacted,,,,,,,,,,,,,,,,Assistenzarzt,Radiologie,,,maria.schulz@yahoo.de,+49 1982304802,,2026-01-17 14:33:19.421334,0mcxgbv8xr0ryui7c3ox1uvx6crhzt,,2026-01-17 17:25:35,2026-01-17
465,Schmidt,Laura,Dr.,contacted,,,,,,,,,,,,,,,,Facharzt,Radiologie,,,laura.schmidt@outlook.com,+49 1166726690,,2026-01-17 14:33:19.421334,0d3fese1iy26q4jyt5f30pneppsl7r,,2026-01-17 17:25:35,2026-01-17
466,Richter,Maria,Dr.,contacted,,,,,,,,,,,,,,,,Facharzt,Radiologie,,aktuell 05/2021 nein,maria.richter@outlook.com,+49 1233534019,,2026-01-17 14:33:19.421334,13ndwnpsj71b1932b6cf1qt4hbnc30,,2026-01-17 17:25:35,2026-01-17
467,Schmidt,Alina,,contacted,,,,,,,,,,,,,,,,Assistenzarzt,Radiologie,,,alina.schmidt@gmail.com,+49 1243795247,,2026-01-17 14:33:19.421334,19hm87ryet0yee2rro571vie2o8res,,2026-01-17 17:25:35,2026-01-17
468,Koch,Julia,,contacted,,,,,,,,,,,,,,,,Facharzt,Radiologie,,,julia.koch@web.de,+49 1678501526,,2026-01-17 14:33:19.421334,2njpzz5wrt0zjdy4d1yl0f2woqws3u,,2026-01-17 17:25:35,2026-01-17
469,Wolf,Anna,Dr.,contacted,,,,,,,,,,,,,,,,Facharzt,Radiologie,,,anna.wolf@outlook.com,+49 1661909343,,2026-01-17 14:33:19.421334,17pb7dhmny1hp8uyacaw20tnjq39vx,,2026-01-17 17:25:35,2026-01-17
470,Schwarz,Alina,,interested,,,,,,,,,,,,,,,,Facharzt,Radiologie,,nur Süddeutschland,alina.schwarz@web.de,+49 1906043893,,2026-01-17 14:33:19.421334,259yhc71mk22j8jqzht71dopzp7l1t,,2026-01-17 17:25:35,2026-01-17
471,Hoffmann,Mara,Dr.,contacted,,,,,,,,,,,,,,,,Facharzt,Radiologie,,"aktuell 05/2021 kein Interesse, vielleicht später",mara.hoffmann@outlook.com,+49 1778117748,,2026-01-17 14:33:19.422353,0p04uq7ffh28s983ykgx1d315pyhex,,2026-01-17 17:25:35,2026-01-17
474,Krüger,Mara,Dr.,contacted,,,,,,,,,,,,,,,,Facharzt,Radiologie,,,mara.krüger@yahoo.de,+49 1407602743,,2026-01-17 14:33:19.422353,1n9oi0oefg14xzo5xtbd28384fymtn,,2026-01-17 17:25:35,2026-01-17
475,Becker,Klara,,interested,,,,,,,,,,,,,,,,Facharzt,Radiologie,,Engelskirchen angefragt,klara.becker@web.de,+49 1688938072,,2025-08-28 23:59:00,2k8yxziopu12ucd33d1k10yuanrqp6,Email,2026-01-17 17:25:35,2026-01-17
476,Hartmann,Paula,,contacted,,,,,,,,,,,,,,,,Facharzt,Radiologie,,,paula.hartmann@yahoo.de,+49 1266248949,,2026-01-17 14:33:19.422353,1r9hwwqhu311yp59py220ni2ubsy5s,,2026-01-17 17:25:35,2026-01-17
478,Schneider,Maria,Dr.,contacted,,,,,,,,,,,,,,,,Facharzt,Radiologie,,,maria.schneider@outlook.com,+49 1797590538,,2026-01-17 14:33:19.423345,25pwn55ty411g1j18p6b1n0l6n2f7p,,2026-01-17 17:25:35,2026-01-17
479,Weber,Mara,Dr.,contacted,,,,,,,,,,,,,,,,Facharzt,Radiologie,,,mara.weber@yahoo.de,+49 1444822668,,2026-01-17 14:33:19.423345,0vgu6eyuzb0dr6bnburx23q1zigkzv,,2026-01-17 17:25:35,2026-01-17
480,Zimmermann,Lea,,contacted,,,,,,,,,,,,,,,,Facharzt,Radiologie,,,lea.zimmermann@gmail.com,+49 1122745627,,2026-01-17 14:33:19.423345,2b0n31j8qc103ud5ptbc2lfl7sqnw9,,2026-01-17 17:25:35,2026-01-17
457,Richter,Sarah,Dr.,interested,,,,,,,,,,berlin,,,,,,Facharzt,Radiologie,nur Berlin,nur Berlin,sarah.richter@yahoo.de,+49 1771993103,,2026-01-17 14:33:19.420319,2derrak8ei1guua79lhq0gjlvijb27,,2026-01-17 17:25:35,2026-01-17
481,Fischer,Elena,,contacted,,,,,,,,,,,,,,,,Facharzt,Radiologie,,Leiterin Mammographie,elena.fischer@gmail.com,+49 1702726166,,2026-01-17 14:33:19.423345,0bxxfiqi3x10qpfmbiig0j5jst5bo7,,2026-01-17 17:25:35,2026-01-17
482,Hartmann,Isabella,Dr.,contacted,,,,,,,,,,,,,,,,Facharzt,Radiologie,,,isabella.hartmann@gmail.com,+49 1353651143,,2026-01-17 14:33:19.423858,1q62zklngn24mrqa8lwi2ft66il0fg,,2026-01-17 17:25:35,2026-01-17
483,Wagner,Lisa,Dr.,contacted,,,,,,,,,,,,,,,,Facharzt,Radiologie,,,lisa.wagner@outlook.com,+49 1354639901,,2026-01-17 14:33:19.423858,0qir77d7xc1ntr0v4pf8200kahzyo6,,2026-01-17 17:25:35,2026-01-17
484,Hoffmann,Julia,,contacted,,,,,,,,,,,,,,,,Facharzt,Radiologie,,,julia.hoffmann@yahoo.de,+49 1936363331,,2026-01-17 14:33:19.423858,16jamj830x2mcnfn6czb14mkxcwo4m,,2026-01-17 17:25:35,2026-01-17
485,Fischer,Sophie,Dr.,contacted,,,,,,,,,,,,,,,,Facharzt,Radiologie,seit 07/2022 bei Röntgeninstitut,,sophie.fischer@web.de,+49 1775268106,,2026-01-17 14:33:19.423858,139lq0dq1c0j3y8u5yq11dbceg2b72,,2026-01-17 17:25:35,2026-01-17
486,Schwarz,Emma,Dr.,contacted,,,,,,,,,,,,,,,,Facharzt,Radiologie,,aktuell 07/2022 kein Interesse an Wechsel,emma.schwarz@web.de,+49 1235810353,,2026-01-17 14:33:19.423858,1ukodh1ymu2473bwvr7j0dqemhksfw,,2026-01-17 17:25:35,2026-01-17
487,Hoffmann,Klara,Dr.,contacted,,,,,,,,,,,,,,,,Facharzt,Radiologie,,,klara.hoffmann@gmail.com,+49 1571541076,,2026-01-17 14:33:19.423858,0hpi45rljj0tnbvg3tvz06ugjweou2,,2026-01-17 17:25:35,2026-01-17
489,Hoffmann,Isabella,Dr.,contacted,,,,,,,,,,,,,,,,Facharzt,Radiologie,,,isabella.hoffmann@outlook.com,+49 1157850613,,2026-01-17 14:33:19.423858,0g5q8n3iig09msamvkkf0w2x1k71im,,2026-01-17 17:25:35,2026-01-17
490,Krüger,Emma,,contacted,,,,,,,,,,,,,,,,Assistenzarzt,Radiologie,,AA Radiologie,emma.krüger@web.de,+49 1634372523,,2026-01-17 14:33:19.424871,0rzxk0n2ub2fh9xmo1yo20qmsuaiin,,2026-01-17 17:25:35,2026-01-17
491,Bauer,Isabella,,contacted,,,,,,,,,,,,,,,,Assistenzarzt,Radiologie,,22.07.2024 - TP:  Tel. Ganz DE ok. asap,isabella.bauer@web.de,+49 1005169355,,2026-01-17 14:33:19.424871,0vmimpufw71cewiigss619vsi3iltp,,2026-01-17 17:25:35,2026-01-17
492,Schmidt,Sophie,,contacted,,,,,,,,,,,,,,,,Facharzt,Radiologie,,,sophie.schmidt@gmail.com,+49 1041604043,,2026-01-17 14:33:19.424871,209xeyd8jm2hfq1t4zg41n4nx9b685,,2026-01-17 17:25:35,2026-01-17
493,Wagner,Mila,Dr.,contacted,,,,,,,,,,,,,,,,Facharzt,Radiologie,,,mila.wagner@web.de,+49 1452504538,,2026-01-17 14:33:19.424871,2f036c3sa42d4vxqwuq2104hpu902b,,2026-01-17 17:25:35,2026-01-17
494,Müller,Julia,,contacted,,,,,,,,,,,,,,,,Facharzt,Radiologie,,mit Viktor Kontakt gehabt. Hat nur 5 min bis zu ihrer Arbeit und flexible Arbeitszeiten. War schon bei med360! Gerne Angebote in NRW,julia.müller@gmail.com,+49 1586054457,,2026-01-17 14:33:19.424871,1lsretr16b2ibdda2dud0bapp0shre,,2026-01-17 17:25:35,2026-01-17
496,Hartmann,Anna,Dr.,contacted,,,,,,,,,,,,,,,,Facharzt,Radiologie,,gerade neue FA stelle bekommen 10.2020,anna.hartmann@web.de,+49 1690999747,,2026-01-17 14:33:19.424871,0uokd9x4m60eczedacmm2i0c4vdb5m,,2026-01-17 17:25:35,2026-01-17
497,Neumann,Isabella,Dr.,contacted,,,,,,,,,,,,,,,,Facharzt,Radiologie,,10/2020 neue Position als OA angefangen,isabella.neumann@web.de,+49 1869652605,,2026-01-17 14:33:19.425868,0zawdtzlk00p4rzvodfb1ri9s5bymb,,2026-01-17 17:25:35,2026-01-17
498,Schulz,Anna,,interested,,,,,,,,,,,,,,,,Facharzt,Radiologie,"linksrheinisch, kein Med360","Strahleninstitut angefragt - abgelehnt

kein med360 - nur linksrheinisch. s.h. Email.",anna.schulz@web.de,+49 1615972288,,2025-08-28 23:59:00,1gcgmrci150sdy4yhek41hy6cq9rpc,Email,2026-01-17 17:25:35,2026-01-17
500,Krüger,Clara,Dr.,contacted,,,,,,,,,,,,,,,,Facharzt,Radiologie,,,clara.krüger@outlook.com,+49 1202018945,,2026-01-17 14:33:19.425868,1nk2rcjcgc2247wxv3542gq90y0z21,,2026-01-17 17:25:35,2026-01-17
501,Krüger,Nina,,contacted,,,,,,,,,,,,,,,,Facharzt,Radiologie,,"02.12.2022 - TP:Ja ich habe schon Approbationsurkunde erhalten und den Antrag auf Weiterbildungszeitenanerkennung gestellt. Hoffentlich kann ich innerhalb nächsten 6-12 Monaten die Facharztprüfung beantragen.


01.12.2022 - TP:
Sehr geehrter Herr Putilin,
Ich entschuldige mich für die verspätete Antwort.
Die vorgestellte Vakanz ist für mich interessant, aber ich bin als Facharzt in Deutschland noch nicht anerkannt.
Zur Zeit ich warte auf die Kenntnissprüfung zur Approbation. Nur nach Kenntnissprüfung kann ich meine Facharztanerkennung in Deutschland beschleunigen.
Mit freundlichen Grüßen,
M. Liubchak",nina.krüger@outlook.com,+49 1771945321,,2026-01-17 14:33:19.425868,0z8lqcmv670f018v98zu1spz1zhsw8,,2026-01-17 17:25:35,2026-01-17
1,Wagner,Paula,,,,,,,,,,,,,,,,,,,,,,paula.wagner@gmail.com,+49 1044967735,,48113-11-21 00:00:01,,,2026-01-17 17:25:35,2026-01-17
502,Hartmann,Nina,,contacted,,,,,,,,,,,,,,,,Facharzt,Radiologie,,,nina.hartmann@gmail.com,+49 1877107716,,2026-01-17 14:33:19.425868,2d0gawfh8k0sdnsdwcvo0whh358nbl,,2026-01-17 17:25:35,2026-01-17
503,Weber,Sarah,,contacted,,,,,,,,,,,,,,,,Facharzt,Radiologie,,"10.07.2023 - EB:
""Ich habe aktuell jedoch keinerlei Interesse, da ich selbständig in eigener Praxis mit operativem Schwerpunkt arbeite.
Da ich vollendst ausgelastet bin und mich wirtschaftlich nicht beschweren möchte stehe ich nicht zur Verfügung.
Ihr Klient dürfte, meines Erachtens nach, ja aus dem Umfeld der 360Grad- Kliniken kommen.
In diesem Fall könnte man sich eher über langfristige Konzepte unterhalten, was dann unsere Gemeinschaftspraxis mit einbeziehen sollte.
Ich würde mich freuen von Ihnen zu hören.
Mit freundlichen Grüßen""",sarah.weber@web.de,+49 1283087427,,2026-01-17 14:33:19.425868,0n8rbt6u5s0m4l0zgqbt1fillpkwii,,2026-01-17 17:25:35,2026-01-17
504,Krüger,Elena,Dr.,contacted,,,,,,,,,,,,,,,,Facharzt,Radiologie,,arbeitet bei Neo Q Quality in Imaging GmbH,elena.krüger@gmail.com,+49 1096676926,,2026-01-17 14:33:19.426869,0y89l7fyal0wo2jikp060mab4x3l5y,,2026-01-17 17:25:35,2026-01-17
505,Hoffmann,Laura,Dr.,contacted,,,,,,,,,,,,,,,,Facharzt,Radiologie,,,laura.hoffmann@gmail.com,+49 1901169872,,2026-01-17 14:33:19.426869,0hobowsup51j0wcbrzvx0rgphr72ox,,2026-01-17 17:25:35,2026-01-17
506,Zimmermann,Lea,,contacted,,,,,,,,,,,,,,,,Facharzt,Radiologie,,kein Interesse,lea.zimmermann@gmail.com,+49 1711502093,,2026-01-17 14:33:19.426869,0v706z443m0q53z5yq3e16cmb6pd9r,,2026-01-17 17:25:35,2026-01-17
507,Schmidt,Lea,Dr.,interested,,,,,,,,,,,,,,,,Facharzt,Radiologie,will CA ab 230k,"14.03.2023 - TP:
Hallo Frau Boss,

Das klingt schon interessant aber das Gehalt ist zu wenig … ich suche etwas ab 230 tsd. Danke",lea.schmidt@yahoo.de,+49 1743900914,,2026-01-17 14:33:19.426869,2i7xqgs8nl2rooxffw880kewye18k0,,2026-01-17 17:25:35,2026-01-17
508,Schmidt,Elena,,contacted,,,,,,,,,,,,,,,,Facharzt,Radiologie,,,elena.schmidt@web.de,+49 1218429266,,2026-01-17 14:33:19.426869,1enivu7av60cviwxrjoo2rnu75wcs6,,2026-01-17 17:25:35,2026-01-17
509,Müller,Sarah,,interested,,,,,,,,,,,,,,,,Facharzt,Radiologie,placed nach Spital Biel über Stephan. Ihm gefällt es leider nicht.,"31.05.2023 - TP:
Name:
Tel. Nr.:
Email:

aktuelle Position:
aktueller Arbeitgeber:

Wunschposition:
Welche Fachbereiche offen:
Wechselmotivation:

aktuelles Gehalt:
Wunschgehalt:

Verfügbarkeit zeitlich: Anfang 2024 01.01.
Verfügbarkeit räumlich: Basel oder nördliche Region

Lebenslauf:
MEBEKO beantragt:
Zeugnisse:

Wo schon selbst beworben:

FA im Oktober

Fokus MSK, Herz Q1 CT und MRT, Prostata Q1Status erfüllt.

ist Allrounder

ungerne Kinderradiologie und Mamma und interventionen

abdominal oderbody immagind oder kardiovaskul#r ildgebung

nein

1,5 Jahre in KSB

Hintergrunddienste ist ok aber keine Vordergrunddianste

will OA Stelle

kleines und großes haus, da ist der dienstfaktor

Baden + Kinderspital Basel

Unispital in Basel

will später sektionsleiter mit spezialisierung

gerne forschund und fortbildunge und lehre bei assistenzärzten

dr in planung

französisch und arabisch

Schweiz",sarah.müller@gmail.com,+49 1691910035,,2026-01-17 14:33:19.426869,2c9pscdjjk0iqj79lnj127t64j0w3h,,2026-01-17 17:25:35,2026-01-17
510,Meyer,Clara,,contacted,,,,,,,,,,,,,,,,Facharzt,Radiologie,,,clara.meyer@outlook.com,+49 1574547007,,2026-01-17 14:33:19.426869,1cbxiuaij32fpom9e12c2m0g23c4a7,,2026-01-17 17:25:35,2026-01-17
513,Hoffmann,Isabella,,contacted,,,,,,,,,,,,,,,,Facharzt,Radiologie,,,isabella.hoffmann@gmail.com,+49 1638249122,,2026-01-17 14:33:19.427872,2m6tvtqfa026ufyeqwgt16849om6cz,,2026-01-17 17:25:35,2026-01-17
514,Richter,Lea,,contacted,,,,,,,,,,,,,,,,Facharzt,Radiologie,,,lea.richter@web.de,+49 1293791437,,2026-01-17 14:33:19.427872,2e1c4iht7h2ennwkxxla09rkqs098v,,2026-01-17 17:25:35,2026-01-17
515,Fischer,Julia,Dr.,contacted,,,,,,,,,,,,,,,,Facharzt,Radiologie,,,julia.fischer@gmail.com,+49 1085134589,,2026-01-17 14:33:19.427872,1lj9lw0ymm14s5pyq0nl011u5f22ow,,2026-01-17 17:25:35,2026-01-17
516,Schulz,Nina,Dr.,contacted,,,,,,,,,,,,,,,,Facharzt,Radiologie,,,nina.schulz@outlook.com,+49 1115128854,,2026-01-17 14:33:19.427872,1dr7id7t5j1u63v76yq62iib7gpzve,,2026-01-17 17:25:35,2026-01-17
333,Becker,Paula,,contacted,,,,,,,,,,,,,,,,Facharzt,Radiologie,,kein Interesse,paula.becker@web.de,+49 1906523742,,2026-01-17 14:33:19.402631,2k17efctic0s1smx5rda2868y7surd,,2026-01-17 17:25:35,2026-01-17
517,Hartmann,Mila,Dr.,interested,,,,,,,,,,,,,,,,Facharzt,Radiologie,,"05.04.2023 - TP:
Guten Tag Frau Boss, 
das Angebot klingt durchaus interessant, passt nur leider (im Hinblick auf die Interventionen) in mein Spektrum. 
Falls Ihr Klient ein anderweitiges Angebot (angestellte Ärztin in besagtem MVZ) bietet oder Sie ein vergleichbares Angebot haben, kommen Sie gerne noch einmal auf mich zu.",mila.hartmann@yahoo.de,+49 1188091470,,2025-08-28 23:59:00,2pifnqgpih1020x665q70nu6ubks92,Email,2026-01-17 17:25:35,2026-01-17
518,Richter,Mara,Dr.,contacted,,,,,,,,,,,,,,,,Facharzt,Radiologie,02/2023 aktuell nein,,mara.richter@web.de,+49 1063574385,,2026-01-17 14:33:19.427872,110opfsorf0pwzv1770p2igpfbvt72,,2026-01-17 17:25:35,2026-01-17
519,Koch,Clara,,contacted,,,,,,,,,,,,,,,,Facharzt,Radiologie,,"05.12.2022 - TP:
keine Rückmeldung per Email

01.12.2022 - TP: Email Leiter Martinus vorgestellt",clara.koch@gmail.com,+49 1272693775,,2026-01-17 14:33:19.42887,0lq5e4hpxy2d91dv82z61hvu19h05y,,2026-01-17 17:25:35,2026-01-17
520,Klein,Clara,Dr.,contacted,,,,,,,,,,,,,,,,Facharzt,Radiologie,,,clara.klein@yahoo.de,+49 1924352240,,2026-01-17 14:33:19.42887,1j9n73qwww01tq8p9rwc12rgz6mrwy,,2026-01-17 17:25:35,2026-01-17
521,Wagner,Anna,,contacted,,,,,,,,,,,,,,,,Assistenzarzt,Radiologie,,"10.05.2023 - TP:
Hallo Herr Putilin,
Vielen Dank für die Nachfrage! Ich werde mich demnächst erst nach meinem Facharzt umgucken. Und das wird noch sicherlich ein Jahr dauern.
Viele Grüße,
Ekaterina Maksimova",anna.wagner@web.de,+49 1645087670,,2026-01-17 14:33:19.42887,04ddrbgduo2o9lzim7z20rr1u5gdm5,,2026-01-17 17:25:35,2026-01-17
522,Wagner,Lisa,,contacted,,,,,,,,,,,,,,,,Facharzt,Radiologie,,"05.09.2024 - TP:
RD TH Absage    hatte sich selbst veworben
Radprax Absage   13.06. aktuell kein Bedarf
Radiologie Darmstadt Warten  50% 23.07. will sich im August melden
Conradia Hamburg Absage    Team ist voll
Dr. Hanken Warten   23.07. will sich im August melden

22.07.2024 - TP:


10.06.2024 - TP: Tel. Sehr angenehm
kann ab 01.08./01.09. anfangen je nach Wohnung. Ggf. Hotel pder AirBnb
Hat einen Hund, keine Partner, keine Kinder. Kann man den Hund in die Praxis mitnehmen
Will an die NL Grenze, Rheinland, Frankfurt, HH
aktuell arbeitslos 
Will sich später spezialisieren Herz, Prostata, Mamma PVA, gerne auch interventionell wenn mit Hund und Dienste klappt 
1. Jahr will ambulant kennenlernen und MSK 
genre 5 Tage Vollzeit und dann 4 Tage vollzeit nach 1 Jahr
kein Wismar
130k wäre OK
hat 06/2024 FA gemacht

Hallo Frau Kijan,

ich hoffe, Sie hatten ein schönes Wochenende! Gerne wollte ich mich erkundigen, ob Sie aktuell noch eine junge Fachärztin für Radiologie für Ihr Team suchen? 

Bei Interesse würde ich Ihnen gerne eine Dame vorstellen, die kurzfristig zur Verfügung steht und dieses Jahr ihren Facharzt bestanden hat. 

Sie würde gerne in Vollzeit arbeiten und wünscht sich eine Spezialisierung auf MSK und auf einen weiteren Bereich wie z.B. Herz, Prostata oder Mammographie – gerne dann auch später als PVÄ.  Sie wäre potenziell ab dem 01.08.24 und in Vollzeit verfügbar, wobei Ihre Gehaltsvorstellungen bei 130k p.a. liegen. 

Über eine kurze Rückmeldung würde ich mich sehr freuen. 

Herzlichen Dank im Voraus und viele Grüße nach Hamburg",lisa.wagner@yahoo.de,+49 1929499269,,2026-01-17 14:33:19.42887,13s3byj9dd1rl8215uzd1xryrsldw8,,2026-01-17 17:25:35,2026-01-17
523,Koch,Elena,,contacted,,,,,,,,,,,,,,,,Facharzt,Radiologie,,,elena.koch@web.de,+49 1688104183,,2026-01-17 14:33:19.42887,22ixc6yzsd0qzji0juvc0p0ej1xjny,,2026-01-17 17:25:35,2026-01-17
524,Klein,Clara,,contacted,,,,,,,,,,,,,,,,Assistenzarzt,Radiologie,,,clara.klein@gmail.com,+49 1491014496,,2026-01-17 14:33:19.42887,1ptuy4eb2o0sq7fvslz20uvi0zqvnp,,2026-01-17 17:25:35,2026-01-17
525,Fischer,Clara,,contacted,,,,,,,,,,,,,,,,Assistenzarzt,Radiologie,braucht noch 3000 MRT und 1500 Mamma bis FA,"18.09.2024 - TP:
Umzug OK
will Diagnostik bleiben MSK etc. kein Mamma",clara.fischer@yahoo.de,+49 1300974822,,2026-01-17 14:33:19.42887,2huc8robhj17p3m2umwm1n690w1cn5,,2026-01-17 17:25:35,2026-01-17
527,Hoffmann,Mila,Dr.,interested,,,,,,,,,,,,,,,,Facharzt,Radiologie,private Situation: Nur von Zuhause,"11.09.2024 - TP:
vielen Dank für Ihr Angebot, das normalerweise für mich von Interesse wäre. Aufgrund meiner derzeitigen privaten Situation suche ich jedoch eine Tätigkeit, die ich von Zuhause im Home Office mit flexiblen Arbeitszeiten ausüben kann, allerdings ohne teleradiologische Dienste.",mila.hoffmann@yahoo.de,+49 1650050150,,2026-01-17 14:33:19.429869,0745yk4wef1ozl0m87nm26ri43tiwq,,2026-01-17 17:25:35,2026-01-17
529,Müller,Maria,Dr.,interested,,,,,,,,,,,,,,,,Facharzt,Radiologie,Rheinland - interventionelle Radiologie - Leitung - 200k+,"15.03.2023 - TP:
Arbeitszeiten und Besetzung des MRT

Familienzeit

AT-

200k + Bonus

Stroke Unit etablieren oder Neuroradiologie

minimalinversiv

Shunt zentrun

Gefäßchirurgie

Klinisches Denken

Tumorgeschichten metastasen mikrochirurgie

schmerztherapie PRT

so wird sich die radiologie entwickeln und oartner mit der Klinik mit zukunft vision

spezialisierung wird überlegen

regelhaft bis 20 Uhr arbeiten geht nicht , nicht immer Spätdienste

in die Zukunft gerichtet

Auflösungsvertrag

arbeitszeitmodell geräte taktung und

03.03.2023 - TP:
vielen Dank für Ihr interessantes Stellenangebot.
Ich bin in der Tat interessiert und würde mich über nähere Informationen, gerne auch telefonisch sehr freuen.",maria.müller@web.de,+49 1663461144,,2026-01-17 14:33:19.429869,1xii7m0hvd2jyxn9na391e8xi4too3,,2026-01-17 17:25:35,2026-01-17
530,Hoffmann,Sophie,Dr.,contacted,,,,,,,,,,,,,,,,Facharzt,Radiologie,,Sektionsleiter interventionelle Radiologie,sophie.hoffmann@web.de,+49 1157046812,,2026-01-17 14:33:19.429869,26v0yovlgx0rgygvd9t30zsfslbgjg,,2026-01-17 17:25:35,2026-01-17
531,Hartmann,Emma,,contacted,,,,,,,,,,,,,,,,Facharzt,Radiologie,,,emma.hartmann@yahoo.de,+49 1596204309,,2026-01-17 14:33:19.429869,011og8ywl31j0awz2hf00r17mgrtnw,,2026-01-17 17:25:35,2026-01-17
532,Fischer,Paula,,contacted,,,,,,,,,,,,,,,,Assistenzarzt,Radiologie,,,paula.fischer@yahoo.de,+49 1322441142,,2026-01-17 14:33:19.429869,20rhjt9p5i25oleyhnf72jt8p0nouo,,2026-01-17 17:25:35,2026-01-17
533,Wagner,Paula,,contacted,,,,,,,,,,,,,,,,Facharzt,Radiologie,,,paula.wagner@outlook.com,+49 1403880896,,2026-01-17 14:33:19.430875,2fyo4kb2fd13h2eyjtl217yyfr79xe,,2026-01-17 17:25:35,2026-01-17
534,Meyer,Elena,Dr.,contacted,,,,,,,,,,,,,,,,Facharzt,Radiologie,,fängt am 07/2022 neue Stelle in Köln an,elena.meyer@gmail.com,+49 1713132070,,2026-01-17 14:33:19.430875,1xp5tjwnbt1kkznphyya1nhpwom1em,,2026-01-17 17:25:35,2026-01-17
536,Neumann,Mila,,contacted,,,,,,,,,,,,,,,,Facharzt,Radiologie,,,mila.neumann@outlook.com,+49 1701570362,,2026-01-17 14:33:19.430875,0t8sp7swol0zbucx8jyg0w62ufp0a7,,2026-01-17 17:25:35,2026-01-17
526,Becker,Paula,Dr.,contacted,,,,,,,,,,"schleswig, schleswig-holstein",,,,,,Assistenzarzt,Radiologie,AA letztes Wbj - will sich selbst vorstellen sh Email,,paula.becker@yahoo.de,+49 1770952488,,2026-01-17 14:33:19.429869,1in5whzp1p0wl3q28u4f1eus6enimi,,2026-01-17 17:25:35,2026-01-17
537,Fischer,Lisa,,contacted,,,,,,,,,,,,,,,,Assistenzarzt,Radiologie,,,lisa.fischer@yahoo.de,+49 1666569976,,2026-01-17 14:33:19.430875,1oucsfwtp625ljmtttc30andle9kpp,,2026-01-17 17:25:35,2026-01-17
539,Schneider,Mara,Dr.,contacted,,,,,,,,,,,,,,,,Facharzt,Radiologie,,aktuell 06/2021 kein Interesse,mara.schneider@outlook.com,+49 1255450276,,2026-01-17 14:33:19.430875,22yim6y30s15nqa9a0211dplsvq8ad,,2026-01-17 17:25:35,2026-01-17
540,Richter,Paula,,contacted,,,,,,,,,,,,,,,,Facharzt,Radiologie,,,paula.richter@yahoo.de,+49 1057279122,,2026-01-17 14:33:19.430875,0tcmk2ep1e2hla4jhq1n0tnvqqygqx,,2026-01-17 17:25:35,2026-01-17
542,Weber,Klara,Dr.,contacted,,,,,,,,,,,,,,,,Facharzt,Radiologie,Mammographie,,klara.weber@yahoo.de,+49 1748743184,,2026-01-17 14:33:19.431883,1i6afm4tap0mfrlkclpm0h2q16pvfp,,2026-01-17 17:25:35,2026-01-17
546,Richter,Lisa,Dr.,contacted,,,,,,,,,,,,,,,,Facharzt,Radiologie,,,lisa.richter@web.de,+49 1250013725,,2026-01-17 14:33:19.431883,04ooo2t22w0cuaomj8ll0hlgshg7zm,,2026-01-17 17:25:35,2026-01-17
547,Wolf,Julia,Dr.,contacted,,,,,,,,,,,,,,,,Facharzt,Radiologie,,,julia.wolf@outlook.com,+49 1334523386,,2026-01-17 14:33:19.431883,2cgkahvjxv21sfll7bmr0i8xed0j9o,,2026-01-17 17:25:35,2026-01-17
548,Fischer,Mara,,contacted,,,,,,,,,,,,,,,,Facharzt,Radiologie,,ist bereits 63 Jahre alt und ist aktuell 07/2022 nicht an einer neuen Anstellung interessiert,mara.fischer@yahoo.de,+49 1713169216,,2026-01-17 14:33:19.432882,1rh1z2mvpb04j0s0k1gl1hr8hebyn5,,2026-01-17 17:25:35,2026-01-17
549,Richter,Mila,,contacted,,,,,,,,,,,,,,,,Assistenzarzt,Radiologie,,,mila.richter@yahoo.de,+49 1823182733,,2026-01-17 14:33:19.432882,2h3m1qaowa1noledbu3n1ie080ba8e,,2026-01-17 17:25:35,2026-01-17
551,Fischer,Lea,,contacted,,,,,,,,,,,,,,,,Facharzt,Radiologie,,08/2022 an Ingolstadt gebunden und aktuell kein Interese,lea.fischer@gmail.com,+49 1050370910,,2026-01-17 14:33:19.432882,0m11z2l7dj2nhxo3q1ai074jalklu6,,2026-01-17 17:25:35,2026-01-17
552,Richter,Julia,,contacted,,,,,,,,,,,,,,,,Facharzt,Radiologie,,,julia.richter@gmail.com,+49 1407570554,,2026-01-17 14:33:19.432882,1n4cl4we3y0qjzskegox25snn2elob,,2026-01-17 17:25:35,2026-01-17
553,Neumann,Alina,,contacted,,,,,,,,,,,,,,,,Facharzt,Radiologie,,,alina.neumann@gmail.com,+49 1251041902,,2026-01-17 14:33:19.432882,2lxwki48oz144lww56fi19p5gok8lc,,2026-01-17 17:25:35,2026-01-17
555,Zimmermann,Mila,Dr.,interested,,,,,,,,,,,,,,,,Facharzt,Radiologie,Rhein-Main-Gebiet (Frankfurt),"nur Rhein-Main-Gebiet (Frankfurt) - SP MRT , kein Mammo",mila.zimmermann@gmail.com,+49 1606385649,,2026-01-17 14:33:19.433882,1l4reh8y0c2ltiaa7y6z1agjf1sm6u,,2026-01-17 17:25:35,2026-01-17
556,Neumann,Paula,,contacted,,,,,,,,,,,,,,,,Facharzt,Radiologie,,,paula.neumann@web.de,+49 1812124232,,2026-01-17 14:33:19.433882,0spyprpamh2mcewyo74q2nqr3vss2r,,2026-01-17 17:25:35,2026-01-17
557,Hartmann,Maria,Dr.,contacted,,,,,,,,,,,,,,,,Facharzt,Radiologie,Freelancer und Unternehmensberater,Freelancer,maria.hartmann@web.de,+49 1679426843,,2026-01-17 14:33:19.433882,25z9221cy11b2c1lffh60yy8her7io,,2026-01-17 17:25:35,2026-01-17
558,Wolf,Lena,Dr.,contacted,,,,,,,,,,,,,,,,Facharzt,Radiologie,,,lena.wolf@outlook.com,+49 1367513161,,2026-01-17 14:33:19.433882,2m5953l6tm12sntsh3ay1f4c6i7ywg,,2026-01-17 17:25:35,2026-01-17
559,Meyer,Anna,Dr.,contacted,,,,,,,,,,,,,,,,Facharzt,Radiologie,,,anna.meyer@yahoo.de,+49 1168847366,,2026-01-17 14:33:19.434389,0wi8u34sr111knc7upef1ffk16wm27,,2026-01-17 17:25:35,2026-01-17
560,Wolf,Julia,,contacted,,,,,,,,,,,,,,,,Facharzt,Radiologie,bei med360,med360,julia.wolf@gmail.com,+49 1130362729,,2026-01-17 14:33:19.434389,2knq63up8g2lzspglhnn2hay59vkrb,,2026-01-17 17:25:35,2026-01-17
561,Fischer,Lisa,Dr.,contacted,,,,,,,,,,,,,,,,Facharzt,Radiologie,,,lisa.fischer@yahoo.de,+49 1004622273,,2026-01-17 14:33:19.434389,0u6tvjkpm02b039y2cc71jhszn78t6,,2026-01-17 17:25:35,2026-01-17
562,Krüger,Sophie,,contacted,,,,,,,,,,,,,,,,Facharzt,Radiologie,,,sophie.krüger@outlook.com,+49 1849373865,,2026-01-17 14:33:19.434389,067t8xr7ay1nhvmz3y4f0tlv5tcpac,,2026-01-17 17:25:35,2026-01-17
563,Krüger,Julia,Dr.,contacted,,,,,,,,,,,,,,,,Facharzt,Radiologie,,,julia.krüger@gmail.com,+49 1614555827,,2026-01-17 14:33:19.434389,28sww81n5910bj5h24hg0425jxkbro,,2026-01-17 17:25:35,2026-01-17
564,Zimmermann,Anna,Dr.,contacted,,,,,,,,,,,,,,,,Facharzt,Radiologie,,,anna.zimmermann@gmail.com,+49 1482951873,,2026-01-17 14:33:19.434389,1dubz6jrgg1kq7fdlk0k25ei9dxfs1,,2026-01-17 17:25:35,2026-01-17
565,Becker,Emma,Dr.,contacted,,,,,,,,,,,,,,,,Facharzt,Radiologie,,,emma.becker@outlook.com,+49 1434263834,,2026-01-17 14:33:19.434389,0aotr2i89t03kppg0ood0xnhceplq9,,2026-01-17 17:25:35,2026-01-17
566,Weber,Mila,,contacted,,,,,,,,,,,,,,,,Facharzt,Radiologie,,10/2021 kein Interesse,mila.weber@yahoo.de,+49 1065384895,,2026-01-17 14:33:19.435396,0qjia4thn00cnwctkcuy15jjvhhm0s,,2026-01-17 17:25:35,2026-01-17
567,Klein,Lisa,,contacted,,,,,,,,,,,,,,,,Assistenzarzt,Radiologie,,,lisa.klein@outlook.com,+49 1338935219,,2026-01-17 14:33:19.435396,2dboa1wj1k0pz7ph6im12nevuerxzh,,2026-01-17 17:25:35,2026-01-17
568,Schwarz,Elena,,contacted,,,,,,,,,,,,,,,,Facharzt,Radiologie,,aktuell 07/2022 kein Interesse,elena.schwarz@yahoo.de,+49 1429179037,,2026-01-17 14:33:19.435396,2jday2w9d51z8wqqtzce0aovddkce4,,2026-01-17 17:25:35,2026-01-17
538,Schneider,Nina,Dr.,interested,,,,,,,,,,"heidelberg, mannheim",,,,,,Facharzt,Radiologie,Mannheim Heidelberg,Raum Mannheim Heidelberg,nina.schneider@outlook.com,+49 1987504883,,2026-01-17 14:33:19.430875,1i0o6htdds193f85dfo21co2lja0ii,,2026-01-17 17:25:35,2026-01-17
40,Hartmann,Lea,,interested,,,,,,,,,,,True,,,,,MTRA,"Radiologie, Strahlentherapie",hat such über Lin beworben,"wohnt in Schweden
Ganz Germany
gerne Housing am Anfang
Free to move",lea.hartmann@yahoo.de,+49 1637177645,,2025-07-18 23:59:00,0fbjx7o26014gyrx7u190cnm2u5sdi,Email,2026-01-17 17:25:35,2026-01-17
403,Hoffmann,Lena,Dr.,contacted,,,,,,,,,,,,,,,,Facharzt,Radiologie,,,lena.hoffmann@web.de,+49 1884410312,,2026-01-17 14:33:19.410735,0hq696ytgy1mqalv04140svqyxhvak,,2026-01-17 17:25:35,2026-01-17
404,Hartmann,Anna,Dr.,contacted,,,,,,,,,,,,,,,,Facharzt,Radiologie,,aktuell 07/2022 kein Interesse an einem Wechsel,anna.hartmann@gmail.com,+49 1632268752,,2026-01-17 14:33:19.413064,1px59jjcum0dchvwwl7h2i6y9df6pl,,2026-01-17 17:25:35,2026-01-17
405,Hartmann,Paula,,contacted,,,,,,,,,,,,,,,,Facharzt,Radiologie,,,paula.hartmann@web.de,+49 1566163993,,2026-01-17 14:33:19.413064,1vwmtp2uq90ucdt4i0fx2g22xdtyjm,,2026-01-17 17:25:35,2026-01-17
570,Wolf,Nina,Dr.,contacted,,,,,,,,,,,,,,,,Facharzt,Radiologie,,"aktuell 08/2022 kein Interesse, fest an Traunstein gebunden",nina.wolf@outlook.com,+49 1070530451,,2026-01-17 14:33:19.435396,1j5te2vylj1ilvviuw6h0rgdsih5v7,,2026-01-17 17:25:35,2026-01-17
572,Klein,Lea,Dr.,contacted,,,,,,,,,,,,,,,,Facharzt,Radiologie,,Freelancer,lea.klein@yahoo.de,+49 1556480760,,2026-01-17 14:33:19.435396,1oscxqya150tvrjo4wvd22ety7nysi,,2026-01-17 17:25:35,2026-01-17
574,Schwarz,Lena,,contacted,,,,,,,,,,,,,,,,Facharzt,Radiologie,,,lena.schwarz@gmail.com,+49 1045589415,,2026-01-17 14:33:19.436396,2gppch0zso0wsfup5xo005wq6u4931,,2026-01-17 17:25:35,2026-01-17
569,Weber,Julia,Dr.,contacted,,,,,,,,,,"böblingen, stuttgart",,,,,,Facharzt,Radiologie,WhatsApp - 50 km um Böblingen (Stuttgart),"26.01.2023 - TP:
Whats App schauen!! 

jetzt Sindelfingen - keine MFA und MTRA und deswegen keine leute mehr bekommen

Stuttgart Notlösung  weil jetzt 20-25 min und stuttgart 45 min

will dann 75-80%",julia.weber@outlook.com,+49 1728506235,,2026-01-17 14:33:19.435396,1909bca4qz1rd2htof0i2n2wzh99fy,,2026-01-17 17:25:35,2026-01-17
573,Weber,Emma,,interested,,,,,,,,,,hamburg,,,,,,Facharzt,Radiologie,sucht als AA in HH,"02.12.2022 - TP: Aktuell habe ich noch nicht die Facharztprüfung abgelegt.
Ich suche eine Stelle als Assistenzarzt im Raum Hamburg, in einem Krankenhaus oder einer Praxis.",emma.weber@yahoo.de,+49 1083911230,,2026-01-17 14:33:19.436396,1uara9b0xf0wb73tdmwc27426x4njn,,2026-01-17 17:25:35,2026-01-17
576,Becker,Nina,,contacted,,,,,,,,,,,,,,,,Assistenzarzt,Radiologie,,,nina.becker@web.de,+49 1727708802,,2026-01-17 14:33:19.436396,206j6qjhbx2dc1mtsoxb1uul7u5nm2,,2026-01-17 17:25:35,2026-01-17
577,Hartmann,Emma,,contacted,,,,,,,,,,,,,,,,Facharzt,Radiologie,,,emma.hartmann@yahoo.de,+49 1484950767,,2026-01-17 14:33:19.436396,0ksbnxzf2j1060rzzm0y1laaafkanq,,2026-01-17 17:25:35,2026-01-17
578,Schwarz,Lena,,contacted,,,,,,,,,,,,,,,,Assistenzarzt,Radiologie,,,lena.schwarz@gmail.com,+49 1538933922,,2026-01-17 14:33:19.436396,0nzs0c53l01ak2wg2boc1oeo79k1dt,,2026-01-17 17:25:35,2026-01-17
579,Müller,Isabella,Dr.,contacted,,,,,,,,,,,,,,,,Facharzt,Radiologie,ab 2024,"12.07.2023 - TP:
Guten Tag Herr Putilin,

ich bin zur Zeit nicht an der angebotenen Stelle interessiert, da ich an einer Zusatzqualifizierung für Herzbildgebung arbeite.

Sie können mir aber gerne weitere Angebote schicken, ich bin ab Frühjahr nächsten Jahres für einen beruflichen Wechsel offen. 

Darf ich fragen wie Sie bzw. Frau Rusakov an meinen Kontakt gekommen sind? 

Mit freundlichen Grüßen,
Aurelia Oberbeck



26.06.2023 - TP:
Guten Tag Frau Rusakov,

die Stellenbeschreibung klingt tatsächlich interessant. Haben sie noch mehrere Informationen darüber insbesondere wo sich das MVZ befindet?

Ich freue mich von Ihnen zu hören.

Mit freundlichen Grüßen",isabella.müller@outlook.com,+49 1956356330,,2026-01-17 14:33:19.436396,11lgd5g9en1xc1qgs9pp1ja4bobpq7,,2026-01-17 17:25:35,2026-01-17
580,Hartmann,Johanna,Dr.,interested,,,,,,,,,,,,,,,"Ltd. OA, Standortleiter, Gesellschafter",Facharzt,Radiologie,Frankfurt und Umgebung,ist Ltd. OA bei Helios für Rad nuk und Strahlen,johanna.hartmann@web.de,+49 1836771074,,2022-09-16 23:59:00,1283irrjhk06t7xnnyta03bxehzi1x,LinkedIn,2026-01-17 17:25:35,2026-01-17
581,Krüger,Laura,,contacted,,,,,,,,,,,,,,,,Facharzt,Radiologie,,erst in 2022 verfügbar,laura.krüger@gmail.com,+49 1924065584,,2026-01-17 14:33:19.437396,1jm4eu6y070ooaujziri1962s7smxp,,2026-01-17 17:25:35,2026-01-17
582,Klein,Alina,,contacted,,,,,,,,,,,,,,,,Facharzt,Radiologie,,aktuell 11/2020 kein Interesse,alina.klein@yahoo.de,+49 1486703777,,2026-01-17 14:33:19.437396,251jhygjt5195qrruant096ogr8ef0,,2026-01-17 17:25:35,2026-01-17
583,Hartmann,Elena,,interested,,,,,,,,,,,,,,,,Facharzt,Radiologie,Rheinland,"hatte aus gesungheitlichen Gründen stelle nicht angetreten.

20.03.2024 - TP:
hat aktuell 13800 inkl Dienste OA Stufe 2 Tarif
will 10000+ ohne Dienste 
kann ab 01.06.2024 anfangen
ist seit 2017 FA für Radiologie",elena.hartmann@web.de,+49 1874754291,,2025-09-04 23:59:00,16byr88kfn0dch50tg31014xgazpss,Email,2026-01-17 17:25:35,2026-01-17
584,Schmidt,Klara,,contacted,,,,,,,,,,,,,,,,Assistenzarzt,Radiologie,,,klara.schmidt@web.de,+49 1506468463,,2026-01-17 14:33:19.437396,0m9wc728rr2l6hms67qe1wz9hymin2,,2026-01-17 17:25:35,2026-01-17
586,Schmidt,Clara,Dr.,contacted,,,,,,,,,,,,,,,,Facharzt,Radiologie,,,clara.schmidt@gmail.com,+49 1657210687,,2026-01-17 14:33:19.437396,049r8by5px13wksszsgr159my6cy85,,2026-01-17 17:25:35,2026-01-17
588,Becker,Laura,,contacted,,,,,,,,,,,,,,,,Facharzt,Radiologie,,,laura.becker@outlook.com,+49 1520488049,,2026-01-17 14:33:19.438396,07hdbcy3v712pegi726l2o1xtey8z9,,2026-01-17 17:25:35,2026-01-17
589,Schmidt,Paula,,contacted,,,,,,,,,,,,,,,,Facharzt,Radiologie,,"ist noch in Bulgarien, will Hausärztin werden.",paula.schmidt@gmail.com,+49 1855116558,,2026-01-17 14:33:19.438396,26fk2ly4c91f11gqamk52kpv3malwt,,2026-01-17 17:25:35,2026-01-17
591,Schmidt,Johanna,Dr.,contacted,,,,,,,,,,,,,,,,Facharzt,Radiologie,,aktuell 11/2020 kein Interesse,johanna.schmidt@outlook.com,+49 1228216526,,2026-01-17 14:33:19.438396,1cj5jb1e7z1gef2x1vwt0imunckdv0,,2026-01-17 17:25:35,2026-01-17
592,Meyer,Lisa,,contacted,,,,,,,,,,,,,,,,Facharzt,Radiologie,,Schweiz,lisa.meyer@yahoo.de,+49 1948529466,,2026-01-17 14:33:19.438396,0mo62qbzx527aex20fgw1y5fxxovte,,2026-01-17 17:25:35,2026-01-17
593,Wagner,Anna,,contacted,,,,,,,,,,,,,,,,Facharzt,Radiologie,,,anna.wagner@yahoo.de,+49 1067789077,,2026-01-17 14:33:19.438396,1ukzwx6atf0agvomp9co064caacmd2,,2026-01-17 17:25:35,2026-01-17
594,Müller,Clara,Dr.,contacted,,,,,,,,,,,,,,,,Facharzt,Radiologie,"AA 3,5 Wbj 09/2024",,clara.müller@gmail.com,+49 1279097351,,2026-01-17 14:33:19.438396,10o2y0un5z19p5mzms3h2924vkmkwl,,2026-01-17 17:25:35,2026-01-17
595,Koch,Isabella,,contacted,,,,,,,,,,,,,,,,Facharzt,Radiologie,,,isabella.koch@gmail.com,+49 1251676982,,2026-01-17 14:33:19.438396,1wzd3a2k8o1fbay95jsc0j7xagpstz,,2026-01-17 17:25:35,2026-01-17
596,Koch,Sarah,,contacted,,,,,,,,,,,,,,,,Facharzt,Radiologie,,familiär an das Ruhrgebiet gebunden,sarah.koch@yahoo.de,+49 1282243124,,2026-01-17 14:33:19.438396,1au1t1iw8h2ozxwsjs7q2itwi729u5,,2026-01-17 17:25:35,2026-01-17
597,Hoffmann,Lisa,Dr.,contacted,,,,,,,,,,,,,,,,Facharzt,Radiologie,,"nur Rhein-Main-Gebiet (Köln, Bonn, Frankfurt) - gerne wieder Uniklinik",lisa.hoffmann@web.de,+49 1447062740,,2026-01-17 14:33:19.438396,1n0nyvhosb0l56kx6ak306botqiim3,,2026-01-17 17:25:35,2026-01-17
599,Koch,Laura,,contacted,,,,,,,,,,,,,,,,Facharzt,Radiologie,,,laura.koch@yahoo.de,+49 1177813587,,2026-01-17 14:33:19.439902,2o62p9jai31g8i5geqfc1q7qru2v00,,2026-01-17 17:25:35,2026-01-17
600,Bauer,Paula,,contacted,,,,,,,,,,,,,,,,Facharzt,Radiologie,,,paula.bauer@outlook.com,+49 1126044536,,2026-01-17 14:33:19.439902,24i6423sav1ejy8j8utx1itz4zku2r,,2026-01-17 17:25:35,2026-01-17
601,Zimmermann,Mila,Dr.,contacted,,,,,,,,,,,,,,,,Facharzt,Radiologie,,#NAME?,mila.zimmermann@web.de,+49 1476374123,,2026-01-17 14:33:19.439902,168iwt47qs2ro9prvk7g27lkgi7acb,,2026-01-17 17:25:35,2026-01-17
602,Koch,Klara,,contacted,,,,,,,,,,,,,,,,Facharzt,Radiologie,,sucht nur in München und Umgebung 80% Stelle,klara.koch@yahoo.de,+49 1885916612,,2026-01-17 14:33:19.440402,22pty925iq2aldo7qtjj265ibhrawk,,2026-01-17 17:25:35,2026-01-17
603,Neumann,Maria,,contacted,,,,,,,,,,,,,,,,sonstige,Radiologie,,,maria.neumann@outlook.com,+49 1486867311,,2026-01-17 14:33:19.440402,0i4iayunxq0rjhu4e40g13pxskmpr0,,2026-01-17 17:25:35,2026-01-17
604,Zimmermann,Lena,,contacted,,,,,,,,,,,,,,,,Facharzt,Radiologie,,,lena.zimmermann@web.de,+49 1729776200,,2026-01-17 14:33:19.440402,1oefakfdkt29rl4xt38c1wow6uctub,,2026-01-17 17:25:35,2026-01-17
605,Hoffmann,Julia,,contacted,,,,,,,,,,,,,,,,Facharzt,Radiologie,,,julia.hoffmann@outlook.com,+49 1325852398,,2026-01-17 14:33:19.440402,1ici3g6tsn2kwjsf93x81v1bc3kg63,,2026-01-17 17:25:35,2026-01-17
606,Schneider,Sophie,,contacted,,,,,,,,,,,,,,,,Assistenzarzt,Radiologie,,,sophie.schneider@yahoo.de,+49 1109434941,,2026-01-17 14:33:19.440402,2l7nk89gvk2py7qf2et31j5u9e40ti,,2026-01-17 17:25:35,2026-01-17
607,Bauer,Elena,Dr.,contacted,,,,,,,,,,,,,,,,Facharzt,Radiologie,,,elena.bauer@yahoo.de,+49 1839770955,,2026-01-17 14:33:19.440402,208hse8tju26hw7zral90lp5cywcju,,2026-01-17 17:25:35,2026-01-17
608,Wolf,Alina,,contacted,,,,,,,,,,,,,,,,Assistenzarzt,Radiologie,,,alina.wolf@outlook.com,+49 1975251611,,2026-01-17 14:33:19.440402,08jaiqh7f50x022kf1qr06jic2go9k,,2026-01-17 17:25:35,2026-01-17
610,Schneider,Paula,Dr.,contacted,,,,,,,,,,,,,,,,Facharzt,Radiologie,,,paula.schneider@outlook.com,+49 1056352701,,2026-01-17 14:33:19.44141,0mga4kl7552g2t8le4cr14hfh2tjf4,,2026-01-17 17:25:35,2026-01-17
611,Fischer,Maria,Dr.,contacted,,,,,,,,,,,,,,,,Facharzt,Radiologie,,,maria.fischer@yahoo.de,+49 1449785085,,2026-01-17 14:33:19.44141,0yu47ebx572r3yas6fsg0uktvurz83,,2026-01-17 17:25:35,2026-01-17
612,Zimmermann,Sophie,,contacted,,,,,,,,,,,,,,,,Assistenzarzt,Radiologie,,"01.03.2024 - TP: Tel. 
hat 2 Jahre mit Berufserlaubnis gearbeitet. 
Seit 09/2023 Approbation
will von 0 auf Radiologie Weiterbildung machen. 
kann 01.07.2024 anfangen
will DoppelFA werden
Urlaub 09.03.-31.04. nach Indien
offen in ganz DE",sophie.zimmermann@yahoo.de,+49 1700620277,,2026-01-17 14:33:19.44141,0uekfgfa9t1bob2iln7g20x7y9ozm8,,2026-01-17 17:25:35,2026-01-17
613,Wagner,Anna,Dr.,contacted,,,,,,,,,,,,,,,,Facharzt,Radiologie,aktuell TZ - aktuell 05/2023 nein,,anna.wagner@gmail.com,+49 1366131185,,2026-01-17 14:33:19.44141,0uqdse1rxo0sgctj52yb1b5ssylzuu,,2026-01-17 17:25:35,2026-01-17
614,Schulz,Maria,Dr.,contacted,,,,,,,,,,,,,,,,Facharzt,Radiologie,,,maria.schulz@gmail.com,+49 1687740202,,2026-01-17 14:33:19.44141,1mmfy2nazt1crb5mvdzt0mwpp996wx,,2026-01-17 17:25:35,2026-01-17
615,Schmidt,Sophie,Dr.,contacted,,,,,,,,,,,,,,,,Facharzt,Radiologie,,,sophie.schmidt@outlook.com,+49 1246296980,,2026-01-17 14:33:19.44141,1aniqs41e81cq3zbj09i056dxcutrj,,2026-01-17 17:25:35,2026-01-17
616,Bauer,Clara,,contacted,,,,,,,,,,,,,,,,Facharzt,Radiologie,,09.12.2022 - TP: Xing Düsseldorf angeboten,clara.bauer@gmail.com,+49 1419220394,,2026-01-17 14:33:19.44141,0p0p688q3h2glsjtyrfa22wi0gi23l,,2026-01-17 17:25:35,2026-01-17
617,Koch,Elena,Dr.,contacted,,,,,,,,,,,,,,,,Facharzt,Radiologie,,,elena.koch@outlook.com,+49 1423969134,,2026-01-17 14:33:19.442417,0m5a5kb57w0p4757te532iul4kujym,,2026-01-17 17:25:35,2026-01-17
618,Klein,Lena,,contacted,,,,,,,,,,,,,,,,Facharzt,Radiologie,,plant Auslandsaufenthalt von 2023-2024 - gerne ab Mitte 2024 nochmal Kontakt aufnehmen (siehe Anmerkungen),lena.klein@yahoo.de,+49 1131866320,,2026-01-17 14:33:19.442417,1l44p5n5zm2prffymzu81gbpa34xat,,2026-01-17 17:25:35,2026-01-17
619,Weber,Isabella,,contacted,,,,,,,,,,,,,,,,Facharzt,Radiologie,,aktuell 08/2022 kein Interesse an einem Stellenwechsel,isabella.weber@yahoo.de,+49 1759925295,,2026-01-17 14:33:19.442417,2f63h1x6a807pskzxrov23t5zn3qih,,2026-01-17 17:25:35,2026-01-17
620,Bauer,Julia,,contacted,,,,,,,,,,,,,,,,Facharzt,Radiologie,,,julia.bauer@gmail.com,+49 1822377483,,2026-01-17 14:33:19.442926,0fmk86qd0k2co8ztxi3h04av3eemms,,2026-01-17 17:25:35,2026-01-17
621,Hoffmann,Lisa,Dr.,contacted,,,,,,,,,,,,,,,,Facharzt,Radiologie,,ist Gesellschafter,lisa.hoffmann@yahoo.de,+49 1113770896,,2026-01-17 14:33:19.442926,2rkzz0t6x60cw07elg8q10zlpcoalg,,2026-01-17 17:25:35,2026-01-17
622,Weber,Mara,Dr.,contacted,,,,,,,,,,,,,,,,Facharzt,Radiologie,,,mara.weber@web.de,+49 1873645201,,2026-01-17 14:33:19.442926,0xi71rdtay1t5ak2eigx2puhe1r4uz,,2026-01-17 17:25:35,2026-01-17
623,Bauer,Lea,Dr.,contacted,,,,,,,,,,,,,,,,Facharzt,Radiologie,mach noch ihre Habilitation 10/2024,,lea.bauer@yahoo.de,+49 1335639038,,2026-01-17 14:33:19.442926,28p9pjnp78090g1p3uwa1g7epke4bs,,2026-01-17 17:25:35,2026-01-17
625,Meyer,Paula,Dr.,contacted,,,,,,,,,,,,,,,,Facharzt,Radiologie,,,paula.meyer@gmail.com,+49 1101678985,,2026-01-17 14:33:19.442926,1cecc4fiir1nzd4e7imr1i5oxk7sv5,,2026-01-17 17:25:35,2026-01-17
627,Richter,Paula,,interested,,,,,,,,,,,,,,,,Facharzt,Radiologie,,,paula.richter@web.de,+49 1260340353,,2026-01-17 14:33:19.442926,03tb5b8p9w1j7396j8m31xbizu95a1,,2026-01-17 17:25:35,2026-01-17
628,Richter,Lea,Dr.,contacted,,,,,,,,,,,,,,,,Facharzt,Radiologie,,,lea.richter@outlook.com,+49 1906836592,,2026-01-17 14:33:19.442926,1rz1yswvr51ybr7rh8zr1rzljfp18w,,2026-01-17 17:25:35,2026-01-17
629,Zimmermann,Mara,Dr.,contacted,,,,,,,,,,,,,,,,Facharzt,Radiologie,,aktuell 11/2020 kein Interesse,mara.zimmermann@web.de,+49 1513161998,,2026-01-17 14:33:19.442926,2ojk4rq42c09c3n9siz8137vh038xx,,2026-01-17 17:25:35,2026-01-17
630,Hartmann,Isabella,,interested,,,,,,,,,,,,,,,,Assistenzarzt,Radiologie,letztes WbJ Radiologie,,isabella.hartmann@outlook.com,+49 1249373973,,2026-01-17 14:33:19.442926,2hcc308jpg1bnjadx0qs1cwtj6m0ro,,2026-01-17 17:25:35,2026-01-17
631,Richter,Julia,,contacted,,,,,,,,,,,,,,,,Facharzt,Radiologie,,,julia.richter@yahoo.de,+49 1979780619,,2026-01-17 14:33:19.444447,13ztum0mwz0v5l7bzm9524ctfn5lce,,2026-01-17 17:25:35,2026-01-17
632,Wolf,Lea,,contacted,,,,,,,,,,,,,,,,Facharzt,Radiologie,,,lea.wolf@yahoo.de,+49 1701297858,,2026-01-17 14:33:19.444447,188d0npmfe0xlljwhylg1jk5x71bxt,,2026-01-17 17:25:35,2026-01-17
633,Schneider,Anna,Dr.,contacted,,,,,,,,,,,,,,,,Facharzt,Radiologie,,,anna.schneider@web.de,+49 1355136472,,2026-01-17 14:33:19.444447,2o3qc995ej0j9f47mogz29lt7babul,,2026-01-17 17:25:35,2026-01-17
635,Wagner,Lisa,,contacted,,,,,,,,,,,,,,,,Facharzt,Radiologie,,,lisa.wagner@web.de,+49 1636161772,,2026-01-17 14:33:19.44504,1yetchtzf20uaetwuo9j06fdq3ln96,,2026-01-17 17:25:35,2026-01-17
636,Schwarz,Klara,,contacted,,,,,,,,,,,,,,,,Assistenzarzt,Radiologie,,,klara.schwarz@web.de,+49 1617617644,,2026-01-17 14:33:19.44504,1nng1nfp3r1ts22cdch01mz9accs5o,,2026-01-17 17:25:35,2026-01-17
637,Wolf,Maria,,contacted,,,,,,,,,,,,,,,,Facharzt,Radiologie,,,maria.wolf@outlook.com,+49 1014995950,,2026-01-17 14:33:19.44504,0a4wayu7f3070nhvym0y2kuxohtrv0,,2026-01-17 17:25:35,2026-01-17
638,Weber,Mila,,interested,,,,,,,,,,,,,,,,Facharzt,Radiologie,"war bei Conradia in vorstellung, gerne in 1 Jahr 03/2023","30.01.2023 - TP: 
mpMR 3 Tesla protokoll implementiert Q1 könnte bestätigen lassen gerne bei Conradia Q2 mag das gerne
Cardio-MR Q1 
Herz CT Q1
MSK Q1 ob man machen kann?  gerne und viele Fortbildungen und immer mehr protikommt avanto wird zu fit
Ist lexibel
Perspektivisch flex tag
Stelle hat eigenes Gerät und ist auch attraktiv und kann zeitgrößere sequenzen fahren und kompromiss finden
Knie 20-23 min und darf nicht 15 min sein und qualität ist wichtig

Tel. Nr.: 017682030119
Email: alexander.schippers@vivantes.de

aktuelle Position: OA - wurde nach FA direkt OA - CA wollte das er min 2 Jahre bleibt
aktueller Arbeitgeber: Vivantes

Wunschposition:
Wechselmotivation: möchte gerne interesasnte Projekte machen und Aufgaben

aktuelles Gehalt:
Wunschgehalt: 165k €

Verfügbarkeit zeitlich: 6 Monate Kündigungsfrist
Verfügbarkeit räumlich: Berlin flexibel

KH hat komplette Freiheit

gerne MSK und musste erst die Zahlen sehen und Anforderung

haben auch unflexible abeiten

6 Monate Kündigungsfrist zum monatsende

FA dez 2021

165

Folbildungen zeit frei und bezahlt

zahlen und befunde am Tag

vorstellung implementiereug

und konkretes Projekt ?neues MT R



dürfen ärzte ihre eigenen Protokolle haben?",mila.weber@outlook.com,+49 1473720231,,2026-01-17 14:33:19.44504,2mwbwgy1c918xetaf18f1op58xqefj,,2026-01-17 17:25:35,2026-01-17
639,Schmidt,Sarah,,contacted,,,,,,,,,,,,,,,,Assistenzarzt,Radiologie,,,sarah.schmidt@gmail.com,+49 1316104278,,2026-01-17 14:33:19.44504,2277keh3p70bzrlw5qkg2qn6v1amd1,,2026-01-17 17:25:35,2026-01-17
634,Schneider,Lena,Dr.,contacted,,,,,,,,,,kiel,,,,,,Facharzt,Radiologie,macht Forschung und Neurologie in Kiel,,lena.schneider@outlook.com,+49 1420533905,,2026-01-17 14:33:19.444447,0neuw6besz1d3uqlugc50nf5v139cf,,2026-01-17 17:25:35,2026-01-17
642,Becker,Emma,Dr.,contacted,,,,,,,,,,mannheim,,,,,,Facharzt,Radiologie,Mannheim/ Ludwigshafen,,emma.becker@web.de,+49 1347872245,,2026-01-17 14:33:19.44504,1r2mpwm3gu29bkvj5g8f0u02pxr3tp,,2026-01-17 17:25:35,2026-01-17
41,Bauer,Sophie,Dr.,interested,,,,,,,,,,,,,,Standortleiter,"Standortleiter, Gesellschafter",Facharzt,Strahlentherapie,ist Leiter will Beteiligung,s.h. Email Katiran CDT West.,sophie.bauer@web.de,+49 1268617826,,2025-08-22 23:59:00,0i186usvb313q99b88zu0czrrkeek7,Email,2026-01-17 17:25:35,2026-01-17
60,Hoffmann,Johanna,Dr.,contacted,,,,,,,,,,,,,,,,Facharzt,Strahlentherapie,,aktuell 02/2021 kein Interesse,johanna.hoffmann@gmail.com,+49 1080875917,,2026-01-17 14:33:19.363485,1ocl9qnio81cwgoeo7ks2nkl9wnp06,,2026-01-17 17:25:35,2026-01-17
644,Meyer,Anna,Dr.,contacted,,,,,,,,,,,,,,,,Facharzt,Radiologie,Praxisniederlasssung nur als Partner und frühestens in 5 Jahren oder als stiller Teilhaber,verhandelt gerade als OA an Maximal/Uni,anna.meyer@outlook.com,+49 1149129678,,2026-01-17 14:33:19.446053,112uyvd8xi0adb7pvtne1sr0vqw0vh,,2026-01-17 17:25:35,2026-01-17
646,Koch,Isabella,,contacted,,,,,,,,,,,,,,Chefarzt,"Chefarzt, Standortleiter",Facharzt,Radiologie,war im Prozess - hat neuen Job 02/2023,,isabella.koch@outlook.com,+49 1038297540,,2026-01-17 14:33:19.446053,18be7ijgca1zufg5lz8z0z7f6t4x4t,,2026-01-17 17:25:35,2026-01-17
647,Hartmann,Anna,,contacted,,,,,,,,,,,,,,,,Facharzt,Radiologie,,macht SP Kinderradiologie - aktuell 06/2021 nein,anna.hartmann@web.de,+49 1047207220,,2026-01-17 14:33:19.446053,0t3irucpsd2jec6e7c302iib2kjuag,,2026-01-17 17:25:35,2026-01-17
648,Becker,Johanna,Dr.,contacted,,,,,,,,,,,,,,,,Facharzt,Radiologie,,,johanna.becker@yahoo.de,+49 1132741201,,2026-01-17 14:33:19.446053,1veh0okr101ka953mke71pcm3njehi,,2026-01-17 17:25:35,2026-01-17
649,Wolf,Lisa,Dr.,contacted,,,,,,,,,,,,,,,,Facharzt,Radiologie,,,lisa.wolf@web.de,+49 1034779151,,2026-01-17 14:33:19.446053,10inqpkvme0h7lhvmqa41zhn4kqc3l,,2026-01-17 17:25:35,2026-01-17
650,Schneider,Mara,Dr.,contacted,,,,,,,,,,,,,,,,Facharzt,Radiologie,,02/22 neue Stelle,mara.schneider@outlook.com,+49 1750977495,,2026-01-17 14:33:19.44706,2hb6fhct4822l4j6f6kn07k7vvjwzg,,2026-01-17 17:25:35,2026-01-17
651,Schneider,Lea,Dr.,interested,,,,,,,,,,,,,,,,Facharzt,Radiologie,,,lea.schneider@outlook.com,+49 1229746973,,2026-01-17 14:33:19.44706,0lj7yx5di2267f6rcu8j1mhswz1oc9,,2026-01-17 17:25:35,2026-01-17
653,Neumann,Emma,,contacted,,,,,,,,,,,,,,,,Assistenzarzt,Radiologie,"viel Erfahrung, kommt aus der Gefäßchirurgie und Viszeralchirurgie",,emma.neumann@outlook.com,+49 1773107954,,2026-01-17 14:33:19.44706,0ell0rtjhm1n73mlaclw166qcbvsi0,,2026-01-17 17:25:35,2026-01-17
654,Fischer,Emma,,contacted,,,,,,,,,,,,,,,,Assistenzarzt,Radiologie,,,emma.fischer@yahoo.de,+49 1285962421,,2026-01-17 14:33:19.44706,0nw42v4dpk103in7s40b1yjoxxx1hz,,2026-01-17 17:25:35,2026-01-17
655,Schwarz,Mara,,contacted,,,,,,,,,,,,,,,,Facharzt,Radiologie,,,mara.schwarz@yahoo.de,+49 1779539163,,2026-01-17 14:33:19.44706,1tn1gokn5w0sz4kxvlhq0wlhwl5nvx,,2026-01-17 17:25:35,2026-01-17
656,Bauer,Johanna,,contacted,,,,,,,,,,,,,,,,Facharzt,Radiologie,,selbstständig,johanna.bauer@outlook.com,+49 1544995615,,2026-01-17 14:33:19.44706,1blnhw5m3n1wc0i9gim41r4eo1z1ag,,2026-01-17 17:25:35,2026-01-17
658,Müller,Isabella,,contacted,,,,,,,,,,,,,,,,Facharzt,Radiologie,,,isabella.müller@outlook.com,+49 1688089780,,2026-01-17 14:33:19.448065,0z8r1z8ca91fdv8fps1g0jl4qdjnaf,,2026-01-17 17:25:35,2026-01-17
420,Fischer,Alina,Dr.,interested,,,,,,,,,,berlin,,,,,,Facharzt,Radiologie,OA in Berlin,"15.02.2023 - TP:
Sehr geehrte Frau Boss,

die Stelle klingt zwar sehr interessant für mich und passt in fast allen Punkten auf mein Profil, jedoch ist MSK nicht mein Fokus. Ich bin sonst in allen Körperabschnitten gut aufgestellt, insbesondere aber die Thoraxradiologie.",alina.fischer@web.de,+49 1153072201,,2026-01-17 14:33:19.4148,121fkhg0up23idn3oau60r6xr7ja65,,2026-01-17 17:25:35,2026-01-17
643,Schmidt,Johanna,,interested,,,,,,,,,,"leipzig, sachsen",,,,Ltd. OA,"Ltd. OA, Chefarzt, Standortleiter",Facharzt,Radiologie,Leipzig und Sachsen,"14.12.2022 - TP:
vielen Dank für ihre Nachricht, diese sticht wirklich aus der den übrigen Anfragen hervor durch die detailreiche Beschreibung, so dass man sich unter den Vor-Ort Gegebenheiten etwas vorstellen kann. Das finde ich super.
Derzeit bin ich wohnort-technisch auf Leipzig/ Sachsen fixiert, da gerade Kind Nr 2 geboren wurde und wir hier unser soziales Netzwerk haben.",johanna.schmidt@gmail.com,+49 1304459671,,2026-01-17 14:33:19.446053,1y3blpkj6r1tmvq75cwc20zhfnlfvf,,2026-01-17 17:25:35,2026-01-17
659,Hartmann,Klara,,contacted,,,,,,,,,,,,,,,,Facharzt,Radiologie,,gerade OA angetreten 10/2020 - wenn dann nur Umkreis Lübeck - HH zu weit!,klara.hartmann@yahoo.de,+49 1040041024,,2026-01-17 14:33:19.448065,2lx29br05l1pl6kl9cug1d0706o2zv,,2026-01-17 17:25:35,2026-01-17
660,Müller,Elena,,contacted,,,,,,,,,,,,,,,,Assistenzarzt,Radiologie,,AA in 2 WB Jahr,elena.müller@gmail.com,+49 1904693856,,2026-01-17 14:33:19.448065,1irjaaag1225iicx27ok1n2j8h64mf,,2026-01-17 17:25:35,2026-01-17
661,Hoffmann,Sophie,Dr.,contacted,,,,,,,,,,,,,,,,Facharzt,Radiologie,,Köln / Bonn,sophie.hoffmann@outlook.com,+49 1378283781,,2026-01-17 14:33:19.448065,2h5bxqb49u2h4xjiwwgk1aw7wr3izd,,2026-01-17 17:25:35,2026-01-17
61,Klein,Elena,Dr.,contacted,,,,,,,,,,,,,,,,Facharzt,Strahlentherapie,,,elena.klein@gmail.com,+49 1448125688,,2026-01-17 14:33:19.363485,1eyov4odz81a7kmfglka0yzt752fas,,2026-01-17 17:25:35,2026-01-17
664,Schmidt,Maria,,contacted,,,,,,,,,,,,,,,,Facharzt,Radiologie,,,maria.schmidt@yahoo.de,+49 1283678345,,2026-01-17 14:33:19.449061,1ngid3hfxe104vf9nnfi09h70y02qn,,2026-01-17 17:25:35,2026-01-17
665,Schulz,Laura,,contacted,,,,,,,,,,,,,,,,Facharzt,Radiologie,,,laura.schulz@gmail.com,+49 1956656089,,2026-01-17 14:33:19.449061,0krk80n8zu1fzjtggm0r2makr0muh5,,2026-01-17 17:25:35,2026-01-17
666,Bauer,Klara,Dr.,contacted,,,,,,,,,,,,,,Ltd. OA,"Ltd. OA, Chefarzt, Standortleiter",Facharzt,Radiologie,Rhein-Main Gebiet,"26.01.2023 - TP:
Niederlassung angestellt raxis heilbronn

haben dort 2 MR und 1 CT und Sono

Schilddrüsen ja aber kein mamma

will leitende Stelle

Nähe Wohnort

Praxis oder MVZ ohne Dienste

will ca. 185k

wenn Gelegenheit dann gerne wieder anbieten

seit 2013 FA",klara.bauer@web.de,+49 1361564170,,2026-01-17 14:33:19.449061,0j662i8wvc1oz6599dpn12mpprbq9h,,2026-01-17 17:25:35,2026-01-17
667,Schmidt,Lisa,,contacted,,,,,,,,,,,,,,,,Facharzt,Radiologie,,21.10.2022 - TP: Arbeitet jetzt nicht mehr aus Ärztin,lisa.schmidt@yahoo.de,+49 1320607260,,2026-01-17 14:33:19.449061,1p1nm9n2l31871ghk27x1sxr35g5yl,,2026-01-17 17:25:35,2026-01-17
668,Müller,Mila,Dr.,contacted,,,,,,,,,,,,,,,,Facharzt,Radiologie,AA 09/2024,,mila.müller@gmail.com,+49 1191879078,,2026-01-17 14:33:19.449061,1xgztj0ntf0wzq5dpujk23pdprtds4,,2026-01-17 17:25:35,2026-01-17
669,Hartmann,Nina,Dr.,interested,,,,,,,,,,,,,,,,Facharzt,Radiologie,,Schweiz,nina.hartmann@web.de,+49 1366654601,,2026-01-17 14:33:19.449061,2l8ktv6fqu2hurlngk6n08wgzns3w0,,2026-01-17 17:25:35,2026-01-17
671,Müller,Clara,Dr.,contacted,,,,,,,,,,,,,,,,Facharzt,Radiologie,,Bereichsleitung MRT,clara.müller@web.de,+49 1842671648,,2026-01-17 14:33:19.449061,0fb2yl10m429f8kamlgq0dpcnh200b,,2026-01-17 17:25:35,2026-01-17
672,Koch,Laura,,contacted,,,,,,,,,,,,,,,,Facharzt,Radiologie,,,laura.koch@gmail.com,+49 1581372611,,2026-01-17 14:33:19.450061,089lnkyo2x0c8ivza5160x4kmep5to,,2026-01-17 17:25:35,2026-01-17
673,Klein,Sophie,,contacted,,,,,,,,,,,,,,,,Facharzt,Radiologie,,,sophie.klein@yahoo.de,+49 1086938627,,2026-01-17 14:33:19.450061,1ko7j3nziq09rcxz7xak264vfauc2r,,2026-01-17 17:25:35,2026-01-17
674,Schneider,Alina,Dr.,contacted,,,,,,,,,,,,,,,,Facharzt,Radiologie,,,alina.schneider@outlook.com,+49 1881587834,,2026-01-17 14:33:19.450061,0kogkl91k31e8cetrxc80u5bllr12y,,2026-01-17 17:25:35,2026-01-17
675,Meyer,Lena,,contacted,,,,,,,,,,,,,,,,Facharzt,Radiologie,,,lena.meyer@web.de,+49 1714855891,,2026-01-17 14:33:19.450061,0mxx6lqtex17m450n6wu2nfl5v05n5,,2026-01-17 17:25:35,2026-01-17
676,Weber,Klara,Dr.,contacted,,,,,,,,,,,,,,,,Facharzt,Radiologie,,Leitender Arzt,klara.weber@outlook.com,+49 1807891049,,2026-01-17 14:33:19.450061,2kjmrxq0rx1u2n7vevls1j6a457u26,,2026-01-17 17:25:35,2026-01-17
677,Weber,Paula,Dr.,contacted,,,,,,,,,,,,,,,,Facharzt,Radiologie,,aktuell 07/2022 kein Interesse,paula.weber@yahoo.de,+49 1051192780,,2026-01-17 14:33:19.450061,0lc8z8uys00zvrbpp26w007qcppspf,,2026-01-17 17:25:35,2026-01-17
680,Koch,Lea,,contacted,,,,,,,,,,,,,,,,Facharzt,Radiologie,,,lea.koch@outlook.com,+49 1721046560,,2026-01-17 14:33:19.451061,1jc2f1c1ar0jiy8q21yy075emmblc9,,2026-01-17 17:25:35,2026-01-17
681,Schulz,Paula,Dr.,contacted,,,,,,,,,,,,,,,,Facharzt,Radiologie,,ltd. OA,paula.schulz@yahoo.de,+49 1527659852,,2026-01-17 14:33:19.451061,1gx95x4v2n1eizlxdsnt1a6kkimwln,,2026-01-17 17:25:35,2026-01-17
663,Becker,Isabella,,interested,,,,,,,,,,"berlin, brandenburg",,,,,,Facharzt,Radiologie,Berlin und Brandenburg - Mitte 2023 (jetzt 02/2023 noch in Elternzeit),interessiert für Berlin,isabella.becker@outlook.com,+49 1388625692,,2026-01-17 14:33:19.448065,2npolhn48x118wldz4jw1vl5sc2ygw,,2026-01-17 17:25:35,2026-01-17
683,Hoffmann,Sophie,,contacted,,,,,,,,,,,,,,,,Facharzt,Radiologie,aktuell 10/2024 nein,"16.10.2024 - TP:
vielen Dank für Ihre Nachrichten.
Das Angebot ist sehr verlockend, leider bin ich nicht in der Lage meine Stelle zu wechseln.",sophie.hoffmann@outlook.com,+49 1890433782,,2026-01-17 14:33:19.451061,10ptsnqya40y4cwepg6c1u9r7flvhf,,2026-01-17 17:25:35,2026-01-17
684,Schneider,Mila,,contacted,,,,,,,,,,,,,,,,Assistenzarzt,Radiologie,,in den letzten Jahren der Weiterbildung,mila.schneider@outlook.com,+49 1583834297,,2026-01-17 14:33:19.451061,11k61qyl4h1eq8eqr6ft14pv43lw0e,,2026-01-17 17:25:35,2026-01-17
686,Hartmann,Paula,Dr.,interested,,,,,,,,,,,,,,,,Facharzt,Radiologie,,will erst ab 05/2021 wechseln,paula.hartmann@gmail.com,+49 1828418777,,2026-01-17 14:33:19.452061,0wane49f810cma0azpns22qvpy4wo7,,2026-01-17 17:25:35,2026-01-17
687,Hoffmann,Johanna,,interested,,,,,,,,,,,,,,,,Facharzt,Radiologie,,Selbstständig,johanna.hoffmann@yahoo.de,+49 1365942100,,2026-01-17 14:33:19.452061,0mtw41i19a16wj0s0yll2aeztdsl96,,2026-01-17 17:25:35,2026-01-17
688,Klein,Julia,,interested,,,,,,,,,,,,,,,,Facharzt,Radiologie,,nur nördliches Ruhrgebiet,julia.klein@gmail.com,+49 1167125957,,2026-01-17 14:33:19.452061,1oqxabu4ij28glbcevy92bphrqnd9r,,2026-01-17 17:25:35,2026-01-17
689,Hoffmann,Mara,,contacted,,,,,,,,,,,,,,,,Facharzt,Radiologie,,aktuell 07/2022 kein Interesse,mara.hoffmann@gmail.com,+49 1946707398,,2026-01-17 14:33:19.452061,1bjizz3od20zklwd3vqg10hka2niyy,,2026-01-17 17:25:35,2026-01-17
690,Weber,Lea,,contacted,,,,,,,,,,,,,,,,Facharzt,Radiologie,,,lea.weber@gmail.com,+49 1222363398,,2026-01-17 14:33:19.452061,187y8n0hus2ehntfeh560mwu78xm5q,,2026-01-17 17:25:35,2026-01-17
691,Wagner,Isabella,Dr.,interested,,,,,,,,,,,,,,,,Facharzt,Radiologie,,nur in Spanien oder Portugal,isabella.wagner@gmail.com,+49 1517477656,,2026-01-17 14:33:19.452061,14zt4rfdg30e1ae5j8i11hnz9hof60,,2026-01-17 17:25:35,2026-01-17
52,Weber,Lena,,interested,,,,,,,,,,,,,,,,Facharzt,Strahlentherapie,,"05.09.2024 - TP:
CDT West Absage 180k 70% 21.06. Vor Ort Termin
Kliniken Köln Merheim Absage    Team ist voll
Radprax Absage   27.06. Tel. mit Jung. Bunker muss noch gebaut werden. Ausschreibung nur so für Zukunft. Suchen aktuell Nuk
med360 Warten   19.07. will abwarten

08.12.2023 - TP:
1. Ein erfahrener Facharzt für Strahlentherapie hatte sich erkundigt, ob Sie vielleicht jemanden mit viel Erfahrung und mit spezieller Expertise im Bereich der Prostata-Brachytherapie für Ihre Abteilung der Strahlentherapie suchen? 

s.h. Anmerkung",lena.weber@yahoo.de,+49 1647182409,,2026-01-17 14:33:19.362486,22r6rsoso51vzy2zcfhb00k2luf32c,,2026-01-17 17:25:35,2026-01-17
692,Neumann,Julia,,contacted,,,,,,,,,,,,,,,,Facharzt,Radiologie,,,julia.neumann@gmail.com,+49 1586180048,,2026-01-17 14:33:19.452061,2l7mufb4wj0nsjcqd51l123umwnrlw,,2026-01-17 17:25:35,2026-01-17
693,Becker,Lea,,interested,,,,,,,,,,,,,,,,"MTRA, sonstige",Radiologie,Praxismanager,"25.04.2024 - TP:
Sohn macht ABI in Frankreich, will dann ab 01.07./01.08. wieder in Deutschland arbeiten
Praxismanager Ultraschall, Echographie, Röntgen
jetzt 2 Ärzte und 4 MTRA
aktuelle Augabe Effizienz steigern in FR
Teleradiologie, Home Office, optimierung",lea.becker@gmail.com,+49 1963701709,,2026-01-17 14:33:19.453082,12eflvvbyd00ixspbzau1ten71ltee,,2026-01-17 17:25:35,2026-01-17
694,Krüger,Clara,Dr.,interested,,,,,,,,,,,,,,,,Facharzt,Radiologie,,,clara.krüger@web.de,+49 1507342623,,2026-01-17 14:33:19.453082,21tfm8qgzu1msees11oy2rr0ui00pe,,2026-01-17 17:25:35,2026-01-17
695,Weber,Julia,,contacted,,,,,,,,,,,,,,,,Facharzt,Radiologie,,aktuell 08/22022 nur Interesse an Stellen in Berlin,julia.weber@outlook.com,+49 1462330393,,2026-01-17 14:33:19.453082,2muyab78cf1uys8urcwy2pl779652e,,2026-01-17 17:25:35,2026-01-17
696,Koch,Clara,,contacted,,,,,,,,,,,,,,,,Facharzt,Radiologie,,,clara.koch@yahoo.de,+49 1406723934,,2026-01-17 14:33:19.453082,1z0nwjmze41e0vuka7b72540n253cf,,2026-01-17 17:25:35,2026-01-17
697,Schulz,Nina,,contacted,,,,,,,,,,,,,,,,Facharzt,Radiologie,,,nina.schulz@yahoo.de,+49 1510856754,,2026-01-17 14:33:19.453082,2j3eb8i42u02qhl2hkq12b09heugj2,,2026-01-17 17:25:35,2026-01-17
698,Krüger,Sophie,,contacted,,,,,,,,,,,,,,,,Assistenzarzt,Radiologie,,,sophie.krüger@gmail.com,+49 1864458820,,2026-01-17 14:33:19.453082,2r962kldr31tmbbqc74o2geqq57nzf,,2026-01-17 17:25:35,2026-01-17
699,Bauer,Lena,Dr.,contacted,,,,,,,,,,,,,,,,Facharzt,Radiologie,,ab 10/2021 ldt. OA,lena.bauer@yahoo.de,+49 1607942882,,2026-01-17 14:33:19.453082,0p0jb9t7a12rqwmwuvam0fkdn2l2cj,,2026-01-17 17:25:35,2026-01-17
700,Fischer,Elena,Dr.,interested,,,,,,,,,,,,,,,,Facharzt,Radiologie,Süddeutschland und Westdeutschland,"Tel. 
Macht intervertionen seit 1990
Ist 63 
will keine Interventionen mehr 
Lange an der Uni, hauptsächlich Interventionen
17 Jahre Praxis
Sabbaticak
Hatte eigene Klinik in Rastadt
Aktuell Honorar
MSK und Neuro SP
will keine Interventionen mehr machen
War an Olympiastandort
Hat Spaß am arbeiten, wenn es passt, dann ohne Ende
Frau Arbiete in Mainz, treffen sich am WE
Hat am 31.03. gekündigt. Ist auf Jobsuche
Asap könnte anfangen
Hat einen Hund


macht 2021 ein Sabbatjahr! Ende 2021 ansprechen",elena.fischer@gmail.com,+49 1446759442,,2025-07-14 23:59:00,1tp0anasq7070rq27bwd2maoqpe40l,Tel.,2026-01-17 17:25:35,2026-01-17
701,Müller,Clara,,contacted,,,,,,,,,,,,,,,,Facharzt,Radiologie,,,clara.müller@web.de,+49 1471570450,,2026-01-17 14:33:19.454055,1v0yhlc69u1f4w0a6mpe05wr5olld5,,2026-01-17 17:25:35,2026-01-17
702,Zimmermann,Lea,Dr.,contacted,,,,,,,,,,,,,,,,Facharzt,Radiologie,,,lea.zimmermann@yahoo.de,+49 1558952257,,2026-01-17 14:33:19.454055,0eisgawtl00o1rzb151q10nu9wj6n8,,2026-01-17 17:25:35,2026-01-17
703,Schulz,Lea,Dr.,contacted,,,,,,,,,,,,,,,,Facharzt,Radiologie,,,lea.schulz@outlook.com,+49 1736893840,,2026-01-17 14:33:19.454055,2p8hk9avik1mk75avrii12iawrrpjy,,2026-01-17 17:25:35,2026-01-17
704,Schulz,Johanna,Dr.,contacted,,,,,,,,,,,,,,,,Facharzt,Radiologie,,08/2022 kein Interesse,johanna.schulz@web.de,+49 1292960908,,2026-01-17 14:33:19.454055,0qf8r0t9uv15ib6vymg61972fggl4n,,2026-01-17 17:25:35,2026-01-17
706,Krüger,Laura,Dr.,interested,,,,,,,,,,,,,,,,Facharzt,Radiologie,,hat gerade das Angebot seines jetzigen AG angenommen.,laura.krüger@outlook.com,+49 1307834346,,2026-01-17 14:33:19.454055,15kpbxtypp0idu5cz7rb28su861u1n,,2026-01-17 17:25:35,2026-01-17
827,Weber,Nina,,,,,,,,,,,,,,,,,,,,,,nina.weber@yahoo.de,+49 1242636801,,48113-11-21 00:00:01,,,2026-01-17 17:25:35,2026-01-17
828,Wagner,Paula,,,,,,,,,,,,,,,,,,,,,,paula.wagner@gmail.com,+49 1044967735,,48113-11-21 00:00:01,,,2026-01-17 17:25:35,2026-01-17
709,Fischer,Sarah,Dr.,contacted,,,,,,,,,,,,,,,,Facharzt,Radiologie,,Grönemeyer angeboten aber abgelehnt,sarah.fischer@outlook.com,+49 1266667489,,2026-01-17 14:33:19.455067,0a11wsyjtz0daipilbef0drrf56tff,,2026-01-17 17:25:35,2026-01-17
710,Schulz,Sarah,,contacted,,,,,,,,,,,,,,,,Facharzt,Radiologie,,,sarah.schulz@gmail.com,+49 1453563576,,2026-01-17 14:33:19.455067,1otxax5bf218ugebguvh1gvsyu1u7z,,2026-01-17 17:25:35,2026-01-17
711,Koch,Lena,,contacted,,,,,,,,,,,,,,,,Facharzt,Radiologie,,,lena.koch@yahoo.de,+49 1537536208,,2026-01-17 14:33:19.455578,0wkezrgj9k27l7b4mvow0wpskw8mp2,,2026-01-17 17:25:35,2026-01-17
712,Schwarz,Maria,Dr.,contacted,,,,,,,,,,,,,,,,Facharzt,Radiologie,,,maria.schwarz@gmail.com,+49 1052175925,,2026-01-17 14:33:19.455578,1vtsopd35z1r0e1e8nyx0ytuwoaqga,,2026-01-17 17:25:35,2026-01-17
713,Krüger,Elena,Dr.,interested,,,,,,,,,,,,,,,,Facharzt,Radiologie,,,elena.krüger@web.de,+49 1842144568,,2026-01-17 14:33:19.455578,2kwvev2fu20ny4rmuoog2lkre7fnlk,,2026-01-17 17:25:35,2026-01-17
714,Hartmann,Klara,Dr.,interested,,,,,,,,,,,,,,Ltd. OA,"Ltd. OA, Chefarzt, Standortleiter",Facharzt,Radiologie,,"12.04.2023 - TP:
Zur Zeit bin ich teils Leiter eines MVZ in Köln, teils interventionell tätiger OA in der angeschlossenen Klinik und gut versorgt, halte allerdings meine Augen in jede Richtung offen! 
Gerne dürfen Sie mich bei interessanten Positionen erneut kontaktieren, allerding besser unter der unten aufgeführten Email-Adresse, die ich täglich kontrolliere.",klara.hartmann@gmail.com,+49 1386780918,,2026-01-17 14:33:19.455578,2r1b02t3oq1p1qjz8vfj0bs7qf0j8u,,2026-01-17 17:25:35,2026-01-17
715,Schwarz,Elena,Dr.,contacted,,,,,,,,,,,,,,,,Facharzt,Radiologie,,leitende FA,elena.schwarz@outlook.com,+49 1653543266,,2026-01-17 14:33:19.455578,19rplmaozs15qrniup700bm82kgarn,,2026-01-17 17:25:35,2026-01-17
716,Becker,Lea,,contacted,,,,,,,,,,,,,,,,Facharzt,Radiologie,,ist bald in Rentenalter,lea.becker@gmail.com,+49 1723793344,,2026-01-17 14:33:19.455578,0izn3rob9820tw1g33511fezz8i2bq,,2026-01-17 17:25:35,2026-01-17
717,Richter,Julia,Dr.,contacted,,,,,,,,,,,,,,Ltd. OA,"Ltd. OA, Chefarzt, Standortleiter",Facharzt,Radiologie,,Leitender Arzt Radiologie,julia.richter@outlook.com,+49 1615989096,,2026-01-17 14:33:19.455578,1k88plgn63107d8afkk30u82ef7wrz,,2026-01-17 17:25:35,2026-01-17
705,Meyer,Maria,Dr.,contacted,,,,,,,,,,AT,,,,,,Facharzt,Radiologie,Österreich Freelancer,Freelancer,maria.meyer@yahoo.de,+49 1696614932,,2026-01-17 14:33:19.454055,2r2pg4qg4m2orm1rsv7o08z70946ev,,2026-01-17 17:25:35,2026-01-17
718,Schwarz,Elena,Dr.,contacted,,,,,,,,,,,,,,,,Facharzt,Radiologie,,will im Osten bleiben - offen für Angebote,elena.schwarz@outlook.com,+49 1566661684,,2026-01-17 14:33:19.4566,06biji3yig06cxh39tzh2l2jg3tezi,,2026-01-17 17:25:35,2026-01-17
707,Weber,Laura,,interested,,,,,,,,,,"nürnberg, ohne",,,,,,Facharzt,Radiologie,Nürnberg - 32 Stunden- Tätigkeit ohne Dienste,Nürnberg - 32 Stunden- Tätigkeit ohne Dienste,laura.weber@yahoo.de,+49 1866764130,,2026-01-17 14:33:19.455067,280xg230vw0vijglu0ol0jdldul8r9,,2026-01-17 17:25:35,2026-01-17
708,Fischer,Isabella,Dr.,Hot / is searching,,,,,,,,,,norden,True,,,Chefarzt,"Chefarzt, Standortleiter",Facharzt,Radiologie,will in den Norden - war schon Chefarzt,"3 Monate KFrist
war schon in Wismar Urlaub machen
180k ist ok",isabella.fischer@web.de,+49 1931229866,,2026-01-02 23:59:00,0z32xnm6nu1yqz9gpakv1h8hfbae9y,Tel.,2026-01-17 17:25:35,2026-01-17
53,Krüger,Anna,Dr.,contacted,,,,,,,,,,,,,,,,Facharzt,Strahlentherapie,,,anna.krüger@web.de,+49 1838454157,,2026-01-17 14:33:19.362486,1mhxnsbsms25pe40nw8v1rog9lx9su,,2026-01-17 17:25:35,2026-01-17
421,Schulz,Emma,Dr.,interested,,,,,,,,,,,,,,,,Facharzt,Radiologie,,möchte Gesellschafter in NRW,emma.schulz@web.de,+49 1231102999,,2026-01-17 14:33:19.4148,043vvhtfhw22a4se1kk21tzum7xfva,,2026-01-17 17:25:35,2026-01-17
719,Schwarz,Alina,Dr.,contacted,,,,,,,,,,,,,,,,Facharzt,Radiologie,,,alina.schwarz@yahoo.de,+49 1326856636,,2026-01-17 14:33:19.4566,1uzvqs2lhp16sbmnevpt19djygznhc,,2026-01-17 17:25:35,2026-01-17
720,Müller,Nina,Dr.,interested,,,,,,,,,,,,,,,,Facharzt,Radiologie,,07/2022 neue Stelle in Frankfurt angetreten,nina.müller@outlook.com,+49 1970619732,,2026-01-17 14:33:19.4566,1n6bnyo6d624085nw0ll0vyxsxe00t,,2026-01-17 17:25:35,2026-01-17
721,Schneider,Sophie,Dr.,contacted,,,,,,,,,,,,,,,,Facharzt,Radiologie,09/2024 neue Position,,sophie.schneider@web.de,+49 1890620530,,2026-01-17 14:33:19.4566,0x9dagayou0uf4su9eqr0s6kmd7kba,,2026-01-17 17:25:35,2026-01-17
722,Schneider,Mila,Dr.,contacted,,,,,,,,,,,,,,,,Facharzt,Radiologie,,,mila.schneider@outlook.com,+49 1063835016,,2026-01-17 14:33:19.4566,000pfyqavp0kweq3ugh41ypmuwm52t,,2026-01-17 17:25:35,2026-01-17
723,Zimmermann,Lea,Dr.,contacted,,,,,,,,,,,,,,,,Facharzt,Radiologie,,,lea.zimmermann@web.de,+49 1449691580,,2026-01-17 14:33:19.4566,2b153amiyf1mdwguabh6070qqmrhie,,2026-01-17 17:25:35,2026-01-17
724,Hoffmann,Sarah,Dr.,contacted,,,,,,,,,,,,,,,,Facharzt,Radiologie,,,sarah.hoffmann@web.de,+49 1620266059,,2026-01-17 14:33:19.4566,0r5l2tb1im2kko9xnwr52jfldxf6c4,,2026-01-17 17:25:35,2026-01-17
725,Hoffmann,Alina,Dr.,contacted,,,,,,,,,,,,,,,,Facharzt,Radiologie,,aktuell 06/2021 kein Interesse,alina.hoffmann@gmail.com,+49 1414310001,,2026-01-17 14:33:19.457601,0m3hds134q1yfh48wsiz0hh0xbav0h,,2026-01-17 17:25:35,2026-01-17
726,Hoffmann,Mila,Dr.,interested,,,,,,,,,,,,,,,,Facharzt,Radiologie,,,mila.hoffmann@outlook.com,+49 1923869072,,2026-01-17 14:33:19.457601,1xssk893lb25bwhk4z3a2dyods1jlw,,2026-01-17 17:25:35,2026-01-17
727,Neumann,Clara,Dr.,contacted,,,,,,,,,,,,,,,,Facharzt,Radiologie,,Freelancer - Praxisvertretungen - keine Kliniken -  bevorzugt im Raum Frankfurt,clara.neumann@yahoo.de,+49 1236219082,,2026-01-17 14:33:19.457601,0g6xj4mm802kz2svs21v0bbwb26sgx,,2026-01-17 17:25:35,2026-01-17
728,Bauer,Mila,Dr.,interested,,,,,,,,,,,,,,,,Facharzt,Radiologie,,"interessiert an Weiterbildungen Neuroradio, Nuk oder Kinderradio - gerne in Hessen und auch KH möglich",mila.bauer@web.de,+49 1522049402,,2026-01-17 14:33:19.457601,2jmzjl8nnh1tudibhek40er4in218n,,2026-01-17 17:25:35,2026-01-17
730,Wolf,Emma,Dr.,contacted,,,,,,,,,,,,,,,,Facharzt,Radiologie,Interventionelle Radiologie,,emma.wolf@gmail.com,+49 1153335682,,2026-01-17 14:33:19.457601,0cp8i6ydxs2ckbsmynya0tr75p69s5,,2026-01-17 17:25:35,2026-01-17
731,Zimmermann,Mila,Dr.,contacted,,,,,,,,,,,,,,,,Facharzt,Radiologie,,,mila.zimmermann@outlook.com,+49 1259050935,,2026-01-17 14:33:19.457601,04y58qaulc20xfy2k1e80dock22zxe,,2026-01-17 17:25:35,2026-01-17
732,Schneider,Laura,,contacted,,,,,,,,,,,,,,,,Facharzt,Radiologie,,,laura.schneider@gmail.com,+49 1394131842,,2026-01-17 14:33:19.457601,2r7vezx95s0d4oj4ec3p0spnuax37c,,2026-01-17 17:25:35,2026-01-17
733,Becker,Julia,Dr.,contacted,,,,,,,,,,,,,,,,Facharzt,Radiologie,GF Evidia,ist Prof. und leider blikk in Berlin,julia.becker@outlook.com,+49 1438663872,,2026-01-17 14:33:19.458619,0ti0onaicl2fzb57q41l2aubyk8ogw,,2026-01-17 17:25:35,2026-01-17
734,Müller,Lisa,Dr.,contacted,,,,,,,,,,,,,,,,Facharzt,Radiologie,,,lisa.müller@web.de,+49 1015371039,,2026-01-17 14:33:19.458619,1xwx5aw8f60ewbzj46j71oc6sixf3y,,2026-01-17 17:25:35,2026-01-17
735,Wolf,Emma,Dr.,interested,,,,,,,,,,,,,,Ltd. OA,"Ltd. OA, Chefarzt, Standortleiter",Facharzt,Radiologie,"Leitungspositionen im ambulanten Umfeld bzw. Ltd. OA und CA, will ab 190k",27.09.2024 - TP: Ab 190-200000 €/Jahr mit Zusatzverdienstmöglichkeiten,emma.wolf@yahoo.de,+49 1958468211,,2026-01-17 14:33:19.458619,0ahrpy7qg90rjt6ey6kf1w7ufvpukb,,2026-01-17 17:25:35,2026-01-17
736,Fischer,Mara,,contacted,,,,,,,,,,,,,,,,Facharzt,Radiologie,,,mara.fischer@web.de,+49 1449061882,,2026-01-17 14:33:19.458619,17j3dfmhby1trvkmqy6k0ua4th4z08,,2026-01-17 17:25:35,2026-01-17
740,Koch,Maria,,contacted,,,,,,,,,,nordrhein-westfalen,,NRW,,Assistenzarzt,"Facharzt, Oberarzt",Assistenzarzt,Radiologie,,,maria.koch@web.de,+49 1866594971,,2026-01-17 14:33:19.45962,1h8gqllfqq0akca5p0rv249kh46h0s,,2026-01-17 17:25:35,2026-01-17
737,Zimmermann,Nina,,interested,,,,,,,,,,,,,,,,Facharzt,Radiologie,,Interesse an einer MVZ Stelle aber nur in Köln,nina.zimmermann@outlook.com,+49 1745750366,,2026-01-17 14:33:19.458619,1i9wmbkxnm1qei0jeiwx2kojrfuegr,,2026-01-17 17:25:35,2026-01-17
738,Becker,Alina,Dr.,contacted,,,,,,,,,,,,,,,,Facharzt,Radiologie,,,alina.becker@web.de,+49 1698974872,,2026-01-17 14:33:19.458619,02r3yqvfdl118prs9sd80mjbfekv9u,,2026-01-17 17:25:35,2026-01-17
743,Schulz,Julia,,contacted,,,,,,,,,,,,,,Freelancer,,Facharzt,Radiologie,Freelancer,nur Teleradiologie - Kontakt über Dr. Scholz,julia.schulz@yahoo.de,+49 1639329112,,2026-01-17 14:33:19.45962,14pruzlojk2ea8scsinr1lvxyd5ypx,,2026-01-17 17:25:35,2026-01-17
742,Schwarz,Nina,Dr.,contacted,,,,,,,,,,"hamburg, niedersachsen, schleswig, schleswig-holstein",,"Niedersachsen, Schleswig-Holstein, Hamburg",,,,Facharzt,Radiologie,,nur Chefarztpositionen,nina.schwarz@gmail.com,+49 1687927688,,2026-01-17 14:33:19.45962,1kihiut5gz1wu6gl8o242qcl55rlwu,,2026-01-17 17:25:35,2026-01-17
832,Wolf,Sarah,Dr.,in Interview,,vorgestellt bei Knecht,,,,,,,,"CH, DE",True,"ganz Deutschland, Schweiz",,Standortleiter,"Standortleiter, Gesellschafter",Facharzt,"Radiologie, KI interessiert",FA Rad,"ist ÄL bei Melvia. Hat einen 6 J Sohn und wenn er in die Schule kommt, will er gewissheit. 
Für CH offen auch wegen der politischen Situation. macht 2026 seinen MHBA. Macht schon jetzt viel Administrative tätigkeit. Will auch in Zukunft administrative Management Aufgaben machen. War immer KI affin. Versucht an seinem Strandort KI open Source zu arbeiten und prozesse zu verbessern. KI Zertifiziert. ISt 38 Jahre alt also jetzt die Weichen stellen. Hat ein Angebot als Geschäftsführer in einer Kette. Neue Stelle muss eine erweiterungt sein hinsichtlich administrativer Tätigkeit. 
absoluter SP ist MSK weil in Heidelberg mit der Orthopädischen Radiologie großgewinden und somit 10 Jahre Erfahrung MSK. als zweites die abdominelle Diagnostik. KI Healthcare Kurs in Stanford. Managed Care wie in den USA und CH ähnlich. Integrative Diagnostik weiterbildung. KI in Wissenschaft. 
War in Heidelberg für das CT zuständig und verantwortlich für die etablierung von Siemens KI. Q1 Herz und Prostata. Haben auch nur Leasing Geräte mit allen Vor und Nachteilen. Super wenn direkt vom Hersteller. Will auch strategisch arbeiten. 
Gerne einen Ausblick ob in 6 Monaten Möglihckeiten gibt. noch keine MEBEKO. gut dass es keine vakanz gibt.",sarah.wolf@web.de,+49 1619249376,,2025-12-10 23:59:00,1yax712fp109nckorzaw18zkh8opot,Tel.,2026-01-17 17:25:35,2026-01-17
833,Schneider,Sarah,Dr.,interested,,,,,,,,,,"bayern, münchen",,Bayern,,Facharzt,"Facharzt, Oberarzt",Facharzt,Gynäkologie,München und Umgebung,"Wasserburg zu weit, abgelehnt
Seit 07/2025 FÄ
wohnt im Zentrum von München beim Hbf Wasserburg RoMed angebiten mit 120k und  DoppelFA mit Strahlen. Will eigentlich nicht pendeln aber will auch operativ tätig sein und in München zu finden ist schwer. Freund arbeitet in München.",sarah.schneider@yahoo.de,+49 1819003822,,2025-10-29 23:59:00,1gvpez51d2019bwrtqe707mbce2ycx,Email,2026-01-17 17:25:35,2026-01-17
834,Schulz,Mila,Dr.,interested,,warte auf Rückmeldung,,,,,,,,bayern,,Bayern,,Facharzt,Facharzt,Facharzt,Gynäkologie,FÄ Gynäkologie und Geburtshilfe,"kann alles operativ
kann in Vollzeit ab 03/2025
Will keine Brustsprechstunde
ab sofort in TZ
Kann Prenathaldiagnostik und Gyn Sprechstunde

Müller hat jemanden gefunden. Sie hat selbst meherer Vorstellungsgespräche.",mila.schulz@yahoo.de,+49 1441689063,,2025-12-04 23:59:00,0doq2uffa60kbe7nkk7f06pu90z0eh,Tel.,2026-01-17 17:25:35,2026-01-17
835,Weber,Emma,,interested,,,,,,,,,,"köln, nordrhein-westfalen",False,NRW,,"Oberarzt, Freelancer","Ltd. OA, Standortleiter, Gesellschafter",Facharzt,Psychiatrie,Psychiater Köln und Umgebung,"seit 2019 Freelancer, will was festes
hat in der Neurologie angefangen
arbeitet telemedizinisch im Gefängnis
OA Freelancer 220-230k
in Anstellung will 150-160k 
gerne Leitung
Tarif verdient man 110k
will kein CA
FA seit 2019",emma.weber@gmail.com,+49 1731138111,,2025-08-13 23:59:00,0bzqh09qr90ntsjus24v28lgnielyc,Tel.,2026-01-17 17:25:35,2026-01-17
836,Weber,Isabella,Prof. Dr.,interested,,,,,,,,,,"AT, CH, DE",True,"ganz Deutschland, Österreich, Schweiz",,"Ltd. OA, Chefarzt",Chefarzt,Facharzt,"Radiologie, Neuroradiologie, Kinderradiologie, Pädiatrie / Kindermedizin",nur CA mit interventioneller Neuroradiologie,"nur CA in DE und CH für Pädiatrische Interventionelle Neuroradiologie
Arbeitet in 2 Kliniken, Helios Krefeld und Johanna Ethienne Neuss. Braucht eine Kinderklinik dabei. War 2 Jahre in CH in Zürich und in Genf (Neurochirurgie) 
Macht Interventionen von Kopf bis Fuß.",isabella.weber@web.de,+49 1988436103,,2025-12-03 23:59:00,0d70btlhm90e8f4k3xeu2b2na4ihd6,Tel.,2026-01-17 17:25:35,2026-01-17
837,Wolf,Laura,Dr.,contacted,,,,,,,,,,coesfeld,,,,,,Facharzt,Pädiatrie / Kindermedizin,aktuell 05/2025 nein - Coesfeld,,laura.wolf@yahoo.de,+49 1320605009,,2025-05-29 23:59:00,0y1frcyx2n08d8503mz62qkbcmiam8,LinkedIn,2026-01-17 17:25:35,2026-01-17
841,Krüger,Maria,Dr.,Hot / is searching,,will CV senden,,,,,,,,"CH, DE",True,"ganz Deutschland, Schweiz",,"Facharzt, Chefarzt, Standortleiter","Ltd. OA, Chefarzt, Standortleiter","Assistenzarzt, Doppelfacharzt","Radiologie, Kinderradiologie, Mammographie, Strahlentherapie",ganz DE und CH,"Wismar angefragt

Leben in Hamm. Kinder sind erwachsen und mit Frau sind sie felxibel. Ist einer der Gesellschafter und möchte was neuen. Ganz DE und CH. Wohnen in Hamm. Kann Schnittbild, Kinderradiologie und Mammographie inkl Screening aber kein PVA. Hat auch FA in Strahlen aber seit 20 Jahren nicht mehr gemacht. Ist in Hannover geboren. Kinder studieren in Köln und HH/Schwerin. Kann normale Interventionen, PRT etc. aber kein DSA. Wien, Rosenheim und Engelskirchen interessat. alles abgesagt, nicht interessant. kein osten.
SP ist onkologisch",maria.krüger@web.de,+49 1486216846,,2025-06-17 23:59:00,0rvhdld112071ow07n322m68assfc8,Tel.,2026-01-17 17:25:35,2026-01-17
847,Richter,Elena,Dr.,interested,,sucht ab 01/2026,,,,,,,,"köln, nordrhein-westfalen",False,NRW,,"Oberarzt, Ltd. OA","Facharzt, Oberarzt, Ltd. OA, Standortleiter, Gesellschafter",Facharzt,"Radiologie, Mammographie",Köln und Umgebung,"Sie und Ihr Mann sind Radiologen, haben 2 kleine Kinder, beide in TZ 80%, Sie hat freitags frei, er donnerstags.
Sie ist OÄ für Radiologie, er ist Ltd OA Radiologie! beide in ambulanten Bereich, weil dann keine Diesnte. 
Sie: 
normale Stelle oder Leitung, Keine Dienste, gerne HomeOffice, war in Merheim, Q2 Kardio MRT und CT, Prostata gerne, Kann auch MSK und Neuro. ist bis 03.01.2026 in Elternzeit.
Er: 
Leitende Stelle, keine Dienste, gerne HomeOffice, SP Mammographie baer kein Screening - kann gerne machen wenn FB bezahlt wird! und Q2 Kardio MRT und Q1 CT, gerne Prostata, kann MSK, will bis 03/2026 auch in Elternzeit. 
familieär beide an Köln gebunden. Habe kommuniziert dass Sie ca. 155k und er bei Leitung ca. 180-185k.",elena.richter@yahoo.de,+49 1086499225,,2025-05-13 23:59:00,03lhhedos21s4b200y3q0hlvvhl707,Tel.,2026-01-17 17:25:35,2026-01-17
848,Zimmermann,Isabella,Dr.,interested,,offen,,,,,,,,"baden-württemberg, bonn, köln, nordrhein-westfalen, ulm",False,"NRW, Baden-Württemberg",,Facharzt,"Facharzt, Oberarzt, Ltd. OA, Standortleiter",Facharzt,"Radiologie, Mammographie","Bonn, Köln, Studdgart, Ulm BW - gerne Praxis","keine Dienste, mit Mammographie, Man arbeitet in Ulm, gerne Richtung Stuttgart und südlicher.",isabella.zimmermann@web.de,+49 1023916674,,2025-05-15 23:59:00,0c1zmal5cc0kbypbgsgy1j5nsj34dc,Tel.,2026-01-17 17:25:35,2026-01-17
850,Hoffmann,Lisa,Dr.,Hot / is searching,,,,,,,,,,"köln, nordrhein-westfalen",,NRW,,Oberarzt,"Facharzt, Oberarzt, Ltd. OA, Standortleiter",Facharzt,"Radiologie, Mammographie",SP Mammographie Raum Köln,"will mit Familie nach Köln zurück. War Leiter Mamma in Uni Köln. Kann auch Schnittbild. 
Ist ein flexibler Allrounder, will aber eher PVA und Fokus auf Mamma. 
VZ oder TZ möglich. 
Kann auch interventionelle Radiologie
Frau ist plastische Chirurgin - war im Eduardushaus
ab März April 2026 anfangen
bei Segali und Schimmelpenning nachfragen",lisa.hoffmann@outlook.com,+49 1927376213,,2025-12-29 23:59:00,0kqp5u70342dcshqsm650pb4xf4ajk,Tel.,2026-01-17 17:25:35,2026-01-17
858,Koch,Clara,,interested,,,,,,,,,,bayreuth,,,,,,Assistenzarzt,"Strahlentherapie, Innere Medizin",will FA Strahlen / nur um Bayreuth (Haus),"17.06.2024 - TP:
braucht nur noch 1 Jahr bis FA Innere und nur noch 2,5 Jahre bis FA Strahlentherapie
vorgestellt bei Mergen
ist bereit zu pendeln bis FA weil danach zurück nach Bayreuth",clara.koch@yahoo.de,+49 1889833102,,2026-01-17 14:33:19.300648,1221mgg42a0eyjh7szi606t0amrtth,,2026-01-17 17:25:35,2026-01-17
1113,Krüger,Isabella,Dr.,interested,,,,,,,,,,,,,,,,Facharzt,Orthopädie & UCH,,"04.11.2022 - EB:
- z.Z. Oberarzt in Helios Leibzig OTZ
-wohnt in Leipzig
-verdient 150K, ab da wird auch das MVZ interessant
-ist auch bereit in Thüringen zu arbeiten PLZ 99734
-ist gerade dabei sp. UCH zu beenden.
-hat Erfahrung im MVZ",isabella.krüger@outlook.com,+49 1420463886,,2026-01-17 14:33:19.335123,10kjixuj3q139nfcx2d60n3l4er55q,,2026-01-17 17:25:35,2026-01-17
1114,Zimmermann,Julia,Dr.,contacted,,,,,,,,,,,,,,,,Facharzt,Orthopädie & UCH,,,julia.zimmermann@web.de,+49 1183078901,,2026-01-17 14:33:19.335123,0habeokzn12gvm5qsopn0mehqumpty,,2026-01-17 17:25:35,2026-01-17
1115,Müller,Anna,,contacted,,,,,,,,,,,,,,Chefarzt,"Chefarzt, Standortleiter",Facharzt,Orthopädie & UCH,"Qualifikationen
Facharzt für Orthopädie und Unfallchirurgie
Spezielle orthopädische Chirurgie
Orthopädische Rheumatologie
Physikalische Therapie und Balneologie","18.07.2023 - EB:

-ist offen für Bleicherode, für nächste Woche Dienstag 14.30Uhr wäre er für ein Gespräch verfügbar.
-64 Jahre alt, ich werde in Erfahrung bringen ob er interessant für Bleicherode ist.
___________________________________________________________
Qualifikationen
Facharzt für Orthopädie und Unfallchirurgie
Spezielle orthopädische Chirurgie
Orthopädische Rheumatologie
Physikalische Therapie und Balneologie

Prof. Dr. med. Rolf Haaker ist seit 2002 in unserer Klinik als Chefarzt tätig. Er ist Professor an der Universität Göttingen und Präsident des Deutsch-Polnischen Freundeskreises für Orthopädie. Prof. Haaker veröffentlichte zahlreiche wissenschaftliche Publikationen sowie Buchbeiträge und ist Herausgeber mehrerer international anerkannter Bücher zur orthopädischen Chirurgie. Er hat bahnbrechende Entwicklungen im Bereich der Computer-Navigation durchgeführt.",anna.müller@outlook.com,+49 1599218113,,2026-01-17 14:33:19.335123,14zi1uglzi094uuss6ty2jgchgnxob,,2026-01-17 17:25:35,2026-01-17
1116,Schmidt,Emma,,interested,,,,,,,,,,,,,,,,Facharzt,Orthopädie & UCH,,anerkannt in DE aber als 2.J. AA,emma.schmidt@web.de,+49 1899957690,,2026-01-17 14:33:19.336122,21i6xj2ui90pbu4sc3mz2llr2o9jwj,,2026-01-17 17:25:35,2026-01-17
1117,Koch,Isabella,,interested,,,,,,,,,,,,,,,,Facharzt,Orthopädie & UCH,,"24.10.2022 - evgeny:
Position Leitender Oberarzt für Unfallchirurgie und Orthopädie 
Wohnort Köln
Verfügbarkeit Kündigungsfrist ist 
3 Monate zum Quartalsende
Gehaltswunsch Ab 180.000 € per annum
Wunschstandort  Köln und Umgebung
Motivation Der Kandidat kommt aus einem Klinikbetrieb und hat keine Lust mehr auf Schichten und Dienste. Er möchte gerne einen geregelten Arbeitsalltag genießen und die Wochenenden für sich und seine Familie nutzen.

Fähigkeiten 
• Zusatzbezeichnung Spezielle Unfallchirurgie (D-Arzt)
• Zusatzbezeichnung Handchirurgie
• Zusatzbezeichnung Chirotherapie/Manuelle Medizin 
• DAF Zertifikat Fußchirurgie 
• Zertifizierter Fußchirurg der GFFC
• ATLS  – Provider

Zusammenfassung
Dr. Hafez arbeitet zu Zeit als Oberarzt in OZMC in Klinikum Osnabrück.
Der Kandidat hat bereits diverse Zusatsbezeichnungen erworben, wie zum Beispiel die ZB in spezielle Unfallchirurgie, Chirotherapie/Manuelle Medizin und Handchirurgie. Außerdem ist der Kandidat ein zertifizierter Fußchirurg und ATLS–Provider. Der Kandidat kommt aus einem Klinikbetrieb und hat keine Lust mehr auf Schichten und Dienste. Er möchte gerne einen geregelten Arbeitsalltag genießen und die Wochenenden für sich und seine Familie nutzen. Zu Zeit wohn er in Köln und möchte auch nach Möglichkeit in der Umgebung bleiben. Der Kandidat bewirbt sich aktiv in verschieden Praxen und MVZ. Zum Standort in Wermelskirchen hat der Kandidat sehr viel Interesse gezeigt und würde sich liebend gerne vorstellen und mehr über die Voraussetzungen und Möglichkeiten im Unternehmen erfahren.",isabella.koch@yahoo.de,+49 1470773836,,2026-01-17 14:33:19.336122,07fgcqin7d10m5nxvbjl0js7gx2393,,2026-01-17 17:25:35,2026-01-17
98,Koch,Mara,Dr.,contacted,,,,,,,,,,CH,,,,,,"Facharzt, Doppelfacharzt","Radiologie, Nuklearmedizin",macht DoppelFA in CH,"Vielen Dank für Ihre Nachricht. Ich bin aktuell unsicher in welcher Richtung möchte ich mich eigentlich bewegen. Möglicherweise werden manche Sachen klarer in den nächsten Monaten. Bei Bedarf melde ich mich gerne wieder bei Ihnen. 

30.09.2024 - TP:
Meine Frau startet nächste Woche mit einer telemedizinischen Tätigkeit im Umfang von ca. 40%. Sie hätte noch Kapazitäten frei für eine weitere Teilzeit Tätigkeit, wenn Sie eine Idee hätten. 

Meine initialen Gespräche sind gut gelaufen. Zudem habe ich bisher recht viel Zeit in die Doppelfacharzt Ausbildung investiert, es macht momentan keinen Sinn dies zu unterbrechen. Es fällt mir aktuell keine Konstellation auf, wo wir jetzt sinnvoll und finanziell vernünftig nach Rosenheim kommen können. 


22.07.2024 - TP:
brauchen als Familie 1,5-1,8 Stellen.  Er hat Fachkunde MRT und braucht in Radiologie 2 Jahre 

17.07.2024 - TP: Tel. Frau hat keine MEBEKO und deswegen telemedizin. Rosenheim angeboten. Will aber mehr Geld. Hat ein Angebot als Stellvertretender CA in der Schweiz.",mara.koch@gmail.com,+49 1054215278,,2025-12-15 23:59:00,1swye2a2gd0mz194lcwe0ay7781r4q,Email,2026-01-17 17:25:35,2026-01-17
980,Schwarz,Paula,,contacted,,,,,,,,,,"CH, münchen, nordrhein-westfalen, ohne, stelle",,Schweiz,,,,Facharzt,Anästhesie,"Telefonat mit Herr Schick am 29.06.

aktuelle Position:

aktuell 80% Stelle als Facharzt Anästhesie + Einstieg in Allgemeinmedizin

Wie viele Jahre Facharzterfahrung haben Sie schon? 12 Jahre Facharzterfahrung

Wechselmotivation:

Möchte eine 80% Stelle (Freitags gerne frei) und ohne Dienste
(auch Bereitschaft Dienste zu machen, aber eher weniger)

ich denke dass ich in VZ120.000, in TZ 80% 100.000€ abgemessen fände. Dieses können sie so in die Unterlagen aufnehmen.

Verfügbarkeit Räumlich:

Möchte mit seiner Frau gemeinsam umziehen, Abkehr von NRW/Ruhrgebiet --  will in den bayrischen Raum, eventuell auch Schweiz (Zürich) vorzugsweise München

Verfügbarkeit zeitlich: Ab nächstem Jahr (wegen Umzug)

Haben Sie sich schon auf ander Stellen beworben? Nein            

Offene Punkte:

-Welche Patienten werden am Standort behandelt? Eher lokale Patientengruppen?
-Frau ist Schwester für Anästhesie (seit 2011) – möglicherweise für Sie auch Job?
-würde Arbeitgeber bei Wohnungssuche unterstützen?","18.10.2022 - TP:
FA Anästhesie und FA Allgemeinmedizin 
aus privaten Gründe will in CH
Frau ist Krankenschwester - Berufsbezeichnung: Gesundheits und Krankenpfleger und möchte gerne in der Anästhesie oder im Aufwachraum arbeiten

wollen ab 03-04/2023 in CH sein

Sein Ziel ist Allgemeinmedizin Hausärztliche Versorgung (Hausarzt) als Angestellter
oder Klinik Anästhesie Mo-Do (Teilzeit) und ohne Dienste ohne WE 

beide Bereiche (Anästhesie und Allgemeinmedizin) aktiv Tätig
länger raus aus Notfallmedizin
Beide haben MEBEKO und Anerkennung beim SRK schon beantragt.",paula.schwarz@yahoo.de,+49 1056687271,,2026-01-17 14:33:19.316777,1tflqp1nyf0i5pj0v9km1vyubux5pa,,2026-01-17 17:25:35,2026-01-17
99,Krüger,Mara,Dr.,interested,,ist interessiert,,,,,,,,"CH, münchen",,,,,,"Facharzt, Doppelfacharzt","Radiologie, Nuklearmedizin",München oder Schweiz,26.07.2024 - TP: gerne Teilhaber aber nur der Grossraum München in Deutschland in Frage und hier in der Schweiz nur die deutschsprachigen Regionen. Frau ist auch DoppelFA,mara.krüger@web.de,+49 1112869513,,2025-06-02 23:59:00,2l7ynqxggw2ahlixjv2r1l785k0fsd,LinkedIn,2026-01-17 17:25:35,2026-01-17
1120,Richter,Anna,Dr.,contacted,,,,,,,,,,,,,,,,Facharzt,Orthopädie & UCH,,Raum Stuttgart - SP Fußchirurgie,anna.richter@outlook.com,+49 1068616381,,2026-01-17 14:33:19.336122,26pdagwfib0c5as0atdr22jdhgxhn5,,2026-01-17 17:25:35,2026-01-17
1121,Koch,Paula,,contacted,,,,,,,,,,,,,,,,Facharzt,Orthopädie & UCH,,"23.06.2023 - EB:

""Ich habe umfangreiche Fähigkeiten in der konservativen Behandlung. Mein Schwerpunkt liegt in der Endoprothetik inklusive Robotik, die ich nicht unbedingtauf den Nagel hängen möchte. ""

Gehaltsvorstellung :160k

sucht:
-EPZ-Leitung
-operativ tätige Praxis

skills:
Oberarzt in einer Klinik mit breitem orthopädischen Spektrum, Endoprothetikzentrum der Maximalversorgung sowie lokalem Traumazentrum mit Alterstraumatologie. Aktuell schwerpunktmäßig in der Knie- und Hüftendoprothetik operativ sowie ausbildend tätig. Führung der Sprechstunden
-Spezielle Orthopädische Chirurgie
-Knie- und Hüftendoprothetik Hauptoperateur EPZ Max",paula.koch@web.de,+49 1485455691,,2026-01-17 14:33:19.336122,0wnupr1a411vfgo6hucq2ejdz590f7,,2026-01-17 17:25:35,2026-01-17
1122,Neumann,Maria,Dr.,contacted,,,,,,,,,,,,,,,,Facharzt,Orthopädie & UCH,,,maria.neumann@yahoo.de,+49 1823319139,,2026-01-17 14:33:19.336122,28rtxi2bxj22sean8fja0d29ocfh7d,,2026-01-17 17:25:35,2026-01-17
1123,Fischer,Johanna,Dr.,contacted,,,,,,,,,,,,,,,,Facharzt,Orthopädie & UCH,,Endoprothetik Hüfte,johanna.fischer@gmail.com,+49 1711483060,,2026-01-17 14:33:19.336122,1jqfph1nkn2ix385eutf0k6kdilahe,,2026-01-17 17:25:35,2026-01-17
1125,Krüger,Elena,Dr.,contacted,,,,,,,,,,,,,,,,Facharzt,Orthopädie & UCH,,,elena.krüger@gmail.com,+49 1738937114,,2026-01-17 14:33:19.337121,1vooqh28201tpw8xf5bi0d4uoublvw,,2026-01-17 17:25:35,2026-01-17
90,Hartmann,Nina,,contacted,,,,,,,,,,nordrhein-westfalen,,NRW,,,"Ltd. OA, Standortleiter",Facharzt,Strahlentherapie,,"20.03.2024 - TP:
bitte entschuldigen Sie, dass meine Rückmeldung ausblieb. Der Standort liegt in Bayern, das ist für mich ein Ausschlusskriterium. Weiterhin waren mir die 3,5 Kassensitze verteilt auf 16 Ärzten aufgefallen. 
Die Position ist für mich also leider nicht interessant.",nina.hartmann@outlook.com,+49 1903323159,,2026-01-17 14:33:19.368504,2cwqpj3hwe113o495zve28pl0tlnk7,,2026-01-17 17:25:35,2026-01-17
1130,Hoffmann,Elena,,interested,,,,,,,,,,,,,,,,Facharzt,Orthopädie & UCH,,"20.07.2023 - EB:
""My Name ist Dr. Ibrahim Ibrahim , i am a german Surgeon , i live and work currently in Germany . 
I am a Consultant for Orthopedic and Trauma Surgery and specialized in foot and Ankle Surgery as well Shoulder surgery . 
I am a main Prosthetik surgen for Hip Knee and Shoulder Arthroplasty .
I am specialized as Well in Knee , Shoulder and Ankle Arthroskopy""",elena.hoffmann@yahoo.de,+49 1755840749,,2026-01-17 14:33:19.338127,23djgefqj70xfjl11glc15f247w72f,,2026-01-17 17:25:35,2026-01-17
91,Schwarz,Anna,Dr.,interested,,,,,,,,,,nordrhein-westfalen,,NRW,,Standortleiter,"Chefarzt, Standortleiter",Facharzt,Strahlentherapie,,,anna.schwarz@outlook.com,+49 1650913335,,2026-01-17 14:33:19.368504,27x3s0zbcd0c2mjrqp3b1ex0dz2ob6,,2026-01-17 17:25:35,2026-01-17
1131,Meyer,Sophie,,contacted,,,,,,,,,,,,,,,,Facharzt,Orthopädie & UCH,,"23.06.2023 - EB:
Sucht eine leitende Stelle in Hamburg

skils:
Facharzt für Chirurgie
Facharzt für Orthopädie und Unfallchirurgie
Spezielle Unfallchirurgie
Spezielle Orthopädische Chirurgie",sophie.meyer@gmail.com,+49 1083484819,,2026-01-17 14:33:19.338127,21x9yaqupj00rsksa9gm0h27bqvqce,,2026-01-17 17:25:35,2026-01-17
1132,Klein,Lea,,interested,,,,,,,,,,,,,,,,Facharzt,Orthopädie & UCH,"Fähigkeiten 
• Facharzt Orthopädie und Unfallchirurgie
• Konservative bzw. ambulante Erfahrung
• D-Arzt Einführungslehrgang  
• Zusatzbezeichnung Manuelle Medizin/Chirotherapie
• Akupunktur A-Diplom
• Basiszertifikat Fußchirurgie (Fachgesellschaft GFFC)
• Zertifikat Stoßwelle
• Zertifikat transcutane elektrische Nervenstimulation (TENS) und elektrische Muskelstimulation (EMS)
• Fachkunde im Strahlenschutz (Skelett- und Notfalldiagnostik)","07.11.2023 - EB:

Vorgestellt in Med360 Köln
______________________________________________

Position Facharzt für Unfallchirurgie und Orthopädie 

Wohnort Kreuztal

Verfügbarkeit 6-12 Wochen

Gehalt aktuell als Facharzt: 130.000€

Gehaltswunsch Ab 150.000 € per Annum 

Wunschstandort     Max. 100 km Radius um Kreuztal

Fähigkeiten • Facharzt Orthopädie und Unfallchirurgie
• Konservative bzw. ambulante Erfahrung
• D-Arzt Einführungslehrgang  
• Zusatzbezeichnung Manuelle Medizin/Chirotherapie
• Akupunktur A-Diplom
• Basiszertifikat Fußchirurgie (Fachgesellschaft GFFC)
• Zertifikat Stoßwelle
• Zertifikat transcutane elektrische Nervenstimulation (TENS) und elektrische Muskelstimulation (EMS)
• Fachkunde im Strahlenschutz (Skelett- und Notfalldiagnostik)

Zusammenfassung

Der Kandidat arbeitet seit 2016 als Facharzt für konservative Orthopädie in einem MVZ.
Mit einer beeindruckenden Expertise im Bereich der konservativen und ambulanten Orthopädie, hat er zudem einen D-Arzte Einführungslehrgang in Düsseldorf absolviert. Zusätzlich verfügt er über die Zusatzbezeichnung Manuelle Medizin/Chirotherapie sowie ein Akupunktur A-Diplom. Des Weiteren kann er ein Basiszertifikat in Fußchirurgie (von der Fachgesellschaft GFFC), ein Zertifikat in Stoßwellentherapie, sowie in transcutaner elektrischer Nervenstimulation (TENS) und elektrischer Muskelstimulation (EMS) vorweisen. Nicht zu vergessen ist seine Fachkunde im Strahlenschutz, insbesondere in Skelett- und Notfalldiagnostik.

Dr. Itani ist es gewohnt, auf rein konservative Weise zu arbeiten und möchte auch in Zukunft dieser Behandlungsphilosophie treu bleiben. Derzeit fühlt er sich jedoch beruflich und finanziell stark eingeschränkt bei seinem aktuellen Arbeitgeber und sieht nur begrenzte Möglichkeiten zur beruflichen Weiterentwicklung. Aus diesem Grund ist er aktiv auf der Suche nach neuen beruflichen Herausforderungen, bei denen er den nächsten Schritt machen kann.

Nach sechs Jahren intensiver Erfahrung in einem MVZ ist er fest entschlossen, den nächsten Schritt als leitender Facharzt zu gehen. Er freut sich darauf, die Verantwortung zu übernehmen und die entsprechende Wertschätzung auch finanziell zu erfahren.

Dr. Itani hat sich äußerst positiv über Ihr Unternehmen geäußert und zeigt großes Interesse daran, mehr über die Chancen und Möglichkeiten zu erfahren, die sich ihm bei Ihnen bieten könnten. Er steht gerne für erste Gespräche zur Verfügung.",lea.klein@outlook.com,+49 1393651325,,2026-01-17 14:33:19.338127,022pddeqdh15kwp90x8e1togmpk4bh,,2026-01-17 17:25:35,2026-01-17
1133,Weber,Sophie,Dr.,interested,,,,,,,,,,,,,,,,Facharzt,Orthopädie & UCH,,"10.01.2023 - EB:


Fähigkeiten
Sportmedizin
Endoprothetik
Arthroskopie
Unfallchirurgie
spez. Chirurgie frisch erworben

Verfügbarkeit
Kann sofort aus dem Vertrag raus

Motivation
Aktuelle Arbeitgeber Marienhospital brühl kann ihm keine weiterbildung anbieten und lassen ihn ziehen wenn er was passendes findet, er möchte eine weiterbildung in Handchirurgie und spezielle orthopädische chirurgie.",sophie.weber@gmail.com,+49 1357856328,,2026-01-17 14:33:19.338127,27nwixpbv31z2baedai6297ax8i0r9,,2026-01-17 17:25:35,2026-01-17
1137,Zimmermann,Anna,,interested,,,,,,,,,,,,,,,,Facharzt,Orthopädie & UCH,,"18.07.2023 - EB:
-Inder, sehr gesprächig und wissenshungrif
-sehr unentschloßen sucht sich noch
-allen Angeboten offen gegenüber
-sein Feb.23 Facharzt
-war unentschloßen ob er spezielle unfallch. oder sp. orthopädie angehen soll, hat sich  für sp.Orthopädie entschieden.
- kann Sie künftig in einer Praxis vordtrllrn, aber will noch einige ZB erwerben.",anna.zimmermann@gmail.com,+49 1327957759,,2026-01-17 14:33:19.33912,2md996g0nl1ic7pa2k851lg5fj1k5p,,2026-01-17 17:25:35,2026-01-17
1138,Krüger,Sarah,,interested,,,,,,,,,,,,,,,,Facharzt,Orthopädie & UCH,,"21.09.2023 - EB:
will nur Neuss oder Umgebung unter 30km. Med360 hat er abgesagt",sarah.krüger@gmail.com,+49 1052559313,,2026-01-17 14:33:19.33912,07e971re9h1urr66s76z1n1l10k3pp,,2026-01-17 17:25:35,2026-01-17
1140,Schneider,Isabella,Dr.,contacted,,,,,,,,,,,,,,,,Facharzt,Orthopädie & UCH,,,isabella.schneider@web.de,+49 1551605594,,2026-01-17 14:33:19.33912,2apce1pzwj13nbvl8xrg1gxpf66it5,,2026-01-17 17:25:35,2026-01-17
1141,Koch,Anna,Dr.,contacted,,,,,,,,,,,,,,,,Facharzt,Orthopädie & UCH,,,anna.koch@web.de,+49 1678967006,,2026-01-17 14:33:19.33912,0khvwd9crq1k11i7grhm2g3njw40xb,,2026-01-17 17:25:35,2026-01-17
1144,Koch,Lena,,interested,,,,,,,,,,,,,,,,Facharzt,Orthopädie & UCH,,"22.11.2022 - EB:
Hat ein Kleinkind zuhause und möchte Gerne in die private Umgebung wechseln.
Aktuell arbeitet Sie ohnen Dienste und Schichten und verdient an die 200K als AT-Vergütung.
Ist offen für Jobs in und um Köln herum.
Wohnort Rodenkirchen.
Fußchirurgie Spezialistin.
Möchte beim neuen Arbeitgeber soviel wie möglich in Fußchirurgie tätig sein.

werde Sie bei Atos MVZ Köln vorstellen.",lena.koch@web.de,+49 1396534038,,2026-01-17 14:33:19.33912,2oqtkpvdvn1ppeg87ypd0zsfkjds59,,2026-01-17 17:25:35,2026-01-17
1145,Schwarz,Clara,Dr.,interested,,,,,,,,,,,,,,,,Facharzt,Orthopädie & UCH,,"23.06.2023 - EB:
ist gerade im Prozess für 60% Stelle bei med360 Köln-ebertplatz

21.10.2022 - evgeny:
""Prinzipiell bin ich an neuen Angeboten interessiert. Mein aktueller Schwerpunkt ist die Fußchirugie. Zur Zeit befinde ich mich in Elternzeit, ein neuer Job käme somit für mich erst ab circa Mai 2023 infrage. Wichtiges Kriterium ist der Standort. Ich bin räumlich an die Region Köln gebunden. Da ich zwei kleine Kinder habe, kommt zunächst nur eine Stelle in Teilzeit für mich infrage. Sollten Sie hier interessante Angebote haben, können sie mich gerne kontaktieren. Mit freundlichen Grüßen, Katharina Keller.""",clara.schwarz@gmail.com,+49 1025146269,,2026-01-17 14:33:19.33912,1wff60uuxr015inwnidg2a34uugopi,,2026-01-17 17:25:35,2026-01-17
1146,Fischer,Clara,Dr.,contacted,,,,,,,,,,,,,,,,Facharzt,Orthopädie & UCH,,SP Fußchirurgie,clara.fischer@yahoo.de,+49 1208108732,,2026-01-17 14:33:19.33912,15ax53rmel1xxvmr3k320pi83vnjeh,,2026-01-17 17:25:35,2026-01-17
1147,Becker,Lea,,interested,,,,,,,,,,,,,,,,Assistenzarzt,Orthopädie & UCH,,,lea.becker@outlook.com,+49 1075969712,,2026-01-17 14:33:19.33912,23642w9s8f20wa0crhmz1crrtccz8j,,2026-01-17 17:25:35,2026-01-17
1148,Meyer,Paula,,contacted,,,,,,,,,,,,,,,,Facharzt,Orthopädie & UCH,,"10.07.2023 - EB:
Skills:
Zertifizierter Schulter- und Ellenbogenchirurg
Spezieller Schulterarthroskopeur
Advanced Trauma Life Support, ATLS-Provider
Zusatzbezeichnung Spezielle Unfallchirurgie",paula.meyer@outlook.com,+49 1222015328,,2026-01-17 14:33:19.340633,24ak8h514u2j8l8ntxno02n4gcrwr1,,2026-01-17 17:25:35,2026-01-17
1149,Fischer,Julia,,contacted,,,,,,,,,,,,,,,,Facharzt,Orthopädie & UCH,,Möchte nur 60% Stelle für 75000€ haben,julia.fischer@outlook.com,+49 1832432059,,2026-01-17 14:33:19.340633,1za5akku9l21bhjsbsnb1xg9ntt5q9,,2026-01-17 17:25:35,2026-01-17
1150,Klein,Lisa,Dr.,contacted,,,,,,,,,,,,,,,,Facharzt,Orthopädie & UCH,,aktuell 04/2021 kein Interesse,lisa.klein@outlook.com,+49 1695615460,,2026-01-17 14:33:19.340633,1estzqadyi27x6d52gg704sic68oyu,,2026-01-17 17:25:35,2026-01-17
1151,Schmidt,Laura,,interested,,,,,,,,,,,,,,,,Facharzt,Orthopädie & UCH,,,laura.schmidt@yahoo.de,+49 1949345910,,2026-01-17 14:33:19.340633,0pqlpaday40lm1t93af21g4ls7mvah,,2026-01-17 17:25:35,2026-01-17
1152,Koch,Sophie,Dr.,contacted,,,,,,,,,,,,,,,,Facharzt,Orthopädie & UCH,,,sophie.koch@outlook.com,+49 1492063968,,2026-01-17 14:33:19.341209,12pufairxf26kxpdlkhd1vu4ygoxsd,,2026-01-17 17:25:35,2026-01-17
1154,Zimmermann,Johanna,,interested,,,,,,,,,,,,,,,,Facharzt,Orthopädie & UCH,#NAME?,,johanna.zimmermann@web.de,+49 1472257262,,2026-01-17 14:33:19.341209,0k18g4ze8w103qu9cgo005amrik5k5,,2026-01-17 17:25:35,2026-01-17
1160,Wolf,Lisa,Dr.,contacted,,,,,,,,,,,,,,,,Facharzt,Orthopädie & UCH,,,lisa.wolf@gmail.com,+49 1150945233,,2026-01-17 14:33:19.342219,26fff8dvkh2kmojscpwm295eg04h5t,,2026-01-17 17:25:35,2026-01-17
1161,Hartmann,Paula,,contacted,,,,,,,,,,,,,,,,Facharzt,Orthopädie & UCH,"Fähigkeiten:
-Sporttraumatologie, 
-Knorpelchirugie, 
-rekonstruktive Knie- und Sprunggelenkschirurgie, 
-AGA Arthroskopeur, 
-DKG Kniechirurg, AGA
-spezieller Arthroskopeur Knie
-Osteotomien
-Sportmedizin
-Chiropraktik
-Akupunktur
-Notdienst
-ATLS
-Endoprothetik 
-Schulterchirurgie","31.10.2022 - EB:
Arbeitet im Sana KH Köln.
Die Hauseigene MVZ wird von Med360grad übernommen samt Mitarbeiter.
Er möchte sich die Verträge und Bedingungen anschauen und wir sprechen uns ende des Jahres noch einmal.",paula.hartmann@web.de,+49 1338317810,,2026-01-17 14:33:19.342219,2krxhwkslc0fcyb6mxww2ognarvn80,,2026-01-17 17:25:35,2026-01-17
1162,Koch,Julia,,interested,,,,,,,,,,,,,,,,Facharzt,Orthopädie & UCH,,"04.05.2023 - vmartynenko:
interessiert an Stellen als Chefarzt, Unfallchirurgie/Orthopädie, Wirbelsäulenchirurgie, Raum Sachsen",julia.koch@web.de,+49 1472528251,,2026-01-17 14:33:19.342219,16bnnt7rfy2jkblam1591dm182pnp8,,2026-01-17 17:25:35,2026-01-17
1163,Schwarz,Laura,Dr.,contacted,,,,,,,,,,,,,,,,Facharzt,Orthopädie & UCH,,,laura.schwarz@gmail.com,+49 1984723127,,2026-01-17 14:33:19.342219,1ux8bw9zqt1ql54i3dyk25llc4oknv,,2026-01-17 17:25:35,2026-01-17
1164,Schneider,Laura,,interested,,,,,,,,,,,,,,,,Facharzt,Orthopädie & UCH,,"24.06.2024 - EB:
Mai 2024 Facharzt geworden, ist offen für hospitalle Stellen in Mönchengladbach und Umgebung",laura.schneider@web.de,+49 1533098290,,2026-01-17 14:33:19.342219,1vl1duo0wr15w2idphny1w4o7w5gq5,,2026-01-17 17:25:35,2026-01-17
1165,Klein,Lisa,Dr.,interested,,,,,,,,,,,,,,,,Facharzt,Orthopädie & UCH,,"04.11.2022 - EB:
loser kontakt",lisa.klein@outlook.com,+49 1551752389,,2026-01-17 14:33:19.342219,1o1pmvgoxe0sihw5rc281wexsi3w9j,,2026-01-17 17:25:35,2026-01-17
1168,Bauer,Klara,,contacted,,,,,,,,,,,,,,,,Facharzt,Orthopädie & UCH,,,klara.bauer@outlook.com,+49 1579488390,,2026-01-17 14:33:19.343232,1uvjz02w7p0oo3jsot0t15ioxmsq2t,,2026-01-17 17:25:35,2026-01-17
550,Weber,Isabella,,contacted,,,,,,,,,,,,,,,,Facharzt,Radiologie,,,isabella.weber@web.de,+49 1975743021,,2026-01-17 14:33:19.432882,1hcpbmork32ozfd866kk03i6t8p2dw,,2026-01-17 17:25:35,2026-01-17
1169,Neumann,Johanna,,contacted,,,,,,,,,,,,,,,,Facharzt,Orthopädie & UCH,,,johanna.neumann@yahoo.de,+49 1170991651,,2026-01-17 14:33:19.343232,1ql5mrwyhr017rp4i1mw2mpk5149et,,2026-01-17 17:25:35,2026-01-17
1170,Schwarz,Lisa,,contacted,,,,,,,,,,,,,,,,Facharzt,Orthopädie & UCH,,,lisa.schwarz@gmail.com,+49 1451493194,,2026-01-17 14:33:19.343232,25k0rhjz0n1cxb7zi3fq1op5uxb60x,,2026-01-17 17:25:35,2026-01-17
1171,Bauer,Nina,,contacted,,,,,,,,,,,,,,,,Facharzt,Orthopädie & UCH,,"22.02.2023 - 
Sucht eine Ltd Oberarzt Stelle in NRW, hat sowohl Sp. UCH, als auch sp. Orthopädie:",nina.bauer@yahoo.de,+49 1713648063,,2026-01-17 14:33:19.343232,00xuxpmp3s13zmh62jzx2qnpqodp0h,,2026-01-17 17:25:35,2026-01-17
1172,Müller,Emma,Dr.,interested,,,,,,,,,,,,,,,,Facharzt,Orthopädie & UCH,,,emma.müller@yahoo.de,+49 1050966237,,2026-01-17 14:33:19.343232,0i9mw686jm0zt6pptvkz2d25sjfdbm,,2026-01-17 17:25:35,2026-01-17
1173,Meyer,Emma,Dr.,contacted,,,,,,,,,,,,,,,,Facharzt,Orthopädie & UCH,,,emma.meyer@outlook.com,+49 1921234931,,2026-01-17 14:33:19.343232,15tfyck19r0b737w91ez0v0hutqyex,,2026-01-17 17:25:35,2026-01-17
1174,Krüger,Clara,,contacted,,,,,,,,,,,,,,,,Facharzt,Orthopädie & UCH,,"01.03.2023 - EB:
Wirbelsäulenchirurg",clara.krüger@web.de,+49 1339551475,,2026-01-17 14:33:19.344235,04bioxje0m21lsyhjit026rjrbb060,,2026-01-17 17:25:35,2026-01-17
1175,Becker,Laura,,contacted,,,,,,,,,,,,,,,,Facharzt,Orthopädie & UCH,"Skils:
-Zusatzbezeichnungen Notfallmedizin
-Master of Health Business Administration
-Hauptoperateur","06.07.2023 - EB:

-Hauptoperateur Endoprothetik
-ltd. Oberarztstelle gesucht
-Gehaltswunsch 180-200k
-Wohnort: Bielefeld
-Schaut sich aktiv um

Skils:
-Zusatzbezeichnungen Notfallmedizin
-Master of Health Business Administration
-Hauptoperateur",laura.becker@web.de,+49 1558254105,,2026-01-17 14:33:19.344235,1h2175rdhy1ivlg2wvln1kwu8gto6n,,2026-01-17 17:25:35,2026-01-17
1177,Richter,Julia,,contacted,,,,,,,,,,,,,,,,Facharzt,Orthopädie & UCH,,,julia.richter@outlook.com,+49 1778093450,,2026-01-17 14:33:19.344235,0kt7li61e000ug7yoxsb0a6vdm5mtu,,2026-01-17 17:25:35,2026-01-17
1182,Wolf,Sophie,,contacted,,,,,,,,,,,,,,,,Facharzt,Orthopädie & UCH,,"23.06.2023 - EB:
KANDIDATENDOSSIER
Name/ Vorname DR. MED. STEFAN MICHALSKI
Position Facharzt für Unfallchirurgie und Orthopädie
Wohnort Markgröningen
Verfügbarkeit 1.September
Gehaltswunsch Ab 135.000 € 
Wunschstandort Großraum München (Germering)
Fähigkeiten • Facharzt für Orthopädie und Unfallchirurgie
• Ambulante Erfahrung
• AGA Arthroskopeur
• Verbandsarzt Bund Deutscher Radfahrer
• Zertifikat Sonographie Stütz- und Bewegungsapparat Grund-, Aufbau- und Abschlusskurs
• Fachkunde Notfallmedizin
• Zertifizierter K-Taping Therapeut; ACLS- (Juni 2018) und ATLS –Provider (April 2018)
• Zusatzbezeichnung Röntgendiagnostik – fachgebunden (Skelett)
Zusammenfassung

Dr. Michalski ist derzeit als Funktionsoberarzt im renommierten Zentrum für Sportorthopädie und spezielle Gelenkschirurgie der Orthopädischen Klinik Markgröningen tätig. Neben seiner Erfahrung in der stationären  Versorgung war er zwei Jahre lang ambulant als Facharzt im ZFOS - Zentrum für Orthopädie & Sportmedizin tätig. 

Dr. Michalski verfügt über eine Vielzahl zusätzlicher Qualifikationen, darunter die Zertifizierung als K-Taping-Therapeut, die Advanced Cardiovascular Life Support (ACLS) und Advanced Trauma Life Support (ATLS) Provider-Zertifikate aus dem Jahr 2018, die Zusatzbezeichnung Röntgendiagnostik - fachgebunden (Skelett), die Fachkunde Notfallmedizin sowie das Zertifikat für die Sonographie des Stütz- und Bewegungsapparats und die AGA-Arthroskopie-Qualifikation.

Dr. Michalski, ein gebürtiger Münchner, plant derzeit, in seine Heimatstadt zurückzukehren. Seine Familie lebt bereits in München, und er pendelt derzeit am Wochenende dorthin. Aus diesem Grund ist er aktiv auf der Suche nach passenden Möglichkeiten in der Region. Dr. Michalski hat ein außerordentlich großes Interesse bekundet und steht offen für erste Gespräche.

Er ist von großer Motivation und Begeisterung erfüllt, da er die Aussicht hat, seine fachlichen Fähigkeiten und Erfahrungen weiterzuentwickeln und gleichzeitig die Gelegenheit zu haben, in seine Heimatstadt zurückzukehren. Dies eröffnet ihm die Möglichkeit, sowohl beruflich als auch persönlich erfüllt zu sein.

_______________________
In Germering vorgestellt",sophie.wolf@yahoo.de,+49 1571391485,,2026-01-17 14:33:19.344235,2pso21gcmz1ydbnasj3t0ux0hmsmg1,,2026-01-17 17:25:35,2026-01-17
1183,Müller,Clara,Dr.,interested,,,,,,,,,,,,,,,,Assistenzarzt,Orthopädie & UCH,,,clara.müller@web.de,+49 1298153519,,2026-01-17 14:33:19.344235,0lhq7q8zxm1c6s8yhv9n0lrt6bvm8g,,2026-01-17 17:25:35,2026-01-17
1184,Becker,Anna,,interested,,,,,,,,,,,,,,,,Facharzt,Orthopädie & UCH,,"13.06.2023 - vmartynenko: aktuelles Gehalt 6500-7000€ netto pro Monat

Maximal 50 min von Halle entfernt. Köthen käme in Frage!

CV kommt bis Wochenende!",anna.becker@gmail.com,+49 1371762865,,2026-01-17 14:33:19.345772,16pydlfhwz0xov26nq4q1lghazt6gi,,2026-01-17 17:25:35,2026-01-17
1185,Richter,Mila,Dr.,contacted,,,,,,,,,,,,,,,,Facharzt,Orthopädie & UCH,,,mila.richter@outlook.com,+49 1532607585,,2026-01-17 14:33:19.345772,2qnvjdyvc520fbvl6kjs1ast5v5sbo,,2026-01-17 17:25:35,2026-01-17
175,Wagner,Julia,,contacted,,,,,,,,,,,,,,,,Facharzt,"Radiologie, Neuroradiologie",,,julia.wagner@gmail.com,+49 1051537098,,2026-01-17 14:33:19.380153,2gz2mv2285018i4ag64j29rd5eb7m8,,2026-01-17 17:25:35,2026-01-17
195,Bauer,Elena,Dr.,interested,,,,,,,,,,koblenz,,,,,,Facharzt,"Radiologie, Neuroradiologie",sucht in Koblenz,sucht in Koblenz,elena.bauer@outlook.com,+49 1945618805,,2026-01-17 14:33:19.383286,1wvj6rklmt2gr9kwo9z517okbgzbuw,,2026-01-17 17:25:35,2026-01-17
1187,Wagner,Paula,,interested,,,,,,,,,,,,,,,,Facharzt,Orthopädie & UCH,"Fähigkeiten 
• Facharzt für Orthopädie und Unfallchirurgie
• Zusatzbezeichnung spezielle Unfallchirurgie (ist dabei es zu erwerben, alle Voraussetzungen sind bereits vorhanden)
• Fachkunde Notfallmedizin
• Qualifikation als Leitende Notärztin
• Basis-Zertifikat der DWG
• ATLS Provider
• TDSC Provider
• Fachkunde Strahlenschutz","27.04.2023 - EB:

KANDIDATENDOSSIER
 
Position 
Oberärztin für Unfallchirurgie und Orthopädie 

Wohnort 
Sulzbach-Rosenberg

Verfügbarkeit 
12 Wochen
 

Gehaltswunsch 
Oberarztgehalt inkl. Dienste

Wunschstandort 
Bayreuth

Motivation 
Dr. Mörk-Harscher hat trotz ihrer Verantwortung als Mutter eines kleinen Kindes einen Teilzeitjob, der jedoch durch viele Dienste vor Ort in der Klinik und einen weiten Arbeitsweg erschwert wird. Bei einem Wechsel in ein MVZ würde Sie jedoch auch zur Vollzeit arbeiten können. Aus diesem Grund plant sie in naher Zukunft einen Wechsel in das ambulante Umfeld, um mehr Zeit mit ihrer Familie verbringen zu können.

Fähigkeiten 
• Facharzt für Orthopädie und Unfallchirurgie
• Zusatzbezeichnung spezielle Unfallchirurgie (ist dabei es zu erwerben, alle Voraussetzungen sind bereits vorhanden)
• Fachkunde Notfallmedizin
• Qualifikation als Leitende Notärztin
• Basis-Zertifikat der DWG
• ATLS Provider
• TDSC Provider
• Fachkunde Strahlenschutz 

Zusammenfassung                                                  
Dr. Mörk-Harscher ist derzeit als Oberärztin in den Kliniken-Nordoberpfalz tätig und hat sich auf Traumatologie spezialisiert. Sie strebt derzeit eine Zusatzbezeichnung in spezieller Unfallchirurgie an und erfüllt bereits alle erforderlichen Voraussetzungen. Darüber hinaus befindet sie sich in fortgeschrittener Weiterbildung für Handchirurgie und verfügt über Basis-Zertifikat der DWG.
 
Dr. Mörk-Harscher hat trotz ihrer Verantwortung als Mutter eines kleinen Kindes einen Teilzeitjob, der jedoch durch viele Dienste vor Ort in der Klinik und einen weiten Arbeitsweg erschwert wird. Bei einem Wechsel in ein MVZ würde Sie jedoch auch zur Vollzeit arbeiten können. Aus diesem Grund plant sie in naher Zukunft einen Wechsel in das ambulante Umfeld, um mehr Zeit mit ihrer Familie verbringen zu können.
 
Das Med 360grad Zentrum in Bayreuth bietet ihr eine hervorragende Möglichkeit, diesen Schritt zu gehen. Hier kann sie ihre Fachkenntnisse im Bereich der Traumatologie und Handchirurgie einbringen. Der Wechsel in das ambulante Umfeld ermöglicht es ihr zudem, flexiblere Arbeitszeiten zu haben und damit ihre Familie besser zu unterstützen.
Dr. Mörk-Harscher steht für erste Gespräche gerne zur Verfügung.",paula.wagner@web.de,+49 1578025295,,2026-01-17 14:33:19.345772,0nd0453qex139i87bqjh06ok4vdnu4,,2026-01-17 17:25:35,2026-01-17
1188,Hoffmann,Lena,,contacted,,,,,,,,,,,,,,,,Facharzt,Orthopädie & UCH,,"27.04.2023 - EB:

Ist einer Chefarztstelle offen gegenüber. Aber es muss in der Nähe einer Großstadt sein. 
Frau ist Gynäkologin.

Fähigkeiten:
Endoprothetik 
Gelenkerhaltende Chirurgie 
Infektiologie 
Zusatzweiterbildungen: 
Spezielle Orthopädische Chirurgie 
Spezielle Unfallchirurgie",lena.hoffmann@yahoo.de,+49 1113276909,,2026-01-17 14:33:19.345772,26g5ojvbd82a3nlcx30n2bfeshv16g,,2026-01-17 17:25:35,2026-01-17
1189,Schulz,Sarah,,contacted,,,,,,,,,,,,,,,,Facharzt,Orthopädie & UCH,,,sarah.schulz@yahoo.de,+49 1223491682,,2026-01-17 14:33:19.345772,0ro091dyqo0y39k760yp1ve0u51eah,,2026-01-17 17:25:35,2026-01-17
1190,Hoffmann,Mila,,contacted,,,,,,,,,,,,,,,,Facharzt,Orthopädie & UCH,,"23.06.2023 - EB:
habe Ihn bei MVZ Helios Dessau vorgestellt mit 12K monatlich

28.10.2022 - EB:
hat MVZ Erfahrung, 
möchte nicht weniger als 13K Monatlich verdienen.",mila.hoffmann@outlook.com,+49 1021030793,,2026-01-17 14:33:19.345772,10bpp75awl1p5qpicds41leude6ell,,2026-01-17 17:25:35,2026-01-17
194,Müller,Isabella,Dr.,interested,,,,,,,,,,,,,,Ltd. OA,"Ltd. OA, Chefarzt",Facharzt,"Radiologie, Neuroradiologie",Ltd. OA Neuroradiologie,"St. Gallen angeboten

endovaskulärer Neurointerventionen und neuroradiologischer Schnittbildgebung",isabella.müller@web.de,+49 1808092160,,2025-11-10 23:59:00,0ubo8asvn70vdbrj0u811uwdwd7tim,LinkedIn,2026-01-17 17:25:35,2026-01-17
196,Weber,Lena,,contacted,,,,,,,,,,,,,,,,Facharzt,"Radiologie, Neuroradiologie",,Neuroradiologie,lena.weber@yahoo.de,+49 1871623683,,2026-01-17 14:33:19.383286,2qqaxypoyn0hqhv8xyxm1i61ii8y8e,,2026-01-17 17:25:35,2026-01-17
197,Neumann,Laura,,interested,,,,,,,,,,dortmund,,,,,,Facharzt,"Radiologie, Neuroradiologie",interventionell und nur um Dortmund Radius 50km,interventionell und nur um Dortmund Radius 50km,laura.neumann@web.de,+49 1423928682,,2026-01-17 14:33:19.383286,1yawcn4ste2af76ejb8u1zu0f39kty,,2026-01-17 17:25:35,2026-01-17
1195,Meyer,Maria,Dr. med.,interested,,,,,,,,,,mannheim,,,,,,Facharzt,Orthopädie & UCH,Mannheim,,maria.meyer@yahoo.de,+49 1423118228,,2026-01-17 14:33:19.346796,1na3q8ss5x2bew4u6sdp0qpqvie1bw,,2026-01-17 17:25:35,2026-01-17
1192,Fischer,Paula,,contacted,,,,,,,,,,,,,,,,Facharzt,Orthopädie & UCH,"• Facharzt für Chirurgie mit Schwerpunkt Unfallchirurgie
• Durchgangsarzt
• Arzt im Rettungsdienst
• Geprüfter Auditor für EndoprothetikZentren (ClarCert)
• Gutachter für Amts- und Landgerichte (Schwerpunkt Arzthaftrecht)","18.07.2023 - EB:

Ärzt. Direktorposition vorgeschlagen, aber er ist nicht umzugsbereit.
____________________________________________________________________________
• Facharzt für Chirurgie mit Schwerpunkt Unfallchirurgie
• Durchgangsarzt
• Arzt im Rettungsdienst
• Geprüfter Auditor für EndoprothetikZentren (ClarCert)
• Gutachter für Amts- und Landgerichte (Schwerpunkt Arzthaftrecht)",paula.fischer@gmail.com,+49 1593141313,,2026-01-17 14:33:19.346796,08mx5w1lk10n21ly7lae0ceh9j3hgx,,2026-01-17 17:25:35,2026-01-17
1193,Wagner,Mara,Dr.,contacted,,,,,,,,,,,,,,,,Facharzt,Orthopädie & UCH,,,mara.wagner@gmail.com,+49 1021035414,,2026-01-17 14:33:19.346796,1mb2k5ziwa1y0qq4a0mz1qe5pc82d0,,2026-01-17 17:25:35,2026-01-17
1194,Wolf,Anna,Dr.,contacted,,,,,,,,,,,,,,,,Facharzt,Orthopädie & UCH,,"23.06.2023 - EB:
Sucht:
Maritime Expeditionen
Oberarzt Unfallchirurgie mit DRG-Verantwortung und Projekt-Management
Leitender Oberarzt Unfallchirurgie
Chefarzt Unfallchirurgie

Skills:
Facharzt Orthopädie und Unfallchirurgie
Zusatzbezeichnung Spezielle Unfallchirurgie
Stelvertretender Durchgangsarzt
Gesundheitsökonomie
Taucherarzt
DRG
DRG-Kodierung

Gehaltsvorstellung: ab 150.000€",anna.wolf@gmail.com,+49 1950742917,,2026-01-17 14:33:19.346796,0vyb2o542z1eywrcbnp80h0babug9y,,2026-01-17 17:25:35,2026-01-17
1202,Zimmermann,Laura,Dr.,contacted,,,,,,,,,,,,,,,,Facharzt,Orthopädie & UCH,,,laura.zimmermann@gmail.com,+49 1852035935,,2026-01-17 14:33:19.347796,0qhgw71gkw2nl1onipd212wbvqobn6,,2026-01-17 17:25:35,2026-01-17
1203,Fischer,Maria,,contacted,,,,,,,,,,,,,,,,Facharzt,Orthopädie & UCH,,,maria.fischer@yahoo.de,+49 1560606995,,2026-01-17 14:33:19.347796,1m4ylojkvf1ghukuoq2d16y9jyjrax,,2026-01-17 17:25:35,2026-01-17
1204,Bauer,Isabella,Dr.,contacted,,,,,,,,,,,,,,,,Facharzt,Orthopädie & UCH,,Chefarzt,isabella.bauer@gmail.com,+49 1772515918,,2026-01-17 14:33:19.347796,1qbhfhh9xx1l5yfp0jsd10um6k365s,,2026-01-17 17:25:35,2026-01-17
1205,Schulz,Lisa,Dr.,interested,,,,,,,,,,,,,,,,Facharzt,Orthopädie & UCH,,,lisa.schulz@gmail.com,+49 1181606101,,2026-01-17 14:33:19.348789,05zfgg8g0l1ockz9zrj82f4lt0hywf,,2026-01-17 17:25:35,2026-01-17
1206,Wagner,Sophie,,contacted,,,,,,,,,,,,,,,,Facharzt,Orthopädie & UCH,,,sophie.wagner@outlook.com,+49 1087554544,,2026-01-17 14:33:19.348789,03cdnbbwds1kvrv2fuqa1ketewyihe,,2026-01-17 17:25:35,2026-01-17
1207,Meyer,Sophie,,contacted,,,,,,,,,,,,,,,,Facharzt,Orthopädie & UCH,,"10.07.2023 - EB:
Skills:
Facharzt für Orthopädie und Unfallchirurgie
ATLS Provider
Zusatzbezeichnung Spezielle Unfallchirurgie
Sportmedizin
Zusatzbezeichnung Spezielle Orthopädisch Chirurgie
Manuelle Medizin
Röntgendiagnostik
Arthroskopische Chirurgie
Fußchirurgie
DEGUM Zertifikat Sonographie Bewegungsapparat
EPZMax Koordinator
KV-Zulassung
Breite operative Erfahrung in der Primär- und Wech
6 Monate Englischsprachige Auslandserfahrung",sophie.meyer@yahoo.de,+49 1877944854,,2026-01-17 14:33:19.348789,18qsssi5qv1aoj9jf0dy179i5ad756,,2026-01-17 17:25:35,2026-01-17
1209,Weber,Lisa,,contacted,,,,,,,,,,,,,,,,Facharzt,Orthopädie & UCH,,,lisa.weber@web.de,+49 1866703752,,2026-01-17 14:33:19.348789,0ia8cttaex2q0k6wf0ga01t4gijewl,,2026-01-17 17:25:35,2026-01-17
232,Müller,Mila,,interested,,,,,,,,,,,,,,,,Facharzt,"Radiologie, Neuroradiologie",arbeitet im Krupp,Alex hat Bild bei WhatsApp gesendet. Hat bei seinem Lin angeschrieben. Nochmal ansprechen.,mila.müller@yahoo.de,+49 1381885462,,2025-06-22 23:59:00,1zovocmni52nu3nyinci1kvha6fj7z,LinkedIn,2026-01-17 17:25:35,2026-01-17
236,Schmidt,Paula,,contacted,,,,,,,,,,,,,,Oberarzt,"Ltd. OA, Chefarzt",Facharzt,"Radiologie, Neuroradiologie",Neuroradiologie mit Modul E,,paula.schmidt@gmail.com,+49 1892824031,,2025-07-15 23:59:00,180tkgj76t00m1s22j1m2qh2h97v8k,LinkedIn,2026-01-17 17:25:35,2026-01-17
1211,Richter,Nina,,interested,,,,,,,,,,,,,,,,Facharzt,Orthopädie & UCH,"Fähigkeiten
• Orthopädie & Unfallchirurgie
• Spezielle Unfallchirurgie
• Psychosomatische Grundversorgung
• Sonographie
• Magnetfeldtherapie
• Stabilisierung bei Muskel-, Sehnen- und Gelenkerkrankungen
• Knorpelschutztherapie mit hochviskösen Präparaten
• Infiltrationsbehandlung (Gelenke, Muskulatur)","28.11.2022 - EB:

(Darf keine D-Arzt Zulassung fertig machen, hat nicht genug Wertschätzung)

Position
Facharzt für Unfallchirurgie und Orthopädie

Wohnort
Halle

Verfügbarkeit
Kündigungsfrist ist 12 Wochen

Gehaltswunsch
Ab 125.000 € /Jahr

Wunschstandort
Flexibel (u.a. Haldensleben)

Motivation
Dr. Rehagel möchte weiterhin im ambulanten Sektor tätig sein und sucht nach einem neuen Arbeitgeber, der ihm gerechte Arbeitsbedingungen, sowie verdiente Wertschätzung entgegenbringt.

Fähigkeiten
• Orthopädie & Unfallchirurgie
• Spezielle Unfallchirurgie
• Psychosomatische Grundversorgung
• Sonographie
• Magnetfeldtherapie
• Stabilisierung bei Muskel-, Sehnen- und Gelenkerkrankungen
• Knorpelschutztherapie mit hochviskösen Präparaten
• Infiltrationsbehandlung (Gelenke, Muskulatur)

Zusammenfassung
Dr. Rehagel arbeitet zu Zeit bei MVZ Köthen mit dem Schwerpunkt Rücken, Knie und Hüfte. Dr. Rehagel ist ursprünglich ein Unfallchirurg, ist aber vor 6 Jahren in die konservative Orthopädie umgestiegen. Zu seinem aktuellen Leitungsspektrum gehören die allgemeine Orthopädie,Psychosomatische Grundversorgung, Sonographie, Magnetfeldtherapie, Stabilisierung bei Muskel-, Sehnen- und Gelenkerkrankungen, (individuelle Orthesenanpassung, Einlagenversorgung), Knorpelschutztherapie mit hochviskösen Präparaten (Hyaloronsäure), sowie Infiltrationsbehandlung (Gelenke, Muskulatur). Außerdem Hat Dr. Rehagel eine Zusatzweiterbildung in Spezielle Unfallchirurgie und müsste nur noch seine D-Arzt Zulassung beantragen, alle Voraussetzungen sind dafür erfüllt. Dr. Rehagel sucht nach einem neuen Arbeitgeber der Ihm gerechte Arbeitsbedingungen, sowie Wertschätzung entgegenbringt.
Zu der ausgeschriebenen Stelle hat sich Dr. Rehagel sehr interessiert gezeigt und würde gerne mehr über die Stelle und Möglichkeiten im Unternehmen erfahren.
Über eine vor Ort Einladung würde er sich sehr freuen, damit er sich auch ein Bild von der Arbeitsumgebung machen kann. Für erste Gespräche steht Dr. Rehagel gerne zur Verfügung",nina.richter@gmail.com,+49 1002514597,,2026-01-17 14:33:19.348789,1h3qrbgbvn1zcrjsspwa1v2gsdwtyc,,2026-01-17 17:25:35,2026-01-17
1213,Meyer,Isabella,,contacted,,,,,,,,,,,,,,,,Facharzt,Orthopädie & UCH,,"Hi, lieder suche ich eine OA Position in Hannover und Umgebung   Herzlichen Dank, JMR",isabella.meyer@outlook.com,+49 1618757626,,2026-01-17 14:33:19.348789,065lwooph628pcvpgw8e1f9o8jbkfy,,2026-01-17 17:25:35,2026-01-17
744,Weber,Paula,PD Dr.,interested,,,,,,,,,,nordrhein-westfalen,,NRW,,Ltd. OA,"Chefarzt, Gesellschafter",Facharzt,Radiologie,will CA oder Praxis mit Beteiligung,"Wird bald Professor an der Uni Essen. Will entweder CA an mittelgroßer Klinik oder Praxis mit Teilhaberschaft. 
Hat Q2 Herz und Q2 Prostata. 
keine Neuro-Interventionen
Frau ist verbeamtete Lehrerin.
alles in NRW OK. 
ab 01.01.2026
Kann Diagnostik alles.",paula.weber@web.de,+49 1790596099,,2025-07-02 23:59:00,0oz95zb4eh0mssx1iy7f0bfzadftki,Tel.,2026-01-17 17:25:35,2026-01-17
1214,Müller,Mila,,contacted,,,,,,,,,,,,,,,,Facharzt,Orthopädie & UCH,,"23.06.2023 - EB:
Maximal 40 min von Heidelberg entfernt, sucht Chefarztposition

skills",mila.müller@yahoo.de,+49 1791496951,,2026-01-17 14:33:19.348789,07576ovwvu23h52wwb9k1etkzyxnk2,,2026-01-17 17:25:35,2026-01-17
1215,Wagner,Sophie,Dr.,in Interview,,vorgestellt bei Engelbrecht,,,,,,,,,,,,Ltd. OA,Chefarzt,Facharzt,Orthopädie & UCH,Ltd. OA Orthopädie / UCH,"Tel. Bei Prien CA vorstellen. 
Herr Dr. Rekvava ist offen für eine neue berufliche Herausforderung, weil der aktuelle CA in Bogenhausen im Februar in Rente geht und für ihn somit der Zeitpunkt gekommen ist, eine CA-Position in Bogenhausen oder eben an einem anderen Haus anzutreten. Meine Ausführungen zu der Herausforderung bei Ihnen fand er sehr interessant und ansprechend. 

Er bringt fundierte Erfahrung in der Endoprothetik mit, führt u.a. die Zusatzbezeichnung spezielle orthopädische Chirurgie und ist in der Region gut vernetzt. Des Weiteren hat er als einer von 3 Oberärzten bereits ein Endoprothetikzentrum in Thuine mit aufgebaut (850 Prothesen schon im zweiten Jahr und dann weiter steigend) und bringt die entsprechende organisatorische Erfahrung mit. Auch in Thuine gab es von Beginn an 2 Belegärzte, sodass man auch dort mit Fingerspitzengefühl und Kollegialität erfolgreich an das Projekt herangegangen ist. 
Des Weiteren hat Herr Dr. Rekvava selbst unterstrichen, dass er sich eine Zusammenarbeit mit Herrn Dr. Primbs in der UCH gut vorstellen kann. Er wird seinen Fokus natürlich auf der Endoprothetik und Revisionsendoprothetik haben. Bei Krankheit oder Engpässen ist eine kollegiale Zusammenarbeit für ihn selbstverständlich. 

Herr Dr. Rekvava hat eine Kündigungsfrist von 6 Wochen zum Quartalsende und möchte sich auch im Vergleich zu seinem aktuellen Gehalt von 250.000€ p.a. verbessern. Auch kann er sich gut vorstellen, dass er aufgrund seiner Kontakte in der Region kurz- bis mittelfristig einen Ober- oder Facharzt mitbringen kann. 

Die Familie von Herrn Dr. Rekvava ist bisher noch in München verwurzelt. Er würde am Anfang aus München pendeln bzw. eine Möglichkeit suchen, sich vor Ort eine Unterkunft anzumieten. Langfristig wäre ein Umzug jedoch kein Problem. Ihm ist wichtig, dass seine nächste berufliche Station ein langfristiges Projekt ist. 


17.10.2022 - evgeny:


Will ldt. OA in Süddeutschland oder CH
_______________________________________________________________
Geburtsdatum: 1982

Verfügbarkeit: dreimonatige Kündigungsfrist

Skills:
• Spezielle Unfallchirurgie im Gebiet Chirurgie
• Hauptoperateur Endoprothetik
• Fußchirurg (BDC)
• Röntgendiagnostik des Skeletts
• ATLS (Advanced Trauma Life Support for Doctors) provider

Notizen zum Interview
Im persönlichen Gespräch lernten wir Dr. PPJ als ausgeglichene und äußerst motivierten Kandidaten kennen.
Seit September 2019 ist er als Oberarzt und Hauptoperateur für Endoprothetik im Team der Orthopädie, Endoprothetik und Unfallchirurgie in einem großen - Krankenhauses tätig. In seiner Funktion als Oberarzt für Orthopädie und Unfallchirurgie hat er zudem die Qualifikationen für spezielle Unfallchirurgie, Hauptoperateur im «EndoProthetikZentrum», Fußchirurgie, sowie Skelettradiologie. Somit ist er in der Knochenchirurgie breit aufgestellt.
Zudem war auch am Aufbau eines Endoprothetikzentrums mitbeteiligt und versteht die wirtschaftlichen Zusammenhänge.",sophie.wagner@yahoo.de,+49 1125300740,,2025-12-11 23:59:00,0l4999saxn0i3c5hv6zw0hb5prrzaf,Tel.,2026-01-17 17:25:35,2026-01-17
745,Klein,Laura,Dr.,contacted,,,,,,,,,,"berlin, brandenburg",,"Brandenburg, Berlin",,,"Ltd. OA, Standortleiter",Facharzt,Radiologie,,,laura.klein@yahoo.de,+49 1450269942,,2026-01-17 14:33:19.45962,2l0hno60n50idpybuhjt1ljwlyc3lg,,2026-01-17 17:25:35,2026-01-17
1216,Wolf,Mara,,interested,,,,,,,,,,,,,,,,Facharzt,Orthopädie & UCH,"• Zusatzbezeichnung Spezielle Orthopädische Chirurgie
• Fachkunde im Strahlenschutz
• Fortbildung Psychosomatische Grundversorgung
• Fortbildung Manuelle Therapie der DGMM
• RhefO – Zertifikat","28.11.2022 - EB:

Facharzt für Unfallchirurgie und Orthopädie

Wohnort
Magdeburg

Verfügbarkeit
Kündigungsfrist ist 12 Wochen

Gehaltswunsch
Ab 125.000 € /Jahr

Wunschstandort
Magdeburg und Umgebung

Motivation
Dr. Röpke arbeitet zu Zeit bereits zu Teilzeit beim MVZ Helios. Er kann sich gut vorstellen komplett in die Praxisumgebung umzusteigen, wenn die Rahmenbedingungen stimmen.
Er sucht nach einem Arbeitgeber, der Ihm mehr Freiraum gibt seine Fähigkeiten und Ideen umzusetzen und wo er nicht auf operative Tätigkeit verzichten muss.

Fähigkeiten
• Zusatzbezeichnung Spezielle Orthopädische Chirurgie
• Fachkunde im Strahlenschutz
• Fortbildung Psychosomatische Grundversorgung
• Fortbildung Manuelle Therapie der DGMM
• RhefO – Zertifikat

Zusammenfassung
Dr. Röpke arbeitet zu Zeit als Oberarzt in der Helios Klinik Jerichower Land und zu Teilzeit als MVZ-Tätigkeit. Der Kandidat hat die Zusatzbezeichnung in spezielle orthopädische Chirurgie. Außerdem ist er in fortgeschrittener Fortbildung für Psychosomatische Grundversorgung und Manuelle Therapie. Er kann sich gut vorstellen komplett in die Praxisumgebung umzusteigen, wenn die Rahmenbedingungen stimmen.
Er sucht nach einem Arbeitgeber, der Ihm mehr Freiraum gibt, seine Fähigkeiten und Ideen umzusetzen und wo er nicht auf operative Tätigkeit verzichten muss. Der Kandidat würde gerne zusammen mit seiner Kollegin Dr. Katharina Stäbner wechseln, Ihr CV finden Sie ebenfalls im Anhang. Dr. Röpke würde sehr gerne mehr über die Möglichkeiten und das Unternehmen erfahren und steht Ihnen ab sofort für erste Kennenlerngespräche zur Verfügung.",mara.wolf@web.de,+49 1744297234,,2026-01-17 14:33:19.350317,2qujpz1vv526fq3jkc740q26bisscq,,2026-01-17 17:25:35,2026-01-17
1219,Hoffmann,Laura,,contacted,,,,,,,,,,,,,,,,Facharzt,Orthopädie & UCH,,aktuell 08/2021 kein Interesse,laura.hoffmann@web.de,+49 1538213043,,2026-01-17 14:33:19.350825,1pq2nmd01m0npf6p59fm0b3jrd7kc0,,2026-01-17 17:25:35,2026-01-17
1220,Schwarz,Lisa,Dr.,contacted,,,,,,,,,,,,,,,,Facharzt,Orthopädie & UCH,"Fähigkeiten
• Facharzt für Orthopädie und Unfallchirurgie
• Zertifizierter Fußchirurg (D.A.F)
• ATLS Provider
• P.A.R.T.Y Provider
• Rheumatologisch gebildeter Orthopäde
• Fachkunde Röntgendiagnostik
• Spezielle Unfallchirurgie (Ist gerade dabei die ZB zu erwerben)","17.10.2022 - evgeny:

Wohnort
Hildrizhausen (bei Stuttgart)

Verfügbarkeit
Kündigungsfrist ist 3 Wochen zum Quartalsende

Gehaltswunsch
Ab 140.000 € /Jahr

Wunschstandort
Stuttgart und Umgebung

Motivation
Dr. Salman denkt schon seit geraumer Zeit aktiv darüber nach, in eine Praxisumgebung zu wechseln, weg von den Diensten und Wochenendschichten. Für Dr. Salman spielt weniger das Geld als die Freizeit, die er mit seiner Familie verbringen will, eine Hauptrolle. Der Kandidat ist mittlerweile fest verwurzelt in Stuttgart und hat sich vor Kurzem auch ein Haus gekauft, so dass er regional beschränkt ist. Aus diesem Grund kommen für Ihn nur Stellen aus und rund um Stuttgart infrage.

Fähigkeiten
• Facharzt für Orthopädie und Unfallchirurgie
• Zertifizierter Fußchirurg (D.A.F)
• ATLS Provider
• P.A.R.T.Y Provider
• Rheumatologisch gebildeter Orthopäde
• Fachkunde Röntgendiagnostik
• Spezielle Unfallchirurgie (Ist gerade dabei die ZB zu erwerben)

ZUSAMMENFASSUNG
Dr. Salman ist seit knapp 4 Jahren Facharzt bzw. Oberarzt für Orthopädie und Unfallchirurgie mit Tätigkeitsschwerpunkt Rheuma, Hand und Fußchirurgie.
Der Kandidat ist gerade dabei seine Zusatzbezeichnung in Spezielle Unfallchirurgie und D-Arzt zu erwerben, sein Ziel ist es bis Herbst erfolgreich zu erhalten.
Dr. Salman denkt schon seit geraumer Zeit aktiv darüber nach, in eine Praxisumgebung zu wechseln, weg von den Diensten und Wochenendschichten. Für Dr. Salman spielt weniger das Geld als die Freizeit, die er mit seiner Familie verbringen will, eine Hauptrolle. Der Kandidat ist mittlerweile fest verwurzelt in Stuttgart und hat sich vor Kurzem auch ein Haus gekauft, so dass er regional beschränkt ist. Aus diesem Grund kommen für Ihn nur Stellen aus und rund um Stuttgart infrage.
Er möchte am liebsten konservative und operative Tätigkeit miteinander vereinen, und durch seine Schwerpunkte in Hand und Fußchirurgie, ist die ambulante Tätigkeit in einem MVZ dafür prädestiniert.
Dr. Salman würde sich gerne bei Ihnen vorstellen und mehr über die Perspektiven und Möglichkeiten bei der Stelle am Standort Stuttgart in Gronemeyer Institut erfahren.",lisa.schwarz@web.de,+49 1771552707,,2026-01-17 14:33:19.350825,162nnmjg7n2bokxhywap22iehtxk7l,,2026-01-17 17:25:35,2026-01-17
1221,Bauer,Alina,Dr.,contacted,,,,,,,,,,,,,,,,Facharzt,Orthopädie & UCH,,,alina.bauer@gmail.com,+49 1306399946,,2026-01-17 14:33:19.350825,2ng3y0ler211ktnhl8j20rsvi1bzl6,,2026-01-17 17:25:35,2026-01-17
275,Weber,Nina,Dr.,contacted,,,,,,,,,,,,,,,,Facharzt,Radiologie,,aktuell noch hauptberuflich vertraglich gebunden für mehr als 12 Monate.,nina.weber@outlook.com,+49 1210493857,,2026-01-17 14:33:19.394583,2862cv8kn21ae4jasx6y1qvzgsq6p7,,2026-01-17 17:25:35,2026-01-17
1226,Klein,Julia,Dr.,contacted,,,,,,,,,,,,,,,,Facharzt,Orthopädie & UCH,,,julia.klein@gmail.com,+49 1136317560,,2026-01-17 14:33:19.350825,2bvfcjm2pv1ogy9ej0120jztc4jj9r,,2026-01-17 17:25:35,2026-01-17
1227,Schwarz,Elena,Dr.,interested,,,,,,,,,,,,,,,,Facharzt,Orthopädie & UCH,#NAME?,"13.10.2022 - evgeny:
-letzter Kontakt 12.Okt.2022 per Telefon und Mail
-Standort: ""am liebsten in der Umgebung (100km) um Kaiserslautern. Sie können mir gerne aber auch andere Standorte „schmackhaft“ machen""
-Bereits beim MVZ tätig
-Spezielle UCH
-D-Arzt
-Sportmedizin
-Notfallmedizin
-Hauptoperateur
-Chirotherapie",elena.schwarz@outlook.com,+49 1942546454,,2026-01-17 14:33:19.351848,0ibbhnv4bb1dbjy92orp1fo7se796e,,2026-01-17 17:25:35,2026-01-17
1228,Richter,Clara,Dr.,interested,,,,,,,,,,,,,,,,Facharzt,Orthopädie & UCH,,aktuell 10/2021 kein Interesse,clara.richter@gmail.com,+49 1679283123,,2026-01-17 14:33:19.351848,0k5a8rdjwr1a3hhbd1rq17j3uyt7zu,,2026-01-17 17:25:35,2026-01-17
1230,Becker,Mara,,contacted,,,,,,,,,,,,,,,,Facharzt,Orthopädie & UCH,,,mara.becker@web.de,+49 1523640974,,2026-01-17 14:33:19.351848,15ludo71ub011oac92du0phfigjqn8,,2026-01-17 17:25:35,2026-01-17
1231,Klein,Sarah,Dr.,contacted,,,,,,,,,,,,,,,,Facharzt,Orthopädie & UCH,,,sarah.klein@web.de,+49 1983802207,,2026-01-17 14:33:19.352419,151081mqqe04449ksjo71waiwgy25i,,2026-01-17 17:25:35,2026-01-17
308,Wolf,Laura,Dr.,contacted,,,,,,,,,,,,,,,,Facharzt,Radiologie,01/2023 bei Radiologische Allianz,,laura.wolf@web.de,+49 1564257079,,2026-01-17 14:33:19.399563,2c3se2163k0ntqnwc3750fp2nffin0,,2026-01-17 17:25:35,2026-01-17
1234,Becker,Mara,,contacted,,,,,,,,,,,,,,,,Facharzt,Orthopädie & UCH,"Facharzt für Orthopädie und Unfallchirurgie, spezielle orthopädische Chirurgie und spezielle Unfallchirurgie, Sportmedizin, Notfallmedizin, Tumororthopädie und Sarkomchirurgie","24.10.2022 - evgeny:
Ist immer noch interessiert bei Ihm hat sich nichts verändert, möchte gerne im Raum NRW bleiben evtl. Frankfurt. Du kannst ihn durch LinkedIn kontaktieren. Seine  Email: 
_____________________________________
Facharzt für Orthopädie und Unfallchirurgie, spezielle orthopädische Chirurgie und spezielle Unfallchirurgie, Sportmedizin, Notfallmedizin, Tumororthopädie und Sarkomchirurgie",mara.becker@outlook.com,+49 1439280272,,2026-01-17 14:33:19.352419,217he9mmjm1h2zczc6sa2nd0w4axc8,,2026-01-17 17:25:35,2026-01-17
1236,Müller,Sophie,,contacted,,,,,,,,,,,,,,,,Facharzt,Orthopädie & UCH,,,sophie.müller@gmail.com,+49 1525943638,,2026-01-17 14:33:19.352419,12ile108eg1ycekm0yvl1faurqse0v,,2026-01-17 17:25:35,2026-01-17
1237,Schneider,Mila,,interested,,,,,,,,,,,,,,,,Assistenzarzt,Orthopädie & UCH,,,mila.schneider@outlook.com,+49 1493557570,,2026-01-17 14:33:19.352419,1wro7pzyqg1xj08hb4j8102f3xzbnv,,2026-01-17 17:25:35,2026-01-17
1240,Klein,Laura,,contacted,,,,,,,,,,,,,,,,Facharzt,Orthopädie & UCH,,10.08 Nur HH,laura.klein@yahoo.de,+49 1972701378,,2026-01-17 14:33:19.353439,2lggqarx7121044tre4504w5t9ulo6,,2026-01-17 17:25:35,2026-01-17
1241,Schwarz,Alina,Dr.,contacted,,,,,,,,,,,,,,Chefarzt,"Chefarzt, Standortleiter",Facharzt,Orthopädie & UCH,,,alina.schwarz@web.de,+49 1541048033,,2026-01-17 14:33:19.353439,05ijl9i9922hqkzzs6yv27chtwicsj,,2026-01-17 17:25:35,2026-01-17
2,Meyer,Sophie,,interested,,,,,,,,,,,,,,,,Facharzt,Orthopädie & UCH,,"28.02.2023 - EB:

Ist im September fertig mit Zusatzbezeichnung Spezielle Orthopädie, danach möchte er möglichst von Helios weg, am besten in ein Familienunternehmen. Gehaltsvorstellung ca. 180k und nur eine Stelle als ltd. Oberarzt. Schwerpunkt Endoprothetik. Innerhalb von Helios will er auf keinen Fall wechseln. Ist dabei relativ flexibel, obwohl er eine Immobilie in Leipzig hat.",sophie.meyer@gmail.com,+49 1916942064,,2026-01-17 14:33:19.354439,2c1giwr1891gadw1t2qi1lhsnbhlv3,,2026-01-17 17:25:35,2026-01-17
3,Richter,Alina,,contacted,,,,,,,,,,,,,,,,Facharzt,Orthopädie & UCH,,,alina.richter@gmail.com,+49 1126050705,,2026-01-17 14:33:19.354439,0kwzhs38fj1j6rayv4rn2iqwq47rff,,2026-01-17 17:25:35,2026-01-17
4,Meyer,Mara,Dr.,contacted,,,,,,,,,,,,,,,,Facharzt,Orthopädie & UCH,,,mara.meyer@yahoo.de,+49 1875310841,,2026-01-17 14:33:19.354439,0aqjz9yydl2mylfmyh0h0ktawpemx2,,2026-01-17 17:25:35,2026-01-17
5,Zimmermann,Emma,,contacted,,,,,,,,,,,,,,,,Facharzt,Orthopädie & UCH,,,emma.zimmermann@gmail.com,+49 1486401566,,2026-01-17 14:33:19.355431,17wspzptw21ottqum7gu2pb8hxdwzu,,2026-01-17 17:25:35,2026-01-17
6,Krüger,Alina,,interested,,,,,,,,,,,,,,"Chefarzt, Standortleiter","Ltd. OA, Chefarzt, Standortleiter",Facharzt,Orthopädie & UCH,"Fähigkeiten 
• Fachkunde im Strahlenschutz Skelett
• Fachkunde im Strahlenschutz Notfalldiagnostik
• Zusatzbezeichnung Manuelle Medizin
• Zusatzbezeichnung Sportmedizin
• Fortbildung psychosomatische Grundversorgung
• Fortbildung Ernährungsmedizin","28.11.2022 - EB:

Position 
Facharzt für Unfallchirurgie und Orthopädie 

Wohnort 
Magdeburg

Verfügbarkeit 
Kündigungsfrist ist 12 Wochen 

Gehaltswunsch 
Nach Kennenlernen und Absprache

Wunschstandort 
Magdeburg und Umgebung

Fähigkeiten 
• Fachkunde im Strahlenschutz Skelett
• Fachkunde im Strahlenschutz Notfalldiagnostik
• Zusatzbezeichnung Manuelle Medizin
• Zusatzbezeichnung Sportmedizin
• Fortbildung psychosomatische Grundversorgung
• Fortbildung Ernährungsmedizin",alina.krüger@yahoo.de,+49 1381639476,,2026-01-17 14:33:19.355431,1j3qyar73g2cayimei1z1wir3dr454,,2026-01-17 17:25:35,2026-01-17
7,Schwarz,Julia,,contacted,,,,,,,,,,,,,,,,Facharzt,Orthopädie & UCH,,"02.07.2024 - EB:
Orthopädie Ruhrgebiet, ist offen für Solingen, Ratingen ond co. fährt 3 wochen in den Urlaub, danach steht für Gespräche zur verfügung. Konzentriert sich auf traumatologie kopf bis fuss und besonders schulter.


23.06.2023 - EB:
möchte viel operieren, kein MVZ",julia.schwarz@web.de,+49 1179043477,,2026-01-17 14:33:19.355431,2625f2xfdp094j8dygd40iuiythe05,,2026-01-17 17:25:35,2026-01-17
746,Schulz,Laura,Dr.,interested,,,,,,,,,,hessen,,Hessen,,,"Ltd. OA, Standortleiter",Facharzt,Radiologie,,in Osthessen - Fulda zurzeit - offen für neues,laura.schulz@gmail.com,+49 1712361412,,2026-01-17 14:33:19.45962,1z86z57d56057q6qjzm4183dh3uxcf,,2026-01-17 17:25:35,2026-01-17
747,Weber,Lena,,contacted,,,,,,,,,,nordrhein-westfalen,,NRW,,Oberarzt,"Oberarzt, Ltd. OA, Standortleiter",Facharzt,Radiologie,,,lena.weber@web.de,+49 1079244203,,2026-01-17 14:33:19.460587,0vjhh19fba1puk04k1m91z5rdmvxqd,,2026-01-17 17:25:35,2026-01-17
748,Schmidt,Clara,,contacted,,,,,,,,,,baden-württemberg,,Baden-Württemberg,,MTRA / MFA / sonstige,,MTRA,Radiologie,MTRA,"befindet sich aktuell 05/2022 noch in Anerkennung, endet in 2 Monaten",clara.schmidt@gmail.com,+49 1336932464,,2026-01-17 14:33:19.460587,24n6icizyf16ly32h49122vlvnweo7,,2026-01-17 17:25:35,2026-01-17
10,Zimmermann,Julia,,contacted,,,,,,,,,,,,,,,,Facharzt,Orthopädie & UCH,,"23.06.2023 - EB:

Rheinland ist Ihm zu weit weg, ist an Koblenz gebunden

skills:
-ZB Sportmedizin
-ZB Notfallmedizin
-ZB Manuelle Medizin",julia.zimmermann@web.de,+49 1016871652,,2026-01-17 14:33:19.355431,049oh2o8h80f7pmdxo2x0dbab07jja,,2026-01-17 17:25:35,2026-01-17
11,Richter,Alina,Dr.,contacted,,,,,,,,,,,,,,,,Facharzt,Orthopädie & UCH,,"24.10.2022 - evgeny:
Beginnt eine neue Stelle ab den 1.4.23 ,sollte sich was ändern kommt er auf und zu. 14.10.22",alina.richter@outlook.com,+49 1714228702,,2026-01-17 14:33:19.355431,2d6gyisz2o251zz85zsb0sliv29rjk,,2026-01-17 17:25:35,2026-01-17
12,Klein,Isabella,Dr.,interested,,,,,,,,,,,,,,,,Facharzt,Orthopädie & UCH,,"19.10.2022 - evgeny:

aktuelle Position: OA 
aktueller Arbeitgeber: Helios Krefeld

Wunschposition:
Wechselmotivation: 

aktuelles Gehalt: mit 100% über 210.000 inkl. Dienste und AT Leistung 
Wunschgehalt: 

Verfügbarkeit zeitlich: ab 31.01.2023
Verfügbarkeit räumlich: 30 min um Krefeld

Wo schon selbst beworben:

70-80% Pensum gewünscht
macht noch Handchirurgie 
seit 2018 OA 
6 monate Kündigungsfrist",isabella.klein@yahoo.de,+49 1019251918,,2026-01-17 14:33:19.356459,2nlpqz9b8g0fuzfjrr7g07qp36zpju,,2026-01-17 17:25:35,2026-01-17
13,Schulz,Isabella,,interested,,,,,,,,,,,,,,,,Facharzt,Orthopädie & UCH,"Fähigkeiten 
• Facharzt für Unfallchirurgie und Orthopädie
• Zusatzbezeichnungen Fußchirurgie 
• Zusatzbezeichnungen Physikalische Therapie
• Ständiger D-Arzt Vertreter 
• Traumatologie und rekonstruktiven Chirurgie 
• Schwerverletztenversorgung
• 5-jährige Erfahrung in Gefäßchirurgie
• Beckenchirurgie
• Beauftragter für den Strahlenschutz
• Medizinische Bilddatenverarbeitung
• Umfangreiche Gutachtertätigkeit","25.10.2022 - evgeny:

In Bayreuth vorgestellt, man möchte Ihn kennenlernen!
_____________________________________
-Er ist eher ein Chirurg als Orthopäde.
-sehr interessiert an Bayreuth
-hat im letzten Monat seine Arbeitsstelle bei der Unikliniken Kiel  wegen fehlender Wertschätzung und nicht mehr zeitgemäßen Vergütung gekündigt und  ist aktuell auf der Suche nach neuer Herausforderung in einem Praxisumfeld, mit möglichst viel operativer Tätigkeit.
-Ab sofort verfügbar-
______________________________________
Position 
Facharzt/Oberarzt für Chirurgie und Unfallchirurgie sowie Orthopädie und Unfallchirurgie, Zusatzbezeichnungen Fußchirurgie und Physikalische Therapie

Wohnort 
Gettorf

Verfügbarkeit 
ab Sofort verfügbare

Gehaltswunsch 
Ca. 150.000 € /Jahr (+/-)

Wunschstandort Bayreuth (flexibel)

Fähigkeiten 
• Facharzt für Unfallchirurgie und Orthopädie
• Zusatzbezeichnungen Fußchirurgie 
• Zusatzbezeichnungen Physikalische Therapie
• Ständiger D-Arzt Vertreter 
• Traumatologie und rekonstruktiven Chirurgie 
• Schwerverletztenversorgung
• 5-jährige Erfahrung in Gefäßchirurgie
• Beckenchirurgie
• Beauftragter für den Strahlenschutz
• Medizinische Bilddatenverarbeitung
• Umfangreiche Gutachtertätigkeit

ZUSAMMENFASSUNG
Dr. Trompetter arbeitet zu Zeit als Oberarzt in einer Uniklinik mit dem Schwerpunkt in  Polytraumaversorgung, Beckenchirurgie, Handchirurgie, Fußchirurgie, und Korrektur von Beindeformitäten. Er ist ein sehr erfahrenerer Unfallchirurg mit Zusatzbezeichnungen in Fußchirurgie und Physikalische Therapie. Der Kandidat hat auch unteranderem die Leitung der Abteilung in Fußchirurgie übernommen und ist seit 2014 ständiger D-Arzt Vertreter. Der Kandidat hat im letzten Monat seine Arbeitsstelle bei der Unikliniken Kiel  wegen fehlender Wertschätzung und nicht mehr zeitgemäßen Vergütung gekündigt und  ist aktuell auf der Suche nach neuer Herausforderung in einem Praxisumfeld, mit möglichst viel operativer Tätigkeit. Er sucht nach einem Arbeitgeber der seine langjährige Berufserfahrung und seine Fähigkeiten entsprechend würdigt. Dr. Trompetter hat sich sehr interessiert an der Stelle in Bayreuth gezeigt und würde super gerne mehr über Ihr Unternehmen und gegebene Möglichkeiten erfahren.
Der Kandidat ist Umzugsbereit und am Standort Bayreuth sehr interessiert, und steht Ihnen ab sofort zur Verfügung, sowohl für Gespräche als auch für einen möglichst schnellen Arbeitsantritt.",isabella.schulz@yahoo.de,+49 1115170699,,2026-01-17 14:33:19.356459,1p2hk88nqk167ghfpz7d2h2ktocq3c,,2026-01-17 17:25:35,2026-01-17
14,Schmidt,Maria,Dr.,contacted,,,,,,,,,,,,,,,,Facharzt,Orthopädie & UCH,,,maria.schmidt@outlook.com,+49 1249098157,,2026-01-17 14:33:19.356459,0dq0r24ekh0j5beve1wh2jmlg5u2hw,,2026-01-17 17:25:35,2026-01-17
389,Bauer,Sarah,,contacted,,,,,,,,,,,,,,,,Facharzt,Radiologie,,,sarah.bauer@web.de,+49 1147543122,,2026-01-17 14:33:19.410735,1tmtklpyzp15my88pm6501j9ap09e9,,2026-01-17 17:25:35,2026-01-17
25,Hoffmann,Sophie,Dr.,interested,,,,,,,,,,nordrhein-westfalen,,NRW,,Ltd. OA,"Ltd. OA, Chefarzt, Standortleiter",Facharzt,Orthopädie & UCH,,"24.10.2022 - evgeny:
Sucht eine Praxis zur Übernahme, aber ist einer Praxisstelle auch offen gegenüber, wenn man Ihm an die 180k€ im Jahr bietet.

Fähigkeiten 
-Spezielle UCH
-D-Arzt
-Endoprothetik
-Schwerpunkt UCH",sophie.hoffmann@yahoo.de,+49 1691045237,,2026-01-17 14:33:19.358449,0up2n00kqc0n6n7sdm6r2h5jaudln8,,2026-01-17 17:25:35,2026-01-17
26,Meyer,Laura,Dr.,contacted,,,,,,,,,,bayern,,Bayern,,Oberarzt,"Ltd. OA, Standortleiter",Facharzt,Orthopädie & UCH,,,laura.meyer@web.de,+49 1390718559,,2026-01-17 14:33:19.358449,06djwhc5mx2bcx9xzq0l0w1wvgwdr7,,2026-01-17 17:25:35,2026-01-17
27,Wagner,Anna,,contacted,,,,,,,,,,nordrhein-westfalen,,NRW,,Oberarzt,"Ltd. OA, Chefarzt, Standortleiter",Facharzt,Orthopädie & UCH,"Fähigkeiten 
• D-Arzt
• EPZ- Koordinator und Hauptoperateur 
• Zusatzbezeichnung Spezielle Unfallchirurgie 
• Zusatzbezeichnung Sportmedizin
• Zusatzbezeichnung Manuell Medizin Zusatzbezeichnung Notfallmedizin Zertifiziert Knie Chirurg -DKG
• ATLS-Proveder
• Endoprothetik 
(Knie, Hüfte, Schultern)","24.10.2022 - evgeny:

Hat nach der Vorstellung nicht mehr geantwortet. Hat mehrere Male wegen unerklärlichen Gründen abgesagt. Unzuverlässiger Kandidat.
___________________________________________________
Position 
Oberarzt für Orthopädie und Unfallchirurgie, EPZ- Koordinator und Hauptoperateur

Wohnort Menden

Verfügbarkeit Kündigungsfrist ist 3 Monate 

Gehaltswunsch Ab 155.000 € /Jahr

Wunschstandort Rheinland

Motivation 
Dr. Zytoun wohnt ca. 100 km von seiner Arbeit entfernt und er ist aktiv auf der Suche nach neuen Karrieremöglichkeiten. Er hat diverse Zusatzbezeichnungen bereits erworben und ist nicht mehr auf größere Kliniken angewiesen. Dr. Zytoun hat sich bereits entschlossen von der Klinik in eine Praxisumgebung zu wechseln und führt aktuell aktiv Gespräche.

Fähigkeiten 
• D-Arzt
• EPZ- Koordinator und Hauptoperateur 
• Zusatzbezeichnung Spezielle Unfallchirurgie 
• Zusatzbezeichnung Sportmedizin
• Zusatzbezeichnung Manuell Medizin Zusatzbezeichnung Notfallmedizin Zertifiziert Knie Chirurg -DKG
• ATLS-Proveder
• Endoprothetik 
(Knie, Hüfte, Schultern)

Zusammenfassung
Dr. Zytoun arbeitet zu Zeit als EPZ- Koordinator und Hauptoperateur in Sankt-Vinzenz Hospital in Rheda-Wiedenbrück. Er ist unteranderem auch als D-Arzt tätig. Durch seine Erfahrung und diversen Weiterbildungen sieht sich Dr. Zytoun künftig in einer orthopädischen Praxis und nicht mehr in einer Klinikumgebung. Er würde gerne einen geregelten Arbeitsalltag haben wollen, ohne Dienste und Schichten absolvieren zu müssen. Dr. Zytoun möchte aber auf keinen Fall rein konservativ tätig werden, sondern es ist für Ihn sehr wichtig auch operativ tätig zu sein. Ein Hauseigenes OP-Zentrum und unteranderem die Möglichkeit zur Nutzung von Fachklinik für stationäre Eingriffe, haben ein großes Interesse bei Ihm geweckt.
Dr. Zytoun würde sich gerne vorstellen und mehr über gegeben Möglichkeiten bei MED360 erfahren wollen. Dr. Zytoun steht ab sofort für individuelle Gespräche zu Verfügung.",anna.wagner@gmail.com,+49 1637060855,,2026-01-17 14:33:19.359446,0vz4c5037h0dx6a2hcmh2qhjw72ws0,,2026-01-17 17:25:35,2026-01-17
29,Müller,Paula,Prof. Dr. Dr.,interested,,,,,,,,,,"AT, CH, DE",,"ganz Deutschland, Österreich, Schweiz",,Chefarzt,Chefarzt,Facharzt,Orthopädie & UCH,CA Orthopädie und UCH,"eine der größten Kliniken. Haben 8 OPs 
Doppelseitige Endoprothetik und Minimalinvasive Endoprothetik. Vorstandsmitglied und International bekannt. Spezielle orthopädische Chirurgie also alles von Kopf bis Fuß.
Offen für Große Kliniken und Städte wie Zürich, München und co. 
Verdient jetzt mehr als 300k.",paula.müller@gmail.com,+49 1828195638,,2025-12-09 23:59:00,0wma8qhd8b0lidpdj6e2197obu8hxg,Tel.,2026-01-17 17:25:35,2026-01-17
36,Schwarz,Emma,Dr.,interested,,,,,,,,,,münchen,,,,,,Doppelfacharzt,"Radiologie, Strahlentherapie",DoppelFA (AA) Strahlen & Radiologie - München,"07.01.2025 - TP:
Freund hat eine Stelle in München bekommen, deswegen kommt Rosenheim nicht infrage. 

15.10.2024 - TP: Wohnt in München. Will DoppelFA machen Strahlen und Radiologie. Braucht noch jeweils 1,5 Jahre. Freund ist AA für Mund & Kiefer GesichtsChirurgie.
will keine Dienste 
hat einen normalen Vertrag mit Kündigungsfrist.",emma.schwarz@yahoo.de,+49 1695935191,,2026-01-17 14:33:19.359446,25pkh56o6d26lkadnpxh08zwjk9png,,2026-01-17 17:25:35,2026-01-17
30,Wagner,Sophie,Dr.,interested,,,,,,,,,,,,,,,,Doppelfacharzt,"Radiologie, Nuklearmedizin, Strahlentherapie",,Trippelfacharzt - Chefarzt - Gerne Süddeutschland aber auch überall,sophie.wagner@yahoo.de,+49 1890724965,,2026-01-17 14:33:19.359446,2aoxj5bpb80l0ul5daqv00qzk17vzq,,2026-01-17 17:25:35,2026-01-17
31,Klein,Alina,Dr.,contacted,,,,,,,,,,,,,,,,"Facharzt, Doppelfacharzt","Nuklearmedizin, Strahlentherapie",Rhein-Main und Süddeutschland - auch TZ,24.06.2024 - TP:Speyer in Rheinland-Pfalz und eine Arbeitsstelle im Raum Süddeutschland bis zu einem einfachen Fahrtweg von 2 Stunden  s.h. Emails,alina.klein@web.de,+49 1840739379,,2026-01-17 14:33:19.359446,0rzzis3cmj0f0wvveut91jfhdlufez,,2026-01-17 17:25:35,2026-01-17
32,Fischer,Emma,Dr.,interested,,,,,,,,,,,,,,,,"Assistenzarzt, Facharzt","Radiologie, Strahlentherapie",DoppelFA Radiologie und Strahlentherapie,2022: Hat einen neuen Job angenommen,emma.fischer@web.de,+49 1761953455,,2026-01-17 14:33:19.359446,1nytoaxqj22rlz1jqp1z0f4rk8ph7a,,2026-01-17 17:25:35,2026-01-17
33,Richter,Anna,,contacted,,,,,,,,,,,,,,,,"Assistenzarzt, Facharzt","Radiologie, Strahlentherapie",,,anna.richter@outlook.com,+49 1359880371,,2026-01-17 14:33:19.359446,02jsxqs2em1p0nx2zus70s24ptzye3,,2026-01-17 17:25:35,2026-01-17
34,Schulz,Mara,Dr.,contacted,,,,,,,,,,,,,,,,"Facharzt, Doppelfacharzt","Radiologie, Strahlentherapie",,"26.04.2024 - TP:
Da Sie nicht mehr in Rosenheim tätig sind würde ich mich gerne unverbindlich und diskret in meinem Netzwerk erkundigen, ob ich Ihnen doch eine Alternative vorstellen kann. Darf ich vorab fragen, ob für Sie nur der Raum München infrage kommt und Sie lieber wieder in einem ambulanten Umfeld (ohne Dienste) tätig sein möchten? 


Vielen Dank für ihr Email. Ich habe Rosenheim inzwischen verlassen, dennoch bitte ich Sie um Diskretion. 
Ich orientiere mich gerade um. Aber da sie ja für Hrn. Mergen arbeiten, denke ich nicht, dass sie mir weiterhelfen können.",mara.schulz@yahoo.de,+49 1197513271,,2026-01-17 14:33:19.359446,1sf3wh2k330xbmq8hofa15zzypx7du,,2026-01-17 17:25:35,2026-01-17
35,Hoffmann,Laura,Dr.,interested,,,,,,,,,,,,,,Freelancer,,"Facharzt, Doppelfacharzt","Radiologie, Strahlentherapie",DoppelFA Radiologie Strahlentherapie,"15.10.2024 - TP:
Tel. mit Dr. Thoms, leider aktuell noch keine neue Info.
Tel. Mit Segali, leider 75% in Radevormwald geht nicht. 

07.03.2024 - TP:
Tel. und bei Mergen vorgestellt. 
War 14 Jahre Freiberuflich. Zuletzt bei 2 Holdings und enttäuscht weil alles nur noch nach Geld ist. 
Hat früher auch SP Kinderradiologie gemacht
will ab Sommer 2024 wechseln
Umzug ok
SP Schnittbild MRT und CT
Strahlentherapie Schmerztherapie Autovoit Therapie sollte Aufbauen und dann fallengelassen
80-100% Pensum
will länger als 67 arbeiten, mag ihren Beruf
Mo und Fr immer frei - aktuell 60% Stelle",laura.hoffmann@outlook.com,+49 1422667596,,2026-01-17 14:33:19.359446,0k3yliw1qb232dkv07iy2ax27rkl7d,,2026-01-17 17:25:35,2026-01-17
37,Schneider,Paula,,contacted,,,,,,,,,,,,,,,,Doppelfacharzt,"Radiologie, Strahlentherapie",,,paula.schneider@yahoo.de,+49 1489670290,,2026-01-17 14:33:19.360959,0lcpxrgohu1809cfbejj23fmcwlopi,,2026-01-17 17:25:35,2026-01-17
433,Meyer,Johanna,Dr.,contacted,,,,,,,,,,,,,,,,Facharzt,Radiologie,,22.12.2023 - TP: Lin Radevormwald vorgeschlagen,johanna.meyer@web.de,+49 1019779932,,2026-01-17 14:33:19.416768,0v8zojx42311p2l1947y1eubk2qrw4,,2026-01-17 17:25:35,2026-01-17
434,Weber,Clara,,contacted,,,,,,,,,,,,,,,,Facharzt,Radiologie,,keine Antwort,clara.weber@gmail.com,+49 1952935731,,2026-01-17 14:33:19.416768,288ov8db0s13wn8we4je0mtgr2aecy,,2026-01-17 17:25:35,2026-01-17
38,Koch,Alina,Dr.,interested,,,,,,,,,,"DE, baden-württemberg, heidelberg",True,"ganz Deutschland, Baden-Württemberg",,Oberarzt,"Ltd. OA, Chefarzt, Standortleiter, Gesellschafter","Facharzt, Doppelfacharzt","Radiologie, Strahlentherapie",Heidelberg oder nur bei Teilhaberschaft,"sH LinkedIN: 17.01.2025: 
Mir ist die Fachrichtung bei einer Beteiligung nicht so wichtig, es geht mir primär darum dass man auch eine Perspektive und Motivation hat seinen Bereich weiterzuentwickeln und an dem Erfolg der Praxis partizipieren zu können. Aktuell haben wir halt noch zusätzlich die erschwerende Situation, dass eine neue Abrechnungsordnung kommen wird, die die Gerätemedizin um bis zu 30% finanziell schlechter stellen wird. Das macht eine Entscheidung sich niederzulassen oder dort anstellen zu lassen leider nicht gerade einfacher.",alina.koch@outlook.com,+49 1035743304,,2024-08-07 23:59:00,0iiq1df6bp0iw9nkrzru1p1weh5lc0,LinkedIn,2026-01-17 17:25:35,2026-01-17
67,Hartmann,Clara,Dr.,contacted,,,,,,,,,,,,,,,,Facharzt,Strahlentherapie,,"04.04.2024 - TP:
Herr Moll war von Ihrem Gespräch und Ihren Ausführungen begeistert! Besonders beeindruck haben ihn Ihre Organisations- und Prozessstrukturierung, sowie der Grad an Digitalisierung und die vorhandenen Modalitäten. Gleichzeitig hat ihn Ihre strategische Ausrichtung für die Zukunft absolut überzeugt. Auch er kann sich eine Mitarbeit in Ihrem Team sehr gut vorstellen und will zum Ende der Woche nur noch mit seiner Freundin alles final abstimmen, um sich anschließend bei Ihnen direkt zu melden. 
Herr Moll hat mich weiterhin gebeten Ihnen mitzuteilen, dass er zu Beginn noch viel über eine Weiterbildung in der Radiologie gesprochen hat. Dies hat jedoch vor dem Hintergrund der Möglichkeiten in Ihrem Team absolut keine Priorität! Viel spannender findet er die Weiterentwicklungsmöglichkeiten in der Strahlentherapie, sodass ich mir während unseres Gesprächs noch ein paar Fragen von ihm notiert habe: 

1. Herr Moll hat erwähnt, dass Sie einen FA-Kollegen aus der Urologie zum Strahlentherapeuten ausgebildet haben. Vor dem Hintergrund seiner wissenschaftlichen Arbeit im Bereich der Prostata wäre eine Zusammenarbeit mit diesem Kollegen für ihr unglaublich interessant. Würde diese Möglichkeit auch von Ihrer Seite bestehen bzw. unterstützt werden? 
2. Herr Moll möchte sich gerne aktiv und fortlaufend weiterbilden, um sich fachlich und persönlich weiterzuentwickeln. Vor diesem Hintergrund hatte er mich gefragt, ob und wie viele Tage man im Jahr für Weiterbildungen zur Verfügung hat und ob/wie diese bezahlt werden? 
3. Gleichzeitig wäre ihm wichtig, dass er versteht, wie man sich in Ihrem Team für Aufgaben mit mehr Verantwortung empfiehlt bzw. welche Faktoren bei der beruflichen Entwicklung (für Leitungsfunktionen) wichtig sind und was dafür von ihm erwartet wird. 
4. Herr Moll hat aktuell eine Kündigungsfrist von 3 Monaten. Gleichzeit besteht für ihn auch die Motivation, den Arbeitgeber um eine frühzeitige Auflösung zu bitten, sodass er falls auch von Ihnen gewünscht, vielleicht auch kurzfristig anfangen könnte.
5. Schließlich hat Herr Moll mir erklärt, dass man als Strahlentherapeut neben der FA Urkunde auch die Fachkunde, sowie die Sachkunde nachweisen (bescheinigt bekommen) muss. Die FA und die Fachkunde hat er bereits. Leider muss er auf die Anerkennung seiner Sachkunde aus Wien bei der Ärztekammer in BW noch warten. Falls die Kammer unerwartet Probleme macht und seine Erfahrung aus Wien nicht anerkennt, bestünde dann die Möglichkeit die Sachkunde in Rosenheim bzw. in Bayern anzuerkennen? Ich hoffe, ich konnte diesen Punkt korrekt wiedergeben und bitte um Entschuldigung, falls ich den Sachverhalt hier nicht genau erklären konnte. 


20.03.2024 - TP:
WB in Radiologie wäre schön aber kein Muss
Familie in Stuttgart, Freundin in Wien
3M Kündigungsfrist
gerne flexibel arbeiten 3*13 oder 4*10 Std. 
Will Bilder verstehen, deswegen Radiologie
mittelfristig Leitung interessant
Bei Mergen vorgestellt",clara.hartmann@yahoo.de,+49 1118398727,,2026-01-17 14:33:19.364485,1gg18bszau1qtwxpdry12149z906rm,,2026-01-17 17:25:35,2026-01-17
68,Klein,Anna,,contacted,,,,,,,,,,,,,,,,Facharzt,Strahlentherapie,,,anna.klein@outlook.com,+49 1534671494,,2026-01-17 14:33:19.364485,1gcjynl0kg2kvblvbidv0kxf6tzvuo,,2026-01-17 17:25:35,2026-01-17
69,Hoffmann,Johanna,Dr.,contacted,,,,,,,,,,,,,,,,Facharzt,Strahlentherapie,,,johanna.hoffmann@yahoo.de,+49 1301845751,,2026-01-17 14:33:19.365505,0dj9lv49j80mjr2j3qjb0vyuwqho0f,,2026-01-17 17:25:35,2026-01-17
70,Schmidt,Klara,,contacted,,,,,,,,,,,,,,,,Facharzt,Strahlentherapie,,kein CDT West,klara.schmidt@outlook.com,+49 1305408603,,2026-01-17 14:33:19.365505,0png0wcebm0a3z71ctcv2dnsqhokts,,2026-01-17 17:25:35,2026-01-17
72,Schulz,Sarah,Dr.,interested,,,,,,,,,,,,,,,,Facharzt,Strahlentherapie,,,sarah.schulz@gmail.com,+49 1548903000,,2026-01-17 14:33:19.365505,1q3d8zbdaa2dtzl021xg1lrdbx2gng,,2026-01-17 17:25:35,2026-01-17
75,Fischer,Clara,,interested,,,,,,,,,,,,,,,,Facharzt,Strahlentherapie,,,clara.fischer@web.de,+49 1196036707,,2026-01-17 14:33:19.365505,0lyi1xdabs05zu27xfg11g9zkg2bx1,,2026-01-17 17:25:35,2026-01-17
73,Krüger,Maria,Dr.,contacted,,,,,,,,,,nordrhein-westfalen,,,,,,Facharzt,Strahlentherapie,ltd Arzt oder CA NRW und Umgebung,"24.06.2024: CDT Katiran Frechen abgelehnt, Dr. Lüttgen empfohlen - TP:",maria.krüger@yahoo.de,+49 1543051621,,2026-01-17 14:33:19.365505,1dniyxerxa0lohv8kzpn20ikhojbwy,,2026-01-17 17:25:35,2026-01-17
74,Wagner,Laura,Dr.,interested,,,,,,,,,,münchen,,,,,,Facharzt,Strahlentherapie,will München und Umgebung,"08.10.2024 - TP:
will in eine Praxis ohne Dienste
ab 03/2025 bis dahin befristeten Vertrag
bisher kommt sie nicht ans MRT
will mit erfahrenen Kollegen arbeiten
will spezialisieren MSK , Herz, Prostata und auch gerne Mamma",laura.wagner@yahoo.de,+49 1802017321,,2026-01-17 14:33:19.365505,211o3kd8jg079lqugpjm05j37pqncl,,2026-01-17 17:25:35,2026-01-17
78,Neumann,Lea,Dr.,contacted,,,,,,,,,,aue,,,,,,Facharzt,Strahlentherapie,12/2022 CA Strahlen Helios in Aue,,lea.neumann@web.de,+49 1284350287,,2026-01-17 14:33:19.366501,1vw14y73un1bb7ap8u6y1v11heoyfk,,2026-01-17 17:25:35,2026-01-17
76,Becker,Isabella,Dr.,contacted,,,,,,,,,,,,,,,,Facharzt,Strahlentherapie,,,isabella.becker@gmail.com,+49 1917745926,,2026-01-17 14:33:19.366501,1fktuiwp4w0u4xwvtwmv1gl3sfgp7o,,2026-01-17 17:25:35,2026-01-17
77,Schmidt,Anna,Dr.,contacted,,,,,,,,,,,,,,Ltd. OA,,Facharzt,Strahlentherapie,,,anna.schmidt@yahoo.de,+49 1967611852,,2026-01-17 14:33:19.366501,0dbkwqbv5u0rgdonmm7s080u0mmcns,,2026-01-17 17:25:35,2026-01-17
97,Wolf,Anna,,Hot / is searching,,warte auf Rückmeldung,,,,,,,,,,,,,,"Facharzt, Doppelfacharzt","Radiologie, Nuklearmedizin",FA Nuk WB Rad,"01.07.2024 - TP: Tel. 
in Ulm studiert
macht bis Ende 2024 FA in Nuk
dann nur noch 2 Jahre für FA in Radiologie
will ab 01.01.25 AA in Radiologie um DoppelFA zu machen.",anna.wolf@web.de,+49 1840058443,,2025-12-15 23:59:00,2eeol3kg5z0hx8n2jpf42lefsq2s8a,Email,2026-01-17 17:25:35,2026-01-17
92,Bauer,Mila,,interested,,vorgestellt bei Mergen,,,,,,,,DE,,ganz Deutschland,,Assistenzarzt,Assistenzarzt,Assistenzarzt,Strahlentherapie,AÄ Strahlentherapie,"Mergen abgelehnt

AÄ Strahlentherapie aus der Türkei. Bei Mergen vorgestellt.",mila.bauer@outlook.com,+49 1707318337,,2025-10-06 23:59:00,25nf5973ye08c5umo0hp2cf4hsluxw,Email,2026-01-17 17:25:35,2026-01-17
93,Becker,Elena,Dr.,in Interview,,vorgestellt bei Mergen,,,,,,,,DE,True,ganz Deutschland,,Oberarzt,"Oberarzt, Ltd. OA, Standortleiter",Facharzt,Strahlentherapie,FA Strahlentherapie,"Lin RoMed angeboten
es kommt ein neuer CA und das wird für Unruhe sorgen. Frau hat den Job verloren (Wirtschaftsingenieurin) und wenn nicht jetzt wann dann. 
Will gerne weiterentwicklung. Hat jetzt 217k. Departmentleitung interessant. Hat erfahrung Steriotaxie und 5 Jahre CyberKnife, betreuung des Onko Zentrums und junge Kolleginnen und Kollegen. Gerne Süddeutschland weil auch Familie da Urlaub macht.",elena.becker@yahoo.de,+49 1046601741,,2025-12-08 23:59:00,2a1hl7ve522lua2ux9ob0wltua8tap,Tel.,2026-01-17 17:25:35,2026-01-17
107,Klein,Sophie,,contacted,,,,,,,,,,,,,,,,"Facharzt, Doppelfacharzt","Radiologie, Nuklearmedizin",hat neuen job seit 04/2025,"FA Radiologie, AA Nuk. 
Ich habe einen neuen Job und arbeite jetzt als Fachärztin für Radiologie bei Überörtliche Radiologische MVZ GbR.",sophie.klein@outlook.com,+49 1209806809,,2025-04-17 23:59:00,1jutmifo4v01g1s4egsd1d52i5d64w,,2026-01-17 17:25:35,2026-01-17
109,Richter,Klara,Dr.,contacted,,,,,,,,,,,,,,,,"Facharzt, Doppelfacharzt","Radiologie, Nuklearmedizin",,Gesellschafter in Aachen,klara.richter@outlook.com,+49 1314835976,,2026-01-17 14:33:19.371023,2288utzif30h6ia79iy22f72ypnbv9,,2026-01-17 17:25:35,2026-01-17
104,Krüger,Sarah,Dr.,interested,,,,,,,,,,hamburg,,Hamburg,,"Facharzt, Oberarzt","Oberarzt, Ltd. OA, Chefarzt, Standortleiter","Facharzt, Doppelfacharzt","Radiologie, Nuklearmedizin",,"Hat eine 1,5 jährige Tochter. Kenn Telemedizin von Radiologen aber nicht von Nuklearmedizinern, hat großes Interesse und sucht schon seit langem.
Könnte am WE arbeiten und einen freien Tag unter der Woche. Arbeitet jetzt 4 Tage pro Woche. 
Dr. Hancken hatte auch ein PET/CT aber es ist nie richtig angelaufen. 
Kennt auch einen Kollegen aus Berlin der das vielleicht mitmachen würde. 
Verdient aktuell 160k 
Wie schnell müssen die Befunde gemacht werden bzw. wann ist die Tumorkonferenz? 


arbeitet bei Dr. Hancken!!!",sarah.krüger@gmail.com,+49 1108665061,,2025-03-24 23:59:00,0gfy078z7c2911ffcivw1q2sobq6hy,Tel.,2026-01-17 17:25:35,2026-01-17
106,Wolf,Nina,Prof. Dr.,interested,,,,,,,,,,"CH, DE",True,"ganz Deutschland, Schweiz",,Ltd. OA,"Chefarzt, Gesellschafter",Facharzt,"Radiologie, Nuklearmedizin",FA Rad und hat Fortbildung Nuk,"ist Ltd. OA Uni Köln

Tel. Wien und Rosenheim kommen nicht infrage. Rosenheim fachlich sehr interessant aber es wäre in der Peripherie, also nicht so Prestigeträchtig. 
Tele-Nuk, müsste schn ca. 130€ pro Befund sein. Aber gerne in Verbindung bleiben und über Tele Nuk informieren. 
Bei Infos gerne Email vorab. 
Hat selbst 20.000 PET Cts gemacht. Ist der Radiologe der das immer macht. 

Tel. Ist Ltd. OA Uni Köln. Ist FA Rad und hat Weiterbildung in Nuk. Will mehr als 200k verdienen. Sehr gut auch in München vernetzt. Ist Leiter Uroradiologie. Hat auch Interesse an FA Strahlentherapiel. Hat 2 Kinder aber Familie ist Umzugsbereit. Planen Urlaub in Südbayern. 
RoMed und Wien angeboten. Großes Interesse an Romed und wegen Wien muss noch nachdenken. Gesagt, dass er bei Romed ca. 230-240k verdienen wird bei 48h. Vereinbart, dass wir nächste Woche Mittwoch telefonieren und er vllt. bei seinem Urlaub in Rosenheim vorbeikommt.",nina.wolf@outlook.com,+49 1171714126,,2025-08-20 23:59:00,1ya9qi0ljs0r1xgmsr6c111l9gqk0l,Tel.,2026-01-17 17:25:35,2026-01-17
110,Hartmann,Emma,Dr.,interested,,warte auf Rückmeldung,,,,,,,,,False,,,,,Doppelfacharzt,"Radiologie, Nuklearmedizin",vorgestellt bei Mergen,"07.04. Tele-Nuk: Sehr spannend! Es würde beim DTZ bleiben und es nebenher machen. Hat dort eine 90% Stelle. Ca. 5+ Stunden pro Woche. Man macht pro Gerät pro Tag ca. 10-20 Pets. 

Konitzer Vertragsentwurf
Vertrag für 40 aber auch zahlen für 35.
Festgehalt und prozente und wie viel monatlich erwarten kann.
Bitte Email schreiben.
Departmentleitung muss besprochen werden.

Vitalitätsdiagnostik schleche Qualität
Versprechen nicht 
Herz Diagnostik ist nicht sicher
Vielleicht leuft das dann nicht 
PSMA ist super

Hat probleme bei tumorkonferenzen

Absolut, man will in Bayern das als erstes machen. Man will was neues machen. Keine großen ambition,  hauptsache wir können alles wenn wir wollen. Keine Erwartungen und dann kommen mal 10 rüder und man weiß dass er es nicht gemacht und auch alle anderen nicht. Keine Erwarteungen aber das ist in Zukunft. Man will an die Sperspitze und draus lernen und verbessern. Man ist die eintogen und bewerten dass. Mergen freut sich auf neue Ideen.
Es gibt keinen Dienstplan. Alles familier.
Man steuert selbst seinen Patientenfluss
Man zieht zusammen an einem Strang
Alle warten und wollten den neuen Vertrag
Radiologie ist unbekante und unterbewertet
Nuk wird explodieren
Gehälter in einer neuen Liga
Turbo-Boost Prinzip
In einer Morgenbesprechnug und Planung entscheidet man wie viele Kernspins wir machen
Gärtner will unbedungt den neuen Vertrag haben
Und alle sind entspannt",emma.hartmann@outlook.com,+49 1733698545,,2025-07-25 23:59:00,2qxu1240fp1p7g57v9760qok0zlo6y,Tel.,2026-01-17 17:25:35,2026-01-17
111,Fischer,Isabella,Dr.,contacted,,,,,,,,,,,,,,,,Doppelfacharzt,"Radiologie, Nuklearmedizin",,,isabella.fischer@web.de,+49 1852715943,,2026-01-17 14:33:19.371023,19jivz80qs107krhbst210xw110v39,,2026-01-17 17:25:35,2026-01-17
112,Wolf,Klara,Dr.,contacted,,,,,,,,,,,,,,,,Doppelfacharzt,"Radiologie, Nuklearmedizin",,,klara.wolf@gmail.com,+49 1904687725,,2026-01-17 14:33:19.371588,02bl902prk05fwzbxsks0i6zs4ou7n,,2026-01-17 17:25:35,2026-01-17
113,Hoffmann,Mila,,contacted,,,,,,,,,,,,,,,,Doppelfacharzt,"Radiologie, Nuklearmedizin",,ist erst in 2022 mit Doppelfacharzt fertig. Bis dahin kein Wechsel,mila.hoffmann@yahoo.de,+49 1138116677,,2026-01-17 14:33:19.371588,170uouek8q14bblbb82p0r8gxue2hs,,2026-01-17 17:25:35,2026-01-17
115,Schwarz,Sophie,Dr.,contacted,,,,,,,,,,,,,,,,Doppelfacharzt,"Radiologie, Nuklearmedizin",,angehende DoppelFA,sophie.schwarz@gmail.com,+49 1044888020,,2026-01-17 14:33:19.371588,10pqbjpz7h0ewo0bggga1cedjcb3do,,2026-01-17 17:25:35,2026-01-17
116,Wolf,Mara,Dr.,contacted,,,,,,,,,,,,,,,,Doppelfacharzt,"Radiologie, Nuklearmedizin",,,mara.wolf@web.de,+49 1223536702,,2026-01-17 14:33:19.371588,05x3e75v291l0s9h7jw228mkviyj6n,,2026-01-17 17:25:35,2026-01-17
114,Schwarz,Maria,Dr.,contacted,,,,,,,,,,hamburg,,,,,,Facharzt,"Radiologie, Nuklearmedizin",arbeitet bei Conradia HH,Hamburg oder Berlin. Will Praxis oder MVZ und am besten Praxis wo man dann einsteigen kann.,maria.schwarz@yahoo.de,+49 1927639374,,2026-01-17 14:33:19.371588,0iuj3wojk92lbyf7xk9g2pvpd90jrr,,2026-01-17 17:25:35,2026-01-17
241,Klein,Lea,Dr.,interested,,,,,,,,,,"berlin, brandenburg, mecklenburg-vorpommern, schleswig, schleswig-holstein",True,"Brandenburg, Mecklenburg-Vorpommern, Schleswig-Holstein, Berlin",,Oberarzt,Ltd. OA,Facharzt,"Radiologie, Neuroradiologie",Berlin und Norddeutschland,"SP ist Diagnostik und Thorax / Lunge
hat Q1 Herz und will Q2 machen
ungern Prostata
kein Mamma, nur für CA
FA seit 2013
ist 55, geschieden, Kind ist groß
hat MBA gemacht
will keine Anwesenheitsdienste, Rufbereitschaften ist ok
vollzeit
K Frist  1 Monat
aktuell OA mbF
will 220k
Punktieren alles, Tumorablationen, PRT auch alles 
War 3 jahre in Lungenklinik

Hat Becken-Bein Angios nur in der Ausbildung 

Gerne Interventionen / Thrombektomien lernen aber Nuero ZWB muss nicht sein

Per E-Mail Uhrzeit für Telefonat ausmachen",lea.klein@outlook.com,+49 1873932956,,2025-07-26 23:59:00,1dios1jqji0pw8yrgh2o0f78k02u56,Tel.,2026-01-17 17:25:35,2026-01-17
118,Hartmann,Anna,Dr.,contacted,,,,,,,,,,,,,,,,Doppelfacharzt,"Radiologie, Nuklearmedizin","TeleNuk angeboten, keine Rückmeldung.","20.01.25: Hat eine neue Stelle nahe bei seinen Kindern.

12.04.2024 - TP: gerne möchte ich Ihnen zum Wochenende auch noch Herrn Dr. Pyka, als motivierten Doppelfacharzt für Radiologie und Nuklearmedizin vorstellen. Bitte finden Sie seinen Lebenslauf vorab im Anhang. Wie immer an dieser Stelle bitte ich Sie und die Kolleginnen und Kollegen im Folgenden um Diskretion, weil Herr Dr. Pyka sich noch in einem ungekündigten Arbeitsverhältnis befindet und sein beruflicher Werdegang eng mit Ihrer Region verknüpft ist.  

Herr Dr. Pyka pendelt seit fast 2,5 Jahren zwischen seiner Familie in Niederbayern und Bern, wobei er sich über eine neue und heimatnahe berufliche Herausforderung freuen würde. In unserem Gespräch wurde deutlich, dass sowohl seine Leidenschaft für das PET, als auch sein gleichzeitiges Interesse an der Neuroradiologie, sehr gut zu der Entwicklung in Ihrer Abteilung passen könnten. Er ist aktuell für das PET am Inselspital federführend verantwortlich, wobei er sich auch für eine gleichzeitige Mitarbeit am MRT interessieren würden. 
Seine bisherigen Schwerpunkte in der Schnittbilddiagnostik waren Neuroradiologie und Onkologie, wobei ihn vor dem Hintergrund Ihrer Pläne gerade die Bildfusionen sehr interessieren. 

Des Weiteren wünscht Herr Dr. Pyka sich ein dynamisches Team, in dem er auch wieder Verantwortung übernehmen kann. Die Informationen aus unseren Gesprächen hinsichtlich der flachen Hierarchie in Ihrer Abteilung, sowie die Anreize zur Eigenverantwortung und Eigeninitiative, haben ihm sehr gut gefallen. Gleichzeitig ist er familiär und beruflich eng mit Bayern und München verbunden, sodass eine langfristige Zusammenarbeit auch von seiner Seite gewünscht ist. Eine genaue Abstimmung des Arbeitszeitmodells (4-Tage Woche oder ähnliches) haben wir in unserem Gespräch erstmal zurückgestellt. 

Er hat aktuell eine Kündigungsfrist von 4 Monaten und würde sich über ein erstes Video-Telefonat mit Ihnen zum Kennenlernen sehr freuen.  

Über Ihr Einverständnis, dass ich mit Frau Binsteiner einen Termin dazu abstimmen darf, würde ich mich sehr freuen. Meiner Einschätzung nach ist Herr Dr. Pyka sowohl menschlich als auch als Mediziner ein sehr interessanter Bewerber, wobei ich auch betonen möchte, dass er ein sehr angenehmer Gesprächspartner ist.",anna.hartmann@outlook.com,+49 1613791859,,2026-01-17 14:33:19.371588,0ov9masqtw1r9iqociel13r1o1b4pn,,2026-01-17 17:25:35,2026-01-17
130,Wolf,Isabella,,contacted,,,,,,,,,,,,,,,,Doppelfacharzt,"Radiologie, Nuklearmedizin",FA Rad und AA Nuk,,isabella.wolf@yahoo.de,+49 1133302108,,2026-01-17 14:33:19.373612,1i4iiisan502hudu4zh41tqknkj3to,,2026-01-17 17:25:35,2026-01-17
131,Krüger,Lisa,Dr.,interested,,,,,,,,,,,,,,"Ltd. OA, Chefarzt","Ltd. OA, Chefarzt, Standortleiter","Facharzt, Doppelfacharzt","Radiologie, Nuklearmedizin",offen für Nebentätigkeit (Tele-Nuk),"will 250€ pro Befund

Tele-Nuk:
Hat einen KV Sitz am MVZ, müsste klären, ob er einen ¼ Sitz in Rosenheim nehmen könnte.
Ein Befund je nach Indikation kann auch mal 800-2000€ bringen und im Durchschnitt sollte man mit ca. 45 Min bis 1 Std. rechnen, je nach Vorbereitung: Vorberichte, Tumorprotokolle etc.
Findet Home-Office super. Kann sich langfristig vorstellen, es auch in Vollzeit zu machen. 
Erstmal Nebentätigkeit, 10 Std. pro Woche oder mehr. 
Bitte Fragen sh Email klären.",lisa.krüger@gmail.com,+49 1387279701,,2025-04-01 23:59:00,28c9rtuhrj2qmfpcawek0iu3vcuhcn,Tel.,2026-01-17 17:25:35,2026-01-17
132,Meyer,Isabella,,interested,,wartet auf Vertragsentwurf,,,,,,,,,,,,"Oberarzt, Freelancer","Ltd. OA, Chefarzt, Standortleiter","Facharzt, Doppelfacharzt","Radiologie, Nuklearmedizin",ist bereits für Tele-Nuk,"kann ab sofort. PET/CT ist sein SP. Hat Hardware zuhause, macht viele Projekte. Könnte 10+h befunden. Je nach Dauer ca. 8-10 PET/CT pro Tag. Ca. 150€ pro Std. 
Bekommt als Freelancer am Tag 1000€ für dann 8 PET/CT Befunde. Und 35€pro Schnittbild.",isabella.meyer@outlook.com,+49 1847407827,,2025-08-04 23:59:00,02sgn3i6c11hfuvv144z2kj45e61my,Tel.,2026-01-17 17:25:35,2026-01-17
133,Schulz,Clara,Dr.,interested,,,,,,,,,,,False,,,"Ltd. OA, Freelancer","Ltd. OA, Chefarzt, Standortleiter","Facharzt, Doppelfacharzt","Radiologie, Nuklearmedizin",interesse an Tele-Nuk,"-Spricht Deutsch auf Muttersprachniveau. Müsst PET/CT Kenntnisse wahrscheinlich auffrischen. Hat zuletzt in Barcelona viel PET/CT gemacht. 
-Sein aktueller Vertrag endet im Mai 2025, könnte ca. 20 Std. pro Woche mit Option auf mehr befunden.
Will lieder im HomeOffice. Macht mehr Radiologie, interesse an clinical trials",clara.schulz@outlook.com,+49 1736957102,,2025-03-31 23:59:00,2np93ov7sn1ij7io82qj1l6d0q94ty,Tel.,2026-01-17 17:25:35,2026-01-17
134,Hartmann,Lisa,,interested,,Terminabstimmung,,,,,,,,,,,,Ltd. OA,"Ltd. OA, Chefarzt, Standortleiter, Gesellschafter",Doppelfacharzt,"Radiologie, Nuklearmedizin",ist in Oslo,"DoppelFA Rad Nuk. Hat Nuk in der Türkeit gemacht und anerkannt in Norwegen, Radiologie hat in Norwegen gemacht. Ehemann ist Deutscher. Ist in Mutterschutz, arbeitet TZ Remote. Ist nur eine von 3 an der Uni. Ist Rad+Nuk Senior Consultant. Macht alles PET/CT, Onkologisch, PSMA, Neuroonkologie.

TeleNuk - 65-70€ ist ok wenn ihr Name nicht steht., kann 10h pro Woche beginnen.",lisa.hartmann@gmail.com,+49 1131419863,,2025-05-26 23:59:00,0gftzoymnf1oukfkdt791nzsl0svwm,Email,2026-01-17 17:25:35,2026-01-17
129,Schneider,Sophie,,contacted,,,,,,,,,,berlin,,,,,,Doppelfacharzt,"Radiologie, Nuklearmedizin",gründet seine eigene Praxis in Berlin,gründet seine eigene Praxis in Berlin,sophie.schneider@outlook.com,+49 1087597991,,2026-01-17 14:33:19.373612,2ez6dcrvby0kc2lthovo00xscgs0mm,,2026-01-17 17:25:35,2026-01-17
135,Becker,Mila,Prof. Dr.,contacted,,,,,,,,,,CH,,Schweiz,,Ltd. OA,"Chefarzt, Standortleiter, Gesellschafter",Doppelfacharzt,"Radiologie, Nuklearmedizin",arbeitet bei Octorad CH,ist bei Octorad Doppel FA,mila.becker@web.de,+49 1317936414,,2024-02-22 23:59:00,1r0iad3hkg2g4mh9eahk01p7tp7dak,LinkedIn,2026-01-17 17:25:35,2026-01-17
138,Klein,Sarah,Dr.,contacted,,,,,,,,,,,,,,,,Facharzt,Nuklearmedizin,FA Nuk,Email gesendet,sarah.klein@yahoo.de,+49 1095644666,,2025-12-15 23:59:00,2djeprv6720e88zomasv1hpo13gixy,Email,2026-01-17 17:25:35,2026-01-17
139,Schwarz,Mara,Dr.,contacted,,,,,,,,,,,,,,,,Facharzt,Nuklearmedizin,,von Dr. Schierz empfohlen als Spezialist für Schilddrüsen (kann dafür nichts anderes),mara.schwarz@yahoo.de,+49 1501945017,,2026-01-17 14:33:19.374611,1dsjlsxok02n117wa6w71roibaa2yv,,2026-01-17 17:25:35,2026-01-17
140,Hartmann,Sarah,Dr.,interested,,,,,,,,,,,,,,,,Facharzt,Nuklearmedizin,,"07.04. Tele-Nuk: Ist aktuell bei einerm Verbund und macht nur PET/CT und normale Nuk. Kann als FA Nuk beides befunden, PET und CT. Hat im Vertrag keine Klausen gegen Nebentätigkeit. 65€ ist sehr knapp. Kann sich vorstellen für 10 PET 1500€. Für ein PET bekommt man 600-700€ bei FTG PET. Kann sich vorstellen zu reduzieren bei seinem aktuellen AG. Dann entweder für mehr Freiheit (Segelt in HH) oder für mehr Geld. ZB bei garantierter Abnahmemenge macht er nur noch 3 Tage bei seinem AG und 2 bei uns. Oder so viel Geld, dass er es einfach abends macht. Bleiben in Kontakt. 

ganz DE - nur OA Stellen - Hängt vom Angebot ab. Praxis nur, wenn PET/CT",sarah.hartmann@gmail.com,+49 1600550126,,2025-04-07 23:59:00,1wxw52y50o1spwaxln1o17d8suhrml,Tel.,2026-01-17 17:25:35,2026-01-17
142,Krüger,Paula,Dr.,contacted,,,,,,,,,,,,,,,,Facharzt,Nuklearmedizin,,,paula.krüger@outlook.com,+49 1272957776,,2026-01-17 14:33:19.37561,2b64ufk6cs10o6e3r319042r7ux91q,,2026-01-17 17:25:35,2026-01-17
143,Müller,Laura,Dr.,interested,,,,,,,,,,,,,,,,Facharzt,Nuklearmedizin,,"20.03.2024 - TP:
Sehr geehrte Frau Rusakov,

vielen Dank für das spannende Angebot. Gehe ich richtig davon aus, dass es sich bei ihrem Mandanten um das MVZ am Klinikum Rosenheim handelt? Können sie mir konkrete Zahlen für das Grundgehalt geben? Ich bin FA Nuklearmedizin und arbeite seit über 3 Jahren als Oberarzt hier am UK Augsburg. Aktuell bin ich für das PET/CT Zentrum verantwortlich, welches mit täglich knapp 30 PET/CT Untersuchungen eines der größten in Deutschland ist. Einsatzfähig bin ich aber natürlich im gesamten Spektrum der Nuklearmedizin, inklusive RSO.

Über eine kurze Rückmeldung wäre ich dankbar,",laura.müller@web.de,+49 1122602032,,2026-01-17 14:33:19.37561,1gm83detfy1cysy55w9w0ncxhbpteh,,2026-01-17 17:25:35,2026-01-17
144,Schwarz,Isabella,Dr.,contacted,,,,,,,,,,,,,,,,Facharzt,Nuklearmedizin,,,isabella.schwarz@yahoo.de,+49 1111766611,,2026-01-17 14:33:19.37561,109lps3kf80al35odgmv0bnezem3xb,,2026-01-17 17:25:35,2026-01-17
145,Schulz,Johanna,,interested,,,,,,,,,,,,,,,,Facharzt,Nuklearmedizin,,nur Süddeutschland,johanna.schulz@yahoo.de,+49 1880546525,,2026-01-17 14:33:19.37561,0tsl5i4x411ei1ce6qpf16nyxmv4ei,,2026-01-17 17:25:35,2026-01-17
150,Krüger,Sophie,Prof.,contacted,,,,,,,,,,,,,,,,Facharzt,Nuklearmedizin,Gesellschafter DIE RADIOLOGIE,,sophie.krüger@web.de,+49 1044327613,,2026-01-17 14:33:19.376626,0vcjhxzs0h1r8949sjaq2icoq7q1qb,,2026-01-17 17:25:35,2026-01-17
141,Hartmann,Lena,Dr.,interested,,,,,,,,,,"kelheim, regensburg",,,,,,Facharzt,Nuklearmedizin,nur um Regensburg /Kelheim,,lena.hartmann@outlook.com,+49 1574199361,,2026-01-17 14:33:19.37561,1u4j3cqn6a2rjqv3pa2j26mhz5fvkh,,2026-01-17 17:25:35,2026-01-17
157,Klein,Laura,,contacted,,,,,,,,,,,,,,,,Facharzt,"Radiologie, Kinderradiologie",SP Kinderradiologie,,laura.klein@outlook.com,+49 1587412283,,2026-01-17 14:33:19.37761,0m34wddjz10vvf5ca4jy0fpy3n86si,,2026-01-17 17:25:35,2026-01-17
159,Becker,Emma,,contacted,,,,,,,,,,,,,,,,Facharzt,"Radiologie, Kinderradiologie",,Kinderradiologie,emma.becker@yahoo.de,+49 1059228103,,2026-01-17 14:33:19.37761,2nq2qztsj21vz14gi7as1q7r0qgomi,,2026-01-17 17:25:35,2026-01-17
153,Hoffmann,Laura,,interested,,,,,,,,,,CH,False,Schweiz,,Oberarzt,"Oberarzt, Ltd. OA, Chefarzt, Standortleiter",Facharzt,Nuklearmedizin,interesse an Tele-Nuk,"Hat großes Interesse. Hat einen 50% Anstellungsvertrag an der RWTH Aachen im HomeOffice. Hat einen eigenen Monitor und der PC ist von der Uni Aachen. 
Macht aktuell Di und Do je 12 PET/CT Befunde. Je nach Schwierigkeit ca. 30min bis 2h wenn mit Rückfragen. Das gesamte Spektrum an PET/CT. Könnte zB Montag 8h. Lebt mit Ehemann in Schweiz.",laura.hoffmann@gmail.com,+49 1275542476,,2025-03-31 23:59:00,1diegvfvyb0bqbc6tjle1yqsvgglsy,Tel.,2026-01-17 17:25:35,2026-01-17
160,Wolf,Mara,,contacted,,,,,,,,,,CH,,Schweiz,,Ltd. OA,"Ltd. OA, Chefarzt",Facharzt,"Radiologie, Kinderradiologie",arbeitet am KSB CH,,mara.wolf@yahoo.de,+49 1504495973,,2025-07-16 23:59:00,2dr5ger3cc2131cq2qp30rfzlqfayg,LinkedIn,2026-01-17 17:25:35,2026-01-17
165,Schulz,Lena,Dr.,interested,,,,,,,,,,,,,,,,Facharzt,"Radiologie, Neuroradiologie",aktuell 01/2023 nein,will in die R&D bei Pharma forschen in Berlin,lena.schulz@web.de,+49 1993132718,,2026-01-17 14:33:19.378632,0te307mp071yrbaxhjci0duomnh6cc,,2026-01-17 17:25:35,2026-01-17
166,Wolf,Johanna,,contacted,,,,,,,,,,,,,,Oberarzt,"Ltd. OA, Chefarzt",Facharzt,"Radiologie, Neuroradiologie",Interventionelle Neuroradiologie Modul E,hat noch nicht geantwortet,johanna.wolf@outlook.com,+49 1082803543,,2025-07-15 23:59:00,1u63x25fo01xt2cvg0wo1ql2lmmzco,LinkedIn,2026-01-17 17:25:35,2026-01-17
167,Klein,Sophie,,contacted,,,,,,,,,,,,,,,,Facharzt,"Radiologie, Neuroradiologie",AA,,sophie.klein@outlook.com,+49 1614355289,,2026-01-17 14:33:19.378632,2502jfanfu0prgalb73i11wwf8a4jp,,2026-01-17 17:25:35,2026-01-17
169,Schmidt,Mila,,contacted,,,,,,,,,,,,,,,,Facharzt,"Radiologie, Neuroradiologie",,Freelancer,mila.schmidt@yahoo.de,+49 1247400354,,2026-01-17 14:33:19.378632,1c58bh6wml1d1r6be3s81hajaaag31,,2026-01-17 17:25:35,2026-01-17
170,Neumann,Paula,Dr.,contacted,,,,,,,,,,,,,,,,Facharzt,"Radiologie, Neuroradiologie",,,paula.neumann@web.de,+49 1643635246,,2026-01-17 14:33:19.378632,0rxmjarcc4240i4gtk1322sgqg2s2n,,2026-01-17 17:25:35,2026-01-17
171,Schmidt,Clara,Dr.,interested,,,,,,,,,,,,,,Ltd. OA,"Ltd. OA, Chefarzt, Standortleiter",Facharzt,"Radiologie, Neuroradiologie",Norddeutschland,"04.10.2024 - TP:
sucht eher HH oder Norddeutschland. Lübeck und Wismar Ausschreibung vorgestellt. kann auch Interventionen",clara.schmidt@gmail.com,+49 1671758408,,2026-01-17 14:33:19.378632,192wnmrrw60r2nncnj0e0tabucshs5,,2026-01-17 17:25:35,2026-01-17
180,Weber,Sophie,Dr.,contacted,,,,,,,,,,,,,,,,Facharzt,"Radiologie, Neuroradiologie",,,sophie.weber@yahoo.de,+49 1051623399,,2026-01-17 14:33:19.380724,2lqpalcc141ubc2gyevf0yr7vzguf5,,2026-01-17 17:25:35,2026-01-17
168,Koch,Maria,Dr.,interested,,,,,,,,,,berlin,,,,,,Facharzt,"Radiologie, Neuroradiologie",Berlin und Umgebung,,maria.koch@gmail.com,+49 1200344830,,2026-01-17 14:33:19.378632,0dwkux4scp1rzvsfralz0mddaxk4in,,2026-01-17 17:25:35,2026-01-17
174,Weber,Sophie,,interested,,,,,,,,,,"CH, DE",,"ganz Deutschland, Schweiz",,Ltd. OA,"Ltd. OA, Chefarzt, Standortleiter",Facharzt,"Radiologie, Neuroradiologie",nur Süddeutschland,"07.04.25 - Tele-Nuk ist bereit 20 Std. an 2 Tagen pro Woche. Hat aber keine Fachkunde Nuk und kein FA Nuk.

07.06.2024 - TP:
Tel. Sehr angeneht. Arbeitet bei RoMed Klinik in der Klinik. Will mehr Gehalt und AT. Hatte Angebote NRW 250k aber will in Süddeustchalnd bleiben.
fehlen nur noch 6 Monate Weiterbildung in der Nuk und dann DoppelFA",sophie.weber@gmail.com,+49 1813166435,,2025-04-07 23:59:00,0bzs12vfr404r79mksd826x4qlq7m1,Tel.,2026-01-17 17:25:35,2026-01-17
179,Koch,Maria,,contacted,,,,,,,,,,osten,,,,,,Facharzt,"Radiologie, Neuroradiologie",nur Klinik und Interventionell- umzugsbereit außer Osten,"01.12.2023 - TP: nur Klinik und Interventionell- umzugsbereit außer Osten


aktuell 11/2020 kein Interesse",maria.koch@outlook.com,+49 1681207063,,2026-01-17 14:33:19.380724,22fdodxy4j0yhz5eb3jn0bjxsj73p7,,2026-01-17 17:25:35,2026-01-17
182,Becker,Anna,Dr.,interested,,,,,,,,,,,,,,Ltd. OA,"Ltd. OA, Chefarzt",Facharzt,"Radiologie, Neuroradiologie",Ltd. OA Neuroradiologie,"St Gallen angeboten

interventionelle Radiologie und Neuroradiologie",anna.becker@web.de,+49 1712847349,,2025-11-10 23:59:00,116e5ooywd0csf4mn25m024y39fmbx,Email,2026-01-17 17:25:35,2026-01-17
184,Wolf,Mila,Dr.,interested,,,,,,,,,,,,,,,,Facharzt,"Radiologie, Neuroradiologie",,nur Freiburg i.Brsg,mila.wolf@web.de,+49 1672086299,,2026-01-17 14:33:19.381734,0h3qrukznq2fsbv123p92k988z9zz8,,2026-01-17 17:25:35,2026-01-17
181,Klein,Lena,Dr.,contacted,,,,,,,,,,DE,,,,Ltd. OA,"Ltd. OA, Chefarzt, Standortleiter",Facharzt,"Radiologie, Neuroradiologie","Für ganz DE Leitung offen mit Home Office am liebsten - min 4 Tage Woche, MSK, Kinder, Neuro.","26.01.2023 - TP:
FA Radiologie Kinder und Neuroradiologie

10 Jahre leitender OA

aktuell Bundeswehr

Managementkurse besucht

war in Fulda

tumorkontrolle tumornachkontrolle universitärer qualitätsansproch und längerer messzeit - da muss man qualität sätzen

es kommt auf das konzept an - vorsprge oder nachsorge

wie ist die Firmenphilosofie

sehr ehrlich , es kommt drauf an was man will

Öffungszeiten, weil wenn dann pendeln?? Montag spät und Freitag früh

wann ist der Kollege immer da? fix oder variabel? Freitag frei? vielleicht? Home Office? Hat auch Glasfaser - wie lässt sich das koordinieren?

Dr. med. Stefan Bernhard Müller ist das der Vater von aktuellen Dr. Müller - Change Management

Leitungen wie sie aktuell noch stehen auch weiter so definiert bleiben?

Urlaub- und Fortbildungen? wg, Kinderradologie und Neuroradiologie

gerne was noch möglich Gehaltlich für so ein Profil

schickt Lebenslauf



gerne auch sonst in Deutschland mit work life balance - freier tag und home offen

vielleich nur teleradiologie

vielleicht schickes Büro mit Wohnung und Wohnanteil??",lena.klein@gmail.com,+49 1042114683,,2026-01-17 14:33:19.380724,1vjiawd6gn2ng6i37tx82ifelgd05t,,2026-01-17 17:25:35,2026-01-17
183,Krüger,Lisa,Dr.,contacted,,,,,,,,,,düsseldorf,,,,Chefarzt,"Chefarzt, Standortleiter, Gesellschafter",Facharzt,"Radiologie, Neuroradiologie",CA in Düsseldorf,am St. Vinzenz-Krankenhaus,lisa.krüger@outlook.com,+49 1617135339,,2025-11-10 23:59:00,0u07wcau7722qt4wwdvj2ahtiqgcrg,,2026-01-17 17:25:35,2026-01-17
204,Wagner,Mara,,contacted,,,,,,,,,,,,,,,,Facharzt,"Radiologie, Neuroradiologie",will Selbstständig werden,,mara.wagner@web.de,+49 1831981188,,2026-01-17 14:33:19.384268,0gw6ef4bdb0b4ye8y2jt25gqi2r0de,,2026-01-17 17:25:35,2026-01-17
206,Hartmann,Mara,Dr.,interested,,,,,,,,,,,,,,,,Facharzt,"Radiologie, Neuroradiologie",Ltd. OA Neuroradiologie,"grundsätzlich an interessanten Angeboten interessiert

St. Gallen angebiten",mara.hartmann@outlook.com,+49 1195148258,,2025-11-10 23:59:00,1a8o07vc33052f57qlzl2k4kxrqt1r,LinkedIn,2026-01-17 17:25:35,2026-01-17
208,Bauer,Mila,Dr.,contacted,,,,,,,,,,,,,,,,Facharzt,"Radiologie, Neuroradiologie",,,mila.bauer@yahoo.de,+49 1691715998,,2026-01-17 14:33:19.385268,28f349vxaw2kcxem3ggt1zew58sbzb,,2026-01-17 17:25:35,2026-01-17
209,Schwarz,Lea,Dr.,contacted,,,,,,,,,,,,,,,,Facharzt,"Radiologie, Neuroradiologie",,Neuroradiologie,lea.schwarz@yahoo.de,+49 1545565552,,2026-01-17 14:33:19.385268,1zsrxk0ath13o06mvshp126m3dtnfr,,2026-01-17 17:25:35,2026-01-17
210,Becker,Elena,Dr.,contacted,,,,,,,,,,,,,,,,Facharzt,"Radiologie, Neuroradiologie",,,elena.becker@gmail.com,+49 1114317667,,2026-01-17 14:33:19.385268,2k4153q4pc21ph6bj7zh134bmg4k95,,2026-01-17 17:25:35,2026-01-17
212,Wolf,Anna,Dr.,contacted,,,,,,,,,,,,,,Chefarzt,"Chefarzt, Standortleiter",Facharzt,"Radiologie, Neuroradiologie",,ist seit 07/2020 Chefarzt dort,anna.wolf@web.de,+49 1026308405,,2026-01-17 14:33:19.385268,2ebbj93atz12i1s8u7bg2qy522dc7h,,2026-01-17 17:25:35,2026-01-17
203,Krüger,Anna,Dr.,interested,,,,,,,,,,"köln, nordrhein-westfalen",,NRW,,Oberarzt,"Ltd. OA, Chefarzt, Standortleiter",Facharzt,"Radiologie, Neuroradiologie",Köln und Umgebung Q3 Herz Q2 Prostata,"hat Q3 Herz
Q2 Prostata 
MSK
optimal 80% aber wäre auch Vollzeit wenn nah dran
Kennt Med360, will aber nicht. Engelskirchen ist zu weit.",anna.krüger@outlook.com,+49 1978695118,,2025-08-15 23:59:00,1psnqatm5y070oxjdl2718kq1h0qk2,Tel.,2026-01-17 17:25:35,2026-01-17
213,Schneider,Lena,,contacted,,,,,,,,,,,,,,,,Facharzt,"Radiologie, Neuroradiologie",,,lena.schneider@yahoo.de,+49 1480193500,,2026-01-17 14:33:19.385268,1rxr3bomzw0byfbr692s0bevvkvemr,,2026-01-17 17:25:35,2026-01-17
244,Krüger,Clara,Dr.,contacted,,,,,,,,,,,,,,Facharzt,"Oberarzt, Ltd. OA",Facharzt,"Radiologie, Neuroradiologie",Neuroradiologie,,clara.krüger@yahoo.de,+49 1346970095,,2025-07-31 23:59:00,0epekbz3pg0bfvlc4p6o1s6fdzvu9i,LinkedIn,2026-01-17 17:25:35,2026-01-17
359,Krüger,Anna,Dr.,interested,,,,,,,,,,,,,,,,Facharzt,Radiologie,Rhein-Main oder Rhein-Neckar Gebiet,nur Rhein-Main oder Rhein-Neckar Gebiet,anna.krüger@web.de,+49 1527459804,,2026-01-17 14:33:19.406654,01vcxrle7o1w215030qz0ra7ogbaip,,2026-01-17 17:25:35,2026-01-17
205,Schwarz,Paula,,contacted,,,,,,,,,,stuttgart,,,,,,Facharzt,"Radiologie, Neuroradiologie",med360 Stuttgart Leitung,,paula.schwarz@gmail.com,+49 1497442597,,2026-01-17 14:33:19.384268,1y1ow1arur2pnb6a5qhl09mdeqlqqf,,2026-01-17 17:25:35,2026-01-17
207,Richter,Sophie,Dr.,contacted,,,,,,,,,,oldenburg,,,,Chefarzt,Chefarzt,Facharzt,"Radiologie, Neuroradiologie",ist CA in Oldenburg,"24.04.2025: ist CA in Oldenburg

will ltd OA oder Chef - nur mit Interventionen",sophie.richter@gmail.com,+49 1073808898,,2026-01-17 14:33:19.385268,1u8cef61nm0669ov0jfy0tpd9euv6w,,2026-01-17 17:25:35,2026-01-17
211,Koch,Mara,Dr.,interested,,,,,,,,,,hamburg,False,Hamburg,,"Ltd. OA, Standortleiter","Ltd. OA, Chefarzt, Standortleiter, Gesellschafter",Facharzt,"Radiologie, Neuroradiologie",will CA Radiologie und Neuroradiologie in HH und Umbebung,"erst 06/2020 neue OA Stelle angefangen

02/2025: Alex: Kontakt nur über Linkedin: Hamburg und nähere Umgebung, Zunächst grundsätzlich orientierend an dem Gehalt eines Standortleiters",mara.koch@web.de,+49 1746784614,,2025-02-19 23:59:00,0hpdtvb9ag2r1knxg8a91am3l7at9x,LinkedIn,2026-01-17 17:25:35,2026-01-17
215,Klein,Maria,Dr.,interested,,Email mit Nachfrage gesendet,,,,,,,,lübeck,True,,,Chefarzt,"Ltd. OA, Chefarzt",Facharzt,"Radiologie, Neuroradiologie",ggf. Lübeck. Ist CA,"Tel. am 03.03.2025

Er hat in Lübeck studiert. Hatte sich auf diese Stelle schon vor ein paar Jahren selbst beworben. Damals aber nur Angebot 170k bekommen. Deswegen weiter in Meppen geblieben.
Möchte an die Ostsee und gerne wieder nach Lübeck, 240k sind ok. 

Kann interventionell alles und muss auch nicht mehr elektiv interventionelle alles machen, also ist das Spektrum dort für ihn ok. Dienste sind ok. Rufbereitschaften sind nur für Interventionen. Diagnostik wird Teleradiologisch abgedeckt. Macht auch gerne einfach Diagnostik.",maria.klein@gmail.com,+49 1115132005,,2025-04-15 23:59:00,10h78i4o3s1mkrsvar0d0gl0ztwrpa,Email,2026-01-17 17:25:35,2026-01-17
216,Becker,Sarah,,interested,,,,,,,,,,DE,True,ganz Deutschland,,Facharzt,"Facharzt, Oberarzt",Facharzt,"Radiologie, Neuroradiologie",nur Interventionelle Neuroradiologie,"hat eine neue Selle in Uni Basel angefangen

will nur Interventionelle Neuroradiologie

Meppen21.04.2025bei Dr. Celik angefragt Email
Marburg25.04.2025Dr. Almohammad - Team ist voll
Bremerhaven21.04.2025kann sich gerne bewerben
Rotenburg29.09.2025passt nicht weit allgemein und INterventionell
Bad Segeberg23.04.2025bei Dr. Steffen angefragt
Braunschweig23.04.2025bei Prof. Behme Magdeburg vorstellen
Dortmund18.03.2025Dr. Teubert sucht auch

Tel. will Aneurysma, Fistel, Embolosation lernen. Kann schon Thrombektomien und Carottisstent. Kündigungsfrist 2 Monate. Ganz DE, Umzug ok.",sarah.becker@yahoo.de,+49 1211158462,,2025-04-15 23:59:00,1lee33x5wr0u7o4xke6v0yxn8ypxri,LinkedIn,2026-01-17 17:25:35,2026-01-17
217,Krüger,Nina,,interested,,,,,,,,,,DE,True,ganz Deutschland,,Ltd. OA,"Chefarzt, Standortleiter",Facharzt,"Radiologie, Neuroradiologie",will CA Neuroradiologie,"St. Gallen vorgestellt
Tel. 22.02.2025

Will nur eine CA Stelle
In ganz DE offen und auch ggf CH wenn CA
Will Abteilung Neuaufbau Interventionelle Neuroradiologie + Radiologie. Oder zB wenn CA in 1-2 Jahren in Rente geht, dann kommt er als Ltd OA und übernimmt dann. 
Machen alles außer Stants. Machen Angios etc…

Vereinbart, dass wir uns melden wenn wir etwas passendes haben.",nina.krüger@web.de,+49 1009964754,,2025-11-11 23:59:00,2piyg7m26s09vqvji1vi1zu5mw0gjr,LinkedIn,2026-01-17 17:25:35,2026-01-17
245,Schwarz,Nina,Dr.,interested,,,,,,,,,,"düsseldorf, nordrhein-westfalen",,NRW,,Oberarzt,"Ltd. OA, Standortleiter",Facharzt,"Radiologie, Neuroradiologie",Düsseldorf und Umgebung,"Herz Q1 MR und CT
Seit 2022 FA 
SP Neuroradiologie, hat an der Uni HHU alles gemacht. 
Kann langfristig Thrombektomien
Pain point aktuell fahrzeit sehr weit
Gehalt ab 170
über Martinus und Langenfeld gesprochen. Das aktuell angebit ist interessant, weil sich dort viel auch interventionell entwickeln wird. hat auch einen tag HomeOffice",nina.schwarz@outlook.com,+49 1355918227,,2025-08-25 23:59:00,0lx78pusou0z99o7dg870a8f92fykc,Tel.,2026-01-17 17:25:35,2026-01-17
220,Krüger,Lisa,Dr.,interested,,,,,,,,,,,,,,Ltd. OA,"Ltd. OA, Chefarzt, Standortleiter, Gesellschafter",Facharzt,"Radiologie, Neuroradiologie",verhandelt mit seinem AG,"Tel. am 24.04.2025
Kennt den aktuellen Leitenden OA in Lübeck Hr. Dyzmann (Bitte diese Info vertraulich behandeln)

Kann sich gut vorstellen nach Lübeck umzuziehen. Findet die Region schön. 
Kann auch auf elektive Neurointerventionen verzichten. 
Macht im Momant max 7 Dienste pro Monat. Bei 10 wäre KO Kriterium. 
Verhandelt mit dem aktuellen AG in den nächsten 14 Tagen
Hat außerdem ein Angebot aus einer Praxis mit 300k p.a. ohne Dienste und ohne WE
Habe gesagt, dass unsere Range 200-240k liegt. Ist auch bereit für weniger als 300k zu arbeiten. 

Unsere einzige Chance ist, wenn seine Frau auch eine Stelle am Klinikum bekommt. Sie ich Abdominal- und Thorax- Chirurgin!!!",lisa.krüger@outlook.com,+49 1833144059,,2025-04-23 23:59:00,2hvjnlea3u07sx0bts7a03qd8sfiq4,,2026-01-17 17:25:35,2026-01-17
218,Neumann,Lena,Dr.,interested,,,,,,,,,,DE,True,ganz Deutschland,,Ltd. OA,"Ltd. OA, Chefarzt",Facharzt,"Radiologie, Neuroradiologie",will CA Radiologie und Neuroradiologie,"Primär ist eine chefärztliche Tätigkeit in der Radiologie bzw. ggf. auch mit Neuroradiologie erwünscht.Eine zusätzliche Mittätigkeit in einem MVZ wäre hierbei auch möglich. Eine erneute Ltd. Oberarzt Position oder eine alleinige Neuroradiologische Stelle wollte ich zukünftig ungern anstreben. 

Ich bin am Niederrhein in Moers aufgewachsen, natürlich wäre eine Stelle in diesem Gebiet sehr interessant, aber letztendlich gibt es für mich keine besonderen Einschränkungen für potentielle Stellen deutschlandweit. 

Bisher bin ich keinerlei konkreten Angeboten nachgegangenen. Die Entscheidung sich weiterzuentwickeln besteht seit kurzem

St. Gallen angeboten",lena.neumann@web.de,+49 1919809332,,2025-11-11 23:59:00,12tibfg1xr07dvh06c1213s2bvlbpz,Email,2026-01-17 17:25:35,2026-01-17
219,Schneider,Anna,Dr.,interested,,,,,,,,,,DE,True,ganz Deutschland,,Ltd. OA,"Ltd. OA, Chefarzt",Facharzt,"Radiologie, Neuroradiologie",will CA Radiologie und Neuroradiologie,"Kontakt über Linkedin, möchte Chefarzt Neuro/ Radiologie , Mein nächstes Karriereziel ist eine Chefarztposition. Idealerweise in einem Krankenhaus der Maximalversorgung.

Standorte wären nicht kleine Städte

St. Gallen angefragt",anna.schneider@gmail.com,+49 1188249174,,2025-02-19 23:59:00,0hj79aghnr0a2upr0t5904bx59zrob,LinkedIn,2026-01-17 17:25:35,2026-01-17
221,Weber,Alina,Dr.,interested,,,,,,,,,,hamburg,,Hamburg,,Ltd. OA,"Ltd. OA, Chefarzt",Facharzt,"Radiologie, Neuroradiologie",offen in HH,"16.03.2025: vielen Dank für die Nachfrage. Ein Wechsel nach Lübeck kommt für mich aktuell leider nicht in Frage.

Tel. am 23.02.2025                        
seit 2021 FA

Arbeitet als Ltd. OA Neuroradiologie
Wohnen im Norden HH, Frau ist Dermatologin und arbeitet in HH Zentrum
Wollen gerade Haus kaufen und deshalb Umzug noch möglich
Hat seine Habilitation schon fertig, kann aber nicht einreichen, weil schon weg aus Eppendorf. Das wäre ein wichtiger Punkt, ob man sie in Lübeck an der Uni machen könnte? 

Würde gerne mehr Interventionen machen als er jetzt macht. Dafür hat er jetzt auch Homeoffice. 
Verdient auch jetzt ca 220-230k p.a. all in
Wichtig ist, welche Interventionen gemacht werden (Aneurysmen, Fisteln…etc?) und wie die Zahlen im letzten Jahr waren? 

Vereinbart, dass ich mir die Infors hole und dann ihm per Email schreibe. 

St. Gallen angefragt",alina.weber@outlook.com,+49 1469085323,,2025-03-16 23:59:00,18c3976hbo25c5vmhnqk010yvhu5q3,Tel.,2026-01-17 17:25:35,2026-01-17
222,Müller,Laura,Dr.,interested,,,,,,,,,,,,,,Ltd. OA,"Ltd. OA, Chefarzt",Facharzt,"Radiologie, Neuroradiologie",will CA Radiologie und Neuroradiologie,"Tel. am 18.03.2025
Arbeitet als Ltd. OA in Dortmund. Für ihn wäre Lüdenscheid ein „Abstieg“. Er findet, dass nicht jedes KH versuchen muss unbedingt eine eigene Stroke-Unit aufzubauen. 
Er kann alles, auch AVM, Aneurysma und Fistel. Familie hat ein Haus in Halver aber ist privat mit dem Rheinland verbunden. 
Für ihn wäre der nächste Schritt entweder Münster, Krupp oder Merheim. Vielleicht auch in Leverkusen möglich. Kann gerne eine neue Abteilung aufbauen. 
Kommt selbst aus der Neurologie. Hat aber FA in Radiologie und Neuroradiologie. Will keine Diagnostik machen, nur Interventionen.
Machen am Klinikum Dortmund aktuell 150-200 Aneurysmen und ca. 400 Thrombektomien. 
Suchen selbst auch einfache Radiologen und Radiologen die Weiterbildung in Neuroradiologie machen wollen. 
Sehr angenehmer Kontakt. Wir bleiben in Verbindung. 

St. Gallen angefragt",laura.müller@gmail.com,+49 1856360305,,2025-03-18 23:59:00,14pqo4wo0q0w9uvlnuxy23jfabg9j5,Tel.,2026-01-17 17:25:35,2026-01-17
227,Hartmann,Elena,Dr.,contacted,,,,,,,,,,,,,,Ltd. OA,"Ltd. OA, Chefarzt, Standortleiter",Facharzt,"Radiologie, Neuroradiologie",sucht in Tschechien,,elena.hartmann@gmail.com,+49 1484180512,,2025-05-29 23:59:00,248k8yzaec2en6b6bm320l6zjr5n82,LinkedIn,2026-01-17 17:25:35,2026-01-17
223,Becker,Elena,Dr.,contacted,,,,,,,,,,lübeck,,,,Ltd. OA,"Ltd. OA, Chefarzt",Facharzt,"Radiologie, Neuroradiologie",Lübeck und Umgebung,"Tel. 19.03.2025
Ist an Lübeck und Umkreis gebunden. Würde gerne wechseln, weil mit der aktuellen Stelle unglücklich. 
Macht gerne Notfall Interventionen, Optional auch gerne elektive Interventionen. Will wissen, welche Stelle wir ausgeschrieben haben. Ich habe ihm Lüdenscheid angeboten.
Vereinbart, dass ich mich melde, wenn ich etwas im Umkreis habe.",elena.becker@outlook.com,+49 1096307102,,2025-03-19 23:59:00,1rmtpm8n7k0njokp9ctm00w78jzt06,Tel.,2026-01-17 17:25:35,2026-01-17
224,Wolf,Clara,Prof. Dr.,interested,,,,,,,,,,"CH, baden-württemberg, heidelberg, würzburg",,Baden-Württemberg,,Ltd. OA,"Ltd. OA, Chefarzt",Facharzt,"Radiologie, Neuroradiologie",Würzburg / Heidelberg / BW  / CH - nur CA / Ltd. OA,"Ist in Gesprächen mit einer andern Klinik

St Gallen und Rems Murr abgelehnt.

Tel. am 19.03.2025
01794388694

Er ist familiär an Würzburg bzw. die Region Baden (Heidelberg / BW) gebunden. Will eine Ltd. OA Stelle und 270k. CA muss noch nicht sein. Kann Interventionell alles. 
Ich frage im Robert Bosch für ihn nach. Kann da alles allgm. Radiologie und Interventionelle Neuroradiologie ausbauen (Thrombektomien, Carotisstents und Emolisationen machen). zB als Ltd. OA Neuroradiologie, vereinbart, dass wir in Verbindung bleiben.",clara.wolf@web.de,+49 1119251008,,2025-11-03 23:59:00,2ax1molmxj1djuafmlej1t7v93ungh,Email,2026-01-17 17:25:35,2026-01-17
225,Becker,Emma,Dr.,interested,,anrufen,,,,,,,,"düsseldorf, essen, nordrhein-westfalen",False,NRW,,Oberarzt,"Oberarzt, Ltd. OA, Standortleiter",Facharzt,"Radiologie, Neuroradiologie",Düsseldorf und Essen und Umgebung,"KF: 3 Monate Quartalsende 
Zieht nach Düsseldorf oder Essen
kann auf Interventionen verzichten wenn dafür keine Dienste. Oder Interventionen aber ohne DIenste an einem MVZ. 
Hat viel Neurointerventionen gemacht und ist dann an die Uni für Diagn. Neuro. 
haben aktuell 180 Stroke. 
Chapeau hat 300.
Will Kardio, Neuro, keine Dienste
gerne Leitung, muss aber nicht. 
gerne auch Prostata",emma.becker@yahoo.de,+49 1913022999,,2025-05-12 23:59:00,03avovywp60xi9w7xe6d2l1l3998g2,Email,2026-01-17 17:25:35,2026-01-17
226,Zimmermann,Mara,Dr.,contacted,,,,,,,,,,CH,,Schweiz,,Ltd. OA,"Ltd. OA, Chefarzt, Standortleiter, Gesellschafter",Facharzt,"Radiologie, Neuroradiologie",,,mara.zimmermann@yahoo.de,+49 1599494771,,2025-05-29 23:59:00,0ce42w9qkz2mksehaytd1zssuxxdch,LinkedIn,2026-01-17 17:25:35,2026-01-17
229,Schmidt,Clara,,interested,,,,,,,,,,DE,True,ganz Deutschland,,"Facharzt, Freelancer","Oberarzt, Ltd. OA, Standortleiter",Facharzt,"Radiologie, Neuroradiologie",will Zusatzweiterbildung in Neuroradiologie,"Ist in Vertretung bis Ende September.
will interventionell Radiologisch und Neuroradiologisch arbeiten.
Hatte damals 1,5 Jare als AA interventionell gearbeitet. Braucht 6 Monate bis er alleine machen.
Kann 3 Jahre garantieren zu bleiben.
Dienste wie bei voller Stelle
75% bei 175k

Tel. Lübeck und Lüdenscheid wollen keine 200k zahlen, weil er erst 1 Jahr FA ist. Das sind aber seine Bedingungen. Gerne kann ich mich mit anderen Angeboten melden. 

Tel. ist junger FA 10/2024. viel als Honorararzt als AA gearbeitet. Kann Diagn alles und will Zusatzweiterbildung in Neuroradiologie machen. Kein Mamma, aktuell auch kein Prostata, Q1 Herz.
Abrechnung kann man erst nach Q2 machen. 
als Honorararzt bekommt er 250-320k 
Jetzt will er 200k + 30-40k für Dienste.
Würde nach Probezeit auch umziehen. könnte ab 01.10. aber besser ab 01.12. starten. hat 5 Jahre keine Interventionen gemacht.",clara.schmidt@outlook.com,+49 1422460937,,2025-06-25 23:59:00,2hsw7fmcn00ca19pqber2lepx7t0sj,Tel.,2026-01-17 17:25:35,2026-01-17
230,Weber,Klara,PD Dr.,interested,,,,,,,,,,"CH, DE",True,"ganz Deutschland, Schweiz",,Oberarzt,"Ltd. OA, Chefarzt, Standortleiter",Facharzt,"Radiologie, Neuroradiologie",Diagn. + interv. Neuroradiologie,"20.06.25: Will die Weiterbildung / Zusatzbezeichnung Neuroradiologie erstmal zu Ende machen. Noch ein Jahr. 

3M zum Q-Ende
War lange an der Uni in HH und hat Diagns. und Interventionelle Radiologie gemacht, 
Ist jetzt bei Asklepios in HH als Springer und mach 2 Jahre WB in Inteventioneller Neuroradiologie. Macht an 4 Standorten in HH Thrombektomien. Ist im Sommer bei 1 Jahr. Will unbedingt WB zu Ende machen. Bekommt nach Tarif und will mehr Geld verdienen. Wohnen in HH, aber Umzug ist auch OK. Möchte am liebsten Interventionen und Diagnistik machen. Wunsch 240 oder in die Nähe davon.",klara.weber@gmail.com,+49 1093576956,,2025-06-20 23:59:00,0pmfi9ckwe2oole284of1ah30egauj,Email,2026-01-17 17:25:35,2026-01-17
829,Weber,Nina,,,,,,,,,,,,,,,,,,,,,,nina.weber@yahoo.de,+49 1242636801,,48113-11-21 00:00:01,,,2026-01-17 17:25:35,2026-01-17
830,Wagner,Paula,,,,,,,,,,,,,,,,,,,,,,paula.wagner@gmail.com,+49 1044967735,,48113-11-21 00:00:01,,,2026-01-17 17:25:35,2026-01-17
472,Klein,Klara,Dr.,contacted,,,,,,,,,,,,,,,,Facharzt,Radiologie,,regional gebunden,klara.klein@web.de,+49 1029831352,,2026-01-17 14:33:19.422353,2n094yg5sn0mjx7s0h271cn0ltpuag,,2026-01-17 17:25:35,2026-01-17
770,Neumann,Alina,Dr.,interested,,,,,,,,,,,,,,Facharzt,"Facharzt, Ltd. OA, Standortleiter, Gesellschafter",Facharzt,Radiologie,SP Mammographie,s.h. Lin,alina.neumann@gmail.com,+49 1916049355,,2025-05-30 23:59:00,20z6lgaj3q169tff2vfn28aw4m523n,LinkedIn,2026-01-17 17:25:35,2026-01-17
764,Koch,Lea,,contacted,,,,,,,,,,CH,True,Schweiz,,Oberarzt,Oberarzt,Facharzt,Radiologie,ganz CH,"Hat eine neue Stelle gefunden. 

will 80-100% Pensum
hat eine WHG in Bülach, ungerne aufgeben aber alles möglich
ungerne Nachtdienste, besser wenn Teleradiologisch abgedeckt
macht gerne AA Ausbildung / Teaching
mag Schnittbilddiagnostik
Ende Juli kann anfangen Kündigungsfrist, nach Absprache
Hat auch einen anderen Headhunter, Hat sich selbst beworben, Zürich, Olten, Aarau 
interessant wäre Weiterbildung in der Nuk.",lea.koch@outlook.com,+49 1085624835,,2025-06-25 23:59:00,1ajeupdygv0le7qq77cr03552qq5yn,Email,2026-01-17 17:25:35,2026-01-17
237,Müller,Alina,PD Dr.,interested,,,,,,,,,,,,,,Oberarzt,"Ltd. OA, Chefarzt",Facharzt,"Radiologie, Neuroradiologie",Interventionelle Neuroradiologie,"will mit Neurochirurgie

St. Gallen angeboten",alina.müller@yahoo.de,+49 1474508708,,2025-11-11 23:59:00,103ra9qi4b1rtfr3uv0720ua923mh2,LinkedIn,2026-01-17 17:25:35,2026-01-17
778,Schneider,Mila,,interested,,,,,,,,,,,,,,Facharzt,"Facharzt, Oberarzt, Ltd. OA, Standortleiter, Gesellschafter",Facharzt,Radiologie,nur Teleradiologie,"Ist wieder in DE, hat eine Stelle, sucht Teleradiologisch

Aus familiären Gründen muss ich ins Ausland ( Aserbeidschan) umziehen und bin auf der Suche nach einer Stelle in der Teleradiologie. MfG Magsudov",mila.schneider@gmail.com,+49 1676198908,,2025-10-27 23:59:00,2g4kn9rba40okbf0xtcj2k6bw029qa,LinkedIn,2026-01-17 17:25:35,2026-01-17
785,Wolf,Johanna,,contacted,,,,,,,,,,,,,,Facharzt,"Facharzt, Standortleiter",Facharzt,Radiologie,,Lin keine Rückmeldung,johanna.wolf@web.de,+49 1241754173,,2025-07-15 23:59:00,2jiw90esi70kqyzrjycn0h3w0fcxkx,LinkedIn,2026-01-17 17:25:35,2026-01-17
788,Müller,Isabella,Dr.,contacted,,,,,,,,,,,,,,,,Facharzt,Radiologie,keine Rückmeldung,Macht Reisemedizin,isabella.müller@outlook.com,+49 1959121818,,2025-07-15 23:59:00,0mldltuaxj0imstfcwjo1hx556agwv,LinkedIn,2026-01-17 17:25:35,2026-01-17
789,Krüger,Lena,,contacted,,,,,,,,,,,,,,,,Assistenzarzt,Radiologie,AA,,lena.krüger@web.de,+49 1966905918,,2025-07-15 23:59:00,0lisys2eh81t5m4oa2b519h9y9nd6d,LinkedIn,2026-01-17 17:25:35,2026-01-17
790,Wolf,Paula,,contacted,,,,,,,,,,,,,,Facharzt,"Facharzt, Standortleiter",Facharzt,Radiologie,bei Radprax,,paula.wolf@web.de,+49 1880430244,,2025-07-15 23:59:00,0aa9ctu150002crsrzg70u4q3jsh1j,LinkedIn,2026-01-17 17:25:35,2026-01-17
774,Klein,Elena,,interested,,,,,,,,,,"CH, DE",True,"ganz Deutschland, Schweiz",,Oberarzt,"Oberarzt, Ltd. OA, Standortleiter",Facharzt,Radiologie,offen,"Strahleninstitut angeboten

Ehemann ist OA für Gynäkologie
Wenn dann als Familie umziehen. will CV senden. hat Q2 Lunge und Q1 MSK.
1M vor Q-Ende K-Frist",elena.klein@yahoo.de,+49 1767957171,,2025-07-03 23:59:00,22bb56ffnf2eoaj8uqfw20vuvqel9j,Email,2026-01-17 17:25:35,2026-01-17
739,Fischer,Mara,,contacted,,,,,,,,,,DE,,,,,,Facharzt,Radiologie,"ab 2028 für DE, macht aktuell DoppelFA","15.10.2024 - TP:
Für die nächsten drei Jahre habe ich momentan in der Schweiz geplant. 

Danach bin ich aber prinzipiell für eine interessante Position auch in Deutschland offen.",mara.fischer@outlook.com,+49 1462373840,,2026-01-17 14:33:19.458619,0zokmrjwzn1klcfxmbmf1nspwggsbb,,2026-01-17 17:25:35,2026-01-17
756,Klein,Klara,Dr.,interested,,wir bekommen bis Ender der Woche Bescheid,,,,,,,,CH,True,Schweiz,,Oberarzt,Oberarzt,Facharzt,Radiologie,sucht in CH,"selbst bewoben bei: 
Spital Rheinfelden, GZF
Spital Wetzikon
Spital Bern
Spital Uster 
KSAaau
Spital Zollikoberg
KSBaden
KSObwalden in Samen
Spital FMI Interlaken
Scheizer paraplegiger zentrum notrie
USBasel
Spital Bülach
Spitla Zentrum Biel 
Zentrum für Bildiagnostik Basel
Bethesda Spital Bade  
St Clara Spital Basel
Radiologie Salempark 
Spital Mennedorf
Spital Schaffhausen
Spital Thun 
Hospital Morges

Der Kollege ist gebürtiger Deutscher, promoviert und hat den Grossteil (5 Jahre) seiner Weiterbildung zum Facharzt an unterschiedlichen Ausbildungsspitälern in der Schweiz absolviert. Im Anschluss daran war er drei Jahre als Oberarzt an einem Ausbildungsspital tätig, sodass die Berufsausübungsbewilligung kein Problem sein sollte. 

Er verfügt über fundierte Erfahrung in den Bereichen CT, Röntgen und Ultraschall, sowie im Schädel- und Wirbelsäule-MRI. Zu beachten bleibt, dass er sich eine kollegiale Einarbeitung im Bereich MSK-MRI wünschen würde, um anschließend auch dort selbstständig tätig zu sein. Gerne finde ich noch heraus, welche Erfahrung er in der Mammographie hat. 

Vor diesem Hintergrund passt es vielleicht gut, dass er ab sofort verfügbar ist. Meine Idee war, dass er bei einer kurzfristigen Anstellung bei Ihnen genau die Zeit bis Ende Juli /Ende September haben wird, um sich bestmöglich einzuarbeiten. 

Des Weiteren wurde in unserem Gespräch deutlich, dass er sich ein Pensum vom 80% wünscht und bei der Gestaltung flexibel ist. Für ihn wäre es von Interesse, bei Ihnen 80 % der Zeit durchgehend zu arbeiten und die verbleibenden 20 % am Stück als Freizeit zu nutzen. Selbstverständlich besteht zu einem späteren Zeitpunkt die Möglichkeit, in einem weiterführenden Gespräch die verschiedenen Modelle miteinander abzustimmen.
Gleichzeitig würde er sich freuen, wenn er bei Ihnen vorzugsweise in den Spätschichten arbeiten könnte. Vielleicht ist dieser Punkt interessant, weil mir eher Ärzte begegnen, die lieber früher anfangen, um dann früher Feierabend zu haben. 

Bezüglich der Vergütung sind wir so verblieben, dass zunächst die gewünschten Aufgaben und Rahmenbedingungen abgestimmt werden sollten, bevor man dann eine Aussage zur Vergütung geben kann. Zu diesem Zweck hatte er mich noch um Auskunft darüber gebeten, wie viele Kollegen es im Team gibt, welche Geräte eingesetzt werden und welche Untersuchungsanzahl man im Schnitt von einem Arzt erwartet.
Besteht bei Ihnen weiterhin die Möglichkeit, dass ein Arzt während der Arbeitswoche in einem zur Verfügung gestellten Dienstapartment lebt? 

Mein persönlicher Eindruck im Gespräch war, dass er sich sehr gut vorbereitet hat und genau wusste, welche Information ihm wichtig ist. Er ist in seiner Art eher ruhig und macht einen überlegten und disziplinierten Eindruck. Gleichzeitig wurde deutlich, dass er viel Wert auf Kollegialität und eine patienten- und mitarbeiterfreundliche Atmosphäre legt. Es wurde weiterhin klar, dass er sich aus einem bisher klinischen Umfeld gerne in ein ambulantes Umfeld entwickeln möchte. Er sieht sich selbst als einen Diagnostiker, wobei ich im Folgenden gerne herausfinde, welche Erfahrungen er in der Durchführung von Biopsien, Arthrographien und der Schmerztherapien hat.",klara.klein@yahoo.de,+49 1352815235,,2025-05-13 23:59:00,0vyqzwv1gh0mv77acln50y3k6xqorq,Email,2026-01-17 17:25:35,2026-01-17
780,Richter,Klara,,contacted,,,,,,,,,,hamburg,,,,,,Assistenzarzt,Radiologie,ist AA in HH,,klara.richter@yahoo.de,+49 1058411513,,2025-03-24 23:59:00,1ai2kizmtg27e7mwmtuk1opq125mc4,LinkedIn,2026-01-17 17:25:35,2026-01-17
1251,Weber,Nina,,,,,,,,,,,,,,,,,,,,,,nina.weber@yahoo.de,+49 1242636801,,48113-11-21 00:00:01,,,2026-01-17 17:25:35,2026-01-17
1252,Wagner,Paula,,,,,,,,,,,,,,,,,,,,,,paula.wagner@gmail.com,+49 1044967735,,48113-11-21 00:00:01,,,2026-01-17 17:25:35,2026-01-17
806,Zimmermann,Sophie,,interested,,,,,,,,,,,,,,"Oberarzt, Freelancer","Ltd. OA, Standortleiter",Facharzt,Radiologie,will Honorararzt,"mein Name ist Filip Albert Svoboda, derzeit Oberarzt am Klinikum Fichtelgebirge. Ihre Kontaktdaten habe ich von meiner ehemaligen Kollegin, Frau Dr. Asal Amaei, erhalten. Sie hat mir nämlich empfohlen, Sie bezüglich eines Arbeitsangebots zu kontaktieren.

Da die aktuelle Personalsituation im Klinikum mit einer sehr hohen Dienstbelastung verbunden ist, möchte ich mich nach Möglichkeiten einer Tätigkeit als Honorararzt erkundigen und wäre Ihnen für entsprechende Informationen oder Angebote dankbar.",sophie.zimmermann@web.de,+49 1552545553,,2025-09-09 23:59:00,1pqj9j4j6u1w1mfw020k26umdxm9uk,Email,2026-01-17 17:25:35,2026-01-17
809,Wagner,Lisa,,interested,,,,,,,,,,,,,,Freelancer,,MTRA,Radiologie,Freelancer,MTRA - ist ab November verfügbar,lisa.wagner@yahoo.de,+49 1225036174,,2025-09-16 23:59:00,0j0p1t6nqu1d53rxeo0u1fbvf10fo4,Tel.,2026-01-17 17:25:35,2026-01-17
816,Schulz,Clara,Dr.,contacted,,,,,,,,,,,,,,Facharzt,"Facharzt, Standortleiter",Facharzt,Radiologie,,geschrieben weil er bei radiologie3 arbeitet.,clara.schulz@outlook.com,+49 1801512866,,2025-11-19 23:59:00,0sn10psou427z4ox4z240z7z4pjkzk,LinkedIn,2026-01-17 17:25:35,2026-01-17
817,Müller,Julia,,contacted,,,,,,,,,,,,,,Chefarzt,Chefarzt,Facharzt,Radiologie,CA,ist CA bei Städtisches Klinikum Görlitz gGmbH,julia.müller@yahoo.de,+49 1627022113,,2025-11-21 23:59:00,12spo6wp801ckbayf2ui1t1zefgtvn,LinkedIn,2026-01-17 17:25:35,2026-01-17
819,Hartmann,Alina,,interested,,,,,,,,,,,,,,"Facharzt, Oberarzt","Oberarzt, Standortleiter",Facharzt,Radiologie,FÄ Radiologie,"wohnt in Neuss. Wollte sich grundsätzlich orientieren und Ihren Preis auf dem Markt erfahren. Macht in der Klinik aktuell Mamma und will sich als Ärztin breit aufstellen. Kann auch Schnittbild und hat Q1 Herz MR, Q2 Herz CT. Man es in der Klinik zu arbeiten. Man Nofalldiagnostik. Macht Dienste aus dem Home Office. 
Springer Med360 angeboten. Gerne bei Lin in Verbindung bleiben.",alina.hartmann@yahoo.de,+49 1233980054,,2025-11-21 23:59:00,1zyg3r93xf2domi0ba9q0bla7ztcp1,Tel.,2026-01-17 17:25:35,2026-01-17
820,Schulz,Mila,,interested,,,,,,,,,,,,,,Facharzt,,Facharzt,Radiologie,nur Teleradiologie,"Will nach Dubai, deshalb nur Interesse an der Teleradiologie.
Ist bei Med360 als Springer",mila.schulz@web.de,+49 1299996321,,2025-11-27 23:59:00,0ap8anxttu1fg7j14f8w0pkdn3nz93,Tel.,2026-01-17 17:25:35,2026-01-17
821,Hoffmann,Johanna,,contacted,,,,,,,,,,,,,,Facharzt,Ltd. OA,Facharzt,Radiologie,Interventionelle Radiologie,bei Lin geschrieben,johanna.hoffmann@gmail.com,+49 1401802776,,2025-11-28 23:59:00,0oxb088tnw18sc0wk5h514egaw3q0a,LinkedIn,2026-01-17 17:25:35,2026-01-17
822,Fischer,Lena,,contacted,,,,,,,,,,,,,,Assistenzarzt,"Facharzt, Oberarzt",Assistenzarzt,Radiologie,AA Radiologie,Lin,lena.fischer@web.de,+49 1985034051,,2025-11-28 23:59:00,0n070jfv9p189o5embpp03rgltabyb,LinkedIn,2026-01-17 17:25:35,2026-01-17
823,Schneider,Isabella,Dr.,interested,,,,,,,,,,,,,,Facharzt,"Oberarzt, Ltd. OA",Facharzt,Radiologie,FA Rad und Interventionelle Radiologie,"Modul D
Vielen Dank für ihre Nachricht und die Vermittlung des Angebotes. Kurz- bis Mittelfristig werde ich eine neuroradiologische Aausbildung nicht realisieren, daher fehlen mir leider sehr spezifische Skills für die beschriebene Stelle.",isabella.schneider@outlook.com,+49 1846247507,,2025-12-08 23:59:00,0p7h1856vj1ebtcowbhp21faj22g5o,LinkedIn,2026-01-17 17:25:35,2026-01-17
824,Krüger,Maria,PD Dr.,contacted,,,,,,,,,,,,,,Oberarzt,"Ltd. OA, Chefarzt",Facharzt,Radiologie,FA Rad,wg Mergen angeschrieben,maria.krüger@web.de,+49 1592922617,,2025-12-08 23:59:00,0p9we40skl20spa471xy094y0je824,LinkedIn,2026-01-17 17:25:35,2026-01-17
825,Schwarz,Johanna,PD Dr.,contacted,,,,,,,,,,,,,,Oberarzt,"Ltd. OA, Chefarzt, Standortleiter, Gesellschafter",Facharzt,Radiologie,FA Rad,"Oberärztin
Stv. Leitung Computertomographie
Lehr-Koordinatorin
Fachärztin für Radiologie
Stufe-1-Zertifikat der DeGIR
Q2-Zertifikat der DRG für Herz CT und Herz MRT
Q2-Zertifikat der DRG für Lungenkrebsfrüherkennung
Q1-Zertifikat der DRG für Prostata MRT und Muskuloskelettale Radiologie",johanna.schwarz@outlook.com,+49 1455867583,,2025-12-10 23:59:00,1i4yvo7e7f1tktexgnb00c3maq792b,LinkedIn,2026-01-17 17:25:35,2026-01-17
826,Schwarz,Mara,,Hot / is searching,,warte auf Rückmeldung,,,,,,,,,,,,Oberarzt,"Ltd. OA, Standortleiter",Facharzt,Radiologie,FA Rad,"verdient jetzt mit Diensten 210k
Wismar angeboten. Will es sich überlegen und sich melden.",mara.schwarz@yahoo.de,+49 1914861563,,2026-01-05 23:59:00,028b4mxmx9060j5klt3b13roa598jh,Tel.,2026-01-17 17:25:35,2026-01-17
1253,Weber,Nina,,,,,,,,,,,,,,,,,,,,,,nina.weber@yahoo.de,+49 1242636801,,2026-01-17 14:33:19.47181,,,2026-01-17 17:25:35,2026-01-17
1254,Wagner,Paula,,,,,,,,,,,,,,,,,,,,,,paula.wagner@gmail.com,+49 1044967735,,2026-01-17 14:33:19.47181,,,2026-01-17 17:25:35,2026-01-17
814,Klein,Mila,Dr.,interested,,,,,,,,,,"AT, CH, DE",,"ganz Deutschland, Österreich, Schweiz",,Freelancer,Ltd. OA,Facharzt,Radiologie,Freelancer,"Mein Name ist Dr. Lateri , ich bin Facharzt für Radiologie mit umfassender und langjähriger Erfahrung im gesamten Spektrum der diagnostischen Radiologie – insbesondere in der Schnittbilddiagnostik mittels CT und MRT.
 
Aktuell bin ich deutschlandweit sowie in der Schweiz als Oberarzt und Chefarztvertretung tätig. Gerne möchte ich Sie sowohl im Regel- als auch im Rufdienst unterstützen und biete Ihnen meine Einsatzbereitschaft flexibel an.
 
Ein befristeter Vertrag direkt mit Ihnen – ohne Einschaltung einer Vermittlungsagentur oder Vermittlungsgebühren – ist für mich jederzeit möglich. Die Abrechnung kann gerne auf Stundenbasis und je nach Bedarf erfolgen.
Meine Handynummer lautet 017626950358
 
Ich freue mich auf Ihre Rückmeldung und eine mögliche Zusammenarbeit",mila.klein@web.de,+49 1630113354,,2025-11-10 23:59:00,1trxgr6jx90zfy6ha0ew0bs3yn16zq,Email,2026-01-17 17:25:35,2026-01-17
815,Hartmann,Clara,Prof. Dr.,interested,,,,,,,,,,DE,True,ganz Deutschland,,Facharzt,Facharzt,Facharzt,Radiologie,"ist 83J alt, für alles offen",ist für alles offen. Albert hat abgelehnt,clara.hartmann@yahoo.de,+49 1163545132,,2025-11-10 23:59:00,0suq4362ua2d44fmjj5y1ze8veo3jr,Email,2026-01-17 17:25:35,2026-01-17
818,Zimmermann,Klara,PD Dr.,interested,,,,,,,,,,nordrhein-westfalen,,NRW,,Chefarzt,"Chefarzt, Standortleiter, Gesellschafter",Facharzt,Radiologie,ist ÄL bei Evidia,Alex sieht bei Recruiter Pro dass er offen ist und sich umschaut,klara.zimmermann@gmail.com,+49 1086938959,,2025-11-21 23:59:00,25320lxve801kcxztmrh24vbqy8d9t,LinkedIn,2026-01-17 17:25:35,2026-01-17
