id,last_name,first_name,description,status,status_expired_set,current_status_interview,datenquelle,adresse,strasse,hausnummer,plz,arbeitsort,wohnort,wunscharbeitsort,umzugszwang,available,regionale_verfuegbarkeit,position_now,next_career_step,qualification,department,short_note,long_note,e_mail,tel,linkedin,anlage_wann,minicrm_id,how_where_contacted
106,Wolf,Nina,Prof. Dr.,interested,,,,,,,,,,DE,True,"ganz Deutschland, Schweiz",,Ltd. OA,"Chefarzt, Gesellschafter",Facharzt,"Radiologie, Nuklearmedizin",FA Rad und hat Fortbildung Nuk,"ist Ltd. OA Uni Köln

Tel. Wien und Rosenheim kommen nicht infrage. Rosenheim fachlich sehr interessant aber es wäre in der Peripherie, also nicht so Prestigeträchtig. 
Tele-Nuk, müsste schn ca. 130€ pro Befund sein. Aber gerne in Verbindung bleiben und über Tele Nuk informieren. 
Bei Infos gerne Email vorab. 
Hat selbst 20.000 PET Cts gemacht. Ist der Radiologe der das immer macht. 

Tel. Ist Ltd. OA Uni Köln. Ist FA Rad und hat Weiterbildung in Nuk. Will mehr als 200k verdienen. Sehr gut auch in München vernetzt. Ist Leiter Uroradiologie. Hat auch Interesse an FA Strahlentherapiel. Hat 2 Kinder aber Familie ist Umzugsbereit. Planen Urlaub in Südbayern. 
RoMed und Wien angeboten. Großes Interesse an Romed und wegen Wien muss noch nachdenken. Gesagt, dass er bei Romed ca. 230-240k verdienen wird bei 48h. Vereinbart, dass wir nächste Woche Mittwoch telefonieren und er vllt. bei seinem Urlaub in Rosenheim vorbeikommt.",nina.wolf@outlook.com,+49 1171714126,,2025-08-20 23:59:00,1ya9qi0ljs0r1xgmsr6c111l9gqk0l,Tel.
137,Schulz,Isabella,Dr.,interested,,vorgestellt bei Mergen,,,,,,,,DE,,"ganz Deutschland, Österreich, Schweiz",,Oberarzt,"Ltd. OA, Chefarzt",Doppelfacharzt,"Radiologie, Nuklearmedizin",interessiert an Tele-Nuk,"interessiert an Tele-Nuk
DoppelFA Radiologie Nuklearmedizin",isabella.schulz@yahoo.de,+49 1700266371,,2025-10-28 23:59:00,2hae9ezock0umxg7nx520bwdv3bo0g,Tel.
147,Bauer,Mila,,interested,,vorgestellt bei Mergen,,,,,,,,DE,,"ganz Deutschland, Österreich, Schweiz",,Oberarzt,Gesellschafter,Facharzt,Nuklearmedizin,will Gesellschafter,"Will als Gesellschafter, FA Nuklearmedizin
aktuell kein PET/CT aber in Uni viel PET/CT gemacht 2 Jahre in Folge
01.03.2026
Vollzeit 

bei Mergen vorgestellt. Leider von Mergen abgesagt weil zu sehr auf Geld fixiert. 
Gerne in Kontakt bleiben.",mila.bauer@yahoo.de,+49 1435394598,,2025-11-13 23:59:00,0n3xfama370v57gbi4xr2a077h2n4g,Tel.
154,Zimmermann,Anna,Dr.,interested,,vor Ort Besuch,,,,,,,,DE,True,"ganz Deutschland, Schweiz",,Oberarzt,"Ltd. OA, Chefarzt, Gesellschafter",Facharzt,Nuklearmedizin,für Tele Nuk,"ihm wäre wichtig, dass er als Honorararzt arbeiten kann. Da er Notarzt in 4 Bezirken fährt, entgeht man so der Scheinselbstständigkeit.
Er würde sich über eine langfristige regelmäßige Zusammenarbeit sehr freuen. In unserem Gespräch hat er vorgeschlagen, dass er gerne alle PSMA Prostata PET/CT befunden könnte. Dazu würde er mindestens einen Tag pro Woche, in der Urlaubszeit auch gerne mehr, für unser Projekt fest einplanen. 

ist in HHU, will bis 2027 bleiben weil er habil macht. Macht auch Notarzt parallel und viel Forschung. Macht 80h pro Woche. Sehr interessiert an Tele Nuk. Sehr guten Kontakt zu Dr. Werner an der TUMünchen mit Forschung. Bei PUBMED seinen Namen eingeben. Hat in den letzten Jahren über 20 Publikationen. Kann gerne immer wieder für eine Woche nach München kommen. Will auch mit den Daten aus RoMed Forschen.",anna.zimmermann@gmail.com,+49 1095511823,,2025-10-29 23:59:00,1svayvl5px0hclwixqg32a37vuxz5b,Tel.
174,Weber,Sophie,,interested,,,,,,,,,,DE,,"ganz Deutschland, Schweiz",,Ltd. OA,"Ltd. OA, Chefarzt, Standortleiter",Facharzt,"Radiologie, Neuroradiologie",nur Süddeutschland,"07.04.25 - Tele-Nuk ist bereit 20 Std. an 2 Tagen pro Woche. Hat aber keine Fachkunde Nuk und kein FA Nuk.

07.06.2024 - TP:
Tel. Sehr angeneht. Arbeitet bei RoMed Klinik in der Klinik. Will mehr Gehalt und AT. Hatte Angebote NRW 250k aber will in Süddeustchalnd bleiben.
fehlen nur noch 6 Monate Weiterbildung in der Nuk und dann DoppelFA",sophie.weber@gmail.com,+49 1813166435,,2025-04-07 23:59:00,0bzs12vfr404r79mksd826x4qlq7m1,Tel.
216,Becker,Sarah,,interested,,,,,,,,,,DE,True,ganz Deutschland,,Facharzt,"Facharzt, Oberarzt",Facharzt,"Radiologie, Neuroradiologie",nur Interventionelle Neuroradiologie,"hat eine neue Selle in Uni Basel angefangen

will nur Interventionelle Neuroradiologie

Meppen21.04.2025bei Dr. Celik angefragt Email
Marburg25.04.2025Dr. Almohammad - Team ist voll
Bremerhaven21.04.2025kann sich gerne bewerben
Rotenburg29.09.2025passt nicht weit allgemein und INterventionell
Bad Segeberg23.04.2025bei Dr. Steffen angefragt
Braunschweig23.04.2025bei Prof. Behme Magdeburg vorstellen
Dortmund18.03.2025Dr. Teubert sucht auch

Tel. will Aneurysma, Fistel, Embolosation lernen. Kann schon Thrombektomien und Carottisstent. Kündigungsfrist 2 Monate. Ganz DE, Umzug ok.",sarah.becker@yahoo.de,+49 1211158462,,2025-04-15 23:59:00,1lee33x5wr0u7o4xke6v0yxn8ypxri,LinkedIn
217,Krüger,Nina,,interested,,,,,,,,,,DE,True,ganz Deutschland,,Ltd. OA,"Chefarzt, Standortleiter",Facharzt,"Radiologie, Neuroradiologie",will CA Neuroradiologie,"St. Gallen vorgestellt
Tel. 22.02.2025

Will nur eine CA Stelle
In ganz DE offen und auch ggf CH wenn CA
Will Abteilung Neuaufbau Interventionelle Neuroradiologie + Radiologie. Oder zB wenn CA in 1-2 Jahren in Rente geht, dann kommt er als Ltd OA und übernimmt dann. 
Machen alles außer Stants. Machen Angios etc…

Vereinbart, dass wir uns melden wenn wir etwas passendes haben.",nina.krüger@web.de,+49 1009964754,,2025-11-11 23:59:00,2piyg7m26s09vqvji1vi1zu5mw0gjr,LinkedIn
218,Neumann,Lena,Dr.,interested,,,,,,,,,,DE,True,ganz Deutschland,,Ltd. OA,"Ltd. OA, Chefarzt",Facharzt,"Radiologie, Neuroradiologie",will CA Radiologie und Neuroradiologie,"Primär ist eine chefärztliche Tätigkeit in der Radiologie bzw. ggf. auch mit Neuroradiologie erwünscht.Eine zusätzliche Mittätigkeit in einem MVZ wäre hierbei auch möglich. Eine erneute Ltd. Oberarzt Position oder eine alleinige Neuroradiologische Stelle wollte ich zukünftig ungern anstreben. 

Ich bin am Niederrhein in Moers aufgewachsen, natürlich wäre eine Stelle in diesem Gebiet sehr interessant, aber letztendlich gibt es für mich keine besonderen Einschränkungen für potentielle Stellen deutschlandweit. 

Bisher bin ich keinerlei konkreten Angeboten nachgegangenen. Die Entscheidung sich weiterzuentwickeln besteht seit kurzem

St. Gallen angeboten",lena.neumann@web.de,+49 1919809332,,2025-11-11 23:59:00,12tibfg1xr07dvh06c1213s2bvlbpz,Email
219,Schneider,Anna,Dr.,interested,,,,,,,,,,DE,True,ganz Deutschland,,Ltd. OA,"Ltd. OA, Chefarzt",Facharzt,"Radiologie, Neuroradiologie",will CA Radiologie und Neuroradiologie,"Kontakt über Linkedin, möchte Chefarzt Neuro/ Radiologie , Mein nächstes Karriereziel ist eine Chefarztposition. Idealerweise in einem Krankenhaus der Maximalversorgung.

Standorte wären nicht kleine Städte

St. Gallen angefragt",anna.schneider@gmail.com,+49 1188249174,,2025-02-19 23:59:00,0hj79aghnr0a2upr0t5904bx59zrob,LinkedIn
228,Krüger,Lisa,,interested,,,,,,,,,,DE,,ganz Deutschland,,Oberarzt,"Ltd. OA, Standortleiter",Facharzt,"Radiologie, Neuroradiologie",will Ltd. OA mit interv. Neuroradiologie,"bei Ochtrop vorgestellt. Keine Rückmeldung.
Wien angefragt.",lisa.krüger@web.de,+49 1218635549,,2025-06-23 23:59:00,16m1b5i07w0t9n9bp35r1kls7qisud,Email
62,Müller,Sarah,Dr.,contacted,,,,,,,,,,,,,,,,Facharzt,Strahlentherapie,,ist Gesellschafter,sarah.müller@web.de,+49 1323616496,,48113-11-21 00:00:01,1qhj1pok6h2ppp1myqzy05s55wzky4,
229,Schmidt,Clara,,interested,,,,,,,,,,DE,True,ganz Deutschland,,"Facharzt, Freelancer","Oberarzt, Ltd. OA, Standortleiter",Facharzt,"Radiologie, Neuroradiologie",will Zusatzweiterbildung in Neuroradiologie,"Ist in Vertretung bis Ende September.
will interventionell Radiologisch und Neuroradiologisch arbeiten.
Hatte damals 1,5 Jare als AA interventionell gearbeitet. Braucht 6 Monate bis er alleine machen.
Kann 3 Jahre garantieren zu bleiben.
Dienste wie bei voller Stelle
75% bei 175k

Tel. Lübeck und Lüdenscheid wollen keine 200k zahlen, weil er erst 1 Jahr FA ist. Das sind aber seine Bedingungen. Gerne kann ich mich mit anderen Angeboten melden. 

Tel. ist junger FA 10/2024. viel als Honorararzt als AA gearbeitet. Kann Diagn alles und will Zusatzweiterbildung in Neuroradiologie machen. Kein Mamma, aktuell auch kein Prostata, Q1 Herz.
Abrechnung kann man erst nach Q2 machen. 
als Honorararzt bekommt er 250-320k 
Jetzt will er 200k + 30-40k für Dienste.
Würde nach Probezeit auch umziehen. könnte ab 01.10. aber besser ab 01.12. starten. hat 5 Jahre keine Interventionen gemacht.",clara.schmidt@outlook.com,+49 1422460937,,2025-06-25 23:59:00,2hsw7fmcn00ca19pqber2lepx7t0sj,Tel.
230,Weber,Klara,PD Dr.,interested,,,,,,,,,,DE,True,"ganz Deutschland, Schweiz",,Oberarzt,"Ltd. OA, Chefarzt, Standortleiter",Facharzt,"Radiologie, Neuroradiologie",Diagn. + interv. Neuroradiologie,"20.06.25: Will die Weiterbildung / Zusatzbezeichnung Neuroradiologie erstmal zu Ende machen. Noch ein Jahr. 

3M zum Q-Ende
War lange an der Uni in HH und hat Diagns. und Interventionelle Radiologie gemacht, 
Ist jetzt bei Asklepios in HH als Springer und mach 2 Jahre WB in Inteventioneller Neuroradiologie. Macht an 4 Standorten in HH Thrombektomien. Ist im Sommer bei 1 Jahr. Will unbedingt WB zu Ende machen. Bekommt nach Tarif und will mehr Geld verdienen. Wohnen in HH, aber Umzug ist auch OK. Möchte am liebsten Interventionen und Diagnistik machen. Wunsch 240 oder in die Nähe davon.",klara.weber@gmail.com,+49 1093576956,,2025-06-20 23:59:00,0pmfi9ckwe2oole284of1ah30egauj,Email
233,Schneider,Klara,,interested,,,,,,,,,,DE,True,"ganz Deutschland, Schweiz",,Ltd. OA,"Ltd. OA, Chefarzt, Standortleiter",Facharzt,"Radiologie, Neuroradiologie",will ZWB Neuroradiologie machen,"Lüdenscheid will nicht weil keine ZWB möglich
Lübeck hat Segali selbst abgesagt
vereinbart, dass wir in Kontakt bleiben

Jetzt Uniklinik Marburg Honorarärztin

Hat neuro gemacht.
Macht aktuell befristete Anstellung
Recklinghausen wohnt 
Will Embolisation und alles für Modul F lernen
Hat 2024 Thrombektomien gemacht
30-40 gemacht
kann nach einem Monat Dienste machen
braucht 1 Jahr noch für die Zusatzbezeichnung Neuroradiologie
Kann Alles Diagnostik auch Mamma alles 
Kann auch Kinderradiologie 
2019 Mai FA gemacht
Ist aktuell befristet in Marburg
will 200k ohne Dienste Grundgehalt
CV kommt  
Ab 01.01.2026 kann anfangen",klara.schneider@gmail.com,+49 1467552838,,2025-07-24 23:59:00,26k71evb6i1jf8pz40la0t3ymtinvy,Tel.
234,Hartmann,Maria,,interested,,,,,,,,,,DE,True,"ganz Deutschland, Schweiz",,Oberarzt,"Ltd. OA, Chefarzt",Facharzt,"Radiologie, Neuroradiologie",will Ltd. OA mit interv. Neuroradiologie,"hat einen Vertrag von seinem aktuellen AG angeboten bekommen. will sich nächste Woche mit Antwort melden. Keine Rückmeldung.
35 J alt
In Köln studiert
war bei Klinikum Oberberg
Uni Aachen Neuroradiologie gelernt
kann Thrombektomie 
Aktuell OA Strahlsund Helios
Zertifikat Modul E kann machen.
Macht 10 Dienste bei Helios 
will 250k",maria.hartmann@web.de,+49 1725321619,,2025-07-15 23:59:00,12cna1pnot0lb07vn617208nzqqpfs,Tel.
235,Krüger,Mila,,in Interview,,1. Kennenlernen,,,,,,,,DE,True,"ganz Deutschland, Schweiz",,Facharzt,"Oberarzt, Ltd. OA, Chefarzt",Facharzt,"Radiologie, Neuroradiologie",kann alle Interventionen,"Bei Göbel in Herdecke angefragt
vorgestellt bei Kramer

Hat ein gutes Angebot OA mit 200k

Segali hat angeboten 175 - 200 - 220
OA - Modul E - Ltd. OA 
Diagnostik ist Problem 
Diagn 50/50

spricht Russisch.
Macht seit 3 Jahren selbst Thrombektomien
bereitet sich auf Modul E vor
Kann auch Kardio Interventionen. 20 Jahre Berufserfahrung mit Kardiologie und Neurochirurgie
Familie hat Haus in Celle gekauft. Könnten Umziehen. Pain Poit sein Chef weiß dass er ein Haus hat und will ihm keine OA Stelle geben. 
Sein Chef kommt aus Uni Lübeck
Diagnostik müsste lernen.",mila.krüger@yahoo.de,+49 1805827780,,2025-12-17 23:59:00,1jmp9rm8e202gwyfedzi2abn6jz2j4,Email
238,Meyer,Mila,,interested,,,,,,,,,,DE,,"ganz Deutschland, Schweiz",,Facharzt,"Facharzt, Oberarzt, Ltd. OA, Standortleiter",Facharzt,"Radiologie, Neuroradiologie",Interventionelle Neuroradiologie,"11/2025 hat einen neuen Job in Gemainschaftskh Herdecke
Tel. Nr. von Mraisch erhalten

Tel: Hat Thrombektomien gemacht 49 selbst 
Schnell anfangen ab 01.11. Vollzeit
Wohnt in Hagen
Ist bis Oktober gebunden
3 Monate Teilzeit 50% bis dahin
Und danach Vollzeit
Er soll Weiterbildungsermächtigung machen, Will Zusatzweiterbildung Neuroradiologie
Hat schon 3 Monate Weiterbildung gemacht
Angebot aus Cottbus für 240k 8 inkl.",mila.meyer@web.de,+49 1623987009,,2025-07-24 23:59:00,1d383ysd361pb775yokd2kbqh8snah,Email
240,Zimmermann,Isabella,Dr.,interested,,,,,,,,,,DE,,"ganz Deutschland, Schweiz",,Oberarzt,"Ltd. OA, Chefarzt",Facharzt,"Radiologie, Neuroradiologie",will Leitung Neuroradiologie mit E und F,"St. Gallen vorgestellt. Abgesagt, weil Gehalt zu niedrig.

 Kennt Dr. Hellstern. Tel. Verdient jetzt 270 ohne Zulagen. Vllt wegen der Familie doch interessant. Ist am Montag in Zürich. vereinbart dass ich freitag nächste Woche anrufe, sie ist dann im Urlaub

macht nur Neurointerventionen inkl. AVM, Durafestel etc. Keine Diagnistik 
Hat Modul E und F
Will Leitung. Ist jetzt OA und wird geschäftsführende OA
vereinbart, dass wir in Kontakt bleiben. 
Sucht längerfristig war interventionelles E und F
Sektionsleitun ltd. OA
jetzt Vollzeit mit 18 Dienste aktuell

St. Gallen angeboten",isabella.zimmermann@web.de,+49 1095671607,,2025-11-21 23:59:00,05s9prq3xa27g5zvj3ts19tl21sfxb,Tel.
242,Richter,Nina,,interested,,,,,,,,,,DE,True,"ganz Deutschland, Schweiz",,Facharzt,"Oberarzt, Ltd. OA",Facharzt,"Radiologie, Neuroradiologie",will Neurointerventionen lernen,"Seit 1 Jahr FA und ist offen. 
Will Zusatzweiterbildung Neuroradiologie zu Ende machen und ist Ende des Jahres fertig
Ganz DE offen
SP Diagn. Neurodiagnostik, Onko und Prostata",nina.richter@web.de,+49 1396810729,,2025-07-30 23:59:00,0sj8g4up4j0kao63yk582q7utjnxpe,Tel.
246,Krüger,Clara,,interested,,vorgestellt bei Bader,,,,,,,,DE,True,"ganz Deutschland, Schweiz",,Chefarzt,"Chefarzt, Gesellschafter",Facharzt,"Radiologie, Neuroradiologie",will Gesellschafter,"ist CA in Leer

vorgestellt bei Bader - absage Email

Mamma hat lange gemacht
Prostata und Herz wenig 
SP MSK und Neuro
210k OK
Anfang des Jahres anfangen
Erst er ein paar Monate und dann Familie
Haben ein Haus in Meppen
Wenn dann nur Beteiligung interessant",clara.krüger@yahoo.de,+49 1304055831,,2025-08-28 23:59:00,0iv8cjhb8a22i2fo1c772if32fmzyc,Tel.
249,Wagner,Anna,,interested,,,,,,,,,,DE,True,"ganz Deutschland, Österreich, Schweiz",,Oberarzt,Ltd. OA,Facharzt,"Radiologie, Neuroradiologie",will nach CH oder D / Ltd. OA oder CA,"Tel. will erst seine Prüfung im Januar SP Neuroradiologie machen und dann weitersehen. Bitte erstmal noch nicht vorstellen bei Hellstern, bei Dr. Knecht mehr Interesse, Vereinbart dass er überlegt. 

hatte seine Approbation automatisch erhalten. will Promotion machen. Wenn Ltd. OA dann gerne bis zur Rente.
80-100%
Kann auch an eine Uni als OA und dann promotion machen. 
Macht noch keine KI in der Diagnostik
Programmiert seit 1998 als Hobby html
hat https://www.neuroradx.de/ mit 7000 Fragen selbst programmiert.
Ist Diszipliniert
Hat 2007 1 Jahr lang Gesundheitsmanagement gemacht und Interesse an wirtschaftlichen Prozessen
macht seit 2 Jahren Ausbildung von Kollegen
ist auch FA Innere und deswegen gute Zusammenarbeit mit Innere zB bei Indikationen für CT
weil verständnis aus beiden fachbereichen
hat schon MEBEKO
kann ab 01.04.2026 - 3M zum QEnde
Gerne Leitung will DR machen
Kann Thrombektomien und Stents
AVM, Durafisteln und Aneurysmen mitgemacht aber nicht selbst. Kann gerne lernen. Interessant für Hellstern und Knecht",anna.wagner@yahoo.de,+49 1459414900,,2025-11-05 23:59:00,2929yirpv615zutiar3h1mz5pv0515,Tel.
251,Schwarz,Julia,,interested,,,,,,,,,,DE,,"ganz Deutschland, Österreich, Schweiz",,Ltd. OA,Chefarzt,Facharzt,"Radiologie, Neuroradiologie",will CA Neuroradiologie,"Arbeitet im Krupp, hat Modul E/F",julia.schwarz@web.de,+49 1720222876,,2025-11-11 23:59:00,1xdrxcvvq80xi142eubw03yksjlhha,LinkedIn
253,Schulz,Emma,Dr.,interested,,,,,,,,,,DE,True,ganz Deutschland,,Oberarzt,"Ltd. OA, Chefarzt",Facharzt,"Radiologie, Neuroradiologie",will Ltd. OA mit interv. Neuroradiologie,"Tel. macht Anfang des Jahres SP Neuroradiologie. Will dann Ltd. OA oder CA mit Interventioneller Neuroradiologie
Hat Modul E 
Für F braucht man noch 2 Jahre",emma.schulz@yahoo.de,+49 1619722944,,2025-11-25 23:59:00,19k0vb25ev0xbenlmryl10l6z3fzlc,Tel.
259,Koch,Elena,Dr.,interested,,,,,,,,,,DE,True,"ganz Deutschland, Schweiz",,Oberarzt,"Ltd. OA, Chefarzt",Facharzt,Neuroradiologie,nur interv. Neuroradiologie,"Tel. Ist OA im Krupp bei Chapeao, hat mehr als 400 Thromektomien selbst gemacht. Will nur Interventionell in Zukunft arbeiten und das ganze Spektrum inkl. AVM, Fistel etc. machen.",elena.koch@web.de,+49 1178356880,,2025-06-22 23:59:00,2ajgfyro0s0vk70q8myf2a84mxj8c2,Tel.
260,Richter,Mila,Dr.,interested,,,,,,,,,,DE,True,"ganz Deutschland, Österreich, Schweiz",,Ltd. OA,Chefarzt,Facharzt,Neuroradiologie,will CA Neuroradiologie,"hat Modul E und F 
machen ca. 200 Thrombeltomien
30 AVM 70 Aneurysmen 20 Durafisteln, ähnlihc St- Gallen. Kennt Hellstern
Hat jetzt 250k deswegen St. Gallen nicht interessant
Umzug OK ist flexibel, 
gerne CA in DE oder entsprechende Position in CH mit 300 CHF
Leitet die Neuroradiologie in Karlsruhe seit 4 Jahren.",mila.richter@outlook.com,+49 1244672812,,2025-10-20 23:59:00,1jf21ap3st21dnscc5wf0bdf6s2uh6,Tel.
261,Koch,Lena,PD Dr.,interested,,,,,,,,,,DE,True,"ganz Deutschland, Österreich, Schweiz",,Ltd. OA,"Ltd. OA, Chefarzt",Facharzt,Neuroradiologie,FA Neuroradiologie mit E und F,"Hellstern leider abgesagt

will mehr Action. Ist seit einem Jahr in Esslingen aber es ist nicht spannend. 
Hat Modul E und F
Kann alles, mit etwas einarbeitung. 
war mehr als 20 Jahre an der Uni.  jahre als Ltd. OA in Uni Gießen
1 Jahr OA in Salzburg
hat SP Neuroradiologie und hat nur das gemacht. 
will je mehr desto besser arbeiten. 

Wichtig sind Motivation und Klima. FA seit 2014. 
Hat die Österreichische Zulassung und alle Papiere für CH aber noch keine MEBEKO.",lena.koch@outlook.com,+49 1452801055,,2026-01-05 23:59:00,1gyndu1ndr1h75vo6y2x2hsl1nyi6x,Email
28,Krüger,Maria,Dr,interested,,,,,,,,,,DE,True,"ganz Deutschland, Österreich, Schweiz",,Ltd. OA,"Ltd. OA, Chefarzt, Standortleiter",Facharzt,Orthopädie & UCH,will CA,"Prien wurde abgelehnt weit keine spez ortho chirurgie. Macht diese aber schon 2026

macht Dienste in der UCH + Endoprothetik
Kann eine minimal-invasive Methode  AMIS von Fa Medacta. Macht das seit 4 Jahren. Pat kommen von Weit. 
War als AA bei der Gründung des Endo-Zentrums in Wesel dabei. Hat damals 10-12 Dienste gemacht und das Team war am Ende 1-5OA-8AA. Er selbst und ein weitere AA sind dann auch OA geworden. 
Haben in Wesel 3 Hüften und 1 Knie pro Tag gemacht. 
Ist jung und kommunikativ
Ist dann nach Bochum. Bekannt für Revisionen. Dort sehr viel Revisionsendoprothetik (10-12 Stunden OPs + BG).
Für Spez. orthopädische Chirurgie noch 14  MOnate weil man nicht parallel machen darf. 
Man kann aber auch schon arbeiten wenn man im Team jemadnen damit hat .
Hat im Dez 3 Wochen freu wg Überstunden
3M Frist aber nach Abspreche auch früher.
aktuell 160-180, will entsprechend mehr. 
Flache hierarchien. Kommunikation. Aufbau.
Keine Familie, Umzug OK",maria.krüger@yahoo.de,+49 1929847016,,2025-12-23 23:59:00,21gn1ys5b41jth43zoi50qv70lynp1,Email
29,Müller,Paula,Prof. Dr. Dr.,interested,,,,,,,,,,DE,,"ganz Deutschland, Österreich, Schweiz",,Chefarzt,Chefarzt,Facharzt,Orthopädie & UCH,CA Orthopädie und UCH,"eine der größten Kliniken. Haben 8 OPs 
Doppelseitige Endoprothetik und Minimalinvasive Endoprothetik. Vorstandsmitglied und International bekannt. Spezielle orthopädische Chirurgie also alles von Kopf bis Fuß.
Offen für Große Kliniken und Städte wie Zürich, München und co. 
Verdient jetzt mehr als 300k.",paula.müller@gmail.com,+49 1828195638,,2025-12-09 23:59:00,0wma8qhd8b0lidpdj6e2197obu8hxg,Tel.
367,Schmidt,Elena,Dr.,interested,,anrufen,,,,,,,,DE,True,"ganz Deutschland, Schweiz",,Ltd. OA,"Ltd. OA, Chefarzt, Standortleiter, Gesellschafter",Facharzt,Radiologie,Zürich oder Basel etwas spannendes,"Gerne Universitäre Großstadt weil Partnerin in der Forschung arbeitet (Neuro  an Tieren)
Wohnt Köln linksrheinisch
Will Schnittbild bleiben oder auch gerne kleinere Interventionen
Macht SP MSK, Herz und Prostata
40% Herz und Gefäß 40% CT onko
MRT 50% MSK und resdt kopf neuro und onkolo
Wien angeboten
6 monate zum Q-Ende
für Freundin Zürich ideal wegen Forschung",elena.schmidt@gmail.com,+49 1812109870,,2025-08-20 23:59:00,0j6iokhwo607ds4jotcr1n2jl1vhde,Tel.
383,Richter,Mara,Dr.,interested,,vor Ort Besuch,,,,,,,,DE,,ganz Deutschland,,Teilhaber / Gesellschafter / Inhaber,Gesellschafter,Facharzt,Radiologie,nur Teilhaberschaft,"Dr. Bader in Wien hat sich für Leppig entschieden. 

18.07.2025: Tel. Hat bei Uhlenbrock eine Teilhaberschaft angebten bekommen. Wie in WIen sich vorstellen. 
Ist verheiratet aber Wien sehr gerne. 
Deckt alles ab 
MSK ist Brot und Butter
Kann Herz und Prostata MRT
MR Angio auch
Teams Termin und dann nach Wien kommen

12.09.2024 - TP:
MSK, Prostata und Kardio interessieren mich. 
Das nehmen sie richtig an, dass ab April keine Dienste mehr infrage kommen

11.09.2024 - TP:
Aktuell bin ich in den Endzügen meiner Facharztausbildung an der Uniklinik Essen. Ab April nächsten Jahres bin ich auf der Suche nach einem Kassensitz/Teilhaberschaft einen Radiologischen Praxis und würde mich freuen, wenn Sie sich bei Interesse und entsprechenden Vakanzen bei mir melden würden.",mara.richter@yahoo.de,+49 1303937360,,2025-09-11 23:59:00,1fgz399ein13ngtjnblq2mb6hegz2t,Tel.
335,Weber,Sarah,,contacted,,,,,,,,,,,,,,,,Facharzt,Radiologie,,,sarah.weber@gmail.com,+49 1575909893,,48113-11-21 00:00:01,00fozrz4dg2r1508xst91fvm32hekp,
391,Becker,Elena,Dr.,interested,,,,,,,,,,DE,,"ganz Deutschland, Schweiz, NRW",,Facharzt,"Standortleiter, Gesellschafter",Facharzt,Radiologie,"offen - MSK, Prostata und Herz","TZ 80% 
Kann MSK, Prostata und Herz. 
Geis abgelehnt wegen Kinder und TZ
Eine langfristige Beteiligung an einer Praxis würde ihr sehr gefallen und auch ihr Ehemann (FA für Anästhesie) kann ich gut vorstellen in Wien eine neue berufliche Herausforderung anzutreten. Sie haben 2 schulpflichtige Kinder, sodass ein Umzug mit einer langfristigen Verlagerung des gemeinsamen Lebensmittelpunkts verbunden wäre. 

Frau Dr. Geis bringt fundierte ambulante Erfahrung mit, wobei Sie das gesamte diagnostische MRT-Spektrum inkl. Prostata und Herz abdeckt. Sie arbeitet zurzeit mit einem Pensum von 80% ,wobei man diesen Punkt in einem weiterführenden Vieraugengespräch gerne abstimmen kann. Zu beachten bleibt, dass ein Umzug zum 01.01.2026 schwierig wäre.",elena.becker@outlook.com,+49 1196042826,,2025-08-13 23:59:00,2lajz3t1bb1a8ltyfbvh1b6quh5hr9,Tel.
609,Neumann,Clara,Dr.,interested,,,,,,,,,,DE,True,"ganz Deutschland, Schweiz",,Ltd. OA,"Chefarzt, Gesellschafter",Facharzt,Radiologie,CH und DE,"ist ltd. OA beim KSBaselland 
gerne Angebote aus CH und DE",clara.neumann@web.de,+49 1525992759,,2022-02-18 23:59:00,0szgdsxuuv14wr1std260qiyoo3vm9,LinkedIn
754,Meyer,Lea,,interested,,,,,,,,,,DE,True,ganz Deutschland,,Oberarzt,"Ltd. OA, Chefarzt",Facharzt,Radiologie,ganz DE/Norddeutschland Ltd. OA oder CA in 2-3 Jahren,"Tel. Sehr angenehmes Gespräch. Hat bei der Bundeswehr gearbeitet - Vertrag endet 30.06.25. Will dann 6 Monate Urlaub machen und dann am 01.01.26 anfangen, weil dann war er insgesamt 20 Jahre bei der Bundeswehr. War in HH, Koblenz und zuletzt Berlin. Ist in Norddeutschland geboren und gerne HH. Ist erfahren in der Diagnistik mit SP MSK. Hat auch in Interventionen Erfahrung, da aber nur in Embolisationen (zB bei Blutungen). Will weiter in KH Sektor bleiben. Kein Mamma. Kein CH. Geld ist nicht so wichtig. Will Interventionelle Neuroradiologie lernen.  Hat aktuell ein Angebot von einem Maximalversorger als Ltd. OA Diagnostik + Neurointerventionen lernen. Da war er auch schon 1 Monat Hospitation. Bezahlung nach Tarif. Hat dort auch kommuniziert, dass er dann nach 2-3 Jahre CA in einem kleineren KH im ländlichen Raum werden will. Vereinbart, dass ich mich in 1 Jahr wieder melde. Solange Düren bei Ochtrop angefragt.",lea.meyer@web.de,+49 1364383497,,2025-04-07 23:59:00,2rdn972q0c0x8elrf4nm1om8y1ha9u,Tel.
763,Schmidt,Mila,PD Dr.,interested,,,,,,,,,,DE,True,ganz Deutschland,,Oberarzt,"Chefarzt, Gesellschafter",Facharzt,Radiologie,will CA / Standortleitung- Diagn. Rad. ganz DE,"Tel. am 24.03.2025
enver_tahir@yahoo.de
01522 2816492

Fliegen vor Sommerferien.
6 Monate Kündigungsfrist 
gerne Wien

Sehr freundliches Gespräch. War viele Jahre OA und am Ende Ltd. OA in Uniklinik Hamburg Eppendorf. Musste sehr viel Arbeiten aber hat dafür alle Qualifikationen und Habilitation mitgenommen: 
„Ich bin Facharzt seit 2018 (Studium im Berlin bis 2012), drei Jahre lang OA an der Uniklinik Hamburg-Eppendorf und jetzt seit einem Jahr ambulant in der radiologischen Praxis tätig. Mein Schwerpunkt ist die Schnittbildgebung (CT/MRT). Zertifiziert bin ich für MR-Prostatographie (Q2), MR/CT-Herz (beides Q3) und Lungenkrebs-Screening (Q2).“
Hätte für den Prof. noch 4 Jahre so weiterarbeiten müssen. Wollte das nicht und ist deswegen in eine Praxis gegangen als Angestellter. 
Will entweder als Partner in eine Praxis oder als CA aber nur für Diagnostische Radiologie. 
Gerne in ganz DE, wenn das Angebot stimmt. War im Studium auch im Osten: Berlin, Brandenburg, Leipzig, Dresden. Umzug ist OK. 
Gerne Erstkontakt immer per Email.",mila.schmidt@web.de,+49 1805663090,,2025-03-24 23:59:00,2f8gne49d70hu3kz1mua2jvpve17mo,Tel.
768,Schneider,Julia,Dr.,contacted,,,,,,,,,,DE,,ganz Deutschland,,Facharzt,"Oberarzt, Ltd. OA, Standortleiter, Gesellschafter",Facharzt,Radiologie,"ganz DE, TZ 32h","hat eine neue Stelle 05/2025

ist in ganz DE offen.
will TZ 32h und 150k
180k bei Vollzeit
muss nicht Leitung. 
ab 01.08.25
Herz/Prostata kann gerne muss aber nicht sein
Prio ist TZ und Geld",julia.schneider@gmail.com,+49 1896013217,,2025-05-26 23:59:00,0al1hqk0cf0zl2c3xcse2ng0syzmi8,Tel.
769,Hoffmann,Maria,,interested,,,,,,,,,,DE,True,ganz Deutschland,,Assistenzarzt,Assistenzarzt,Assistenzarzt,Radiologie,AA mit Berufserlaubnis,,maria.hoffmann@outlook.com,+49 1739062392,,2025-05-29 23:59:00,1yio1bc7tq08fe7csbes231omnn84q,LinkedIn
771,Meyer,Maria,,interested,,,,,,,,,,DE,,ganz Deutschland,,"MTRA / MFA / sonstige, Freelancer",,MTRA,Radiologie,Freelancer,"keine Rückmeldung erhalten

3 Monate 
Leitung MTRA 
mit Management  
MRT wenig nur Minijob
CT und Röntgen, und Kardio und Nuklearmedizin Diagnostik und Therapie 
lebt in Bonn Umzug OK",maria.meyer@gmail.com,+49 1162146446,,2025-08-14 23:59:00,0d1us589om2n58hl4oe908vgjmx2n6,Email
774,Klein,Elena,,interested,,,,,,,,,,DE,True,"ganz Deutschland, Schweiz",,Oberarzt,"Oberarzt, Ltd. OA, Standortleiter",Facharzt,Radiologie,offen,"Strahleninstitut angeboten

Ehemann ist OA für Gynäkologie
Wenn dann als Familie umziehen. will CV senden. hat Q2 Lunge und Q1 MSK.
1M vor Q-Ende K-Frist",elena.klein@yahoo.de,+49 1767957171,,2025-07-03 23:59:00,22bb56ffnf2eoaj8uqfw20vuvqel9j,Email
792,Müller,Emma,Dr.,interested,,,,,,,,,,DE,,"ganz Deutschland, Österreich, Schweiz",,Standortleiter,"Chefarzt, Standortleiter, Gesellschafter",Facharzt,Radiologie,ist ÄL Wien will Beteiligung,"kann alles außer Herz
will Beteiligung, aber nicht nur ein paar Prozent
Bader abgelehnt",emma.müller@outlook.com,+49 1757923694,,2025-09-03 23:59:00,2ix7bcjxxf0nzt9ntusg1m6odznszf,Tel.
798,Wolf,Nina,,interested,,bei Segali vorgestellt,,,,,,,,DE,True,"ganz Deutschland, Schweiz",,Facharzt,"Facharzt, Oberarzt, Standortleiter, Gesellschafter",Facharzt,Radiologie,offen für alles,"Bei Segali vorgestellt und RoMed vorgeestellt.
Segali kennt ihm von einem anderen Dienstleister. Bei Mergen hatte er sich selbst beworben. 

bader hat ihn abgelehnt weil wenig erfahrung. 

Kein prostata und kein Herz
MSK sehr gut 
Will sich langristig niederlassen
Leben in Braunschweig
Asap am September
Erst selbst und danach die Familie
Kennt siemens MRT und Phillips 
Alles kann 
Kontakt per Email vorab",nina.wolf@outlook.com,+49 1335742868,,2025-08-25 23:59:00,0i3bg22x7v0qf03fypvk26q6hy4fkn,Email
800,Hartmann,Johanna,,interested,,vorgestellt bei Segali,,,,,,,,DE,True,ganz Deutschland,,Oberarzt,"Facharzt, Oberarzt",Facharzt,Radiologie,junger FA Rad,"Tel. spricht russich. In der Schweit kann er seinen FA nicht anerkennen, weil er Rus Pass hat. Deswegen zurück nach Deutschland
Kann MSK, Prostata und Mamma. Gerne Süddeutschland oder Ostdeutschland. Kein NRW und auch kein Norddeutschland. Gesagt dass er mit ab 135 und mit seinen SP mit 140k rechnen kann. 

Fachlich bringt der Kollege Erfahrung in der Schnittbilddiagnostik (MSK), sowie in den Bereichen Prostata und Mammographie mit. Über eine vielseitige Tätigkeit, bei der er seine Erfahrung vertiefen kann und auch Neues kennenlernen könnte, würde er sich freuen. In unserem Gespräch hat er einen sehr offenen und motivierten Eindruck hinterlassen, wobei wir uns fließend auf Deutsch unterhalten konnten.

Über eine kurze Rückmeldung würde ich mich sehr freuen. 

Vielen Dank im Voraus und weiterhin einen guten Start in die neue Woche!",johanna.hartmann@outlook.com,+49 1211454005,,2025-08-11 23:59:00,21eg9hhk4u1ew7euo3r91hs0nw62g9,Tel.
801,Meyer,Sarah,Dr.,interested,,,,,,,,,,DE,True,"ganz Deutschland, Schweiz",,Facharzt,"Ltd. OA, Standortleiter, Gesellschafter",Facharzt,Radiologie,will Leitung ab 190k DE /CH,"Hat schon gekündigt
verdiente knapp unter 190k p.a.
Hat Angebot 197k 
200k süddeutschland
Ostdeutschland  240k im klinischen mit ambulant
deutschlandweit umzug ok, aber immobilie in Dortmund.


Geburtsdatum: 
1. Oktober 1971

Staatsangehörigkeit: deutsch

Adresse:
Bodieckstraße102, 44289 Dortmund
Telefonnr.: 
0151 288 213 40

E-mail: dr.ismailince@yahoo.com

Familienstand: verheiratet, 1 Kind; meine Frau Karola ist Ingenieurin. 

1. August bis 31. Oktober 2009 Assistenzarzt an der Wiener Universitätsklinik für Psychiatrie und Psychotherapie

23. Nov. 2009 bis 15. Feb. 2010 Assistenzarzt an der Universitätsklinik für Herz, Thorax- und Gefäßchirurgische
Anästhesie und Intensivmedizin in Wien

ca.18 Monate Assistenzarzt in der Innere Medizin in Deutschland

02 / 2012 – 06 /2018 Assistenzarzt in der Radiologie

01.04.2022 bis 30.03.2023 Leitender Oberarzt im Klinikum Stadt Soest

Seit April 2024 angestellt in einerMVZinDortmund",sarah.meyer@gmail.com,+49 1313216279,,2025-08-19 23:59:00,07dlhvwi521bg8rlb8zt1phkk3r7m2,Tel.
804,Hoffmann,Paula,Dr.,interested,,,,,,,,,,DE,True,"ganz Deutschland, Schweiz",,Facharzt,"Oberarzt, Gesellschafter",Facharzt,Radiologie,Karlsruhe und Umgebung,"Umkreis von 50 bis max. 70km vom 76275 Ettlingen. Am Montag habe ich meine FA Prüfung und werde mich danach in meiner Gegend in ein paar Praxen bewerben. Es gibt tatsächlich ein paar freie Stellen, wo auch die Inhaber in 2-3 Jahren in Rente gehen, mit guten Aufstiegsmöglichkeiten als Inhaber.

von Bader abgelehnt
Frau ist auch Radiologin
Umzug nach Wien ist in Ordnung
November dann FA Prüfung
Rotiniert knie schulter osg MRT
Nicht so rotiniert aber weit über 100 Ellenbogen, posttraumatische schwieriger
Hand nur 20 Std. nicht so viel 

Prostata MRT 100 haben Anbindung an Uro MVZ
Schicken Biopsie ergebnisse und haben gute Treffquote

Cardio CT 1 pro Woche 
Cardio MRT 4 pro Woche - 100 Stück.

Mamma MRT macht der Chef weil nur privatpatienten

Weiterbildungsfähig und willig 

Hat 2 Jahre Orthopädie gemacht - Sportmedizin und Endoprothetik Arcus Kliniken

Er kann sich noch frei forman und er ist biegsam 
Großes interesse am dem Spektrum

Macht man Strukturierte Befundung oder frei diktiert?
Bei freihand geht es schneller

Stress-MR auch mit einem Kardiologen zusammen. Jedes 4-5 Herz ist ein Stress Herz und erfahrung bei der Befundung. Alle 2-3 Wochen ein Befund.

1 Monat Kündigungsfrist 

Frau
Herz MRT 

Beide haben Ihre Weiterbildung in DE gemacht 

Ist pragmatisch und bodenständig
Wäre sehr schön und möchte sich beteiligen",paula.hoffmann@web.de,+49 1367841997,,2025-10-31 23:59:00,1gjhxingdx05gi8c0frg0uu7ia9rgo,Email
808,Klein,Isabella,Dr.,in Interview,,vorgestellt bei Mergen,,,,,,,,DE,,"ganz Deutschland, Österreich, Schweiz",,Chefarzt,"Facharzt, Standortleiter, Gesellschafter",Facharzt,Radiologie,für alles offen,"kann auch zum 01.01.2026 oder nV.
aktuell noch Inhaber https://radiologie-dresden-gorbitz.de/ will aber Anteile verkaufen. RoMed angeboten. 
Ist seit 15 Jahren in der Niederlassung
Ist auch Neuroradiologe 
Macht auch viel MSK und Neuro auch Prostata
Weniger Mamma-MR (hat sich rausgehalten) obwohl er Mamma grundsätzlich macht
Auch keine Herz-Diagnostik 
In Wolkenstein in Südtirol in Fortbildung für MSK
Schmerztherapie einer der SP
dazu Klinik in Prien erwähnt. Will es sich mit seiner Frau überlegen
Frau ist Musikerin, Wien wäre perfekt aber schon vertrag unterschrieben. 
60-80 Stunden",isabella.klein@outlook.com,+49 1773850035,,2025-11-05 23:59:00,1pk21h4p8o1dmk61zq310ihg5i0vqy,Tel.
811,Richter,Lena,Dr.,interested,,,,,,,,,,DE,True,"ganz Deutschland, Österreich",,Assistenzarzt,Assistenzarzt,Assistenzarzt,Radiologie,AA Radiologie,"01/2026 2 Wbj fertig. 
Kann Sono und Rö und hat Strahlenschutzkurs 
kein CT und kein MRT
ganz DE verfügbar.",lena.richter@web.de,+49 1968020578,,2025-10-06 23:59:00,291hf85oid2pcoqqdnbd1pj80rv4u8,Tel.
92,Bauer,Mila,,interested,,vorgestellt bei Mergen,,,,,,,,DE,,ganz Deutschland,,Assistenzarzt,Assistenzarzt,Assistenzarzt,Strahlentherapie,AÄ Strahlentherapie,"Mergen abgelehnt

AÄ Strahlentherapie aus der Türkei. Bei Mergen vorgestellt.",mila.bauer@outlook.com,+49 1707318337,,2025-10-06 23:59:00,25nf5973ye08c5umo0hp2cf4hsluxw,Email
93,Becker,Elena,Dr.,in Interview,,vorgestellt bei Mergen,,,,,,,,DE,True,ganz Deutschland,,Oberarzt,"Oberarzt, Ltd. OA, Standortleiter",Facharzt,Strahlentherapie,FA Strahlentherapie,"Lin RoMed angeboten
es kommt ein neuer CA und das wird für Unruhe sorgen. Frau hat den Job verloren (Wirtschaftsingenieurin) und wenn nicht jetzt wann dann. 
Will gerne weiterentwicklung. Hat jetzt 217k. Departmentleitung interessant. Hat erfahrung Steriotaxie und 5 Jahre CyberKnife, betreuung des Onko Zentrums und junge Kolleginnen und Kollegen. Gerne Süddeutschland weil auch Familie da Urlaub macht.",elena.becker@yahoo.de,+49 1046601741,,2025-12-08 23:59:00,2a1hl7ve522lua2ux9ob0wltua8tap,Tel.
102,Krüger,Klara,Dr.,interested,,,,,,,,,,bayern,False,Bayern,,Ltd. OA,"Ltd. OA, Chefarzt, Standortleiter","Facharzt, Doppelfacharzt","Radiologie, Nuklearmedizin",will PET/CT,"03.04. Tele-Nuk: Wie wird das PET abgerechnet? Privat, GKV,ASV. Wie viele Stunden hat man sicher? Dann würde er auch reduzieren. könnte 5-8h pro Woche. 
gesagt dass 70€ pro Befund bei 30 Min. pro Befund. 


07.03.2024 - TP:
Tel und bei Mergen vorgestellt. 
will PET/CT haben
Hat man eine Therapiestation?
Umzug nach Rosenheim ok
in München studiert
langfristige Tätigkeit
wissenschaftliches Arbeiten vllt Habil. muss aber nicht
Studenten betreuen auch jetzt schon
Frau arbeitet in München
Start nach Vereinbarung ca. ab Herbst
Schilddrüsen eher weniger
€ gerne 190.000€ p.a. Wunsch",klara.krüger@gmail.com,+49 1291322864,,2025-04-03 23:59:00,05478eypfy1mlm2tpl8q2es5xeu6x3,Tel.
488,Zimmermann,Johanna,,interested,,,,,,,,,,hamburg,,Hamburg,,,,Facharzt,Radiologie,Remote oder Hamburg,"Ich danke Ihnen herzlich für Ihre Nachricht. Leider bin ich momentan trotz meiner Remote -Anstellung aufgrund einer Nebentätigkeit in einem startup an Hamburg und die näherste Umgebung gebunden . Falls Sie aber ähnliche Angebote in genannter Gegend im Portfolio hätten , wäre ich auch zukünftig interessiert .",johanna.zimmermann@outlook.com,+49 1131606048,,2024-09-19 23:59:00,1jhwoo6gp30y6ojfyk012h1ioucs34,LinkedIn
544,Krüger,Johanna,Dr.,interested,,,,,,,,,,bayern,False,Bayern,,Oberarzt,"Oberarzt, Ltd. OA, Standortleiter",Facharzt,Radiologie,München und Umgebung,"23.09.2024 - TP:
kommt selbst aus Bonn, wohnen in Süd München.
Will wechseln weil Uniklinik Ellenbogenmentalität
Frau ist auch AA Gyn.
SP MSK kann aber auch Onkologische. TU ist onko Lastig
will vllt auch Doppel FA mit Strahlen
wichtig Kollegen und Atmosphäre
gesagt dass das Gehalt 160-220k ist bei 48h Woche
haben 4 Kinder, will langfristig",johanna.krüger@web.de,+49 1879232248,,2025-05-01 23:59:00,16qe8x949818u3o2qfok0plapnibzo,Email
685,Zimmermann,Lisa,Dr.,interested,,,,,,,,,,hamburg,False,Hamburg,,Facharzt,"Ltd. OA, Chefarzt, Standortleiter",Facharzt,Radiologie,will in HH,"Tel. 12.03.2025: Lübeck kommt leider nicht infrage, weil aktuell 2 Kinder und Ehefrau arbeitet auch Vollzeit. Deswegen pendeln zu weit. Gerne in Kontakt bleiben und ansprechen wenn ich etwas in HH habe. 

bis August in Elternzeit. Tel. am 26.02.2025

Lebensmittelpunkt mit Familie in HH, hat aktuell nur 15 Min mit Fahrrad zur arbeit. 
Kennt auch Dr. Dyzmann.
Painpoint ist Gehalt. Kommuniziert dass er ca. 220k verdienen würde. Das wäre für ihn ein Argument. 
Dagegen spricht das Pendeln und dass er eigentlich alles an Interventioneller Neuroradiologie aktuell macht und in Lübeck weniger machen würde. 
Muss es sich nochmal mit der Familie überlegen. 

alt: ist noch ein junger FA seit 03/2020  - will noch nicht wechseln",lisa.zimmermann@web.de,+49 1103621124,,2025-02-26 23:59:00,25jm95c5is26rwf155cc1mfm81ue1n,Tel.
761,Weber,Lisa,Dr.,interested,,,,,,,,,,hamburg,False,Hamburg,,"Facharzt, Ltd. OA","Ltd. OA, Chefarzt, Standortleiter, Gesellschafter",Facharzt,Radiologie,HH und Umgebung,"12.03.2025: Tel. Wollen mit Frau doch in Oldenburg bleiben und Beteiligung machen. Sind so verblieben, dass wir vielleicht ihn als AG unterstützen. 

Tel. Ist mit seiner Frau seit 5 Monaten in Oldenburg. Hat da die Option auf Teilhabe Ende des Jahres. Macht mit einem Kollegen aktuell 24/7 Thrombektomien. Welcher Pain Point konnte ich nicht rausfinden. 
Kommen aus HH. Ich denke, sie wollen zurück nach HH. Kann dort auch auf seine alte Position als Ltd. OA zurück. Hat zuletzt auch ca. 230-240 verdient. Hat Thrombektomien, Carotisstents und aber auch PVK, Aortenprothesen gemacht.",lisa.weber@web.de,+49 1706562734,,2025-03-12 23:59:00,2i3jn5rkc41x1ba26pns2qo4rclf3t,Tel.
122,Wagner,Emma,Dr.,interested,,,,,,,,,,dresden,False,,,,,Doppelfacharzt,"Radiologie, Nuklearmedizin",Dresden,"04.04. zu Tele-Nuk: Hat Interesse aber ihm ist die Zeit mit seiner Familie wichtig, deswegen würde es machen aber wahrscheinlich zu einem teureren Preis. 
Man hat sowas auch mal in Bern machen wollen. 
Für einen Befund braucht man zwischen 10 Min und 3 Std. 

Wichtig für die Geschwindigkeit ist, wie schnell die Internetverbindung ist und wie man an die Bilder kommt. Werden die Bilder auf dem Server des Arbeitgebers aufbereitet und dann nur aufschalten oder muss man sie runterladen. Dann braucht man eine gute Verbindung und einen guten Rechner, damit es schnell geht, weil bis zu 5 GB Größe. 
Man könnte auch fragen, ob die Ärzte an ihren Arbeitsplätzen in der Klinik für uns befunden könnten und dann mit den Kliniken einen Vertrag abschließen. 
Bildschirme müssen keine Rontgenanforderung haben. Es müssen CT-Monitore sein, die niedrigere Anforderungen haben als bei Rontgenanforderung. 
Man könnte die Daten verschlüsselt auf einem Server liegen haben oder ggf Dropbox. Auch ein online PACS wie bei Praxen ist möglich, dass man ein QR Code oder Link bekommt. 
Rosenheim nutzt Gemed-PACS, gibt es dort ein online Portal? Man könnte eine Serverbasierte Lösung in Rosenheim aufbauen und dann expandieren. Es gibt PETs die auch überlastet sind. So könnte man einen Pool aufbauen. Er würde auch gerne 250€ pro Std. haben.  

22.11.2022 - TP: Tel. aktuell leider muss wegen Familie in Dresden bleiben. Gerne in Kontakt bleiben und vielleicht später irgendwo im Umland umsehen. 


hat die passende Position für sich! 3000€ Bonus! nur Dresden",emma.wagner@gmail.com,+49 1014947008,,2025-04-04 23:59:00,20m6iltzwa2qtay5m9o1013yl02xaw,Tel.
123,Klein,Isabella,Dr.,contacted,,,,,,,,,,nordrhein-westfalen,,,,,,Doppelfacharzt,"Radiologie, Nuklearmedizin",Nord NRW - SP Nuklearmedizin,"06.03.2023 - TP:
Guten Tag Frau Boss,

ich danke Ihnen für ihre Nachricht.
Uninteressant ist die Position nicht, aber für mein persönliches Profil und Situation zumindest derzeit nicht „das Richtige“.
Unter anderem liegt mein diagnostischere Schwerpunkt eher auf der Nuklearmedizin.

Für weitere Anfragen Ihrerseits bei regionalen Angeboten z.B. nördliches NRW etc. freue ich mich aber durchaus .",isabella.klein@web.de,+49 1348435975,,48113-11-21 00:00:01,0cygwd5muw0uu4tqltde2gtkx3fvde,
126,Richter,Klara,Dr.,interested,,,,,,,,,,berlin,,,,,,Doppelfacharzt,"Radiologie, Nuklearmedizin",nur Berlin und Umgebung (dort WHG gekauft),30.05.2023: nur Berlin und Umgebung (dort WHG gekauft),klara.richter@outlook.com,+49 1131741088,,48113-11-21 00:00:01,1xso5gffmx1nsnob8ow90gmil7sct3,
128,Hartmann,Paula,Dr.,contacted,,,,,,,,,,münchen,,,,,,Doppelfacharzt,"Radiologie, Nuklearmedizin",bei Conradia München,,paula.hartmann@yahoo.de,+49 1728272179,,48113-11-21 00:00:01,0xuj6qinvg1ld6fm23u10edm5f8wd9,
129,Schneider,Sophie,,contacted,,,,,,,,,,berlin,,,,,,Doppelfacharzt,"Radiologie, Nuklearmedizin",gründet seine eigene Praxis in Berlin,gründet seine eigene Praxis in Berlin,sophie.schneider@outlook.com,+49 1087597991,,48113-11-21 00:00:01,2ez6dcrvby0kc2lthovo00xscgs0mm,
136,Wagner,Isabella,Dr.,interested,,vorgestellt bei Mergen,,,,,,,,nordrhein-westfalen,,NRW,,Standortleiter,Gesellschafter,Doppelfacharzt,"Radiologie, Nuklearmedizin",nur Gesellschafter,"Tele-Nuk Projekt vorgestellt

Kontakt über Mina Shahnaziyan. Er und Dr. Kohnen haben als GF gekündigt. Auch Mina hat gekündigt. Hat großes Interesse an Tele Nuk ca. 15h prp Woche
War in Essen Uni dort NUk und viel PET/CT gemacht. Dann in Praxis und FA für Rad gemacht. 
Will nur als Gesellschafter irgendwo arbeiten. Ist seit 2 Jahren GF bei RH TD für 8 Standorte. Hat Nuk ohne PET aufgebaut. Kennt sich mit KV Sehr gut aus. Kennt sich in Hybridbilder CT MRT aus. Kann FTG und PSMA, Tele Nuk als Nebenjob.",isabella.wagner@gmail.com,+49 1827337741,,2025-10-06 23:59:00,1obcmgafxi0eoz87nga102sa3ob2zh,Email
153,Hoffmann,Laura,,interested,,,,,,,,,,CH,False,Schweiz,,Oberarzt,"Oberarzt, Ltd. OA, Chefarzt, Standortleiter",Facharzt,Nuklearmedizin,interesse an Tele-Nuk,"Hat großes Interesse. Hat einen 50% Anstellungsvertrag an der RWTH Aachen im HomeOffice. Hat einen eigenen Monitor und der PC ist von der Uni Aachen. 
Macht aktuell Di und Do je 12 PET/CT Befunde. Je nach Schwierigkeit ca. 30min bis 2h wenn mit Rückfragen. Das gesamte Spektrum an PET/CT. Könnte zB Montag 8h. Lebt mit Ehemann in Schweiz.",laura.hoffmann@gmail.com,+49 1275542476,,2025-03-31 23:59:00,1diegvfvyb0bqbc6tjle1yqsvgglsy,Tel.
162,Müller,Julia,Dr.,interested,,,,,,,,,,"bochum, nordrhein-westfalen",False,NRW,,Standortleiter,"Oberarzt, Ltd. OA, Standortleiter, Gesellschafter",Facharzt,"Radiologie, Kinderradiologie",FA Rad und Kinderradiologie - Bochum und Umgebung,"Nur Bochum und Umgebung. Hat 3 Kinder. War bei Uhlenbrock. Ist Standortleiter von einem kleinen Standort Mrt,ct, rö. Hat die Zusatzbezeichnung Kinderradiologie. Q1 MSK, kann Prostata und Herz CT. Kein Herz MR kein Mamma. 
Datteln, Evidia, Uhlenbrock, Rh DT interessant wenn Verträge iteressant sind. Gerne Leitung oder Teilleitung. Gerne per Lin schreiben.",julia.müller@gmail.com,+49 1540758439,,2025-12-09 23:59:00,2f6hfo9u1e2l7queg3ld0bw9gbhi2o,Tel.
168,Koch,Maria,Dr.,interested,,,,,,,,,,berlin,,,,,,Facharzt,"Radiologie, Neuroradiologie",Berlin und Umgebung,,maria.koch@gmail.com,+49 1200344830,,48113-11-21 00:00:01,0dwkux4scp1rzvsfralz0mddaxk4in,
179,Koch,Maria,,contacted,,,,,,,,,,osten,,,,,,Facharzt,"Radiologie, Neuroradiologie",nur Klinik und Interventionell- umzugsbereit außer Osten,"01.12.2023 - TP: nur Klinik und Interventionell- umzugsbereit außer Osten


aktuell 11/2020 kein Interesse",maria.koch@outlook.com,+49 1681207063,,48113-11-21 00:00:01,22fdodxy4j0yhz5eb3jn0bjxsj73p7,
181,Klein,Lena,Dr.,contacted,,,,,,,,,,DE,,,,Ltd. OA,"Ltd. OA, Chefarzt, Standortleiter",Facharzt,"Radiologie, Neuroradiologie","Für ganz DE Leitung offen mit Home Office am liebsten - min 4 Tage Woche, MSK, Kinder, Neuro.","26.01.2023 - TP:
FA Radiologie Kinder und Neuroradiologie

10 Jahre leitender OA

aktuell Bundeswehr

Managementkurse besucht

war in Fulda

tumorkontrolle tumornachkontrolle universitärer qualitätsansproch und längerer messzeit - da muss man qualität sätzen

es kommt auf das konzept an - vorsprge oder nachsorge

wie ist die Firmenphilosofie

sehr ehrlich , es kommt drauf an was man will

Öffungszeiten, weil wenn dann pendeln?? Montag spät und Freitag früh

wann ist der Kollege immer da? fix oder variabel? Freitag frei? vielleicht? Home Office? Hat auch Glasfaser - wie lässt sich das koordinieren?

Dr. med. Stefan Bernhard Müller ist das der Vater von aktuellen Dr. Müller - Change Management

Leitungen wie sie aktuell noch stehen auch weiter so definiert bleiben?

Urlaub- und Fortbildungen? wg, Kinderradologie und Neuroradiologie

gerne was noch möglich Gehaltlich für so ein Profil

schickt Lebenslauf



gerne auch sonst in Deutschland mit work life balance - freier tag und home offen

vielleich nur teleradiologie

vielleicht schickes Büro mit Wohnung und Wohnanteil??",lena.klein@gmail.com,+49 1042114683,,48113-11-21 00:00:01,1vjiawd6gn2ng6i37tx82ifelgd05t,
183,Krüger,Lisa,Dr.,contacted,,,,,,,,,,düsseldorf,,,,Chefarzt,"Chefarzt, Standortleiter, Gesellschafter",Facharzt,"Radiologie, Neuroradiologie",CA in Düsseldorf,am St. Vinzenz-Krankenhaus,lisa.krüger@outlook.com,+49 1617135339,,2025-11-10 23:59:00,0u07wcau7722qt4wwdvj2ahtiqgcrg,
198,Krüger,Anna,Dr.,interested,,,,,,,,,,"berlin, hamburg",,,,Ltd. OA,"Ltd. OA, Chefarzt, Standortleiter",Facharzt,"Radiologie, Neuroradiologie",ist bei Conradia HH - offen für HH oder Berlin,"15.10.2024 - TP:
FA Radiologie und Neuroradiologie. 56 J alt. Arbeitet in Elmshorn. 
Keine Interventionen. 
Kennt schon Viseorad",anna.krüger@outlook.com,+49 1519985289,,48113-11-21 00:00:01,0u79n4761d00abpjlij31t3hi2fkvx,
203,Krüger,Anna,Dr.,interested,,,,,,,,,,"köln, nordrhein-westfalen",,NRW,,Oberarzt,"Ltd. OA, Chefarzt, Standortleiter",Facharzt,"Radiologie, Neuroradiologie",Köln und Umgebung Q3 Herz Q2 Prostata,"hat Q3 Herz
Q2 Prostata 
MSK
optimal 80% aber wäre auch Vollzeit wenn nah dran
Kennt Med360, will aber nicht. Engelskirchen ist zu weit.",anna.krüger@outlook.com,+49 1978695118,,2025-08-15 23:59:00,1psnqatm5y070oxjdl2718kq1h0qk2,Tel.
207,Richter,Sophie,Dr.,contacted,,,,,,,,,,oldenburg,,,,Chefarzt,Chefarzt,Facharzt,"Radiologie, Neuroradiologie",ist CA in Oldenburg,"24.04.2025: ist CA in Oldenburg

will ltd OA oder Chef - nur mit Interventionen",sophie.richter@gmail.com,+49 1073808898,,48113-11-21 00:00:01,1u8cef61nm0669ov0jfy0tpd9euv6w,
214,Wagner,Lea,Dr.,interested,,,,,,,,,,nordrhein-westfalen,True,NRW,,Ltd. OA,"Ltd. OA, Chefarzt, Standortleiter",Facharzt,"Radiologie, Neuroradiologie",Nur klinisch und am Rhein,"Keine Rückmeldung mehr erhalten für Ochtrop.

Nochmal ansprechen wegen des Gehaltes.

Nochmal Tel. Lüdenscheid nicht, weil zu weit weg. Will jetzt doch keine Dienste mehr und auch keine Interventionen. Eltern Leben im Ruhrgebiet. Leverkusen vorgestellt als Leitung ambulante Versorgung. Hat nur einen Mann und einen  Hund.

Arbeitet aktuell bei einem kirchlichen Träger, wo eigene Gesetze gelten. Das gefällt ihr nicht. Macht aktuell Diagnostik und möchte wieder Interventionen machen. Gerne nur Notfall Interventionen (Thrombektomien). Kein AVM etc. 
Hat 6M zum QEnde Kündigungsfrist. Hat viel Führungserfahrung. Umzug OK, weil nur Ehemann und Hund. Arbeitet auch in der Ärztekammer NRW.
Kein Mamma, MSK nicht Favorit aber auch gerne. Hat Zertifikate in Herz und Prostata Diagnostik. Will 230k Gehalt wenn sie wechseln soll.  
Vorheschagen Lüdenscheid und Leverkusen. Schick mir ihren CV.",lea.wagner@web.de,+49 1711343540,,2025-07-25 23:59:00,2ieon3lmo119rbzpcbiy1evo1623ev,Tel.
215,Klein,Maria,Dr.,interested,,Email mit Nachfrage gesendet,,,,,,,,lübeck,True,,,Chefarzt,"Ltd. OA, Chefarzt",Facharzt,"Radiologie, Neuroradiologie",ggf. Lübeck. Ist CA,"Tel. am 03.03.2025

Er hat in Lübeck studiert. Hatte sich auf diese Stelle schon vor ein paar Jahren selbst beworben. Damals aber nur Angebot 170k bekommen. Deswegen weiter in Meppen geblieben.
Möchte an die Ostsee und gerne wieder nach Lübeck, 240k sind ok. 

Kann interventionell alles und muss auch nicht mehr elektiv interventionelle alles machen, also ist das Spektrum dort für ihn ok. Dienste sind ok. Rufbereitschaften sind nur für Interventionen. Diagnostik wird Teleradiologisch abgedeckt. Macht auch gerne einfach Diagnostik.",maria.klein@gmail.com,+49 1115132005,,2025-04-15 23:59:00,10h78i4o3s1mkrsvar0d0gl0ztwrpa,Email
250,Wagner,Emma,Dr.,in Interview,,vorgestellt bei Segali,,,,,,,,"köln, nordrhein-westfalen",,NRW,,Oberarzt,"Oberarzt, Ltd. OA, Standortleiter",Facharzt,"Radiologie, Neuroradiologie",Köln und Umgebung,"bei Segali für Engelskirchen vorgestellt

ist eigentlich Interventioneller Neuroradiologe. Familie wohnt in Köln und will dorthin zurück. Arbeitet am Chiemsee. Will keine Dienste mehr und in die Diagnostik Praxis MVZ ohne  Dienste. Kann kein MSK und nur Neuro. Vllt sucht jemand mit Neurokenntnissen. Bereit bis 1h zu pendeln. Hat noch nicht gekündigt.",emma.wagner@outlook.com,+49 1056471594,,2025-11-27 23:59:00,19zpt70o1k09di51q8wl1wvfzzyotv,Email
27,Wagner,Anna,,contacted,,,,,,,,,,nordrhein-westfalen,,NRW,,Oberarzt,"Ltd. OA, Chefarzt, Standortleiter",Facharzt,Orthopädie & UCH,"Fähigkeiten 
• D-Arzt
• EPZ- Koordinator und Hauptoperateur 
• Zusatzbezeichnung Spezielle Unfallchirurgie 
• Zusatzbezeichnung Sportmedizin
• Zusatzbezeichnung Manuell Medizin Zusatzbezeichnung Notfallmedizin Zertifiziert Knie Chirurg -DKG
• ATLS-Proveder
• Endoprothetik 
(Knie, Hüfte, Schultern)","24.10.2022 - evgeny:

Hat nach der Vorstellung nicht mehr geantwortet. Hat mehrere Male wegen unerklärlichen Gründen abgesagt. Unzuverlässiger Kandidat.
___________________________________________________
Position 
Oberarzt für Orthopädie und Unfallchirurgie, EPZ- Koordinator und Hauptoperateur

Wohnort Menden

Verfügbarkeit Kündigungsfrist ist 3 Monate 

Gehaltswunsch Ab 155.000 € /Jahr

Wunschstandort Rheinland

Motivation 
Dr. Zytoun wohnt ca. 100 km von seiner Arbeit entfernt und er ist aktiv auf der Suche nach neuen Karrieremöglichkeiten. Er hat diverse Zusatzbezeichnungen bereits erworben und ist nicht mehr auf größere Kliniken angewiesen. Dr. Zytoun hat sich bereits entschlossen von der Klinik in eine Praxisumgebung zu wechseln und führt aktuell aktiv Gespräche.

Fähigkeiten 
• D-Arzt
• EPZ- Koordinator und Hauptoperateur 
• Zusatzbezeichnung Spezielle Unfallchirurgie 
• Zusatzbezeichnung Sportmedizin
• Zusatzbezeichnung Manuell Medizin Zusatzbezeichnung Notfallmedizin Zertifiziert Knie Chirurg -DKG
• ATLS-Proveder
• Endoprothetik 
(Knie, Hüfte, Schultern)

Zusammenfassung
Dr. Zytoun arbeitet zu Zeit als EPZ- Koordinator und Hauptoperateur in Sankt-Vinzenz Hospital in Rheda-Wiedenbrück. Er ist unteranderem auch als D-Arzt tätig. Durch seine Erfahrung und diversen Weiterbildungen sieht sich Dr. Zytoun künftig in einer orthopädischen Praxis und nicht mehr in einer Klinikumgebung. Er würde gerne einen geregelten Arbeitsalltag haben wollen, ohne Dienste und Schichten absolvieren zu müssen. Dr. Zytoun möchte aber auf keinen Fall rein konservativ tätig werden, sondern es ist für Ihn sehr wichtig auch operativ tätig zu sein. Ein Hauseigenes OP-Zentrum und unteranderem die Möglichkeit zur Nutzung von Fachklinik für stationäre Eingriffe, haben ein großes Interesse bei Ihm geweckt.
Dr. Zytoun würde sich gerne vorstellen und mehr über gegeben Möglichkeiten bei MED360 erfahren wollen. Dr. Zytoun steht ab sofort für individuelle Gespräche zu Verfügung.",anna.wagner@gmail.com,+49 1637060855,,48113-11-21 00:00:01,0vz4c5037h0dx6a2hcmh2qhjw72ws0,
280,Bauer,Elena,,contacted,,,,,,,,,,"biberach, münchen, ulm",,,,,,Facharzt,Radiologie,"AA fehlt nur Mamma, München, Ulm Biberach Raum","AA fehlt nur Mamma, München, Ulm Biberach Raum",elena.bauer@yahoo.de,+49 1423950975,,48113-11-21 00:00:01,1ccneibfoj23w3m5h01l0qs8skizkj,
288,Hoffmann,Laura,,interested,,,,,,,,,,baden-württemberg,,,,Facharzt,"Facharzt, Standortleiter, Gesellschafter",Facharzt,Radiologie,Leben in BW,"21.02.2023 - TP:
Ich habe kein Interesse an einem Stellenwechsel im Raum NRW, da unsere Familie demnächst wahrscheinlich nach Baden-Württemberg umzieht.",laura.hoffmann@yahoo.de,+49 1749981744,,48113-11-21 00:00:01,1quzmdvj781qmkjjnu010nl9ac5olk,
293,Schulz,Lea,Dr.,interested,,,,,,,,,,"köln, nordrhein-westfalen, ohne",,NRW,,Facharzt,Facharzt,Facharzt,Radiologie,sucht ohne Dienste TZ Raum Köln,hat 6M Kfrist,lea.schulz@web.de,+49 1858336867,,2025-07-10 23:59:00,1iua4lkmri1pbtm3ly3v2fzb80qyvs,Email
42,Hartmann,Clara,Dr.,interested,,,,,,,,,,,,,,Ltd. OA,"Ltd. OA, Chefarzt, Standortleiter",Facharzt,Strahlentherapie,,"10.10.2024 - TP:
Herr Dr. Bagatzounis wünscht sich eine neue berufliche Aufgabe (in Anstellung) in Teilzeit oder Vollzeit, wobei er und seine Ehefrau aktuell freiberuflich tätig sind und er somit auch kurzfristig starten könnte. 

Herr Dr. Bagatzounis hat zuletzt die Brachytherapie und Stereotaxie am St. Luke’s Hospital aufgebaut, wobei die Abteilung nun weitestgehend auch ohne ihn funktioniert. Meine Ausführungen zu Ihrer Abteilung, der Arbeit mit Varian TrueBeam und insbesondere die Bildfusionen haben ihm sehr gefallen. Er möchte gerne in einem Umfeld mit modernster Medizin arbeiten und würde sich über ein erstes Kennenlernen mit Ihnen freuen.

Gleichzeitig hat er betont, dass die Flugverbindungen zwischen München und Thessaloniki sehr gut sind, sodass er sich einen Zweitwohnsitz in Rosenheim oder einem der anderen Standorte gut vorstellen kann.",clara.hartmann@yahoo.de,+49 1175400534,,48113-11-21 00:00:01,0404bp51p72akhy0tzdo1eiosp416x,
43,Hoffmann,Lisa,Dr.,contacted,,,,,,,,,,,,,,,,Facharzt,Strahlentherapie,,,lisa.hoffmann@yahoo.de,+49 1171999711,,48113-11-21 00:00:01,0kegwp5pfz06778c1hwl06ys6djuto,
296,Klein,Clara,,interested,,,,,,,,,,essen,,,,Ltd. OA,"Ltd. OA, Chefarzt, Standortleiter",Facharzt,Radiologie,nur um Essen und Ruhrgebiet,"14.03.2023 - TP:
Sehr geehrte Frau Boss,

besten Dank für Ihre eMail.

Es handelt sich hierbei sicherlich um eine attraktive Stelle.

Ich wohne in Essen und bin aktuell (1-2 Jahre) an Essen und seine direkte Umgebung gebunden. Obwohl Düsseldorf nicht so weit entfernt ist, kommt die Stelle aktuell aus organisatorischen Gründen für mich nicht in Frage.

Sie können mir aber gerne weiterhin Stellen aus dem Ruhrgebiet auf meine private eMail  senden.

Mit freundlichen Grüßen


21.02.2023 - TP:
Leiter Martinus angeboten - Email

nur um Essen

13.08.2021: Tel. Grönemeyer Bochum vorgestellt. Kennt das, kennt auch viele Kollegen und auch das Krupp gut. Will noch etwas mehr Action! Haben in Essen ein Haus gekauft! Vereinbart, dass wir in Verbindung bleiben. 
Er wohnt in Essen und hätte gerne was in der Umgebung, Düsseldorf sei ein weinig weit, aber sagte, dass wir ihm einfach Stellen zu schicken sollen und er schaut da drüber.

Das wichtigste sei für ihn der Wohnort.

Er kann alles, auch interventionell.",clara.klein@outlook.com,+49 1382053134,,48113-11-21 00:00:01,2j20mnqm2t2bwb0hfh8l0of92w4p8r,
323,Schulz,Julia,,Hot / is searching,,,,,,,,,,"hamburg, schleswig, schleswig-holstein",,,,,,Facharzt,Radiologie,"Schleswig-Holstein oder HH, fängt am 04/2023 neuen Job an","12/2025: Hat Alex bei LinkedIn kontaktiert. Interesse Leiter amb Wismar

22.02.2023 - TP:
Sehr geehrter Herr Putilin,

momentan kommt ein Umzug nicht für mich infrage, ich bin aber weiter an teleradiologischen Angeboten (ohne Nachtdienste) interessiert. Ich wechsele zum 01.04. diesen Jahres in eine Praxis nach Schleswig, da ich mich dort Gehaltstechnisch verbessere und insgesamt eine bessere Perspektive habe.

Viele Grüße,
Nils Budach

21.04.2021 - TP:
Leider kommt das Angebot nicht für mich infrage, da ich nach Stellen in Schleswig-Holstein suche.   Falls Sie Stellenangebote für Schleswig-Holstein (bzw. bei sehr gut vergüteten Angeboten ( 200.000€ p.a. auch Hamburg) oder alternativ zeitlich flexible teleradiologische Angebote haben, können Sie mich sehr gerne benachrichtigen.

teleradiologischen Angeboten aus dem Inn- und Ausland - oder Auswertung klinischer Studien (RECIST 1.1)",julia.schulz@outlook.com,+49 1406246171,,2025-12-21 23:59:00,2msrrk4d6u1bfhh7mxz70hgwayyruh,LinkedIn
334,Bauer,Isabella,,interested,,,,,,,,,,"aachen, köln",,,,,,Facharzt,Radiologie,Aachen-Köln linksrheinisch,"ist Ltd. OA in Aachen

21.02.2023 - TP:


hat OA Stelle - junger FA - nur Aachen-Köln linksrheinisch",isabella.bauer@outlook.com,+49 1195547342,,48113-11-21 00:00:01,16o98q9do90gnsnb9lli0vupg50ozx,
336,Hartmann,Anna,Dr.,contacted,,,,,,,,,,CH,,,,Ltd. OA,"Ltd. OA, Chefarzt, Standortleiter",Facharzt,Radiologie,Leitung oder CA aber mit viel  Geld - kommt aus CH und Frau Dermatologin,"04.01.2023 - TP:
Hisichtlich einer Weiterentwicklung am neuen Standort: Will sich im Sport Bereich aktivieren Arthrosgrafie und rheumatologische sachen, tumorbildgebung und weichteiltumore, knochen, MSK Radiologie in Stuttgart aufbauen

Wunschgehalt: 200k Leitung Praxis fix und später mehr bei Leitung MVZ
Vorgestellt für Leiter Stuttgart aber von Segali abgelehnt. 

Verfügbarkeit zeitlich: 6 Monate, kann vorher ab 3 Monate reduzieren auf 20%
Verfügbarkeit räumlich:

Karl olga krankenhaus hatte kontakt anfang corona Zeit

wie viele untersuchungen gibt es ?

will nach Deutschland zurück aus persönlichen Gründen, und auch damals deswegen beworben in Stuttgart

hat eine sehr hohe Konkurrenz in Bern, Zuweiserpflege ist sehr harte Arbeit und hat da viel Erfahrung

Einen Tag pro Woche zu Zuweisern gehen und Marketing machen

ist seit 2015 schon im Inselspital

Frau ist Dermatologin, kann Sie da ein Zimmer in der Nähe haben?",anna.hartmann@web.de,+49 1721400305,,48113-11-21 00:00:01,1hv2ltwccf1r53lawdey0a2xk46dk8,
352,Hoffmann,Alina,Dr.,interested,,,,,,,,,,hamburg,,,,Ltd. OA,"Ltd. OA, Chefarzt, Standortleiter",Facharzt,Radiologie,ist Standortleiter MVZ Radiologische Allianz HH,ist Standortleiter MVZ,alina.hoffmann@outlook.com,+49 1044790434,,48113-11-21 00:00:01,273h3a4t4b12e10xw3f719kqgwetab,
362,Neumann,Nina,Dr.,interested,,,,,,,,,,"berlin, potsdam",,,,Ltd. OA,"Ltd. OA, Chefarzt, Standortleiter",Facharzt,Radiologie,Berlin und Potsdam,"23.02.2023 - TP:

anbei zunächst mein nicht personalisiertes CV. Auf Anfrage sende ich gern ein Exemplar mit den persönliche Daten. 
Da ich gerade im Januar den AG gewechselt haben, bitte ich um äußerste Diskretion. Offiziell bin ich auch nicht „open to work“ und sicher kein „job hopper“. Grund für  den vergangenen Wechsel war, dass ich in der Start up Szene einfach die Routineradiologie vermisst habe. Außerdem sollte ich erwähnen, dass ich mich mit Titeln wie ltd. Oberärztin oder gar Chefärztin nicht besonders wohl fühle. Falls Sie fragen, wie lange ich beabsichtige noch zu arbeiten, antworte ich proaktiv: solange wie möglich.

Weitere Kommunikation bitte gern per Mail. 

ja, nur Berlin und Potsdam",nina.neumann@yahoo.de,+49 1353156227,,48113-11-21 00:00:01,2oclaqbrtp06cz5cayma24lzgvfojk,
374,Becker,Emma,Dr.,interested,,,,,,,,,,"darmstadt, heidelberg, heilbronn, karlsruhe, stuttgart",,,,,,Facharzt,Radiologie,"Heidelberg - Karlsruhe, Heilbronn, Darmstadt - kein Stuttgart oder Frankfurt","22.02.2023 - TP:

06.11.2020 - Stuttgart angeboten
13.11.2020 - Telefoniert. Hat auch schon in einer Privatpraxis gearbeitet. Kommuniziert dass wahrscheinlich ab 120k ohne Dienste p.a. Mag auch MRT sehr. Will CV senden. 
17.11.2020: Nachfragenachricht gesendet Lin
19.11.2020: Nochmal Gehalt von med360 gesendet
19.11.2020: Will jetzt doch CV senden. 
24.11.2020: Stuttgart abgelehnt - zu weit 
26.11.2020: im Raum Heidelberg - Karlsruhe, Heilbronn, Darmstadt - kein Stuttgart oder Frankfurt

An neuen beruflichen Herausforderungen bin ich prinzipiell immer interessiert. Gerne dürfen Sie mich über regionale Angebote auch außerhalb der ärztlich-klinischen Tätigkeit informieren.
Mammographie ist nicht meine erste Wahl. Falls Sie andere passende Angebote haben, dürfen Sie jederzeit auf mich zukommen.

im Raum Heidelberg - Karlsruhe, Heilbronn, Darmstadt - kein Stuttgart oder Frankfurt",emma.becker@outlook.com,+49 1600894021,,48113-11-21 00:00:01,1tul5tbg531kzitd89wg1p33nviww5,
382,Wagner,Lea,Dr.,interested,,,,,,,,,,hamburg,,,,,,Facharzt,Radiologie,Hamburg,"22.02.2023 - TP:
Leitung Conradia Berlin angeboten

arbeitet zusammen mit Frau Dr. Röthke - Nur im Umkreis HH

Sehr geehrter Herr Putilin, ich erinnere mich gut und danke Ihnen herzlich. Das Angebot ist insgesamt mir nahezu auf den Leib geschneidert, wäre es nicht im Ruhrgebiet. Mit zwei kleinen Kindern und alten Eltern und Schwiegereltern bin ich in Hamburg gebunden. Wenn sie so ein Angebot in Hamburg finden, sagen Sie doch bitte sofort Bescheid. Ihnen einen schönen Abend. Mit freundlichem Gruß und herzlichen Dank, Roland Fries",lea.wagner@web.de,+49 1930658888,,48113-11-21 00:00:01,1lx4gxn63u09osnepv0k06dhvvlsla,
414,Richter,Julia,Dr.,contacted,,,,,,,,,,"baden-württemberg, stelle",,,,Ltd. OA,"Ltd. OA, Chefarzt, Standortleiter",Facharzt,Radiologie,will ruhige Stelle in BW,,julia.richter@outlook.com,+49 1366333271,,48113-11-21 00:00:01,1kam5ym0s320e557hd071uuwvortbz,
416,Weber,Johanna,Dr.,interested,,,,,,,,,,hamburg,,,,,,Facharzt,Radiologie,Ltd. OA in Hamburg,Ltd. OA in Hamburg,johanna.weber@gmail.com,+49 1207217177,,48113-11-21 00:00:01,2bygkzwhn91c95z7ruhj2ptb514cne,
44,Koch,Laura,Dr.,interested,,,,,,,,,,,,,,,,Facharzt,Strahlentherapie,,,laura.koch@web.de,+49 1021516643,,48113-11-21 00:00:01,099l5r8uzo25ghaxoqqc1zhyat8j8s,
45,Schwarz,Mara,Dr.,interested,,,,,,,,,,,,,,,,Facharzt,Strahlentherapie,,,mara.schwarz@outlook.com,+49 1922917211,,48113-11-21 00:00:01,1hrcobq7wg17nswov9s912uwd4bplw,
420,Fischer,Alina,Dr.,interested,,,,,,,,,,berlin,,,,,,Facharzt,Radiologie,OA in Berlin,"15.02.2023 - TP:
Sehr geehrte Frau Boss,

die Stelle klingt zwar sehr interessant für mich und passt in fast allen Punkten auf mein Profil, jedoch ist MSK nicht mein Fokus. Ich bin sonst in allen Körperabschnitten gut aufgestellt, insbesondere aber die Thoraxradiologie.",alina.fischer@web.de,+49 1153072201,,48113-11-21 00:00:01,121fkhg0up23idn3oau60r6xr7ja65,
422,Schulz,Paula,,contacted,,,,,,,,,,"erlangen, köln, nürnberg",,,,,,Facharzt,Radiologie,"bleibt mit Freundin erstmal in Köln
Nürnberg und 30 min - ist in ca. 3 Wochen bei seinem Vater in Erlangen","26.02.2024 - TP:
Tel. Dr. Göllner angeboten. Hat heute seine FA Prüfung bestanden. 
40 Std. Vollzeit
Mo-Fr
8-16 Uhr 
Privatpraxis 
MSK ortho muss drafhaben und mal kopf und wirbelsäile und haupt gelenke und viel internisctisch lympome 
Menschlich
Zuweiser
Nürnberg 
1 FÄ und Göllner und er
MTA 5 
Rö MRT und CT
Freitag vorher 
Qualität
Mit den Menschen reden intensiver Kontatk
25% gesagt 
Kein herz und kein prostata
Prinipiell möglich Beteiligung selber in der Hand


23.11.2023 - TP: Von Wallocha empfphlen. Freundin fängt Job in Nürnberg an
03/2024 macht FA, will dann kurze Pause
ab 07/2024 will neuen Job bei Nürnberg oder 30 min Fahrtradius PKW. Wohnen dann im Norden von Nürnberg
Macht Herz Q1 und Prostata Q1
will MVZ oder Praxis, Hauptsache keine Dienste! 
Mamma nein
Nuk ist nicht wichtig
Diagnostik alles",paula.schulz@outlook.com,+49 1899420400,,48113-11-21 00:00:01,23663lwcms17l0kb9pwd1tdnx5e6tb,
426,Hoffmann,Isabella,Dr.,contacted,,,,,,,,,,"dortmund, münster, osnabrück",,,,Ltd. OA,"Ltd. OA, Chefarzt, Standortleiter",Facharzt,Radiologie,"Münster, Dortmund, Osnabrück - Praxis","03.03.2023 - TP:
Sehr geehrte Frau Boss,

ich antworte Ihnen von meiner privaten email, über die Sie mich am besten in Zukunft kontaktieren.
Vielen Dank, dass Sie mich in Erwägung ziehen.
Letzten Endes ein zugeschnittenes Angebot, da ich vergleichbar genau derartige Position an meinem jetzigen Standort bekleiden werde.
Ich bin durch Hausbau und Familie fest an Münster gebunden und gleiche Position steht mir bevor, sodass das sehr gute Angebot rein örtlich nicht infrage kommt, auch wenn wir Düsseldorf ebenfalls sehr schätzen.
Sollten Sie oder Kollegen aber in Zukunft im Raum Münsterland radiologische Praxispositionen im Umkreis bis Dortmund und Osnabrück zu vermitteln wissen, können Sie mich gerne kontaktieren.
Als Steigerung zur anstehenden Position suche ich aber eher die Gesellschafterpositionen als Anstellungen.

BG aus Münster

Philipp Heermann

Dr. med. Philipp Heermann
Facharzt für Radiologie 
Q2 Zertifikat Herz CT/MRT | DRG
Q1 Zertifikat Prostata | DRG
Q1 Zertifikat MSK | DRG
Leiter DRG–Zentrum für kardiovaskuläre Bildgebung 
Ludgerus–Kliniken Münster | 
Praxis für Radiologie Spital Wessling",isabella.hoffmann@yahoo.de,+49 1174028272,,48113-11-21 00:00:01,0psswzbau01hbwsmdr0z1syvwv2zsq,
429,Bauer,Klara,Dr.,interested,,,,,,,,,,"AT, CH",,,,,,Facharzt,Radiologie,Österreich oder Schweiz,"27.02.2023 - TP:
Vielen Dank für Ihre Nachricht und dass Sie bei der Ausschreibung an mich gedacht haben.
Die Stelle ist zwar interessant, aber mein Mann und ich orientieren uns beruflich gerade nach Österreich oder in die Schweiz.




14.10.2022 - TP: Sehr geehrter Herr Putilin,

bitte entschuldigen Sie die verzögerte Rückmeldung. Mein Mann und ich haben uns intensiv mit der Position auseinandergesetzt. Ginge es um die Position allein, wäre  das für mich sehr interessant. Was die Umgebung betrifft, fürchte ich, dass uns der Ort zu klein ist. Wir wollen zwar nicht wieder in eine so große Stadt wie Berlin, aber der Ort ist dann leider doch zu klein. Die Möglichkeiten für meinen Mann ebenfalls eine attraktive Position zu bekommen, ist sehr beschränkt. 
Wir sind aber weiterhin auf der Suche nach einem Angebot Chefarzt/ Oberarzt Gynäkologie und einer Position für mich (wobei ich auch in einer Praxis arbeiten könnte). Bisher haben wir eher mit Österreich geliebäugelt, statt mit der Schweiz.

Vielen Dank und einen schönen Abend wünscht

Katrin Hegenscheid



erst 2022 - offen für Norden, Bayern oder Österreich, Schweiz",klara.bauer@web.de,+49 1112126307,,48113-11-21 00:00:01,2lqgjvuszr1yca28p6vc0n19agcepx,
440,Krüger,Anna,Dr.,interested,,,,,,,,,,"bonn, köln",,,,,,Facharzt,Radiologie,Raum Bonn Köln - kein Med360,"wegen Köln angefragt.

30.10.2023 - TP:
30.10.2023: 
Sehr geehrter Herr Putilin
Ich habe aktuell ein weiteres Angebot bekommen, dem ich gerade nachgehen werde. Ich laufe ungerne zweigleisig und würde das Angebot von 360 erstmal vertagen. Vielen Dank für Ihre Mühe. 
Mit freundlichen Grüßen 
Fabienne Höthker 


Guten Tag Herr Putilin
An sich bin ich an den Möglichkeiten imteressiert, mich mit gerade mal 49 Jahren beruflich zu verändern. 
Es sollte im Raum Köln Bonn sein (in 3-5 Jahren ggf auch im hohen Norden (Lübeck/Kiel).
Ich suche eine angestellte Position. 
Ich kann über MRT, CT,  Röntgen,  Sonographie inkl Doppler/Duplex, Mammographie, Mamma Stanzen nahezu alles. Prostata und Herz vielleicht ist nicht unbedingt mein Schwerpunkt. 
Ca 30h die Woche,  kein Nachtdienst,  kein WE (nur freiwillig ab und zu). 
Gehalt sollte meinem sehr weiten Feld ab Wissen angepasst sein. Das ist auch primär der Grund, warum ich mich aktuell umschaue, da hier keine wesentliche Dynamik des Gehaltes erfolgt. Seit knapp 9 Jahren bin ich angestellte Radiologin in einer Praxis, davor Oberärztin im KH. Bitte meine Mail Adresse erstmal nicht an andere Arbeitgeber schicken sondern nur mir Informationen zu vakanten Stellen zukommen lassen. 
Herzliche Grüße 
Fabienne Höthker",anna.krüger@yahoo.de,+49 1488441858,,2025-08-29 23:59:00,1vk1p4p7jb0ml91x1kjr0bbjpdsuj4,Email
442,Zimmermann,Sophie,Dr.,interested,,,,,,,,,,hamburg,,,,,,Facharzt,Radiologie,offen in Hamburg nur mit Angiographie,"30.11.2022 - TP:
Danke für Ihre Nachricht und Ihre Bemühungen. Legen wir das mal bisweilen auf Eis. Suchen Sie bitte nicht aktiv. Wenn Sie einen Auftrag haben für eine Stellenbesetzung, sagen Sie gerne Bescheid.

24.11.2022 - TP: Tel. Sehr angenehmes Telefonat. Conradia und Dr. Hancken zu weit und keine Angiographie. Will Angiographie weitermachen. Allianz gerne aber nicht Seegeberg


23.11.2022 - TP: momentan bin ich lediglich offen für Angebote im Raum Hamburg. Sollte ich noch immer ins Profil passen, freue ich mich auf Ihre Nachricht.

Conradia in Bergedorf ist mir tatsächlich etwas weit und sonst hat die Conradia ja keine Intervention. Wegen Hancken /Stade hab ich mit Frau Sabine Regine Klein von der Konkurrenz gesprochen. Das passte auch vom Weg nicht. Die Allianz ist immer eine gute Alternative, die ich mir jedoch offen halte wenn ich nicht mehr Angio machen will. Oder gibt es mittlerweile interventionelle Standorte? Wenn ja, rufen Sie gerne morgen vormittag ab 10 Uhr an. 015771843362",sophie.zimmermann@web.de,+49 1122850851,,48113-11-21 00:00:01,1jnjdrwr6t1r5zgjcdd80lz688frt2,
449,Hoffmann,Emma,Dr.,contacted,,,,,,,,,,"münchen, stuttgart",,,,,,Facharzt,Radiologie,München oder Stuttgart - gerne mit Option auf Beteiligung,"19.01.2023 - TP:
Tel. leider aktuell aus familieren Gründen kein Umzug nach Stuttgart möglich. Gerne alles sonst direkt anbieten. Gerne anrufen. 

04.01.2023 - TP:
Praxis
1 KV sitz insgesamt
2 Arzt 3 Tage 24h

1500 Schnittbilder pro Quartal 
Einziges offenes MRT in Stuttgart super selling point
P Beteiligugn und ausbau privat serlbstzahler
CT mehr orthopäder aber diese ziehen um 
2 jahre 95% MR Diagnostik und CT 
2 3 Tesla MR und offenes MRT 
Alles Philips 

Leitender MTRA wird auch gesucht
Anmeldiun 2-2,5 
Und 2-3 MTRA
Marketing Kampagne mit offenem MRT 
Sucher Praxis und Zentrale schöne Lage

Bei SANA gibt es keinen CA
Und dann mehr Geld natürlich

40-50 Bilder am Tag
Perspektivisch Einstieg wichtig 
Mitte bis Ende nächsten Jahres im August oder Juni oder Juli 
München oder Stuttgart 
Keine Mamma 
Sequenzen werden von der Gruppe oder durch ihn bestimmt ??",emma.hoffmann@web.de,+49 1489873976,,48113-11-21 00:00:01,0w9w39buvx1pg4zv0m9o20xl5zii96,
452,Wagner,Alina,Dr.,interested,,,,,,,,,,"düsseldorf, nordrhein-westfalen",,NRW,,Ltd. OA,"Ltd. OA, Chefarzt, Standortleiter",Facharzt,Radiologie,Gerne im Raum Düsseldorf,"ist Ltd. OA 

20.04.2023 - TP:
Remscheid zu weit weg. 

11.04.2023 - TP:
Leiter Remscheid vorgeschlagen",alina.wagner@yahoo.de,+49 1824087356,,48113-11-21 00:00:01,2lobpxisn7095i3bzhhu1vej1a6ikr,
477,Meyer,Mila,Dr.,interested,,,,,,,,,,bonn,,,,,,Facharzt,Radiologie,Raum Bonn,"03.03.2023 - TP:
vielen Dank für das verlockende und sehr interessante Angebot. 

Ich bin leider regional sehr angebunden, d. h. im Raum Bonn. Ein Wechsel nach Düsseldorf käme für mich weniger in Frage.",mila.meyer@outlook.com,+49 1623292709,,2025-08-28 23:59:00,2qdmbgjvv50bbttdzbdq1b240dy0db,Email
495,Fischer,Anna,,interested,,,,,,,,,,"düsseldorf, köln",,,,,,Facharzt,Radiologie,Raum Köln - Düsseldorf zu weit,"Seit 2024 Ärztlicher Leiter bei LifeLink

22.02.2023 - TP: 
Hallo Herr Putilin.
Entschuldigen Sie bitte die Verzögerung. Aber Karneval hatte mich ein bisschen in den Bann gezogen.
Ich habe mit meiner Frau zusammen mal überlegt und wir sind dann doch zu dem Schluss gekommen, dass die Stelle zu weit von zuhause weg liegt.
Ich möchte mich für Ihre Geduld und die nette Konversation herzlich bedanken und wünsche Ihnen bei der weiteren Suche viel Erfolg.
Mit freundlichen Grüßen
Marcel Leisten",anna.fischer@gmail.com,+49 1786214366,,2025-08-28 23:59:00,0fuzm4ghmk0s19ybq0z802tszrclb3,LinkedIn
499,Zimmermann,Mila,Dr.,contacted,,,,,,,,,,dresden,,,,,,Facharzt,Radiologie,für Dresden vorgestellt Conradia als Leiter - abgelehnt,"24.07.2023 - TP:
Elblandkliniken haben 3 Standorte
hat 10 Jahre klinische Erfahrung
hat Mamma gemacht (weiter auch gerne Interesse) 
5 Monate zum Q-Ende
180-185k p.a. OK
ist auch Verwaltungsfachangestellter
CA-Vertretung gemacht
Frage: Welcher Aufgaben erwarten ihn / werden gefordert? 

Als Referenzen kann ich Ihnen folgende Personen benennen, diese wissen Bescheid, dass sie ggf. angerufen werden, aber nicht um welche Stelle es sich handelt.
 
Herr CA Dr. med. Pilz -  03522/532751 ist Montag, Dienstag und Freitag von 08:00 bis 13:30 Uhr und am Donnerstag von 13:30 bis 16:30 Uhr zu erreichen. Urlaub hat er vom 31.07. bis 04.08.2023.
Er kann Auskunft zu Vertretung, Organisation und Allgemeinem geben.
 
Frau CÄ Dr. med. Breyer -  03521/743/2605 unter Ihr habe ich die Ausbildung im Jahr 2014 genießen dürfen.
 
Frau Dr. med. Sempf -  03435/941244 Sie kann Angaben zur Mammographie- und MRT- sowie Ultraschallausbildung geben.

CT und Röntgen. MRT muss wieder einarbeiten",mila.zimmermann@yahoo.de,+49 1471740826,,48113-11-21 00:00:01,2bmikehzsj1lp3kx7mfp04af6tv3kx,
511,Wagner,Johanna,,contacted,,,,,,,,,,"CH, baden-württemberg, bayern",,,,,,Assistenzarzt,Radiologie,"Will nur in CH, Bayern oder BW arbeiten",,johanna.wagner@web.de,+49 1121254827,,48113-11-21 00:00:01,10vv90mmrs20l28q10no1h7xf1jbdx,
512,Krüger,Mara,Dr.,interested,,,,,,,,,,CH,True,Schweiz,,,,Facharzt,Radiologie,hat unterschrieben,placed bei Rodiag,mara.krüger@gmail.com,+49 1108068362,,2025-05-23 23:59:00,2qblbdbk2d18idyiwxft0q0ody4e8i,Email
526,Becker,Paula,Dr.,contacted,,,,,,,,,,"schleswig, schleswig-holstein",,,,,,Assistenzarzt,Radiologie,AA letztes Wbj - will sich selbst vorstellen sh Email,,paula.becker@yahoo.de,+49 1770952488,,48113-11-21 00:00:01,1in5whzp1p0wl3q28u4f1eus6enimi,
528,Weber,Isabella,,interested,,,,,,,,,,dortmund,,,,,,Facharzt,Radiologie,Dortmund und Umgebung,"stv. Leiter bei Evidia

Engelskirchen und Wien angeboten

5 Jahre Praxis. MSK, Herz Q1 und Prostata Q1, kein Mamma, Kein Interventionen. 

14.03.2023 - TP: angeschriben Lin wg Radevormwald

ich bin offen für eine leitende Position, im Praxisbereich, im Krankenhaus oder auf regionaler Ebene, aber nur wenn diese in Dortmund oder in der nahen Umgebung ist",isabella.weber@web.de,+49 1827364887,,2025-09-05 23:59:00,0h3jaa2rcn1zzh3uydwz1b8mamqy49,LinkedIn
535,Schneider,Mila,Dr.,interested,,,,,,,,,,berlin,,,,,,Facharzt,Radiologie,Berlin,"23.06.2023
Guten Tag Frau Rusakow,

insgesamt bin ich nicht festgelegt ob MVZ oder Praxis. Ein zeitnaher Wechsel kommt für mich aktuell denke ich aufgrund meiner familiären Situation mit kleinen Kindern zuhause jedoch noch etwas zu früh. Gerne dürfen Sie mir jedoch weiterhin Angebote zukommen lassen.

Mit freundlichen Grüßen
Anselm Mayer.",mila.schneider@yahoo.de,+49 1964015542,,48113-11-21 00:00:01,1ocj09vzq00gu664pr0s055q8kt1nn,
538,Schneider,Nina,Dr.,interested,,,,,,,,,,"heidelberg, mannheim",,,,,,Facharzt,Radiologie,Mannheim Heidelberg,Raum Mannheim Heidelberg,nina.schneider@outlook.com,+49 1987504883,,48113-11-21 00:00:01,1i0o6htdds193f85dfo21co2lja0ii,
541,Hoffmann,Lea,Dr.,contacted,,,,,,,,,,"CH, DE",,,,,,Facharzt,Radiologie,offen für Umzug aus CH nach DE,"26.01.2023 - TP:

Stuttgart Leiter med360 angeboten. 

6 MOnate schnee ist zu viel

welches haus ist es? olga ?rente der der aktuellen CA

kurzfristig Aufhebung

umsatzerwartungen und zahlen im Vorfeld sprechen

business plan für die praxis

offene karten spielen

wichtig mit in die übernahmen eingebunden

es muss nicht nur die zahl stimmen auch das drumherum muss stimmen, man muss wissen was man für verantwortung dafür übernimmt

business plan

offen unterhalten welche erwartungen man hat und was man dafür bekommt

will vollgas arbeiten und aufbauen

frau ist in stuttgart gros geworden

in ulm studiert

umsatzerwartungen

hat seien angestellten auch 180k bezahl. wekchers rahmen hat der variable anteil und wann bekommt man den - finanzielle Sicherheit ist wichtig

betriebswagen vielleicht frau ist wicht günstige immobilien??

gerne persönlihc treffen",lea.hoffmann@gmail.com,+49 1395649469,,48113-11-21 00:00:01,1f2xokwly51paa9d4dst1zjw7ws9ko,
545,Fischer,Lea,Dr.,interested,,,,,,,,,,berlin,,,,,,Facharzt,Radiologie,Berlin,"05.04.2023 - TP: Conradia Berlin abgelehnt


21.02.2023 - TP:
Hallo Herr Putilin, vielen Dank für Ihre Nachrichten! Mein aktuelles Jahresgehalt sind 135 Tsd brutto all inclusive. Ich möchte mich nicht verschlechtern, idealerweise verbessern. Wären wir bei der GF-Assistenz bei ca. 150, bei Teilzeitstelle (3d à 10h also 75%) entsprechend zwischen 103 und 113. Über alles weitere (gestaffelt nach Probezeit o.Ä.) bin ich bereit zu reden. Kündigungsfrist haben Sie richtig in Erinnerung. Einzige Problematik hier- habe Ende Juli/ Anfang August Urlaub mit fester Buchung, den würde ich gerne nutzen. Viele Grüße, Christian Meybaum",lea.fischer@yahoo.de,+49 1709545120,,48113-11-21 00:00:01,2gwnfu1k46129f4db71t23tac6u0rf,
569,Weber,Julia,Dr.,contacted,,,,,,,,,,"böblingen, stuttgart",,,,,,Facharzt,Radiologie,WhatsApp - 50 km um Böblingen (Stuttgart),"26.01.2023 - TP:
Whats App schauen!! 

jetzt Sindelfingen - keine MFA und MTRA und deswegen keine leute mehr bekommen

Stuttgart Notlösung  weil jetzt 20-25 min und stuttgart 45 min

will dann 75-80%",julia.weber@outlook.com,+49 1728506235,,48113-11-21 00:00:01,1909bca4qz1rd2htof0i2n2wzh99fy,
571,Schwarz,Lea,Dr.,contacted,,,,,,,,,,"CH, baden-württemberg",,,,,,Facharzt,Radiologie,"will 3,5 Jahre Nuk Weiterbildung bis DoppelFA - Rhein Nekar, Süd BW, Nord Schweiz","13.03.2024 - TP:
Sehr geehrter Herr Breig,

Ich hoffe, Sie haben eine angenehme Woche. 

Gerne möchte ich unseren Kontakt aus 2020 aufgreifen und mich erkundigen, ob ich Ihnen einen Weiterbildungsassistenten für Nuklearmedizin (noch 3,5 Jahre zum FA) vorstellen darf? Der Kollege ist bereits 2 Jahre FA für Radiologie und wünscht sich eine neue berufliche Herausforderung, bei der er seinen Doppelfacharzt abschließen kann.

Er hat großes Interesse seine Kenntnisse im Bereich des PET/CT zu vertiefen, wobei er sich natürlich über ein breites Tätigkeitsspektrum, sowie eine langfristige Perspektive freuen würde. 

Über eine kurze Rückmeldung, ob ich Ihnen den Kollegen unverbindlich vorstellen darf und ein kurzes Gespräch vorab mit Ihnen, würde ich mich sehr freuen. 
Herzlichen Dank im Voraus. 


07.03.2024 - TP:
Tel. will Weiterbildung (braucht Therapiestation) noch 3,5 Jahre machen bis dann DoppelFA",lea.schwarz@yahoo.de,+49 1650541083,,48113-11-21 00:00:01,17ewd1f5hg2hwu4rf6ps0c00229y56,
573,Weber,Emma,,interested,,,,,,,,,,hamburg,,,,,,Facharzt,Radiologie,sucht als AA in HH,"02.12.2022 - TP: Aktuell habe ich noch nicht die Facharztprüfung abgelegt.
Ich suche eine Stelle als Assistenzarzt im Raum Hamburg, in einem Krankenhaus oder einer Praxis.",emma.weber@yahoo.de,+49 1083911230,,48113-11-21 00:00:01,1uara9b0xf0wb73tdmwc27426x4njn,
575,Meyer,Mara,Dr.,interested,,,,,,,,,,"bonn, nordrhein-westfalen",False,NRW,,Facharzt,Standortleiter,Facharzt,Radiologie,Bonn und Umgebung,"will Leitung haben. Hat ein Haus gekauft in Bonn. Ist aktuell bei Praxisnetz Radiologie
Kann MRT,CT,Rö, Prostata und Mamma, aber kein Screening",mara.meyer@gmail.com,+49 1044004279,,2025-06-03 23:59:00,2aos67zrht2fs4cwa3km19qjo9d7u5,Tel.
585,Wolf,Maria,Dr.,interested,,,,,,,,,,"aachen, nordrhein-westfalen",,NRW,,Facharzt,"Facharzt, Standortleiter",Facharzt,Radiologie,Aachen und Umland,"hat ein eigenes Haus gekauft auf der niederländischen Seite bei Aachen. Hat auch ein Haus bei Münster. Arbeitet bei Life Link ehemals Radiologie Aachener Land. Macht viele Fortbildungen: Q1 KI, Q1 MRT und CT Herz, Q2 MSK, Q1 Lunge
hat einen neuen Vertrag mit 160+ und 1 Tag Home Office. Hat ein Angebot für eine OA Stelle nur Home Office. Hat eine Freundin in Hamm die ggf. an Praxis interessiert ist.",maria.wolf@outlook.com,+49 1042312584,,2025-08-15 23:59:00,0u9ri1whjj0edr2wuy461sso290sp2,Tel.
587,Wolf,Elena,Dr.,contacted,,,,,,,,,,stuttgart,,,,,,Facharzt,Radiologie,placed an med360 Stuttgart 02/2023,"30.01.2023 - TP:


26.01.2023 - TP:
Ich war viele Jahre als Gesellschafter und Geschäftsführer sowie als Radiologiemanager in eigener Praxis sowie für einen Investor tätig.
Gerne per Mail, da ich mich bis Ende der Woche im Urlaub befinde.

Kurz umrissen: 
Ich selbst war von 2000-2018 als Mitgesellschafter im MVZ Diagnostikzentrum Esslingen / Kirchheim niedergelassen und von 2018 an als Geschäftsführer, Leiter MVZ in Esslingen  für die RH-Diagnostik und Therapie tätig.
Zuletzt habe ich für die RH-DT Gruppe als Radiologiemnager im Cluster Stuttgart federführend u.a. die Vereinheitlichung der PACS und  RIS- Systeme sowie die Einführung eines zentralen Call- und Servicecenters begleitet.
Radiologisch liegt mein Schwerpunkt  in der Schnittbild- sowie zweitrangig der Mammadiagnostik.
Desweiteren bin ich derzeit Kommissionsmitglied der Ärztlichen Stelle nach Röntgenverordung der LÄK Baden-Württemberg.",elena.wolf@web.de,+49 1054978691,,48113-11-21 00:00:01,0szqkzjud316h3zekzqf1jjuqdjvgl,
590,Richter,Maria,Dr.,contacted,,,,,,,,,,"CH, sachsen, sachsen-anhalt",,,,,,Facharzt,Radiologie,CH St. Gallen,,maria.richter@outlook.com,+49 1153732265,,48113-11-21 00:00:01,1dkxcinww91nmetphmbq0g0316798m,
598,Krüger,Nina,,interested,,,,,,,,,,berlin,,,,Oberarzt,"Ltd. OA, Standortleiter, Gesellschafter",Facharzt,Radiologie,ist OA in Berlin,"ist OA in Berlin

16.02.2023 - TP:
ab 2019 FA und bekommt jetzt 140k bei 80% und inkl. 4 Dienste. Will nur Geld. 


02/2022 als OA dort angefangen - Teilzeit",nina.krüger@gmail.com,+49 1360195699,,2023-02-22 23:59:00,2n9afyyqry0ettpuzwj51bid88a8un,LinkedIn
624,Bauer,Anna,Dr.,interested,,,,,,,,,,düsseldorf,,,,,,Facharzt,Radiologie,will Teilzeit nur 1 Tag pro Woche im Raum Düsseldorf,"06.01.2023 - TP:
Ich werde tatsächlich in Teilzeit in einem anderem Fachgebiet anfangen.  Das heisst, als Radiologin könnte/würde ich flexibel als Honorarärztin oder fest für einen Tag die Woche arbeiten. Wenn bei einem Ihrer Kunden für ein solches Modell Bedarf besteht, dann kontaktieren Sie mich gerne.

24.11.2022 - TP: Dies ist dem Umstand geschuldet, dass ich mich aktuell im Beschäftigungsverbot mit nachfolgendem Mutterschutz befinde und nur unregelmäßig bei Xing reinschaue. Nach der Elternzeit in ca. 1,5 Jahren bin ich selbstverständlich für neue Stellen offen und freue mich, wenn wir in Kontakt bleiben.

Leitung Martinus angeboten 

die Stelle klingt an sich sehr interessant, jedoch werde ich zunächst  nur in Teilzeit arbeiten, und bezweifle zudem, dass ich nach der Elternzeit direkt in einer führender Position anfangen kann.",anna.bauer@yahoo.de,+49 1072979043,,48113-11-21 00:00:01,26zj59owuk0c66krdfm11uqztzp5th,
626,Schwarz,Emma,Dr.,contacted,,,,,,,,,,dresden,,,,Ltd. OA,"Ltd. OA, Chefarzt, Standortleiter",Facharzt,Radiologie,bei Conradia Dresden anonym vorgestellt - ab 200k,"24.07.2023 - TP:
Q2 MRT und CT Herz
seit 2001 FA
seit 2006 Neuroradiologie
seit 2008 Ltd. OA
2 Abteilungen mit aufgebaut ( MRT und Neuroradiologie) 
kommt aus Praxis Dr. Amler
Fokus Schnittbilddiagnostik und konv. Neuroradiologie


Der Bewerber ist seit   20 Jahren Facharzt, seit   15 Jahren mit der Zusatzbezeichnung Neuroradiologie und ist seit   10 Jahren als leitender OA tätig. Gleichzeitig hat er in dieser Zeit 2-mal erfolgreich eine radiologische Abteilung mit Spezialisierung mit aufgebaut und besitzt darüber hinaus auch das Q2 CT und MRT Herz Zertifikat. Seine aktuellen Schwerpunkte sind die Schnittbilddiagnostik und die diagnostische Neuroradiologe. 

Beide Standorte der Conradia sind ihm aus seinem näheren Umfeld gut bekannt und er bringt gleichzeitig auch eine Verbundenheit mit der Region Dresden, sowie ein regionales Netzwerk mit. 
Zu beachten wäre jedoch, dass seine aktuelle Vergütung bereits dem genannten Budget von 180-185k p.a. entspricht und ein Wechsel für ihn deshalb nur unter verbesserten finanziellen Bedingungen infrage kommt.",emma.schwarz@web.de,+49 1476678385,,48113-11-21 00:00:01,2g3c5ylqxj2cpq2eu2lf08wh3u0oj5,
634,Schneider,Lena,Dr.,contacted,,,,,,,,,,kiel,,,,,,Facharzt,Radiologie,macht Forschung und Neurologie in Kiel,,lena.schneider@outlook.com,+49 1420533905,,48113-11-21 00:00:01,0neuw6besz1d3uqlugc50nf5v139cf,
640,Klein,Lena,Dr.,interested,,,,,,,,,,stuttgart,,,,,,Facharzt,Radiologie,SP Mammografie in Raum Stuttgart,"22.05.2023 - TP:
Brunstzentum Frankfurt abgelehnt weil kein Umzug möglich. 

03.02.2021: Tel. arbeitet in einer Praxis in Stuttgart. Ist jetzt Stellvertreter vom Chef wenn der im Urlaub ist. Ist Programmverantwortlicher Arzt Mammografie. SP sind MRT und Mammografie. Will sich weiterentwickeln. Ist offen für alle Orte wenn Teilhaberschaft oder Leitungsposition. 180k all in kommunizeirt. Will CV senden.
08.02.2021: Nachfrageemail gesendet. 
09.02.2021: Will sich am Vormittag melden.
10.02.2021: Hat abgesagt, weil Gegenangebot von AG bekommen.",lena.klein@gmail.com,+49 1382586095,,48113-11-21 00:00:01,1xlv796n432eg32grail0k1sqjh5wy,
641,Schulz,Julia,,interested,,,,,,,,,,"köln, nordrhein-westfalen",,NRW,,,,Facharzt,Radiologie,Köln und Umgebung,"20.03.25: TP - ist in Leverkusen unschön abgesprungen. 

05.12.2024 - TP:
Leverkusen Leiter Schnittbildangeboten mit 150k p.a. am Anfang.",julia.schulz@gmail.com,+49 1110869689,,48113-11-21 00:00:01,1m1j7mlrgz1dq1koxv4r18odbeif63,
642,Becker,Emma,Dr.,contacted,,,,,,,,,,mannheim,,,,,,Facharzt,Radiologie,Mannheim/ Ludwigshafen,,emma.becker@web.de,+49 1347872245,,48113-11-21 00:00:01,1r2mpwm3gu29bkvj5g8f0u02pxr3tp,
643,Schmidt,Johanna,,interested,,,,,,,,,,"leipzig, sachsen",,,,Ltd. OA,"Ltd. OA, Chefarzt, Standortleiter",Facharzt,Radiologie,Leipzig und Sachsen,"14.12.2022 - TP:
vielen Dank für ihre Nachricht, diese sticht wirklich aus der den übrigen Anfragen hervor durch die detailreiche Beschreibung, so dass man sich unter den Vor-Ort Gegebenheiten etwas vorstellen kann. Das finde ich super.
Derzeit bin ich wohnort-technisch auf Leipzig/ Sachsen fixiert, da gerade Kind Nr 2 geboren wurde und wir hier unser soziales Netzwerk haben.",johanna.schmidt@gmail.com,+49 1304459671,,48113-11-21 00:00:01,1y3blpkj6r1tmvq75cwc20zhfnlfvf,
645,Weber,Elena,Dr.,contacted,,,,,,,,,,ulm,,,,Ltd. OA,"Ltd. OA, Chefarzt, Standortleiter",Facharzt,Radiologie,Ulm und 50km Radius,"26.01.2023 - TP:

vielen Dank für Ihre ausführliche Nachricht. Leider kommt die Stelle für mich aufgrund der Entfernung aktuell (noch) nicht in Betracht, ich wohne in Ulm und bin dort auch bis auf weiteres auf einen Radius bis ca. 50 km beschränkt, was meine Arbeitsstelle betrifft. Vielleicht ändert sich das ja in ein paar Jahren, wenn meine Tochter etwas älter ist. 

Sehr geehrter Herr Putilin, 
mit Interesse habe ich Ihre Stellenanzeige für die MVZ-Leitung in BW gelesen. Um welchen Ort handelt es sich genau? Je nach Entfernung von meinem aktuellen Wohnort käme die Stelle für mich in Frage. Ich bin promovierte FÄ für Radiologie mit Ökonomiestudium (MHBA), zusätzlich mit europäischen Diplomen in Radiologie und Neuroradiologie (EDiR, EDiNR) und Oberarzterfahrung. 
Mit freundlichen Grüßen, 
Dr. Johanna Schöppach, MHBA",elena.weber@web.de,+49 1557576273,,48113-11-21 00:00:01,11ylmkbf6y2q0kjlifnu17vjtuy89e,
652,Weber,Elena,Dr.,contacted,,,,,,,,,,köln,,,,,,Facharzt,Radiologie,Köln und 30min Umgebung in TZ - kein med360 - kurz vor Entscheidung bei Strahleninstitut Köln,"03.03.2023 - TP:
will ab 01.04. wieder in TZ arbeiten
will 150-160k 
kann diagnostik, prostata und interventionen alles sehr gut
lebt rechtsrheinisch in Dellbrück, Leverkusen und alles 30min Umgebung
Mamma gerne nach einarbeitung 
TZ 5 Tage pro Woche und dann nur Vormittags
MVZ oder größere Klinik",elena.weber@outlook.com,+49 1019678903,,48113-11-21 00:00:01,0lcvbophzj25er24ev8n2p5jm4cro1,
657,Schulz,Johanna,Dr.,interested,,,,,,,,,,"berlin, rostock",,,,,,Facharzt,Radiologie,ab 2024 in Berlin oder Rostock,"31.01.2023 - TP:
Hallo Herr Putilin,
danke für Ihre Nachricht. Ich bin derzeit nicht interessiert.
Gerne können sie mich nächstes Jahr nochmalig kontaktieren. Gerne für den Raum Berlin oder Rostock.
Mit freundlichen Grüßen
Barbara Simon",johanna.schulz@yahoo.de,+49 1804084497,,48113-11-21 00:00:01,0vnxqlr0280uf7qy61tf2j39joxnak,
662,Zimmermann,Paula,,contacted,,,,,,,,,,pegnitz,,,,Freelancer,,Facharzt,Radiologie,Freelancer - placed nach Pegnitz,hat das englische Zertifikat für Teleradiologie gemacht.,paula.zimmermann@yahoo.de,+49 1452470268,,2025-10-21 23:59:00,0vvuoywomj12vlgk5u0o272wlirzks,Tel.
663,Becker,Isabella,,interested,,,,,,,,,,"berlin, brandenburg",,,,,,Facharzt,Radiologie,Berlin und Brandenburg - Mitte 2023 (jetzt 02/2023 noch in Elternzeit),interessiert für Berlin,isabella.becker@outlook.com,+49 1388625692,,48113-11-21 00:00:01,2npolhn48x118wldz4jw1vl5sc2ygw,
670,Weber,Lena,Dr.,contacted,,,,,,,,,,stelle,,,,Ltd. OA,"Ltd. OA, Chefarzt, Standortleiter",Facharzt,Radiologie,aktuell 02/2023 neue Stelle,"21.02.2023 - TP:
Hallo Herr Putilin, aktuell bin ich in einer neuen Stelle und recht zufrieden. Daher muss ich aktuell passen. Vielen Dank trotzdem für das Angebot. 
Freundliche Grüße
Jonas Stief

nicht dieses Jahr 2021 - vllt später",lena.weber@gmail.com,+49 1694080315,,48113-11-21 00:00:01,23x15j6cwg0v35jqrc6h1m3p8kiqt3,
678,Klein,Isabella,Dr.,interested,,offen,,,,,,,,"köln, nordrhein-westfalen",False,NRW,,"Facharzt, Oberarzt","Oberarzt, Ltd. OA, Standortleiter",Facharzt,Radiologie,Köln und Umgebung,"war bei Med360, kann aber gerne wieder. Nur nicht mit Dr. Gülz als Chef. 
Will Köln , wohnt in Porz, und pendeln ist OK. Will 4 Tage woche TZ, keine Dienste, nur Diagnostik, 
will 170k bei 40h 
3M zum Monatsende KF
kann MSK und Neuro, Kein Mamma, kein Prostata, kein Herz.",isabella.klein@outlook.com,+49 1091690091,,2025-05-16 23:59:00,1vvznv1j5527vrvao2p92bdi1dktu2,Tel.
679,Wagner,Mara,,contacted,,,,,,,,,,gladbeck,,,,,,Facharzt,Radiologie,seit 01/2023 bei Radiologie Gladbeck & Kirchhellen,Standortleitung am EVK Herne Eickel blikk Gruppe,mara.wagner@web.de,+49 1780918843,,48113-11-21 00:00:01,1nb1gternd286wjvaye81at819h45t,
707,Weber,Laura,,interested,,,,,,,,,,"nürnberg, ohne",,,,,,Facharzt,Radiologie,Nürnberg - 32 Stunden- Tätigkeit ohne Dienste,Nürnberg - 32 Stunden- Tätigkeit ohne Dienste,laura.weber@yahoo.de,+49 1866764130,,48113-11-21 00:00:01,280xg230vw0vijglu0ol0jdldul8r9,
708,Fischer,Isabella,Dr.,Hot / is searching,,,,,,,,,,norden,True,,,Chefarzt,"Chefarzt, Standortleiter",Facharzt,Radiologie,will in den Norden - war schon Chefarzt,"3 Monate KFrist
war schon in Wismar Urlaub machen
180k ist ok",isabella.fischer@web.de,+49 1931229866,,2026-01-02 23:59:00,0z32xnm6nu1yqz9gpakv1h8hfbae9y,Tel.
71,Weber,Julia,Dr.,interested,,,,,,,,,,bamberg,,,,,,Facharzt,Strahlentherapie,Seit Mitte 2023 in Bamberg,"09.02.2024 - TP: Tel. heute
Seit Mitte 2023 in Bamberg
Gefällt der Familie nicht
6 M Kündigungsfrist
kann zum Jahresende Umziehen
Kind 3 J. alt
Umzug OK
Vollzeit oder 80%, nicht weniger
Will Telefonat, dann Hospitation
Muss man alle Standorte (RoMed) abdecken
Wie ist das Gehalt 
wie viele MA und Untersuchungen am Tag
Brachytherapie dort oder in München? 
auch gerne wissenschaftlich
bei RoMed vorgestellt",julia.weber@outlook.com,+49 1282397969,,48113-11-21 00:00:01,1umshhry2l2jjmsd1oc00ecxpuw6kj,
729,Hoffmann,Isabella,Dr.,contacted,,,,,,,,,,ulm,,,,Ltd. OA,"Ltd. OA, Chefarzt, Standortleiter",Facharzt,Radiologie,bis 01/2023 an Bundeswehr - ab 02/2023 offen Umgebung Ulm,"26.01.2023 - TP:
leider früher raus aus BW nicht möglich

Wunschgehalt: 185k p.a. ohne Dienste

Verfügbarkeit zeitlich: ab 01.02.2023
Verfügbarkeit räumlich: Ulmer Region, 50-60km um Ulm, Schwiegereltern Schwarzwald und Göppertal

2 Jahre orthoopödie und chirrugie und

2 Jahr Harusarzt

3 Jahre jetzt FA, Alstfa und Obararzt

viele Orga aufgaben.

ab dieses Jahr QM bis 2024 machen

MSK Q1 im Herbst

Wo schon selbst beworben:



gerne klinik ist super, nur praxis ist zu langweilig

stuttgart kommt der mann und sie ist zur grundschule gegangen

maximalversorger

taumanetztwerk und hubschrauber

aktuell in Elternzeit und macht vertretung für radiologische Praxis 30 Stunden und viele MCK und 3,0 Tesla da

ab 2023 dann Vollzeit

geht auch 46 Stunden versteht das auch dass dass man mehr machen kann

gerne auch Home Office",isabella.hoffmann@outlook.com,+49 1403284127,,48113-11-21 00:00:01,0qbpuqz2hz00awt4pr4y0g82q4xr00,
73,Krüger,Maria,Dr.,contacted,,,,,,,,,,nordrhein-westfalen,,,,,,Facharzt,Strahlentherapie,ltd Arzt oder CA NRW und Umgebung,"24.06.2024: CDT Katiran Frechen abgelehnt, Dr. Lüttgen empfohlen - TP:",maria.krüger@yahoo.de,+49 1543051621,,48113-11-21 00:00:01,1dniyxerxa0lohv8kzpn20ikhojbwy,
739,Fischer,Mara,,contacted,,,,,,,,,,DE,,,,,,Facharzt,Radiologie,"ab 2028 für DE, macht aktuell DoppelFA","15.10.2024 - TP:
Für die nächsten drei Jahre habe ich momentan in der Schweiz geplant. 

Danach bin ich aber prinzipiell für eine interessante Position auch in Deutschland offen.",mara.fischer@outlook.com,+49 1462373840,,48113-11-21 00:00:01,0zokmrjwzn1klcfxmbmf1nspwggsbb,
74,Wagner,Laura,Dr.,interested,,,,,,,,,,münchen,,,,,,Facharzt,Strahlentherapie,will München und Umgebung,"08.10.2024 - TP:
will in eine Praxis ohne Dienste
ab 03/2025 bis dahin befristeten Vertrag
bisher kommt sie nicht ans MRT
will mit erfahrenen Kollegen arbeiten
will spezialisieren MSK , Herz, Prostata und auch gerne Mamma",laura.wagner@yahoo.de,+49 1802017321,,48113-11-21 00:00:01,211o3kd8jg079lqugpjm05j37pqncl,
740,Koch,Maria,,contacted,,,,,,,,,,nordrhein-westfalen,,NRW,,Assistenzarzt,"Facharzt, Oberarzt",Assistenzarzt,Radiologie,,,maria.koch@web.de,+49 1866594971,,48113-11-21 00:00:01,1h8gqllfqq0akca5p0rv249kh46h0s,
741,Schmidt,Julia,Dr.,interested,,,,,,,,,,nordrhein-westfalen,,NRW,,,,Facharzt,Radiologie,nur Mammografie,"01.12.2022 - TP: 16.08.2021: Tel. Ziehen mit Mann Ende des Jahres nach Bochum. Will nur Mammografie!!! Nur Teilzeit! Aktuell 4 Tage Woche mit 34h und 10k pro Monat. Will sich verbessern. 3 Tage Woche ca. 26h.
Hat 6 Monate Kündigungsfrist 
Ist nicht auf der Suche aber offen für Angebote. Nicht blikk!!! 
Ist jetzt 1,5 Wochen bis 28.08. in Urlaub. Vereinbart dass ich in der Zwischenzeit mich umhöre und dann bei Ihr 30.08. melde. Sie will dann CV senden sodass ich alles anonym machen kann.


16.08.2021: Tel. Ziehen mit Mann Ende des Jahres nach Bochum. Will nur Mammografie!!! Nur Teilzeit! Aktuell 4 Tage Woche mit 34h und 10k pro Monat. Will sich verbessern. 3 Tage Woche ca. 26h.
Hat 6 Monate Kündigungsfrist 
Ist nicht auf der Suche aber offen für Angebote. Nicht blikk!!! 
Ist jetzt 1,5 Wochen bis 28.08. in Urlaub. Vereinbart dass ich in der Zwischenzeit mich umhöre und dann bei Ihr 30.08. melde. Sie will dann CV senden sodass ich alles anonym machen kann.
15.09.2021: Tel. wissen doch nicht genau ob es mit dem Umzug klappt. Vereinbart, dass wir abwarten und ich mich dann erkundigen werde.

06.10.2021: SMS gesendet. 
07.10.2021: SMS bekommen. Vielleicht nach Umzug. Sie will sich melden. 
21.04.2022: SMS geschrieben
22.04.2022: SMS bekommen",julia.schmidt@outlook.com,+49 1759951155,,48113-11-21 00:00:01,11a53ayahr1hjl4isbop23lophpflo,
749,Schulz,Julia,,interested,,,,,,,,,,nordrhein-westfalen,,NRW,,Facharzt,"Oberarzt, Ltd. OA, Standortleiter",Facharzt,Radiologie,ab Ende 2023 verfügbar - jetzt Eltenzeit,"31.01.2023 - TP: über Recruiter geschrieben und Leitung Martinus angeboten. 
Hallo! Vielen Dank für die Nachricht. Ich befinde mich momentan in Elternzeit. Ich hätte gerne Interesse in einem späteren Zeitpunkt bzw Ende 2023 für eine ähnliche Position.",julia.schulz@yahoo.de,+49 1812226091,,48113-11-21 00:00:01,0sogjjyp2a2e9e6zucgo1znn0hmbjo,
750,Neumann,Emma,,interested,,,,,,,,,,"bochum, nordrhein-westfalen",False,NRW,,Facharzt,"Standortleiter, Gesellschafter",Facharzt,Radiologie,Bochum +25Min / will Leitung,"Macht Diagnostische Radiologie. Hat aktuell keine Leitung und das wäre der nächste Schritt für Ihr. Gerne um Bochum 25Min Fahrzeit. Essen, Dortmund, Wuppertal.",emma.neumann@web.de,+49 1663684138,,2025-03-31 23:59:00,0i9zx9gpj60rxe3lflsv2n7u3qqdg7,Tel.
751,Müller,Mara,Dr.,interested,,,,,,,,,,"bochum, nordrhein-westfalen",False,NRW,,Facharzt,"Facharzt, Oberarzt, Ltd. OA, Chefarzt, Standortleiter",Facharzt,Radiologie,nur Bochum und Umgebung,"will mehr Geld verdienen. Ist bei Evidia. Nur Bochum und Umgebung. Kann auch Prostata und Herz, hat aber keine Zertifikate. Will mehr als 200k haben, aber auch so gerne ansprechen. Leitung auch ok, muss aber nicht sein.",mara.müller@outlook.com,+49 1081189974,,2025-04-03 23:59:00,0msjlphg6j0d5y3cki9m2fku8uz70l,Tel.
752,Meyer,Johanna,Dr.,interested,,will sich melden,,,,,,,,"bonn, köln, nordrhein-westfalen",False,NRW,,Facharzt,"Facharzt, Standortleiter, Gesellschafter",Facharzt,Radiologie,Bonn und Süd-Köln,"Engelskirchen zu weit und Strahleninstitut kennt er schon, aber nein. 

Rückmeldung von Segali, kann auch 4 Tage Woche in Engelskirchen sein, aber dann nur Mo oder Di frei, nicht Freitag. 
Auch Strahleninstitut zusätzlich anbieten in der Domstraße!!!

Tel. Ist FA Radiologie und seit 1,5 Jahren in der Praxis in Bonn. Hat auch mittelfristig Option auf Beteiligung, weiß aber nicht, ob er das möchte. War vorher auch bei Med360 in Köln und Leverkusen. Kennt Segali und kennt auch Strahleninstitut. Hat zu beiden Kontakt. Macht gerade Q2 MSK und hat Zusatzweiterbildung in Sportmedizin. Würde gerne auch Prostata und Herz lernen, aber leider keine Möglichkeit dazu jetzt in der Praxis.  
Frau erwartet gerade das erst Kind, deswegen nur Raum Bonn und Süd-Köln interessant. Will sich den Wechsel im nächsten Jahr nochmal intensiver überlegen oder wenn ich vorher ein entsprechend interessantes Angebot habe. Ich melde mich in einem Jahr wieder, so sind wir verblieben.",johanna.meyer@web.de,+49 1624023008,,2025-08-22 23:59:00,1h5mrlj3uv26ut3ud37x1cyznk9o2i,LinkedIn
753,Klein,Lena,Dr.,interested,,,,,,,,,,"bonn, köln, nordrhein-westfalen",False,NRW,,Facharzt,"Facharzt, Standortleiter",Facharzt,Radiologie,Bonn und Süd-Köln,"Tel. Wohnt mit Mann in Königswinter bei Bonn. Arbeitet bei CDT Strahleninstitut Köln seit 2005/2006. Kann alles in der Diagnostik MRT/CT und Mamma-MRT und MR-Angiographie und MSK. Ist sehr gut vernetzt, auch mit der Sporthochschule. Am besten wäre Rodenkirchen oder Neumarkt. Segali fragen. Gerne auch 4 Tage pro Woche oder mit Telemedizin. Leverkusen ist zu weit weg.",lena.klein@outlook.com,+49 1161089045,,2025-04-04 23:59:00,133pdtrvjw196iajoxr823843gm01l,Tel.
760,Schneider,Lisa,Dr.,interested,,,,,,,,,,"bonn, nordrhein-westfalen",False,NRW,,Ltd. OA,"Ltd. OA, Chefarzt, Standortleiter",Facharzt,Radiologie,Bonn und Umgebung,"Tel. 12.03.2025
017647390960

Ist schon 10 Jahre in der Klinik in Neuwied, ist Ltd. OA. Familie hat Lebensmittelpunkt in Bonn. Mach Dienste und Teleradiologie zusammen. 
Schwerpunkt Schnittbilddiagnostik und PRT`s und Leitung. Keine Neurointerventionen
Offen für Angebote Bonn und 50km Umgebung.
Vereinbart, dass wir in Kontakt bleiben.",lisa.schneider@yahoo.de,+49 1266765349,,2025-03-12 23:59:00,2fcgfm58gk2cgg4u732006f7p8234c,Tel.
762,Hoffmann,Mara,,interested,,,,,,,,,,"herne, nordrhein-westfalen",False,NRW,,Facharzt,"Facharzt, Oberarzt, Standortleiter, Gesellschafter",Facharzt,Radiologie,nur Herne und Umgebung,"14.07.25: Tel. Wartet noch auf Antwort zur Gehaltserhöhung. Vereinbart, dass ich mich melde wenn ich etwas in der Umgebung habe.

02.06. Tel. Hat mir Chefin wg Gehalt gesprochen. Wartet auf Antwort. Vereinbart, dass ich in 1M nochmal anrufe. 

Vereinbart, dass ich ihn in 3 Monaten nochmal anspreche.

Tel. am 13.03.2025
017681083243

Arbeitet aktuell bei Evidia/Blick Radiologie in einem MVZ
Verdient bei 40h 130k bzw. jetzt 135k p.a. weil er Q2 Kardio CT hat. Will vllt noch Q1 Kardio MRT machen. Machen leider keine Prostata. 
Macht aktuell Schnittbilddiagnostik und Punktionen. Keine Interventionen. Kein Neuro. 
War früher bei Marienhospital in Herne (Ausbildung) und im Krupp (hier hat nach 2 Monaten gekündigt).
Ist seit 2 Jahren FA
Hat 3M zum QEnde Kündigungsfrist. 
Pain-Point – bekommt keine Gehaltserhöhung. Will entweder 160k oder 135 bei 4 Tage Woche. Praxis nur am Ende der Karriere. Entweder KH oder MVZ- Dienste wären ok.
Frau ist FA für Allgemeinmedizin. Haben 2 Kinder (Schule und Kita) 
Ich habe vorgeschlagen, dass ich mich Med360 Bochum, Castrop-Rauxel, Ruhrradiologie, Prof. Uhlenbrock, Borad erkundige. 
Denkt über Möglichkeiten nach:  Gehaltserhöhung bei aktuellem AG: Will entweder 160k oder 135 bei 4 Tage Woche / anderes MVZ mit dem genannten Konditionen / Klinik wo er dann Neuroradiologie + Interventionen lernen kann / FA in Allgemeinmedizin, um dann eine Praxis zu eröffnen. 
Lebensmittelpunkt sollte Herne bleiben. Hat aktuell nur 15 Min mit dem Auto / Fahrrad.",mara.hoffmann@yahoo.de,+49 1416675237,,2025-07-14 23:59:00,0t82dw0gw311t5tys1vx0wng7rb38d,Tel.
764,Koch,Lea,,contacted,,,,,,,,,,CH,True,Schweiz,,Oberarzt,Oberarzt,Facharzt,Radiologie,ganz CH,"Hat eine neue Stelle gefunden. 

will 80-100% Pensum
hat eine WHG in Bülach, ungerne aufgeben aber alles möglich
ungerne Nachtdienste, besser wenn Teleradiologisch abgedeckt
macht gerne AA Ausbildung / Teaching
mag Schnittbilddiagnostik
Ende Juli kann anfangen Kündigungsfrist, nach Absprache
Hat auch einen anderen Headhunter, Hat sich selbst beworben, Zürich, Olten, Aarau 
interessant wäre Weiterbildung in der Nuk.",lea.koch@outlook.com,+49 1085624835,,2025-06-25 23:59:00,1ajeupdygv0le7qq77cr03552qq5yn,Email
767,Schwarz,Clara,,interested,,,,,,,,,,nordrhein-westfalen,,NRW,,Oberarzt,"Ltd. OA, Standortleiter",Facharzt,Radiologie,Bergisches Land,s.h. Email,clara.schwarz@web.de,+49 1071983803,,2025-05-08 23:59:00,1ca97hwipd0b3dj2fkux18n91wqx0z,Email
772,Krüger,Isabella,Dr.,contacted,,,,,,,,,,hamburg,,,,Oberarzt,"Ltd. OA, Chefarzt, Standortleiter",Facharzt,Radiologie,Hamburg,,isabella.krüger@web.de,+49 1730942871,,2025-06-17 23:59:00,0jp1ejir1j0p399069oi1xagl3dxs5,LinkedIn
773,Fischer,Mila,Dr.,interested,,,,,,,,,,"CH, DE",True,,,Ltd. OA,,Facharzt,Radiologie,"DE CH, Diagn. und SP Interv. Radiologie","macht auch MSK als SP jetzt in der Klinik
macht viel Schaufensterkrankheit
will entweder volles interventinelles Spektrum inkl onko oder voll Diagnostik

Sehr geehrter Herr Dr. Knecht

Bezugnehmend auf Ihre oben genannte Anzeige möchte ich Ihnen gerne einen erfahrenen Radiologen im Rahmen einer Festvermittlung vorstellen. 

Der Kollege ist aktuell als Leitender Oberarzt für Diagnostische und Interventionelle Radiologie in Deutschland tägig und besitzt bereits die MEBEKO Anerkennung. 
Er bringt fundierte Fachkenntnisse im gesamten Spektrum der Diagnostischen und Interventionellen Radiologie mit, insbesondere der: 
-Schnittbilddiagnostik
-Gynäkologische Radiologie (primärer Ansprechpartner der Gyn.-Kollegen) inkl. Biopsien etc. 
-Myomembolisation und MRgFUS
-diagnostische Punktionen und Drainagen
-Behandlung akuter Gefäßverschlüsse 
-AVK
-Minimal-invasive Blutstillung 
-PRTs
-Tumortherapie (TACE)
-Thermo- und Kryoablation bei Tumoren
-Elektroporation (IRE) bei Tumoren

Der Kollege wünscht sich eine neue berufliche Herausforderung mit Gestaltungsfreiraum, wobei er gerne seine Erfahrung speziell in der Interventionellen Radiologie an Kolleginnen und Kollegen weitergeben möchte. Gleichzeitig ist er auch offen für eine Einarbeitung in die Interventionelle Neuroradiologie. 

Gerne möchte ich Ihnen bei Interesse sein vollständiges Dossier zusenden und freue mich auf Ihre Rückmeldung. Bei Fragen stehe ich Ihnen gerne jederzeit zur Verfügung.",mila.fischer@gmail.com,+49 1539239874,,2025-06-18 23:59:00,0dybxkdng30yan1lp3we2rm8bgbi86,Tel.
776,Wagner,Clara,Dr.,interested,,,,,,,,,,"aachen, nordrhein-westfalen",,NRW,,Facharzt,"Ltd. OA, Chefarzt, Standortleiter, Gesellschafter",Facharzt,Radiologie,Aachen und Umgebung,Engelskirchen nein,clara.wagner@yahoo.de,+49 1978524479,,2025-08-15 23:59:00,2oufjrgs1a22lb6w51fv0a2ngpcvb1,LinkedIn
777,Wagner,Klara,,contacted,,,,,,,,,,aachen,,,,Facharzt,"Standortleiter, Gesellschafter",Facharzt,Radiologie,Aachen und Umgebung,Lin keine Antwort,klara.wagner@web.de,+49 1236208062,,2025-07-10 23:59:00,1glkahmbbo2rk6lr8oy511vn3q3tqr,LinkedIn
779,Krüger,Mara,,contacted,,,,,,,,,,"bonn, köln",,,,Facharzt,"Facharzt, Oberarzt, Ltd. OA, Standortleiter, Gesellschafter",Facharzt,Radiologie,Bonn und Süd-Köln,"aktuell nein weil gerade neuen Job angefangen.

Lin keine Rückmeldung",mara.krüger@web.de,+49 1184705842,,2025-08-22 23:59:00,1qi0ur8up52gpvitxepq1gmgjs5sly,LinkedIn
78,Neumann,Lea,Dr.,contacted,,,,,,,,,,aue,,,,,,Facharzt,Strahlentherapie,12/2022 CA Strahlen Helios in Aue,,lea.neumann@web.de,+49 1284350287,,48113-11-21 00:00:01,1vw14y73un1bb7ap8u6y1v11heoyfk,
780,Richter,Klara,,contacted,,,,,,,,,,hamburg,,,,,,Assistenzarzt,Radiologie,ist AA in HH,,klara.richter@yahoo.de,+49 1058411513,,2025-03-24 23:59:00,1ai2kizmtg27e7mwmtuk1opq125mc4,LinkedIn
46,Weber,Mara,,interested,,,,,,,,,,,,,,,,Facharzt,Strahlentherapie,,,mara.weber@yahoo.de,+49 1789109576,,48113-11-21 00:00:01,1v4ymsbhl62jnf7bemun0yektt90rk,
781,Schulz,Nina,Dr.,interested,,,,,,,,,,hamburg,,,,Oberarzt,"Ltd. OA, Chefarzt, Standortleiter, Gesellschafter",Facharzt,Radiologie,Hamburg,,nina.schulz@web.de,+49 1928072841,,2025-07-25 23:59:00,2d4e3ztsuz065qznjvjf0mgnrm20gz,LinkedIn
782,Zimmermann,Isabella,,contacted,,,,,,,,,,hamburg,,,,Facharzt,"Ltd. OA, Standortleiter",Facharzt,Radiologie,Hamburg,Danke für das Angebot. Prinzipiell passt die Stellenbeschreibung ganz gut zu mir. Allerdings bin ich in meiner aktuellen Position sehr zufrieden. Ein Wechsel kommt zum aktuellen Zeitpunkt nicht infrage.,isabella.zimmermann@yahoo.de,+49 1521105893,,2025-07-15 23:59:00,2godwjht2j1jqklwsatd0rlc3gfih9,LinkedIn
784,Weber,Emma,,contacted,,,,,,,,,,hamburg,,,,Assistenzarzt,Facharzt,Assistenzarzt,Radiologie,AA in Hamburg,,emma.weber@gmail.com,+49 1878088265,,2025-07-15 23:59:00,2lg2m33oar0fnq6h5ack1onlc2i6o1,LinkedIn
799,Weber,Maria,,interested,,,,,,,,,,"CH, düsseldorf, köln, nordrhein-westfalen",True,"Schweiz, NRW",,Facharzt,"Facharzt, Standortleiter, Gesellschafter",Facharzt,Radiologie,Düsseldorf und Köln und CH,"Strahleninstitut vorgestellt - abgelehnt

Tel. Sehr angenehm. Ist alleinerziehende Mutter von sehr begabtem Kind.
will in nach Köln weil man dem Kind da eine bessere Förderung bieten kann. Arbeitet beim Grönemeyer institut. Kennt Segali. Kann alles MSK, Neuro, Herz CT Q2
Gerne auch Mamma und Prostata nach einarbeitung. 
TZ 30 Std pro Woche
Ab 165k+ interessant auf Vollzeit gerechnet
Kann machen MSK und will Leidenschaft Neuroradiologisch Diagnostik 
Umzug OK  auch Richtung Köln gerne
CH auch OK
Könnte auch gerne Mamma machen
Kann auch alles andere Diagnostisch
Kardio-CT viel gemacht macht Q1 Oktober aber vor Schwangeschaft viel, theoretisch Q2 Ende des Jahres
Prostata ganz wenig Erfahrung vllt 20-25 Befunde",maria.weber@gmail.com,+49 1153406599,,2025-09-17 23:59:00,2f4sqo3d061vvxa54u481kijpsczmz,Email
812,Krüger,Alina,,interested,,,,,,,,,,"düsseldorf, nordrhein-westfalen",False,NRW,,Facharzt,"Facharzt, Oberarzt",Facharzt,Radiologie,nur Düsseldorf und Umgebung,"4 Woche Kfrist
will ohne Dienste 80-100% 
nur Düsseldorf und Umgebung 
war vorher MTRA
wichtig Einarbeitung 
seit 09/2025 FA
144 für Springer ist OK

hat am 01.10. neuen Job im KH mit Diensten.
Segali hat Kaiserswerth angeboten.
Essen RH DT abgelehnt, Will erstmal in der Klink bleiben.",alina.krüger@gmail.com,+49 1134574359,,2025-12-04 23:59:00,1ogw23d2wl2pr2m5yi9p06kvzyo4pd,Email
98,Koch,Mara,Dr.,contacted,,,,,,,,,,CH,,,,,,"Facharzt, Doppelfacharzt","Radiologie, Nuklearmedizin",macht DoppelFA in CH,"Vielen Dank für Ihre Nachricht. Ich bin aktuell unsicher in welcher Richtung möchte ich mich eigentlich bewegen. Möglicherweise werden manche Sachen klarer in den nächsten Monaten. Bei Bedarf melde ich mich gerne wieder bei Ihnen. 

30.09.2024 - TP:
Meine Frau startet nächste Woche mit einer telemedizinischen Tätigkeit im Umfang von ca. 40%. Sie hätte noch Kapazitäten frei für eine weitere Teilzeit Tätigkeit, wenn Sie eine Idee hätten. 

Meine initialen Gespräche sind gut gelaufen. Zudem habe ich bisher recht viel Zeit in die Doppelfacharzt Ausbildung investiert, es macht momentan keinen Sinn dies zu unterbrechen. Es fällt mir aktuell keine Konstellation auf, wo wir jetzt sinnvoll und finanziell vernünftig nach Rosenheim kommen können. 


22.07.2024 - TP:
brauchen als Familie 1,5-1,8 Stellen.  Er hat Fachkunde MRT und braucht in Radiologie 2 Jahre 

17.07.2024 - TP: Tel. Frau hat keine MEBEKO und deswegen telemedizin. Rosenheim angeboten. Will aber mehr Geld. Hat ein Angebot als Stellvertretender CA in der Schweiz.",mara.koch@gmail.com,+49 1054215278,,2025-12-15 23:59:00,1swye2a2gd0mz194lcwe0ay7781r4q,Email
47,Becker,Alina,Dr.,interested,,,,,,,,,,,,,,,,Facharzt,Strahlentherapie,,,alina.becker@web.de,+49 1891724725,,48113-11-21 00:00:01,2b3wapy5qg0w7cu8ox7317pkp25f9c,
48,Fischer,Alina,Dr.,interested,,,,,,,,,,,,,,,,Facharzt,Strahlentherapie,,nur Norddeutschland,alina.fischer@outlook.com,+49 1007391307,,48113-11-21 00:00:01,124f91xmt71we0tvcik121ikn2aoqt,
49,Schneider,Isabella,Dr.,interested,,,,,,,,,,,,,,,,Facharzt,Strahlentherapie,,,isabella.schneider@outlook.com,+49 1438487454,,48113-11-21 00:00:01,1zs5e1mo8e2gxnme7rmp18y5j2jy4t,
2,Meyer,Sophie,,interested,,,,,,,,,,,,,,,,Facharzt,Orthopädie & UCH,,"28.02.2023 - EB:

Ist im September fertig mit Zusatzbezeichnung Spezielle Orthopädie, danach möchte er möglichst von Helios weg, am besten in ein Familienunternehmen. Gehaltsvorstellung ca. 180k und nur eine Stelle als ltd. Oberarzt. Schwerpunkt Endoprothetik. Innerhalb von Helios will er auf keinen Fall wechseln. Ist dabei relativ flexibel, obwohl er eine Immobilie in Leipzig hat.",sophie.meyer@gmail.com,+49 1916942064,,48113-11-21 00:00:01,2c1giwr1891gadw1t2qi1lhsnbhlv3,
5,Zimmermann,Emma,,contacted,,,,,,,,,,,,,,,,Facharzt,Orthopädie & UCH,,,emma.zimmermann@gmail.com,+49 1486401566,,48113-11-21 00:00:01,17wspzptw21ottqum7gu2pb8hxdwzu,
50,Meyer,Klara,Dr.,contacted,,,,,,,,,,,,,,,,Facharzt,Strahlentherapie,,,klara.meyer@web.de,+49 1798595317,,48113-11-21 00:00:01,03qqrg7pwy2ae03devbg23r7bshyco,
51,Weber,Clara,Dr.,interested,,,,,,,,,,,,,,,,"Facharzt, Doppelfacharzt",Strahlentherapie,,Interesse zu einem späteren Zeitpunkt,clara.weber@web.de,+49 1975391382,,48113-11-21 00:00:01,1ype37xfse0kvrukv5qe0xt79cat7f,
6,Krüger,Alina,,interested,,,,,,,,,,,,,,"Chefarzt, Standortleiter","Ltd. OA, Chefarzt, Standortleiter",Facharzt,Orthopädie & UCH,"Fähigkeiten 
• Fachkunde im Strahlenschutz Skelett
• Fachkunde im Strahlenschutz Notfalldiagnostik
• Zusatzbezeichnung Manuelle Medizin
• Zusatzbezeichnung Sportmedizin
• Fortbildung psychosomatische Grundversorgung
• Fortbildung Ernährungsmedizin","28.11.2022 - EB:

Position 
Facharzt für Unfallchirurgie und Orthopädie 

Wohnort 
Magdeburg

Verfügbarkeit 
Kündigungsfrist ist 12 Wochen 

Gehaltswunsch 
Nach Kennenlernen und Absprache

Wunschstandort 
Magdeburg und Umgebung

Fähigkeiten 
• Fachkunde im Strahlenschutz Skelett
• Fachkunde im Strahlenschutz Notfalldiagnostik
• Zusatzbezeichnung Manuelle Medizin
• Zusatzbezeichnung Sportmedizin
• Fortbildung psychosomatische Grundversorgung
• Fortbildung Ernährungsmedizin",alina.krüger@yahoo.de,+49 1381639476,,48113-11-21 00:00:01,1j3qyar73g2cayimei1z1wir3dr454,
453,Wagner,Clara,,contacted,,,,,,,,,,,,,,,,Facharzt,Radiologie,,,clara.wagner@gmail.com,+49 1034660242,,48113-11-21 00:00:01,0cuxm05e4n1isyq94sqa19c7tb51f9,
189,Wolf,Isabella,Dr.,contacted,,,,,,,,,,,,,,,,Facharzt,"Radiologie, Neuroradiologie",,,isabella.wolf@outlook.com,+49 1589128660,,48113-11-21 00:00:01,0tdgmch0551dbkire0gq1zml1xt3rj,
7,Schwarz,Julia,,contacted,,,,,,,,,,,,,,,,Facharzt,Orthopädie & UCH,,"02.07.2024 - EB:
Orthopädie Ruhrgebiet, ist offen für Solingen, Ratingen ond co. fährt 3 wochen in den Urlaub, danach steht für Gespräche zur verfügung. Konzentriert sich auf traumatologie kopf bis fuss und besonders schulter.


23.06.2023 - EB:
möchte viel operieren, kein MVZ",julia.schwarz@web.de,+49 1179043477,,48113-11-21 00:00:01,2625f2xfdp094j8dygd40iuiythe05,
8,Koch,Julia,,interested,,,,,,,,,,,,,,,,Facharzt,Orthopädie & UCH,,will noch KH 5 Jahre machen als OA,julia.koch@outlook.com,+49 1319215825,,48113-11-21 00:00:01,1m9dil2pfv0of9nudrp50a3o0x7md9,
26,Meyer,Laura,Dr.,contacted,,,,,,,,,,bayern,,Bayern,,Oberarzt,"Ltd. OA, Standortleiter",Facharzt,Orthopädie & UCH,,,laura.meyer@web.de,+49 1390718559,,48113-11-21 00:00:01,06djwhc5mx2bcx9xzq0l0w1wvgwdr7,
25,Hoffmann,Sophie,Dr.,interested,,,,,,,,,,nordrhein-westfalen,,NRW,,Ltd. OA,"Ltd. OA, Chefarzt, Standortleiter",Facharzt,Orthopädie & UCH,,"24.10.2022 - evgeny:
Sucht eine Praxis zur Übernahme, aber ist einer Praxisstelle auch offen gegenüber, wenn man Ihm an die 180k€ im Jahr bietet.

Fähigkeiten 
-Spezielle UCH
-D-Arzt
-Endoprothetik
-Schwerpunkt UCH",sophie.hoffmann@yahoo.de,+49 1691045237,,48113-11-21 00:00:01,0up2n00kqc0n6n7sdm6r2h5jaudln8,
38,Koch,Alina,Dr.,interested,,,,,,,,,,DE,True,"ganz Deutschland, Baden-Württemberg",,Oberarzt,"Ltd. OA, Chefarzt, Standortleiter, Gesellschafter","Facharzt, Doppelfacharzt","Radiologie, Strahlentherapie",Heidelberg oder nur bei Teilhaberschaft,"sH LinkedIN: 17.01.2025: 
Mir ist die Fachrichtung bei einer Beteiligung nicht so wichtig, es geht mir primär darum dass man auch eine Perspektive und Motivation hat seinen Bereich weiterzuentwickeln und an dem Erfolg der Praxis partizipieren zu können. Aktuell haben wir halt noch zusätzlich die erschwerende Situation, dass eine neue Abrechnungsordnung kommen wird, die die Gerätemedizin um bis zu 30% finanziell schlechter stellen wird. Das macht eine Entscheidung sich niederzulassen oder dort anstellen zu lassen leider nicht gerade einfacher.",alina.koch@outlook.com,+49 1035743304,,2024-08-07 23:59:00,0iiq1df6bp0iw9nkrzru1p1weh5lc0,LinkedIn
39,Müller,Lisa,,interested,,,,,,,,,,"münster, nordrhein-westfalen",,NRW,,Facharzt,"Ltd. OA, Chefarzt, Standortleiter, Gesellschafter",Doppelfacharzt,"Radiologie, Strahlentherapie",Münster und Umgebung,"ist DoppelFA Rad und Strahlen
SP MRT, kann auch CT und Rö
kein Sono,Mamma,Prostata, Herz
hat TZ 32 Std. und 180k 
Fam ist in Münster, pendelt jeden Tag nach Soest 2h über Land
Leitung muss nicht
Kann auch Praxis kaufen in Münster und Umgebung
ist 56 J. alt.",lisa.müller@yahoo.de,+49 1884894841,,2025-05-21 23:59:00,0t9tuesyhs0rq9sj9y882a2hx7vze6,Tel.
3,Richter,Alina,,contacted,,,,,,,,,,,,,,,,Facharzt,Orthopädie & UCH,,,alina.richter@gmail.com,+49 1126050705,,48113-11-21 00:00:01,0kwzhs38fj1j6rayv4rn2iqwq47rff,
4,Meyer,Mara,Dr.,contacted,,,,,,,,,,,,,,,,Facharzt,Orthopädie & UCH,,,mara.meyer@yahoo.de,+49 1875310841,,48113-11-21 00:00:01,0aqjz9yydl2mylfmyh0h0ktawpemx2,
627,Richter,Paula,,interested,,,,,,,,,,,,,,,,Facharzt,Radiologie,,,paula.richter@web.de,+49 1260340353,,48113-11-21 00:00:01,03tb5b8p9w1j7396j8m31xbizu95a1,
1,Wagner,Paula,,,,,,,,,,,,,,,,,,,,,,paula.wagner@gmail.com,+49 1044967735,,48113-11-21 00:00:01,,
40,Hartmann,Lea,,interested,,,,,,,,,,,True,,,,,MTRA,"Radiologie, Strahlentherapie",hat such über Lin beworben,"wohnt in Schweden
Ganz Germany
gerne Housing am Anfang
Free to move",lea.hartmann@yahoo.de,+49 1637177645,,2025-07-18 23:59:00,0fbjx7o26014gyrx7u190cnm2u5sdi,Email
41,Bauer,Sophie,Dr.,interested,,,,,,,,,,,,,,Standortleiter,"Standortleiter, Gesellschafter",Facharzt,Strahlentherapie,ist Leiter will Beteiligung,s.h. Email Katiran CDT West.,sophie.bauer@web.de,+49 1268617826,,2025-08-22 23:59:00,0i186usvb313q99b88zu0czrrkeek7,Email
60,Hoffmann,Johanna,Dr.,contacted,,,,,,,,,,,,,,,,Facharzt,Strahlentherapie,,aktuell 02/2021 kein Interesse,johanna.hoffmann@gmail.com,+49 1080875917,,48113-11-21 00:00:01,1ocl9qnio81cwgoeo7ks2nkl9wnp06,
61,Klein,Elena,Dr.,contacted,,,,,,,,,,,,,,,,Facharzt,Strahlentherapie,,,elena.klein@gmail.com,+49 1448125688,,48113-11-21 00:00:01,1eyov4odz81a7kmfglka0yzt752fas,
827,Weber,Nina,,,,,,,,,,,,,,,,,,,,,,nina.weber@yahoo.de,+49 1242636801,,48113-11-21 00:00:01,,
828,Wagner,Paula,,,,,,,,,,,,,,,,,,,,,,paula.wagner@gmail.com,+49 1044967735,,48113-11-21 00:00:01,,
52,Weber,Lena,,interested,,,,,,,,,,,,,,,,Facharzt,Strahlentherapie,,"05.09.2024 - TP:
CDT West Absage 180k 70% 21.06. Vor Ort Termin
Kliniken Köln Merheim Absage    Team ist voll
Radprax Absage   27.06. Tel. mit Jung. Bunker muss noch gebaut werden. Ausschreibung nur so für Zukunft. Suchen aktuell Nuk
med360 Warten   19.07. will abwarten

08.12.2023 - TP:
1. Ein erfahrener Facharzt für Strahlentherapie hatte sich erkundigt, ob Sie vielleicht jemanden mit viel Erfahrung und mit spezieller Expertise im Bereich der Prostata-Brachytherapie für Ihre Abteilung der Strahlentherapie suchen? 

s.h. Anmerkung",lena.weber@yahoo.de,+49 1647182409,,48113-11-21 00:00:01,22r6rsoso51vzy2zcfhb00k2luf32c,
53,Krüger,Anna,Dr.,contacted,,,,,,,,,,,,,,,,Facharzt,Strahlentherapie,,,anna.krüger@web.de,+49 1838454157,,48113-11-21 00:00:01,1mhxnsbsms25pe40nw8v1rog9lx9su,
54,Zimmermann,Isabella,Dr.,contacted,,,,,,,,,,,,,,,,Facharzt,Strahlentherapie,,aktuell 01/2021 kein Interesse,isabella.zimmermann@yahoo.de,+49 1604540818,,48113-11-21 00:00:01,14rkiq77fy2jrapsjox82pcmb3djig,
9,Fischer,Isabella,Dr.,interested,,,,,,,,,,,,,,Ltd. OA,"Ltd. OA, Chefarzt, Standortleiter",Facharzt,Orthopädie & UCH,"Fähigkeiten 
• Spezielle Unfallchirurgie
• PHTLS /ATLS / TDSC – Provider
• Qualifikation Leitender Notarzt
• Expertenzertifikat Fußchirurgie
• Ständiger Durchgangsarzt Vertreter
• Hauptoperateur und Koordinator im Endoprothetilkzentrum
• Leiter und Koordinator im Traumazentrum
• Zertifizierung Knorpeltransplantation","17.10.2022 - evgeny:

Chefarztkandidat, flexibel
______________________________________________

Position Leitender Oberarzt für Unfallchirurgie und Orthopädie 

Wohnort Essen

Verfügbarkeit Kündigungsfrist ist 3 Monate

Gehaltswunsch Nach persönlichem Kennenlernen und Vereinbarung

Wunschstandort  Flexibel und Umzugsbereit

Motivation Dr. Stewen hatte in der Vergangenheit den Chefarztposten nicht wirklich in Betracht gezogen, doch er merkt mittlerweile, dass er viel mehr erreichen kann und will, wenn er den nächste Karriereschritt geht. 

Fähigkeiten 
• Spezielle Unfallchirurgie
• PHTLS /ATLS / TDSC – Provider
• Qualifikation Leitender Notarzt
• Expertenzertifikat Fußchirurgie
• Ständiger Durchgangsarzt Vertreter
• Hauptoperateur und Koordinator im Endoprothetilkzentrum
• Leiter und Koordinator im Traumazentrum
• Zertifizierung Knorpeltransplantation

Zusammenfassung
Dr. Stewen ist seit knapp 4 Jahren der leitende Oberarzt in einer Klinik für Orthopädie und Unfallchirurgie. Neben seiner Tätigkeit als Hauptoperateur und Koordinator im Endoprothetilkzentrum und Leitung und Koordination im Traumazentrum hat Dr. Stewen noch die Qualifikation als Leitender Notarzt, D-Arzt und die Zusatzbezeichnung Spezielle Unfallchirurgie vorzuweisen. Dr. Stewen war früher nicht wirklich auf ein Chefarztposten aus, merkt aber mittlerweile, dass er viel mehr erreichen kann und will, wenn er den nächste Karriereschritt geht. Dr. Stewen würde gerne zu einem Arbeitgeber wechseln, der Ihm die Chance bietet, sein Engagement, sowie ausgeprägte Organisationsstärke einsetzen zu können. Dr. Stewen ist an seinem Wohnort nicht sehr verwurzelt, darum wäre er unter Umständen, bei einem sehr passenden Angebot auch Umzugs bereit. Der Kandidat hat an der ausgeschriebenen Stelle sehr großes Interesse bekundet und würde sich gerne näher vorstellen, sowie weitere Details über die Möglichkeiten und Chancen im Unternehmen erfahren. Dr. Stewen steht Ihnen für erste Gespräche gerne zur Verfügung.",isabella.fischer@gmail.com,+49 1708053943,,48113-11-21 00:00:01,1m3v0gcnuh0lmfqdo6n418thlezvo2,
10,Zimmermann,Julia,,contacted,,,,,,,,,,,,,,,,Facharzt,Orthopädie & UCH,,"23.06.2023 - EB:

Rheinland ist Ihm zu weit weg, ist an Koblenz gebunden

skills:
-ZB Sportmedizin
-ZB Notfallmedizin
-ZB Manuelle Medizin",julia.zimmermann@web.de,+49 1016871652,,48113-11-21 00:00:01,049oh2o8h80f7pmdxo2x0dbab07jja,
11,Richter,Alina,Dr.,contacted,,,,,,,,,,,,,,,,Facharzt,Orthopädie & UCH,,"24.10.2022 - evgeny:
Beginnt eine neue Stelle ab den 1.4.23 ,sollte sich was ändern kommt er auf und zu. 14.10.22",alina.richter@outlook.com,+49 1714228702,,48113-11-21 00:00:01,2d6gyisz2o251zz85zsb0sliv29rjk,
12,Klein,Isabella,Dr.,interested,,,,,,,,,,,,,,,,Facharzt,Orthopädie & UCH,,"19.10.2022 - evgeny:

aktuelle Position: OA 
aktueller Arbeitgeber: Helios Krefeld

Wunschposition:
Wechselmotivation: 

aktuelles Gehalt: mit 100% über 210.000 inkl. Dienste und AT Leistung 
Wunschgehalt: 

Verfügbarkeit zeitlich: ab 31.01.2023
Verfügbarkeit räumlich: 30 min um Krefeld

Wo schon selbst beworben:

70-80% Pensum gewünscht
macht noch Handchirurgie 
seit 2018 OA 
6 monate Kündigungsfrist",isabella.klein@yahoo.de,+49 1019251918,,48113-11-21 00:00:01,2nlpqz9b8g0fuzfjrr7g07qp36zpju,
13,Schulz,Isabella,,interested,,,,,,,,,,,,,,,,Facharzt,Orthopädie & UCH,"Fähigkeiten 
• Facharzt für Unfallchirurgie und Orthopädie
• Zusatzbezeichnungen Fußchirurgie 
• Zusatzbezeichnungen Physikalische Therapie
• Ständiger D-Arzt Vertreter 
• Traumatologie und rekonstruktiven Chirurgie 
• Schwerverletztenversorgung
• 5-jährige Erfahrung in Gefäßchirurgie
• Beckenchirurgie
• Beauftragter für den Strahlenschutz
• Medizinische Bilddatenverarbeitung
• Umfangreiche Gutachtertätigkeit","25.10.2022 - evgeny:

In Bayreuth vorgestellt, man möchte Ihn kennenlernen!
_____________________________________
-Er ist eher ein Chirurg als Orthopäde.
-sehr interessiert an Bayreuth
-hat im letzten Monat seine Arbeitsstelle bei der Unikliniken Kiel  wegen fehlender Wertschätzung und nicht mehr zeitgemäßen Vergütung gekündigt und  ist aktuell auf der Suche nach neuer Herausforderung in einem Praxisumfeld, mit möglichst viel operativer Tätigkeit.
-Ab sofort verfügbar-
______________________________________
Position 
Facharzt/Oberarzt für Chirurgie und Unfallchirurgie sowie Orthopädie und Unfallchirurgie, Zusatzbezeichnungen Fußchirurgie und Physikalische Therapie

Wohnort 
Gettorf

Verfügbarkeit 
ab Sofort verfügbare

Gehaltswunsch 
Ca. 150.000 € /Jahr (+/-)

Wunschstandort Bayreuth (flexibel)

Fähigkeiten 
• Facharzt für Unfallchirurgie und Orthopädie
• Zusatzbezeichnungen Fußchirurgie 
• Zusatzbezeichnungen Physikalische Therapie
• Ständiger D-Arzt Vertreter 
• Traumatologie und rekonstruktiven Chirurgie 
• Schwerverletztenversorgung
• 5-jährige Erfahrung in Gefäßchirurgie
• Beckenchirurgie
• Beauftragter für den Strahlenschutz
• Medizinische Bilddatenverarbeitung
• Umfangreiche Gutachtertätigkeit

ZUSAMMENFASSUNG
Dr. Trompetter arbeitet zu Zeit als Oberarzt in einer Uniklinik mit dem Schwerpunkt in  Polytraumaversorgung, Beckenchirurgie, Handchirurgie, Fußchirurgie, und Korrektur von Beindeformitäten. Er ist ein sehr erfahrenerer Unfallchirurg mit Zusatzbezeichnungen in Fußchirurgie und Physikalische Therapie. Der Kandidat hat auch unteranderem die Leitung der Abteilung in Fußchirurgie übernommen und ist seit 2014 ständiger D-Arzt Vertreter. Der Kandidat hat im letzten Monat seine Arbeitsstelle bei der Unikliniken Kiel  wegen fehlender Wertschätzung und nicht mehr zeitgemäßen Vergütung gekündigt und  ist aktuell auf der Suche nach neuer Herausforderung in einem Praxisumfeld, mit möglichst viel operativer Tätigkeit. Er sucht nach einem Arbeitgeber der seine langjährige Berufserfahrung und seine Fähigkeiten entsprechend würdigt. Dr. Trompetter hat sich sehr interessiert an der Stelle in Bayreuth gezeigt und würde super gerne mehr über Ihr Unternehmen und gegebene Möglichkeiten erfahren.
Der Kandidat ist Umzugsbereit und am Standort Bayreuth sehr interessiert, und steht Ihnen ab sofort zur Verfügung, sowohl für Gespräche als auch für einen möglichst schnellen Arbeitsantritt.",isabella.schulz@yahoo.de,+49 1115170699,,48113-11-21 00:00:01,1p2hk88nqk167ghfpz7d2h2ktocq3c,
14,Schmidt,Maria,Dr.,contacted,,,,,,,,,,,,,,,,Facharzt,Orthopädie & UCH,,,maria.schmidt@outlook.com,+49 1249098157,,48113-11-21 00:00:01,0dq0r24ekh0j5beve1wh2jmlg5u2hw,
15,Becker,Sophie,Dr.,contacted,,,,,,,,,,,,,,,,Facharzt,Orthopädie & UCH,,,sophie.becker@gmail.com,+49 1130980466,,48113-11-21 00:00:01,22ybhq9unl2kgemb157w0ivkjkivnx,
16,Schmidt,Lisa,Dr.,interested,,,,,,,,,,,,,,,,Facharzt,Orthopädie & UCH,,Orthopädie und Unfallchirurgie Schmerztherapie Wirbelsäulentherapie,lisa.schmidt@outlook.com,+49 1933668657,,48113-11-21 00:00:01,0bccx0kgi91bm8plyybd2m5f7cxcdg,
17,Müller,Mila,Dr.,contacted,,,,,,,,,,,,,,,,Facharzt,Orthopädie & UCH,,,mila.müller@yahoo.de,+49 1083225200,,48113-11-21 00:00:01,04d70q4a3s0xhdo4yewu1nci5rvwuv,
18,Müller,Julia,Dr.,contacted,,,,,,,,,,,,,,,,Facharzt,Orthopädie & UCH,,ist Chefarzt - sucht selbst,julia.müller@outlook.com,+49 1984557283,,48113-11-21 00:00:01,0s1152sd9y2f31wi3q9u110ly6vem1,
19,Krüger,Emma,Dr.,contacted,,,,,,,,,,,,,,,,Facharzt,Orthopädie & UCH,,kein Interesse an Bayreuth,emma.krüger@web.de,+49 1931027611,,48113-11-21 00:00:01,2d7hef9a1l29ojqbub4r1u932vtpxd,
20,Schneider,Paula,,contacted,,,,,,,,,,,,,,Chefarzt,"Chefarzt, Standortleiter",Facharzt,Orthopädie & UCH,,"10.07.2023 - EB:
chefarzt

Sprachen:
Deutsch
Muttersprache oder zweisprachig
Russisch
Verhandlungssicher
Englisch
Französisch
Italienisch",paula.schneider@yahoo.de,+49 1184228116,,48113-11-21 00:00:01,0nry0ac5ym28w03kxl2c0esv80p5qr,
21,Wagner,Lena,,interested,,,,,,,,,,,,,,Ltd. OA,"Ltd. OA, Chefarzt, Standortleiter",Facharzt,Orthopädie & UCH,,"29.11.2022 - EB:

Behandlung von Wirbelsäulenerkrankungen aller Art mit Schwerpunkt der operativen minimal-invasiven Technik und komplexe Wirbelsäulenchirurgie sowie Revisionseingriffe.

Fähigkeiten
Zusatzbezeichnung Sportmedizin
Fachkunde Strahlenschutz
Prüfarzt in klinischen Studien",lena.wagner@outlook.com,+49 1519783356,,48113-11-21 00:00:01,23phs0bjbq2miz9ximtp0w78iy22jt,
22,Fischer,Julia,,contacted,,,,,,,,,,,,,,,,Facharzt,Orthopädie & UCH,,,julia.fischer@yahoo.de,+49 1118106098,,48113-11-21 00:00:01,077196g8f81l40636bmo1s9339y9ma,
23,Wagner,Maria,Dr.,contacted,,,,,,,,,,,,,,,,Facharzt,Orthopädie & UCH,,,maria.wagner@web.de,+49 1945840039,,48113-11-21 00:00:01,1ngcm0kanw2q6yl6g5mh2bgmvbsmpn,
24,Wolf,Alina,,interested,,,,,,,,,,,,,,,,Facharzt,Orthopädie & UCH,"Fähigkeiten
• Zusatzbezeichnung Sportmedizin
• Praxistätigkeit Erfahrung
• Zusatzqualifikation „AGA-Arthroskopeur‘‘
• Zusatzqualifikation „DFB- Fußballmedizin‘‘ (in Weiterbildung)
• Zusatzqualifikation „DKG-Kniechirurg‘‘ (in Weiterbildung)
• Zusatzbezeichnung Manuelle Medizin
• ATLS – Provider","28.11.2022 - EB:

Position
Facharzt für Unfallchirurgie und Orthopädie

Wohnort
Düsseldorf

Verfügbarkeit
Kündigungsfrist ist 12 Wochen

Gehaltswunsch
Ab 150.000 € /Jahr

Wunschstandort
Düsseldorf und Umgebung

Motivation
Aktuell werden fast alle operativen Eingriffe von Chefs persönlich durchgeführt und es gibt kaum Freiheiten in seiner Tätigkeit. Aus diesen Gründen sucht der Kandidat nach neuen Optionen mit mehr Freiraum für operative Tätigkeit. Der Kandidat kommt aus Düsseldorf, sodass Standorte Solingen, Ratingen oder Haan von größerem Interesse sein könnten.

Fähigkeiten
• Zusatzbezeichnung Sportmedizin
• Praxistätigkeit Erfahrung
• Zusatzqualifikation „AGA-Arthroskopeur‘‘
• Zusatzqualifikation „DFB- Fußballmedizin‘‘ (in Weiterbildung)
• Zusatzqualifikation „DKG-Kniechirurg‘‘ (in Weiterbildung)
• Zusatzbezeichnung Manuelle Medizin
• ATLS – Provider

Zusammenfassung
Dr. Zafeiris arbeitet zu Zeit bereits in MVZ Sporthomedic Köln, mit dem Schwerpunkt „Knie und Schulter“. Aktuell werden fast alle operativen Eingriffe von Chefs persönlich durchgeführt und es gibt kaum Freiheiten in seiner Tätigkeit. Aus diesen Gründen sucht der Kandidat nach neuen Optionen mit mehr Freiraum für operative Tätigkeit. Der Kandidat kommt aus Düsseldorf, sodass Standorte Solingen, Ratingen oder Haan von größerem Interesse sein könnten. Zu Med360grad hat sich Dr. Zafeiris sehr interessiert gezeigt und würde sich sehr gerne bei Ihnen vorstellen und nähere Informationen zu den Perspektiven bei Med360 erfahren.
Dr. Zafeiris steht Ihnen ab sofort für erste Gespräche zur Verfügung.",alina.wolf@yahoo.de,+49 1541965429,,48113-11-21 00:00:01,0v4q2givxo21eh0bgrqk1qzq8uj7cu,
55,Weber,Clara,Dr.,contacted,,,,,,,,,,,,,,,,Facharzt,Strahlentherapie,,Rhein-Main-Gebiet beschränkt,clara.weber@yahoo.de,+49 1728905135,,48113-11-21 00:00:01,1w73gbnugs1jzose6lgu0wbprg03oo,
56,Schwarz,Johanna,Dr.,contacted,,,,,,,,,,,,,,,,Facharzt,Strahlentherapie,,,johanna.schwarz@yahoo.de,+49 1297960141,,48113-11-21 00:00:01,11r8u5u7nk2nd8qepx2d0mmbgi2w13,
30,Wagner,Sophie,Dr.,interested,,,,,,,,,,,,,,,,Doppelfacharzt,"Radiologie, Nuklearmedizin, Strahlentherapie",,Trippelfacharzt - Chefarzt - Gerne Süddeutschland aber auch überall,sophie.wagner@yahoo.de,+49 1890724965,,48113-11-21 00:00:01,2aoxj5bpb80l0ul5daqv00qzk17vzq,
31,Klein,Alina,Dr.,contacted,,,,,,,,,,,,,,,,"Facharzt, Doppelfacharzt","Nuklearmedizin, Strahlentherapie",Rhein-Main und Süddeutschland - auch TZ,24.06.2024 - TP:Speyer in Rheinland-Pfalz und eine Arbeitsstelle im Raum Süddeutschland bis zu einem einfachen Fahrtweg von 2 Stunden  s.h. Emails,alina.klein@web.de,+49 1840739379,,48113-11-21 00:00:01,0rzzis3cmj0f0wvveut91jfhdlufez,
32,Fischer,Emma,Dr.,interested,,,,,,,,,,,,,,,,"Assistenzarzt, Facharzt","Radiologie, Strahlentherapie",DoppelFA Radiologie und Strahlentherapie,2022: Hat einen neuen Job angenommen,emma.fischer@web.de,+49 1761953455,,48113-11-21 00:00:01,1nytoaxqj22rlz1jqp1z0f4rk8ph7a,
33,Richter,Anna,,contacted,,,,,,,,,,,,,,,,"Assistenzarzt, Facharzt","Radiologie, Strahlentherapie",,,anna.richter@outlook.com,+49 1359880371,,48113-11-21 00:00:01,02jsxqs2em1p0nx2zus70s24ptzye3,
34,Schulz,Mara,Dr.,contacted,,,,,,,,,,,,,,,,"Facharzt, Doppelfacharzt","Radiologie, Strahlentherapie",,"26.04.2024 - TP:
Da Sie nicht mehr in Rosenheim tätig sind würde ich mich gerne unverbindlich und diskret in meinem Netzwerk erkundigen, ob ich Ihnen doch eine Alternative vorstellen kann. Darf ich vorab fragen, ob für Sie nur der Raum München infrage kommt und Sie lieber wieder in einem ambulanten Umfeld (ohne Dienste) tätig sein möchten? 


Vielen Dank für ihr Email. Ich habe Rosenheim inzwischen verlassen, dennoch bitte ich Sie um Diskretion. 
Ich orientiere mich gerade um. Aber da sie ja für Hrn. Mergen arbeiten, denke ich nicht, dass sie mir weiterhelfen können.",mara.schulz@yahoo.de,+49 1197513271,,48113-11-21 00:00:01,1sf3wh2k330xbmq8hofa15zzypx7du,
35,Hoffmann,Laura,Dr.,interested,,,,,,,,,,,,,,Freelancer,,"Facharzt, Doppelfacharzt","Radiologie, Strahlentherapie",DoppelFA Radiologie Strahlentherapie,"15.10.2024 - TP:
Tel. mit Dr. Thoms, leider aktuell noch keine neue Info.
Tel. Mit Segali, leider 75% in Radevormwald geht nicht. 

07.03.2024 - TP:
Tel. und bei Mergen vorgestellt. 
War 14 Jahre Freiberuflich. Zuletzt bei 2 Holdings und enttäuscht weil alles nur noch nach Geld ist. 
Hat früher auch SP Kinderradiologie gemacht
will ab Sommer 2024 wechseln
Umzug ok
SP Schnittbild MRT und CT
Strahlentherapie Schmerztherapie Autovoit Therapie sollte Aufbauen und dann fallengelassen
80-100% Pensum
will länger als 67 arbeiten, mag ihren Beruf
Mo und Fr immer frei - aktuell 60% Stelle",laura.hoffmann@outlook.com,+49 1422667596,,48113-11-21 00:00:01,0k3yliw1qb232dkv07iy2ax27rkl7d,
37,Schneider,Paula,,contacted,,,,,,,,,,,,,,,,Doppelfacharzt,"Radiologie, Strahlentherapie",,,paula.schneider@yahoo.de,+49 1489670290,,48113-11-21 00:00:01,0lcpxrgohu1809cfbejj23fmcwlopi,
57,Koch,Laura,Dr.,interested,,,,,,,,,,,,,,,,Facharzt,Strahlentherapie,,,laura.koch@yahoo.de,+49 1193292301,,48113-11-21 00:00:01,2dx7wo4a8d0j0gck4xyz021ton9j05,
58,Schneider,Isabella,Dr.,interested,,,,,,,,,,,,,,,,Facharzt,Strahlentherapie,,"Könnte man in 1-2 Jahren anrufen, ist frischer OA.",isabella.schneider@yahoo.de,+49 1679208289,,2025-08-28 23:59:00,0s92junk6j1cpr55d7r322mqy8vacn,LinkedIn
59,Koch,Anna,Dr.,interested,,,,,,,,,,,,,,,,Facharzt,Strahlentherapie,,,anna.koch@yahoo.de,+49 1200457766,,48113-11-21 00:00:01,1zssjjyx7911v13bmddp1m69pxo5ax,
36,Schwarz,Emma,Dr.,interested,,,,,,,,,,münchen,,,,,,Doppelfacharzt,"Radiologie, Strahlentherapie",DoppelFA (AA) Strahlen & Radiologie - München,"07.01.2025 - TP:
Freund hat eine Stelle in München bekommen, deswegen kommt Rosenheim nicht infrage. 

15.10.2024 - TP: Wohnt in München. Will DoppelFA machen Strahlen und Radiologie. Braucht noch jeweils 1,5 Jahre. Freund ist AA für Mund & Kiefer GesichtsChirurgie.
will keine Dienste 
hat einen normalen Vertrag mit Kündigungsfrist.",emma.schwarz@yahoo.de,+49 1695935191,,48113-11-21 00:00:01,25pkh56o6d26lkadnpxh08zwjk9png,
63,Bauer,Elena,Dr.,interested,,,,,,,,,,,,,,,,Facharzt,Strahlentherapie,bei Romed vorgestellt,"musste absagen, weil sie es nicht schafft. erneut ansprechen. 

soll am 01.01.2026 anfangen

also erst gab es einen Vertrag für 1.10.2025
nun wohl ab 1.1.2025
 
desweiteren war damals ein Gehalt von 230t/a angegeben worden bei 48h! Woche
nun sind das 200t/a für 48h Woche..
...
 
derzeit 230t/a bei 45h Woche und keine doppelte Haushaltsführung und Pendelstrecke von ca 6-9h 


20.05.2025: Tel mit Mergen, sie sollte 15.05. anfangen aber dann doch auf 01.10. verschoben

07.01.2025 - TP:
RoMed leider nicht möglich. Kann nur den KV Sitz an einen aktuellen AG verkaufen, möchte sie aber nicht. In Kontakt bleiben.

19.09.2024 - TP: will Leiten. Hat einen KV Sitz in NRW KV Nordrhein. Macht auch jetzt mehr als 48h pro Woche
ROMed angeboten und vorgestellt.",elena.bauer@web.de,+49 1144508328,,2025-11-25 23:59:00,0a2aufwpy60scgwb2f52251eh55z3z,
64,Wolf,Emma,Dr.,contacted,,,,,,,,,,,,,,,,Facharzt,Strahlentherapie,,Labormedizin,emma.wolf@outlook.com,+49 1490281841,,48113-11-21 00:00:01,04vsrjglma1xlweqs27x1noqutyom9,
65,Weber,Mara,,contacted,,,,,,,,,,,,,,,,Facharzt,Strahlentherapie,,"18.03.2024 - TP:
Lin RoMed angeboten",mara.weber@outlook.com,+49 1030162033,,48113-11-21 00:00:01,2dzugo2x0p1yv8yio9111dwza1sf75,
66,Schmidt,Nina,Dr.,contacted,,,,,,,,,,,,,,,,Facharzt,Strahlentherapie,,21.11.2022 - TP: Leiter CDT Köln vorgestellt,nina.schmidt@gmail.com,+49 1415350732,,48113-11-21 00:00:01,01ounm1lin0u47isb5bg1xx5e61ny4,
67,Hartmann,Clara,Dr.,contacted,,,,,,,,,,,,,,,,Facharzt,Strahlentherapie,,"04.04.2024 - TP:
Herr Moll war von Ihrem Gespräch und Ihren Ausführungen begeistert! Besonders beeindruck haben ihn Ihre Organisations- und Prozessstrukturierung, sowie der Grad an Digitalisierung und die vorhandenen Modalitäten. Gleichzeitig hat ihn Ihre strategische Ausrichtung für die Zukunft absolut überzeugt. Auch er kann sich eine Mitarbeit in Ihrem Team sehr gut vorstellen und will zum Ende der Woche nur noch mit seiner Freundin alles final abstimmen, um sich anschließend bei Ihnen direkt zu melden. 
Herr Moll hat mich weiterhin gebeten Ihnen mitzuteilen, dass er zu Beginn noch viel über eine Weiterbildung in der Radiologie gesprochen hat. Dies hat jedoch vor dem Hintergrund der Möglichkeiten in Ihrem Team absolut keine Priorität! Viel spannender findet er die Weiterentwicklungsmöglichkeiten in der Strahlentherapie, sodass ich mir während unseres Gesprächs noch ein paar Fragen von ihm notiert habe: 

1. Herr Moll hat erwähnt, dass Sie einen FA-Kollegen aus der Urologie zum Strahlentherapeuten ausgebildet haben. Vor dem Hintergrund seiner wissenschaftlichen Arbeit im Bereich der Prostata wäre eine Zusammenarbeit mit diesem Kollegen für ihr unglaublich interessant. Würde diese Möglichkeit auch von Ihrer Seite bestehen bzw. unterstützt werden? 
2. Herr Moll möchte sich gerne aktiv und fortlaufend weiterbilden, um sich fachlich und persönlich weiterzuentwickeln. Vor diesem Hintergrund hatte er mich gefragt, ob und wie viele Tage man im Jahr für Weiterbildungen zur Verfügung hat und ob/wie diese bezahlt werden? 
3. Gleichzeitig wäre ihm wichtig, dass er versteht, wie man sich in Ihrem Team für Aufgaben mit mehr Verantwortung empfiehlt bzw. welche Faktoren bei der beruflichen Entwicklung (für Leitungsfunktionen) wichtig sind und was dafür von ihm erwartet wird. 
4. Herr Moll hat aktuell eine Kündigungsfrist von 3 Monaten. Gleichzeit besteht für ihn auch die Motivation, den Arbeitgeber um eine frühzeitige Auflösung zu bitten, sodass er falls auch von Ihnen gewünscht, vielleicht auch kurzfristig anfangen könnte.
5. Schließlich hat Herr Moll mir erklärt, dass man als Strahlentherapeut neben der FA Urkunde auch die Fachkunde, sowie die Sachkunde nachweisen (bescheinigt bekommen) muss. Die FA und die Fachkunde hat er bereits. Leider muss er auf die Anerkennung seiner Sachkunde aus Wien bei der Ärztekammer in BW noch warten. Falls die Kammer unerwartet Probleme macht und seine Erfahrung aus Wien nicht anerkennt, bestünde dann die Möglichkeit die Sachkunde in Rosenheim bzw. in Bayern anzuerkennen? Ich hoffe, ich konnte diesen Punkt korrekt wiedergeben und bitte um Entschuldigung, falls ich den Sachverhalt hier nicht genau erklären konnte. 


20.03.2024 - TP:
WB in Radiologie wäre schön aber kein Muss
Familie in Stuttgart, Freundin in Wien
3M Kündigungsfrist
gerne flexibel arbeiten 3*13 oder 4*10 Std. 
Will Bilder verstehen, deswegen Radiologie
mittelfristig Leitung interessant
Bei Mergen vorgestellt",clara.hartmann@yahoo.de,+49 1118398727,,48113-11-21 00:00:01,1gg18bszau1qtwxpdry12149z906rm,
68,Klein,Anna,,contacted,,,,,,,,,,,,,,,,Facharzt,Strahlentherapie,,,anna.klein@outlook.com,+49 1534671494,,48113-11-21 00:00:01,1gcjynl0kg2kvblvbidv0kxf6tzvuo,
69,Hoffmann,Johanna,Dr.,contacted,,,,,,,,,,,,,,,,Facharzt,Strahlentherapie,,,johanna.hoffmann@yahoo.de,+49 1301845751,,48113-11-21 00:00:01,0dj9lv49j80mjr2j3qjb0vyuwqho0f,
70,Schmidt,Klara,,contacted,,,,,,,,,,,,,,,,Facharzt,Strahlentherapie,,kein CDT West,klara.schmidt@outlook.com,+49 1305408603,,48113-11-21 00:00:01,0png0wcebm0a3z71ctcv2dnsqhokts,
72,Schulz,Sarah,Dr.,interested,,,,,,,,,,,,,,,,Facharzt,Strahlentherapie,,,sarah.schulz@gmail.com,+49 1548903000,,48113-11-21 00:00:01,1q3d8zbdaa2dtzl021xg1lrdbx2gng,
75,Fischer,Clara,,interested,,,,,,,,,,,,,,,,Facharzt,Strahlentherapie,,,clara.fischer@web.de,+49 1196036707,,48113-11-21 00:00:01,0lyi1xdabs05zu27xfg11g9zkg2bx1,
76,Becker,Isabella,Dr.,contacted,,,,,,,,,,,,,,,,Facharzt,Strahlentherapie,,,isabella.becker@gmail.com,+49 1917745926,,48113-11-21 00:00:01,1fktuiwp4w0u4xwvtwmv1gl3sfgp7o,
77,Schmidt,Anna,Dr.,contacted,,,,,,,,,,,,,,Ltd. OA,,Facharzt,Strahlentherapie,,,anna.schmidt@yahoo.de,+49 1967611852,,48113-11-21 00:00:01,0dbkwqbv5u0rgdonmm7s080u0mmcns,
79,Krüger,Julia,,contacted,,,,,,,,,,,,,,,,Facharzt,Strahlentherapie,,,julia.krüger@yahoo.de,+49 1831188231,,48113-11-21 00:00:01,293w5f6dbg2gybnv4pgu0hf084e6nq,
80,Wolf,Elena,Dr.,contacted,,,,,,,,,,,,,,,,Facharzt,Strahlentherapie,,,elena.wolf@web.de,+49 1920154981,,48113-11-21 00:00:01,1mj1n1z7in2209jtxsaa0umoevexwz,
81,Becker,Klara,Dr.,interested,,,,,,,,,,,,,,,,Facharzt,Strahlentherapie,,ist auch selbstständig,klara.becker@web.de,+49 1358907865,,48113-11-21 00:00:01,11hw823eqg0eu3efk9lp08b6pihgam,
82,Schulz,Maria,,contacted,,,,,,,,,,,,,,,,MTRA,Strahlentherapie,,Interesse an Strahlentherapie/Qualitätsmanage in Hamburg,maria.schulz@outlook.com,+49 1382507582,,48113-11-21 00:00:01,15modlxhf10xk04ilzwm1ia4c427pz,
83,Müller,Emma,Dr.,interested,,,,,,,,,,,,,,Freelancer,,Facharzt,Strahlentherapie,will leitende Position,"18.09.2024 - TP:
will für FA 190k 
wenn er Leiter ist dann 180k
Umzug OK, lieber NRW
ab 01.12.2024",emma.müller@gmail.com,+49 1008655815,,48113-11-21 00:00:01,1vcbi8kck82pmp09uan81mt11c3tzq,
84,Fischer,Klara,Dr.,contacted,,,,,,,,,,,,,,Chefarzt,"Chefarzt, Standortleiter",Facharzt,Strahlentherapie,,,klara.fischer@outlook.com,+49 1119329403,,48113-11-21 00:00:01,2dxoamyt40045ruyx4wp0gkv06rrx5,
85,Weber,Elena,Dr.,interested,,,,,,,,,,,,,,,,Facharzt,Strahlentherapie,Raum Rhein-Main,"22.11.2022 - TP: Leiter in Köln angeboten 

vielen Dank für das interessante Job-Angebot. Da ich aus privaten Gründen an das Rhein-Main gebiet gebunden bin, kommt allerdings ein Wechsel in die Region Köln aktuell für mich leider nicht in Frage.

wenn Sie eine entsprechende Stelle in Pendel-Reichweite des Rhein-Main Gebietes im Angebot haben, würde ich mich natürlich über eine Kontaktaufnahme durch Sie freuen.",elena.weber@gmail.com,+49 1129151018,,48113-11-21 00:00:01,0of5ug9zwb0no9sxtmp521f5fb024b,
86,Hoffmann,Lena,,interested,,,,,,,,,,,,,,,,Facharzt,Strahlentherapie,,"21.12.2022 - TP:
ich danke Ihnen für die Kontaktaufnahme und das Angebot.  Ich bin momentan noch familiär an den Raum Baden-Württemberg gebunden. Die Stelle ist aber eher in Nordrheinwestphalen, oder?
Ich würde mich aber zukünftig durchaus über ähnliche Angebote freuen und wünsche Ihnen einen schönen Tag

in Baden-Württemberg",lena.hoffmann@web.de,+49 1595527876,,48113-11-21 00:00:01,1p39h0ga2x18g97ag75b0vl7mncsme,
87,Becker,Alina,,interested,,,,,,,,,,,,,,,,Facharzt,Strahlentherapie,,10/2021 kein Interesse,alina.becker@outlook.com,+49 1061017982,,48113-11-21 00:00:01,2800mk2j8s2nxmrx4r6s1is995c08i,
88,Bauer,Paula,Dr.,contacted,,,,,,,,,,,,,,,,Facharzt,Strahlentherapie,,"war an der Uni Bonn und ist jetzt in Verhandlung als Partner, kennt Dr. Katiran",paula.bauer@yahoo.de,+49 1521449779,,48113-11-21 00:00:01,1eu7263ow822lasc9moj1jhi857lqs,
89,Weber,Lea,,interested,,,,,,,,,,,,,,,,Facharzt,Strahlentherapie,,"02.05.2024 - vmartynenko: LINKEDIN:

""Sehr geehrter Herr Martynenko,

Vielen Dank für ihre Anfrage!
Rosenheim ist mir aktuell zu weit entfernt und für mich nicht interessant. Sollten sie Vakanzen im Raum München,Augsburg und Ulm haben dann können sie sich gerne nochmals melden.
Mit freundlichen Grüßen
Matthias Zähringer""",lea.weber@yahoo.de,+49 1327834623,,48113-11-21 00:00:01,0yt8ctpdk605kyfyjv7b2hjkjx58lv,
190,Müller,Lisa,Dr.,contacted,,,,,,,,,,,,,,,,Facharzt,"Radiologie, Neuroradiologie",,,lisa.müller@gmail.com,+49 1189679555,,48113-11-21 00:00:01,1a2lj6ssha110kcqtljr0qql1np1yk,
94,Müller,Clara,PD Dr.,contacted,,,,,,,,,,,,,,Oberarzt,"Ltd. OA, Chefarzt, Standortleiter",Facharzt,Strahlentherapie,FA Strahlentherapie,,clara.müller@web.de,+49 1530914556,,2025-12-08 23:59:00,02wd09mi7h0i6ms2q0ah279fjj0a3c,LinkedIn
95,Krüger,Klara,"Dr.
oder dennis.lier77@t-online.de",contacted,,,,,,,,,,,,,,Oberarzt,"Ltd. OA, Chefarzt","Facharzt, Doppelfacharzt","Radiologie, Neuroradiologie, Nuklearmedizin",aktuell 04/2025 nein,"13.03.2025: Alex: Kontakt via Linkedin, sucht momentan nicht 

13.02.2023 - TP:
Als leitender Oberarzt der interventionellen Radiologie habe ich generell natürlich Interesse an solch einem Angebot, jedoch bin ich derzeitig in meiner aktuellen Position sehr gefestigt und will diese nicht verlassen.

Gerne können Sie mich in Zukunft weiter kontaktieren für weitere Anfragen,",klara.krüger@gmail.com,+49 1946680919,,2025-03-13 23:59:00,1eetm0tp2s19eb5q1yop27xebg97on,LinkedIn
96,Richter,Klara,,contacted,,,,,,,,,,,,,,,,Doppelfacharzt,"Radiologie, Nuklearmedizin",,"06.03.2020 - TP:
verwandt mit Krenare Ademaj. Auf Lin hinzugefügt aber keine Antwort. 
11.11.2020_ Tel mit Krenare. Schwester arbeitet an der Uniklinik München in der Nuklearmedizin und will erst in den 2 Jahren einen Schein dort machen und dann wechseln. - angehende Doppelfachärztin",klara.richter@yahoo.de,+49 1779253707,,48113-11-21 00:00:01,2jqi5jxutg0003xzxi3w1ik86snrom,
97,Wolf,Anna,,Hot / is searching,,warte auf Rückmeldung,,,,,,,,,,,,,,"Facharzt, Doppelfacharzt","Radiologie, Nuklearmedizin",FA Nuk WB Rad,"01.07.2024 - TP: Tel. 
in Ulm studiert
macht bis Ende 2024 FA in Nuk
dann nur noch 2 Jahre für FA in Radiologie
will ab 01.01.25 AA in Radiologie um DoppelFA zu machen.",anna.wolf@web.de,+49 1840058443,,2025-12-15 23:59:00,2eeol3kg5z0hx8n2jpf42lefsq2s8a,Email
100,Meyer,Alina,Dr.,interested,,ist interessiert und bereit!,,,,,,,,,,,,Freelancer,,"Facharzt, Doppelfacharzt","Radiologie, Nuklearmedizin",DoppelFA - Freelancer,"08.04.2024 - TP:
Sehr geehrte Kollegen,
 
ich bin Facharzt für Radiologie und Facharzt für Nuklearmedizin.
Ich könnte Verrrtungen bei Ihnen übernehmen.
 
Priv.-Doz Dr. med Hanno Botsch
Tennenbacher Str,50a
79106 Freiburg
Tel. 0761- 48991976 oder 01739239879
 
--
Mit freundlichem Gruß

Hanno Botsch",alina.meyer@web.de,+49 1914581418,,2025-04-03 23:59:00,2nfd64wm5c28vooeetj01hwabl2pdx,Email
103,Becker,Maria,,contacted,,,,,,,,,,,,,,,,Facharzt,"Radiologie, Nuklearmedizin",,"FA Radiologie, AA Nuklearmedizin",maria.becker@outlook.com,+49 1948614973,,48113-11-21 00:00:01,2n28fu8ym11qw851dxb32e5de0yca0,
191,Schwarz,Mara,Dr.,interested,,,,,,,,,,,,,,,,Facharzt,"Radiologie, Neuroradiologie",Interventionelle Radiologie,,mara.schwarz@yahoo.de,+49 1478003826,,48113-11-21 00:00:01,1cije0be8b08vio0ygwn1zs5ywzgrw,
192,Weber,Julia,Dr.,contacted,,,,,,,,,,,,,,,,Facharzt,"Radiologie, Neuroradiologie",,,julia.weber@yahoo.de,+49 1913619551,,48113-11-21 00:00:01,2b2r0ufia02i1jg0i6wb001xt4ozi6,
101,Neumann,Mila,Dr.,interested,,,,,,,,,,hamburg,,Hamburg,,"Facharzt, Freelancer","Chefarzt, Standortleiter","Facharzt, Doppelfacharzt","Radiologie, Nuklearmedizin",ist bei Conradia,"zu Tele-Nuk: Ist nebenberflich OA in Norwegen. Kennt dort 2 Kollegin und Kollegen, sind an der Uni in Oslo am PET/CT – sprechen Deutsch, für die das auch sehr interessant wäre. 
Befund dauert ca. 1 Std. als Radiologe verdient man ca. 200 pro Std. Teleradiologie, weil ca. 50-60€ pro Fall.
Er könnte ca. 5 Std pro Woche machen + die Kollegin könnte ca. 20 Std. pro Woche + Kollege
Man hat 2 Monitore + PC
1 mal pro halbjahr werden diese per fernaufschaltung gecheckt und 1 mal täglich von ihm selbst. 
Weöches PACS? Portal?",mila.neumann@gmail.com,+49 1121761165,,2025-03-27 23:59:00,0tuqwyknv01t0nidzip51gnd2naya8,Tel.
90,Hartmann,Nina,,contacted,,,,,,,,,,nordrhein-westfalen,,NRW,,,"Ltd. OA, Standortleiter",Facharzt,Strahlentherapie,,"20.03.2024 - TP:
bitte entschuldigen Sie, dass meine Rückmeldung ausblieb. Der Standort liegt in Bayern, das ist für mich ein Ausschlusskriterium. Weiterhin waren mir die 3,5 Kassensitze verteilt auf 16 Ärzten aufgefallen. 
Die Position ist für mich also leider nicht interessant.",nina.hartmann@outlook.com,+49 1903323159,,48113-11-21 00:00:01,2cwqpj3hwe113o495zve28pl0tlnk7,
91,Schwarz,Anna,Dr.,interested,,,,,,,,,,nordrhein-westfalen,,NRW,,Standortleiter,"Chefarzt, Standortleiter",Facharzt,Strahlentherapie,,,anna.schwarz@outlook.com,+49 1650913335,,48113-11-21 00:00:01,27x3s0zbcd0c2mjrqp3b1ex0dz2ob6,
99,Krüger,Mara,Dr.,interested,,ist interessiert,,,,,,,,"CH, münchen",,,,,,"Facharzt, Doppelfacharzt","Radiologie, Nuklearmedizin",München oder Schweiz,26.07.2024 - TP: gerne Teilhaber aber nur der Grossraum München in Deutschland in Frage und hier in der Schweiz nur die deutschsprachigen Regionen. Frau ist auch DoppelFA,mara.krüger@web.de,+49 1112869513,,2025-06-02 23:59:00,2l7ynqxggw2ahlixjv2r1l785k0fsd,LinkedIn
105,Hoffmann,Alina,Dr.,contacted,,,,,,,,,,,,,,Ltd. OA,"Ltd. OA, Chefarzt, Standortleiter","Facharzt, Doppelfacharzt","Radiologie, Nuklearmedizin",,,alina.hoffmann@outlook.com,+49 1661987743,,48113-11-21 00:00:01,2jdmnnanan0vkz866phv17omgxmggf,
107,Klein,Sophie,,contacted,,,,,,,,,,,,,,,,"Facharzt, Doppelfacharzt","Radiologie, Nuklearmedizin",hat neuen job seit 04/2025,"FA Radiologie, AA Nuk. 
Ich habe einen neuen Job und arbeite jetzt als Fachärztin für Radiologie bei Überörtliche Radiologische MVZ GbR.",sophie.klein@outlook.com,+49 1209806809,,2025-04-17 23:59:00,1jutmifo4v01g1s4egsd1d52i5d64w,
108,Richter,Mara,,interested,,,,,,,,,,,,,,,,"Facharzt, Doppelfacharzt","Radiologie, Nuklearmedizin","sucht 3,5J Weiterbildung in Nuk zum DoppelFA","hat ein Vorstellungsgespräch am Montag. Reens wollen erstmal selbst suchen. ggf in Vollzeit. 

01.10. ab Oktober
Kann MSK Wirbelsäule Schödel (Ellenbogen MRT, Hand weniger
CT alles mit kleinen Außend
60% - 3 Tage arbeitn und 2 Tage fei
Wenn geht teleradiologie
Auch längere Tage wenn am Ort 
Zuhause vorbereiten und vor Ort freigeben
Jetzt 160 bei Vollzeit 

07.03.2024 - TP:
Tel. Sucht in der Nähe zur Holländischen Grenze
ist FA Radiologie und braucht noch 3,5 Jahre bis DoppelFA Nuklearmedizin
will PET/CT
hat sich am 04.03. in Lingen beworben.",mara.richter@gmail.com,+49 1171694892,,2025-07-18 23:59:00,1ngfegjaxl27jz9s2crg2pjonthlu3,Email
109,Richter,Klara,Dr.,contacted,,,,,,,,,,,,,,,,"Facharzt, Doppelfacharzt","Radiologie, Nuklearmedizin",,Gesellschafter in Aachen,klara.richter@outlook.com,+49 1314835976,,48113-11-21 00:00:01,2288utzif30h6ia79iy22f72ypnbv9,
110,Hartmann,Emma,Dr.,interested,,warte auf Rückmeldung,,,,,,,,,False,,,,,Doppelfacharzt,"Radiologie, Nuklearmedizin",vorgestellt bei Mergen,"07.04. Tele-Nuk: Sehr spannend! Es würde beim DTZ bleiben und es nebenher machen. Hat dort eine 90% Stelle. Ca. 5+ Stunden pro Woche. Man macht pro Gerät pro Tag ca. 10-20 Pets. 

Konitzer Vertragsentwurf
Vertrag für 40 aber auch zahlen für 35.
Festgehalt und prozente und wie viel monatlich erwarten kann.
Bitte Email schreiben.
Departmentleitung muss besprochen werden.

Vitalitätsdiagnostik schleche Qualität
Versprechen nicht 
Herz Diagnostik ist nicht sicher
Vielleicht leuft das dann nicht 
PSMA ist super

Hat probleme bei tumorkonferenzen

Absolut, man will in Bayern das als erstes machen. Man will was neues machen. Keine großen ambition,  hauptsache wir können alles wenn wir wollen. Keine Erwartungen und dann kommen mal 10 rüder und man weiß dass er es nicht gemacht und auch alle anderen nicht. Keine Erwarteungen aber das ist in Zukunft. Man will an die Sperspitze und draus lernen und verbessern. Man ist die eintogen und bewerten dass. Mergen freut sich auf neue Ideen.
Es gibt keinen Dienstplan. Alles familier.
Man steuert selbst seinen Patientenfluss
Man zieht zusammen an einem Strang
Alle warten und wollten den neuen Vertrag
Radiologie ist unbekante und unterbewertet
Nuk wird explodieren
Gehälter in einer neuen Liga
Turbo-Boost Prinzip
In einer Morgenbesprechnug und Planung entscheidet man wie viele Kernspins wir machen
Gärtner will unbedungt den neuen Vertrag haben
Und alle sind entspannt",emma.hartmann@outlook.com,+49 1733698545,,2025-07-25 23:59:00,2qxu1240fp1p7g57v9760qok0zlo6y,Tel.
111,Fischer,Isabella,Dr.,contacted,,,,,,,,,,,,,,,,Doppelfacharzt,"Radiologie, Nuklearmedizin",,,isabella.fischer@web.de,+49 1852715943,,48113-11-21 00:00:01,19jivz80qs107krhbst210xw110v39,
112,Wolf,Klara,Dr.,contacted,,,,,,,,,,,,,,,,Doppelfacharzt,"Radiologie, Nuklearmedizin",,,klara.wolf@gmail.com,+49 1904687725,,48113-11-21 00:00:01,02bl902prk05fwzbxsks0i6zs4ou7n,
113,Hoffmann,Mila,,contacted,,,,,,,,,,,,,,,,Doppelfacharzt,"Radiologie, Nuklearmedizin",,ist erst in 2022 mit Doppelfacharzt fertig. Bis dahin kein Wechsel,mila.hoffmann@yahoo.de,+49 1138116677,,48113-11-21 00:00:01,170uouek8q14bblbb82p0r8gxue2hs,
115,Schwarz,Sophie,Dr.,contacted,,,,,,,,,,,,,,,,Doppelfacharzt,"Radiologie, Nuklearmedizin",,angehende DoppelFA,sophie.schwarz@gmail.com,+49 1044888020,,48113-11-21 00:00:01,10pqbjpz7h0ewo0bggga1cedjcb3do,
116,Wolf,Mara,Dr.,contacted,,,,,,,,,,,,,,,,Doppelfacharzt,"Radiologie, Nuklearmedizin",,,mara.wolf@web.de,+49 1223536702,,48113-11-21 00:00:01,05x3e75v291l0s9h7jw228mkviyj6n,
133,Schulz,Clara,Dr.,interested,,,,,,,,,,,False,,,"Ltd. OA, Freelancer","Ltd. OA, Chefarzt, Standortleiter","Facharzt, Doppelfacharzt","Radiologie, Nuklearmedizin",interesse an Tele-Nuk,"-Spricht Deutsch auf Muttersprachniveau. Müsst PET/CT Kenntnisse wahrscheinlich auffrischen. Hat zuletzt in Barcelona viel PET/CT gemacht. 
-Sein aktueller Vertrag endet im Mai 2025, könnte ca. 20 Std. pro Woche mit Option auf mehr befunden.
Will lieder im HomeOffice. Macht mehr Radiologie, interesse an clinical trials",clara.schulz@outlook.com,+49 1736957102,,2025-03-31 23:59:00,2np93ov7sn1ij7io82qj1l6d0q94ty,Tel.
104,Krüger,Sarah,Dr.,interested,,,,,,,,,,hamburg,,Hamburg,,"Facharzt, Oberarzt","Oberarzt, Ltd. OA, Chefarzt, Standortleiter","Facharzt, Doppelfacharzt","Radiologie, Nuklearmedizin",,"Hat eine 1,5 jährige Tochter. Kenn Telemedizin von Radiologen aber nicht von Nuklearmedizinern, hat großes Interesse und sucht schon seit langem.
Könnte am WE arbeiten und einen freien Tag unter der Woche. Arbeitet jetzt 4 Tage pro Woche. 
Dr. Hancken hatte auch ein PET/CT aber es ist nie richtig angelaufen. 
Kennt auch einen Kollegen aus Berlin der das vielleicht mitmachen würde. 
Verdient aktuell 160k 
Wie schnell müssen die Befunde gemacht werden bzw. wann ist die Tumorkonferenz? 


arbeitet bei Dr. Hancken!!!",sarah.krüger@gmail.com,+49 1108665061,,2025-03-24 23:59:00,0gfy078z7c2911ffcivw1q2sobq6hy,Tel.
193,Weber,Mara,Dr.,interested,,,,,,,,,,baden-württemberg,False,Baden-Württemberg,,Facharzt,"Facharzt, Oberarzt, Ltd. OA, Chefarzt, Standortleiter",Facharzt,"Radiologie, Neuroradiologie",Mittel- und Südbaden (BW),vielen Dank für Ihre Nachricht. Ich bin aus privaten Gründen an Mittel- und Südbaden gebunden.,mara.weber@yahoo.de,+49 1148616516,,2022-02-10 23:59:00,1oppei2d8o0jzqmtfuyu09pytlz5wj,LinkedIn
114,Schwarz,Maria,Dr.,contacted,,,,,,,,,,hamburg,,,,,,Facharzt,"Radiologie, Nuklearmedizin",arbeitet bei Conradia HH,Hamburg oder Berlin. Will Praxis oder MVZ und am besten Praxis wo man dann einsteigen kann.,maria.schwarz@yahoo.de,+49 1927639374,,48113-11-21 00:00:01,0iuj3wojk92lbyf7xk9g2pvpd90jrr,
117,Fischer,Lisa,Dr.,interested,,,,,,,,,,"CH, berlin, hamburg, stuttgart",,,,,,Doppelfacharzt,"Radiologie, Nuklearmedizin","Schweiz, Stuttgart, Hamburg, Berlin","17.07.2024 - TP: Tel. Rosenheim vorgestellt. Kann erst ab 01.04.2025 wechseln. 
ab 260k
ist Leiter der Nuk",lisa.fischer@outlook.com,+49 1797433118,,48113-11-21 00:00:01,2q4tfn0c7526x1ipfwy90xusn0pwuh,
118,Hartmann,Anna,Dr.,contacted,,,,,,,,,,,,,,,,Doppelfacharzt,"Radiologie, Nuklearmedizin","TeleNuk angeboten, keine Rückmeldung.","20.01.25: Hat eine neue Stelle nahe bei seinen Kindern.

12.04.2024 - TP: gerne möchte ich Ihnen zum Wochenende auch noch Herrn Dr. Pyka, als motivierten Doppelfacharzt für Radiologie und Nuklearmedizin vorstellen. Bitte finden Sie seinen Lebenslauf vorab im Anhang. Wie immer an dieser Stelle bitte ich Sie und die Kolleginnen und Kollegen im Folgenden um Diskretion, weil Herr Dr. Pyka sich noch in einem ungekündigten Arbeitsverhältnis befindet und sein beruflicher Werdegang eng mit Ihrer Region verknüpft ist.  

Herr Dr. Pyka pendelt seit fast 2,5 Jahren zwischen seiner Familie in Niederbayern und Bern, wobei er sich über eine neue und heimatnahe berufliche Herausforderung freuen würde. In unserem Gespräch wurde deutlich, dass sowohl seine Leidenschaft für das PET, als auch sein gleichzeitiges Interesse an der Neuroradiologie, sehr gut zu der Entwicklung in Ihrer Abteilung passen könnten. Er ist aktuell für das PET am Inselspital federführend verantwortlich, wobei er sich auch für eine gleichzeitige Mitarbeit am MRT interessieren würden. 
Seine bisherigen Schwerpunkte in der Schnittbilddiagnostik waren Neuroradiologie und Onkologie, wobei ihn vor dem Hintergrund Ihrer Pläne gerade die Bildfusionen sehr interessieren. 

Des Weiteren wünscht Herr Dr. Pyka sich ein dynamisches Team, in dem er auch wieder Verantwortung übernehmen kann. Die Informationen aus unseren Gesprächen hinsichtlich der flachen Hierarchie in Ihrer Abteilung, sowie die Anreize zur Eigenverantwortung und Eigeninitiative, haben ihm sehr gut gefallen. Gleichzeitig ist er familiär und beruflich eng mit Bayern und München verbunden, sodass eine langfristige Zusammenarbeit auch von seiner Seite gewünscht ist. Eine genaue Abstimmung des Arbeitszeitmodells (4-Tage Woche oder ähnliches) haben wir in unserem Gespräch erstmal zurückgestellt. 

Er hat aktuell eine Kündigungsfrist von 4 Monaten und würde sich über ein erstes Video-Telefonat mit Ihnen zum Kennenlernen sehr freuen.  

Über Ihr Einverständnis, dass ich mit Frau Binsteiner einen Termin dazu abstimmen darf, würde ich mich sehr freuen. Meiner Einschätzung nach ist Herr Dr. Pyka sowohl menschlich als auch als Mediziner ein sehr interessanter Bewerber, wobei ich auch betonen möchte, dass er ein sehr angenehmer Gesprächspartner ist.",anna.hartmann@outlook.com,+49 1613791859,,48113-11-21 00:00:01,0ov9masqtw1r9iqociel13r1o1b4pn,
119,Müller,Mara,Dr.,contacted,,,,,,,,,,,,,,,,Doppelfacharzt,"Radiologie, Nuklearmedizin",,gerade erst Weiterbildungsassistent in der Nuklearmedizin,mara.müller@gmail.com,+49 1996601135,,48113-11-21 00:00:01,0gx5yyl9ui2a4pll9lw90ah4ztjgjo,
120,Wagner,Nina,Dr.,interested,,,,,,,,,,,,,,,,Doppelfacharzt,"Radiologie, Nuklearmedizin",macht Weiterbildung Nuklearmedizin,nur mit Weiterbildung Nuklearmedizin,nina.wagner@web.de,+49 1865338787,,48113-11-21 00:00:01,1ag34uyvjc10wjsibmrf2fgqu282xt,
121,Neumann,Julia,Dr.,contacted,,,,,,,,,,,,,,,,Doppelfacharzt,"Radiologie, Nuklearmedizin",,16.11.2022 - TP: Hat eine leitende Position im Kantonsspital Baden angenommen. Ist mit Dr. Bölter weiterhin in Kontakt.,julia.neumann@web.de,+49 1635854129,,48113-11-21 00:00:01,0suj98dh7p13vi4af3il26ryp2j7bc,
124,Zimmermann,Isabella,Dr.,contacted,,,,,,,,,,,,,,,,Doppelfacharzt,"Radiologie, Nuklearmedizin",,,isabella.zimmermann@yahoo.de,+49 1000391674,,48113-11-21 00:00:01,07z3dxlslo02137thj410w6pg1cltv,
125,Müller,Julia,,interested,,,,,,,,,,,,,,,,Doppelfacharzt,"Radiologie, Nuklearmedizin","verdient aktuell 300k, will entweder mehr oder Gesellschafter",,julia.müller@outlook.com,+49 1831787622,,48113-11-21 00:00:01,1etotdicnf136001g8l40ubmstzmbp,
127,Fischer,Maria,Dr.,contacted,,,,,,,,,,,,,,,,"Assistenzarzt, Doppelfacharzt","Radiologie, Nuklearmedizin",s.h. Defizite in Email,,maria.fischer@yahoo.de,+49 1013725725,,48113-11-21 00:00:01,18ny78tsa62op5gfdccf0yvkoidc1m,
130,Wolf,Isabella,,contacted,,,,,,,,,,,,,,,,Doppelfacharzt,"Radiologie, Nuklearmedizin",FA Rad und AA Nuk,,isabella.wolf@yahoo.de,+49 1133302108,,48113-11-21 00:00:01,1i4iiisan502hudu4zh41tqknkj3to,
131,Krüger,Lisa,Dr.,interested,,,,,,,,,,,,,,"Ltd. OA, Chefarzt","Ltd. OA, Chefarzt, Standortleiter","Facharzt, Doppelfacharzt","Radiologie, Nuklearmedizin",offen für Nebentätigkeit (Tele-Nuk),"will 250€ pro Befund

Tele-Nuk:
Hat einen KV Sitz am MVZ, müsste klären, ob er einen ¼ Sitz in Rosenheim nehmen könnte.
Ein Befund je nach Indikation kann auch mal 800-2000€ bringen und im Durchschnitt sollte man mit ca. 45 Min bis 1 Std. rechnen, je nach Vorbereitung: Vorberichte, Tumorprotokolle etc.
Findet Home-Office super. Kann sich langfristig vorstellen, es auch in Vollzeit zu machen. 
Erstmal Nebentätigkeit, 10 Std. pro Woche oder mehr. 
Bitte Fragen sh Email klären.",lisa.krüger@gmail.com,+49 1387279701,,2025-04-01 23:59:00,28c9rtuhrj2qmfpcawek0iu3vcuhcn,Tel.
132,Meyer,Isabella,,interested,,wartet auf Vertragsentwurf,,,,,,,,,,,,"Oberarzt, Freelancer","Ltd. OA, Chefarzt, Standortleiter","Facharzt, Doppelfacharzt","Radiologie, Nuklearmedizin",ist bereits für Tele-Nuk,"kann ab sofort. PET/CT ist sein SP. Hat Hardware zuhause, macht viele Projekte. Könnte 10+h befunden. Je nach Dauer ca. 8-10 PET/CT pro Tag. Ca. 150€ pro Std. 
Bekommt als Freelancer am Tag 1000€ für dann 8 PET/CT Befunde. Und 35€pro Schnittbild.",isabella.meyer@outlook.com,+49 1847407827,,2025-08-04 23:59:00,02sgn3i6c11hfuvv144z2kj45e61my,Tel.
134,Hartmann,Lisa,,interested,,Terminabstimmung,,,,,,,,,,,,Ltd. OA,"Ltd. OA, Chefarzt, Standortleiter, Gesellschafter",Doppelfacharzt,"Radiologie, Nuklearmedizin",ist in Oslo,"DoppelFA Rad Nuk. Hat Nuk in der Türkeit gemacht und anerkannt in Norwegen, Radiologie hat in Norwegen gemacht. Ehemann ist Deutscher. Ist in Mutterschutz, arbeitet TZ Remote. Ist nur eine von 3 an der Uni. Ist Rad+Nuk Senior Consultant. Macht alles PET/CT, Onkologisch, PSMA, Neuroonkologie.

TeleNuk - 65-70€ ist ok wenn ihr Name nicht steht., kann 10h pro Woche beginnen.",lisa.hartmann@gmail.com,+49 1131419863,,2025-05-26 23:59:00,0gftzoymnf1oukfkdt791nzsl0svwm,Email
138,Klein,Sarah,Dr.,contacted,,,,,,,,,,,,,,,,Facharzt,Nuklearmedizin,FA Nuk,Email gesendet,sarah.klein@yahoo.de,+49 1095644666,,2025-12-15 23:59:00,2djeprv6720e88zomasv1hpo13gixy,Email
139,Schwarz,Mara,Dr.,contacted,,,,,,,,,,,,,,,,Facharzt,Nuklearmedizin,,von Dr. Schierz empfohlen als Spezialist für Schilddrüsen (kann dafür nichts anderes),mara.schwarz@yahoo.de,+49 1501945017,,48113-11-21 00:00:01,1dsjlsxok02n117wa6w71roibaa2yv,
140,Hartmann,Sarah,Dr.,interested,,,,,,,,,,,,,,,,Facharzt,Nuklearmedizin,,"07.04. Tele-Nuk: Ist aktuell bei einerm Verbund und macht nur PET/CT und normale Nuk. Kann als FA Nuk beides befunden, PET und CT. Hat im Vertrag keine Klausen gegen Nebentätigkeit. 65€ ist sehr knapp. Kann sich vorstellen für 10 PET 1500€. Für ein PET bekommt man 600-700€ bei FTG PET. Kann sich vorstellen zu reduzieren bei seinem aktuellen AG. Dann entweder für mehr Freiheit (Segelt in HH) oder für mehr Geld. ZB bei garantierter Abnahmemenge macht er nur noch 3 Tage bei seinem AG und 2 bei uns. Oder so viel Geld, dass er es einfach abends macht. Bleiben in Kontakt. 

ganz DE - nur OA Stellen - Hängt vom Angebot ab. Praxis nur, wenn PET/CT",sarah.hartmann@gmail.com,+49 1600550126,,2025-04-07 23:59:00,1wxw52y50o1spwaxln1o17d8suhrml,Tel.
142,Krüger,Paula,Dr.,contacted,,,,,,,,,,,,,,,,Facharzt,Nuklearmedizin,,,paula.krüger@outlook.com,+49 1272957776,,48113-11-21 00:00:01,2b64ufk6cs10o6e3r319042r7ux91q,
143,Müller,Laura,Dr.,interested,,,,,,,,,,,,,,,,Facharzt,Nuklearmedizin,,"20.03.2024 - TP:
Sehr geehrte Frau Rusakov,

vielen Dank für das spannende Angebot. Gehe ich richtig davon aus, dass es sich bei ihrem Mandanten um das MVZ am Klinikum Rosenheim handelt? Können sie mir konkrete Zahlen für das Grundgehalt geben? Ich bin FA Nuklearmedizin und arbeite seit über 3 Jahren als Oberarzt hier am UK Augsburg. Aktuell bin ich für das PET/CT Zentrum verantwortlich, welches mit täglich knapp 30 PET/CT Untersuchungen eines der größten in Deutschland ist. Einsatzfähig bin ich aber natürlich im gesamten Spektrum der Nuklearmedizin, inklusive RSO.

Über eine kurze Rückmeldung wäre ich dankbar,",laura.müller@web.de,+49 1122602032,,48113-11-21 00:00:01,1gm83detfy1cysy55w9w0ncxhbpteh,
144,Schwarz,Isabella,Dr.,contacted,,,,,,,,,,,,,,,,Facharzt,Nuklearmedizin,,,isabella.schwarz@yahoo.de,+49 1111766611,,48113-11-21 00:00:01,109lps3kf80al35odgmv0bnezem3xb,
145,Schulz,Johanna,,interested,,,,,,,,,,,,,,,,Facharzt,Nuklearmedizin,,nur Süddeutschland,johanna.schulz@yahoo.de,+49 1880546525,,48113-11-21 00:00:01,0tsl5i4x411ei1ce6qpf16nyxmv4ei,
146,Schwarz,Isabella,Dr.,interested,,,,,,,,,,,,,,,,Facharzt,Nuklearmedizin,"nur Nuk, kein MRT","07.03.2024 - TP:
ihm ist das Gesamtkonzept wichtig. Auch Vergütung ist wichtig.  Ist Nuklearmediziner Pur. 

13.02.2024 - TP: vorgestllt bei Mergen",isabella.schwarz@outlook.com,+49 1372286815,,48113-11-21 00:00:01,0atbtii5160yklqt0fs30gwa1h3raw,
148,Neumann,Anna,Dr.,interested,,,,,,,,,,,,,,,,Facharzt,Nuklearmedizin,will sich im Sommer 2024 entscheiden,"15.03.2024 - TP:
vielen Dank für Ihre Nachricht. Aktuell habe ich keine weiteren Fragen. Das MVZ ist sicherlich eine gute Option. Bis zum Facharzt im August werde ich sicherlich an der LMU bleiben und dann wird sich auch zeigen wie meine weiteren Perspektiven hier am Klinikum sind.

06.03.2024: 1. Gespräch mit Mergen. Sehr positiv, will es sich überlegen. Hätte nur 3 Jahre bis FA Strahlentherapie

24.02.2024 - TP:
Tel. macht in 08/2024 seinen FA Nuk. Will danach DoppelFA machen Radiologie oder Strahlen. RoMed angeboten. Fragt ob Dienste in WB Zeit machen muss vor Ort oder Teleradiologisch
Vollzeit 
Englisch fließend",anna.neumann@web.de,+49 1362478707,,48113-11-21 00:00:01,2ngdn293sb1vdf54mti51nqht5o99z,
149,Becker,Sarah,Dr.,contacted,,,,,,,,,,,,,,,,Facharzt,Nuklearmedizin,,Hat sich schon für einen Job entschieden.05/2021,sarah.becker@outlook.com,+49 1706594767,,48113-11-21 00:00:01,0qolusz00j1pkgph6gui1gn16aib9n,
150,Krüger,Sophie,Prof.,contacted,,,,,,,,,,,,,,,,Facharzt,Nuklearmedizin,Gesellschafter DIE RADIOLOGIE,,sophie.krüger@web.de,+49 1044327613,,48113-11-21 00:00:01,0vcjhxzs0h1r8949sjaq2icoq7q1qb,
151,Richter,Klara,Dr.,contacted,,,,,,,,,,,,,,,,Facharzt,Nuklearmedizin,,zurzeit nicht umzugsbereit,klara.richter@web.de,+49 1316422378,,48113-11-21 00:00:01,2m08tn3ml52flm05vxcm05ru2cllnv,
152,Bauer,Isabella,,interested,,,,,,,,,,,,,,,,Facharzt,Nuklearmedizin,,,isabella.bauer@gmail.com,+49 1195146410,,48113-11-21 00:00:01,1cxcjavz8y25z41wes5z1wo6z4wrwm,
135,Becker,Mila,Prof. Dr.,contacted,,,,,,,,,,CH,,Schweiz,,Ltd. OA,"Chefarzt, Standortleiter, Gesellschafter",Doppelfacharzt,"Radiologie, Nuklearmedizin",arbeitet bei Octorad CH,ist bei Octorad Doppel FA,mila.becker@web.de,+49 1317936414,,2024-02-22 23:59:00,1r0iad3hkg2g4mh9eahk01p7tp7dak,LinkedIn
141,Hartmann,Lena,Dr.,interested,,,,,,,,,,"kelheim, regensburg",,,,,,Facharzt,Nuklearmedizin,nur um Regensburg /Kelheim,,lena.hartmann@outlook.com,+49 1574199361,,48113-11-21 00:00:01,1u4j3cqn6a2rjqv3pa2j26mhz5fvkh,
155,Wolf,Emma,Dr.,contacted,,,,,,,,,,,,,,,,Facharzt,"Radiologie, Kinderradiologie",,,emma.wolf@yahoo.de,+49 1111028362,,48113-11-21 00:00:01,0nho285v431mmfr7hexu1cz2dkb3j0,
157,Klein,Laura,,contacted,,,,,,,,,,,,,,,,Facharzt,"Radiologie, Kinderradiologie",SP Kinderradiologie,,laura.klein@outlook.com,+49 1587412283,,48113-11-21 00:00:01,0m34wddjz10vvf5ca4jy0fpy3n86si,
158,Hartmann,Klara,,interested,,,,,,,,,,,,,,,,Facharzt,"Radiologie, Kinderradiologie",,"16.11.2022 - TP:
Radiologische Allianz Warten 130k  10.10. Zapet wieder da
Conradia  Aktiv    verhandeln aktuell mit einem Arzt
Radiologie Hohe Luft Absage    aktuell kein Bedarf
Medizinicum Hamburg Absage    aktuell kein Bedarf
Privatpraxis Finkenstaedt & Hellenbrand Absage    aktuell kein Bedarf
Kernspinzentrum Europa Passage Aktiv 130k  19.10. an Witte vorgestellt anonym
Röntgeninstitut Schlossgarten Warten    nochmal anrufen
Radiologie Dammtor Warten    - ab 9 Uhr da - Tel. mit Fr. Hofmann. Bitte am Montag nochmal anrufen. Hatten nicht so gute Erfahrungen mit Vermittler. Will sich erkundigen, ob für die Ärzte das ok ist mit uns zu arbeiten. 
Radiologie am Fleet Warten    nicht erreicht
Wilhelmsburger Krankenhaus Groß-Sand Absage    keine Vakanzen
Krankenhaus Reinbek St. Adolf-Stift Absage    keine Vakanzen
Evangelisches Amalie Sieveking-Krankenhaus Absage    mit Diensten und interventioneller Radiologie

Kinderradiologie",klara.hartmann@yahoo.de,+49 1889243659,,48113-11-21 00:00:01,2c103hhtnx053jdmeoyp29ks0gpjom,
159,Becker,Emma,,contacted,,,,,,,,,,,,,,,,Facharzt,"Radiologie, Kinderradiologie",,Kinderradiologie,emma.becker@yahoo.de,+49 1059228103,,48113-11-21 00:00:01,2nq2qztsj21vz14gi7as1q7r0qgomi,
163,Schmidt,Lisa,Dr.,interested,,,,,,,,,,,,,,,,Facharzt,"Radiologie, Neuroradiologie",Rheinland / Ruhrgebiet,"Wien angeboten. aktuell nein.

Tel. ist in München, offen für was Neues in Rhein/Ruhr. Rein Diagnostisch, MSK + Neuro, offen für Prostata und Herz. 100% nd Leitung gernre.

07.04.2023 - TP:
Tel. Nr.: 01638663296 
Email:

aktuelle Position: Leiter MSK Schnittbilddiagnostik
aktueller Arbeitgeber: Uni Düsseldorf

Wunschposition: Standortleiter MVZ - Praxis zu langweilig
Wechselmotivation:

aktuelles Gehalt: 120 inkl. Dienste
Wunschgehalt: 200k war das beste Angebot bisher

Verfügbarkeit zeitlich: August/September macht den Neuroradiologen und macht die beiden Zertifikate von Deutsche Röntgengesellschaf und Deutsche Gesellschaft für Muskuloskelettale Radiologie.

6 Wochen zum QEnde

Verfügbarkeit räumlich: wohnt in Krefeld und ist pendelbereit ungerne Dortmund

Wo schon selbst beworben:

Kooepration Bundesligist

FA 2021

alles was schlaganfall gehört gerne ist ja auch lukrativ

wie und welche interventionen werden aktuell gemacht?

trombektomien

schmerztherapie auch",lisa.schmidt@yahoo.de,+49 1636967327,,2025-05-07 23:59:00,1eiwj7u7ih0vvbet90xu22h6ezzqsv,Tel.
164,Hoffmann,Lea,,interested,,,,,,,,,,,,,,,,Facharzt,"Radiologie, Neuroradiologie",Arbeitet Teilzeit und Remote,"21.02.2023 - TP:
Lin geschieben

22.03.2022 - TP:
Gute Tag Herr Putilin,
entschuldigen Sie bitte meine sehr verspätete Antwort. Leider kommt für mich derzeit ein Umzug nach Bochum nicht in Frage. Ich bedanke mich trotzdem für Ihr freundliches Angebot.
Mit freundlichen Grüßen
E. Ackermann",lea.hoffmann@gmail.com,+49 1870295007,,48113-11-21 00:00:01,2f900xhw7a028mzjhjij2ccsj80lc1,
165,Schulz,Lena,Dr.,interested,,,,,,,,,,,,,,,,Facharzt,"Radiologie, Neuroradiologie",aktuell 01/2023 nein,will in die R&D bei Pharma forschen in Berlin,lena.schulz@web.de,+49 1993132718,,48113-11-21 00:00:01,0te307mp071yrbaxhjci0duomnh6cc,
166,Wolf,Johanna,,contacted,,,,,,,,,,,,,,Oberarzt,"Ltd. OA, Chefarzt",Facharzt,"Radiologie, Neuroradiologie",Interventionelle Neuroradiologie Modul E,hat noch nicht geantwortet,johanna.wolf@outlook.com,+49 1082803543,,2025-07-15 23:59:00,1u63x25fo01xt2cvg0wo1ql2lmmzco,LinkedIn
167,Klein,Sophie,,contacted,,,,,,,,,,,,,,,,Facharzt,"Radiologie, Neuroradiologie",AA,,sophie.klein@outlook.com,+49 1614355289,,48113-11-21 00:00:01,2502jfanfu0prgalb73i11wwf8a4jp,
169,Schmidt,Mila,,contacted,,,,,,,,,,,,,,,,Facharzt,"Radiologie, Neuroradiologie",,Freelancer,mila.schmidt@yahoo.de,+49 1247400354,,48113-11-21 00:00:01,1c58bh6wml1d1r6be3s81hajaaag31,
170,Neumann,Paula,Dr.,contacted,,,,,,,,,,,,,,,,Facharzt,"Radiologie, Neuroradiologie",,,paula.neumann@web.de,+49 1643635246,,48113-11-21 00:00:01,0rxmjarcc4240i4gtk1322sgqg2s2n,
171,Schmidt,Clara,Dr.,interested,,,,,,,,,,,,,,Ltd. OA,"Ltd. OA, Chefarzt, Standortleiter",Facharzt,"Radiologie, Neuroradiologie",Norddeutschland,"04.10.2024 - TP:
sucht eher HH oder Norddeutschland. Lübeck und Wismar Ausschreibung vorgestellt. kann auch Interventionen",clara.schmidt@gmail.com,+49 1671758408,,48113-11-21 00:00:01,192wnmrrw60r2nncnj0e0tabucshs5,
188,Schneider,Julia,,contacted,,,,,,,,,,,,,,,,Facharzt,"Radiologie, Neuroradiologie",,ist Gesellschafter,julia.schneider@gmail.com,+49 1498807479,,48113-11-21 00:00:01,0rot99n4ox2kq23r6lsz09b0nbjphf,
156,Wagner,Lisa,Dr.,contacted,,,,,,,,,,köln,,,,Chefarzt,"Chefarzt, Standortleiter",Facharzt,"Radiologie, Kinderradiologie",Chefarzt MVZ in Köln,,lisa.wagner@yahoo.de,+49 1539609620,,48113-11-21 00:00:01,1btmcl9vly2kfbmpe58l2bol2i0vcx,
160,Wolf,Mara,,contacted,,,,,,,,,,CH,,Schweiz,,Ltd. OA,"Ltd. OA, Chefarzt",Facharzt,"Radiologie, Kinderradiologie",arbeitet am KSB CH,,mara.wolf@yahoo.de,+49 1504495973,,2025-07-16 23:59:00,2dr5ger3cc2131cq2qp30rfzlqfayg,LinkedIn
161,Wolf,Mara,Dr.,interested,,,,,,,,,,"köln, nordrhein-westfalen",False,NRW,,Oberarzt,"Facharzt, Oberarzt, Ltd. OA, Standortleiter, Gesellschafter",,"Radiologie, Kinderradiologie",Köln und Umgebung,"Kein MVZ weil außerhalb von Köln
Kein Strahleninstitut
Engelskirchen zu weit
Ist an Köln gebunden
Gerne gut bezahlte FA Tätigkeit ohne Leitung
Auch Klinik wäre OK
Kinderradiologe SP 
Kardio SP
Alles sonst an Diagnostik im klinischen Bereich",mara.wolf@web.de,+49 1334505271,,2025-09-05 23:59:00,22r6wtr87j1btxihr0ai0raawobvei,Tel.
172,Schulz,Lea,Dr.,interested,,,,,,,,,,,,,,Ltd. OA,"Ltd. OA, Chefarzt, Standortleiter",Facharzt,"Radiologie, Neuroradiologie",Stelvtr. Leiter Neuroradiologie,"22.02.2023 - TP: Dresden angeboten

Bedingt klingt das Angebot interessant, falls das Gehalt höher ist als mein aktuelles, da ich momentan bereits als Stellvertreter Leiter einer universitären neuroradiologie tätig bin

Viele Grüße",lea.schulz@web.de,+49 1295782344,,48113-11-21 00:00:01,2huex8tfpg1hlymelxqg2dkggkxt6k,
175,Wagner,Julia,,contacted,,,,,,,,,,,,,,,,Facharzt,"Radiologie, Neuroradiologie",,,julia.wagner@gmail.com,+49 1051537098,,48113-11-21 00:00:01,2gz2mv2285018i4ag64j29rd5eb7m8,
176,Schwarz,Paula,Dr.,contacted,,,,,,,,,,,,,,,,Facharzt,"Radiologie, Neuroradiologie",,ltd. OA SP interventionelle Neuroradiologie,paula.schwarz@web.de,+49 1663212354,,48113-11-21 00:00:01,2gpaz707b90xapfxocaz02s60zejew,
177,Weber,Emma,Dr.,interested,,,,,,,,,,,,,,Ltd. OA,"Ltd. OA, Chefarzt, Standortleiter",Facharzt,"Radiologie, Neuroradiologie","Rheinland / Ruhrgebiet - ab 200k - interventionell, kardio, onkologisch","ist Ltd. OA in Krefeld

14.03.2023 - TP:
vielen Dank für Ihre Mail. Leider passt diese Stelle bzw. passt mein Profil nicht gut zu dieser Stelle, da ich primär interventionell radiologisch tätig bin. 
Abgesehen von der Intervention liegen meine Tätigkeitsschwerpunkte in der onkologischen und kardialen Bildgebung.
Sollte Ihnen zukünftig etwas Passendes (ltd. OA, CA mittelgroßes bis großes Haus)begegnen, freue ich mich über eine erneute Kontaktaufnahme.
Mein Wunschgehalt liegt dabei bei 200k aufwärts.



will ltd. OA oder Chefarzt nur im Raum Rheinland / Ruhrgebiet",emma.weber@outlook.com,+49 1108563831,,2025-08-26 23:59:00,0146m8iuzw2pk95p3wob1f7jxqtxt9,
178,Krüger,Lea,,in Interview,,vorgestellt bei Kramer,,,,,,,,,,,,Freelancer,,Facharzt,"Radiologie, Neuroradiologie",FA Rad und Neuroradiologie,"08.12. Interesse an Winnenden. Hat Dr. hat viele Interventionen gemacht 200-250. Hat das letzte Jahr viel Diagnostik gemacht. Hat Modul E seit 04/2024. HerzQ1. Will 250k 10 Dienste sind OK. Umzug auch OK.

17.04.2025: Für mich kämen jedoch Wochenendvertretungen in Bayern in Frage, als Rufbereitschaftsdienste( Thrombektomien). Außerdem könnte ich in der letzten Augustwoche bundesweit einspringen, da ich in dieser Zeit an meiner aktuellen Stelle Urlaub habe.
Falls Sie tageweise Vertretungen am Wochenende brauchen, zum Beispiel von Freitag bis Sonntag in Bayern (ich wohne derzeit in Augsburg), lassen Sie es mich bitte wissen.


29.01.2025: Angefragt wg Lübeck. Keine Rückmeldung. Vllt weil will keine Dienste machen. 

18.09.2024 - TP:
macht auch Interventionen
ohne Dienste
Ende 2024 Wechsel
will 160k fix!!! für 40h, alles weitere zusätzlich
kann auch Leiterin machen",lea.krüger@web.de,+49 1813809836,,2025-12-09 23:59:00,2oef202kwg24fhewivqk23tgbrrlcp,Email
180,Weber,Sophie,Dr.,contacted,,,,,,,,,,,,,,,,Facharzt,"Radiologie, Neuroradiologie",,,sophie.weber@yahoo.de,+49 1051623399,,48113-11-21 00:00:01,2lqpalcc141ubc2gyevf0yr7vzguf5,
182,Becker,Anna,Dr.,interested,,,,,,,,,,,,,,Ltd. OA,"Ltd. OA, Chefarzt",Facharzt,"Radiologie, Neuroradiologie",Ltd. OA Neuroradiologie,"St Gallen angeboten

interventionelle Radiologie und Neuroradiologie",anna.becker@web.de,+49 1712847349,,2025-11-10 23:59:00,116e5ooywd0csf4mn25m024y39fmbx,Email
184,Wolf,Mila,Dr.,interested,,,,,,,,,,,,,,,,Facharzt,"Radiologie, Neuroradiologie",,nur Freiburg i.Brsg,mila.wolf@web.de,+49 1672086299,,48113-11-21 00:00:01,0h3qrukznq2fsbv123p92k988z9zz8,
185,Schwarz,Mila,Dr.,interested,,,,,,,,,,,,,,,,Facharzt,"Radiologie, Neuroradiologie",,"10.11.2025: Rems Murr angeboten

24.03.2023 - TP:
Entschuldigen Sie bitte, dass Ihre Anfrage ein bisschen aus meinem Blickfeld geraten ist. Ich bin neben meiner Berufstätigkeit gerade sehr in die Pflege meines Vaters eingebunden, der auch zwischenzeitlich im Krankenhaus war.
Ehrlicherweise fehlt mir derzeit leider die Kapazität, ein neues Projekt voranzubringen.


15.02.2023 - TP: Conradia angeboten per Telefon und Email


in Berlin interessiert",mila.schwarz@yahoo.de,+49 1365951336,,2025-11-10 23:59:00,0u4twqhfa107xqokk30c0uehfro6rr,Email
187,Fischer,Anna,Dr.,contacted,,,,,,,,,,,,,,,,Facharzt,"Radiologie, Neuroradiologie",,,anna.fischer@yahoo.de,+49 1361419112,,48113-11-21 00:00:01,2pnih2u4rf0ujlsp6ynz1ho1uhph9r,
186,Hartmann,Laura,Dr.,interested,,,,,,,,,,hamburg,True,"NRW, Hamburg",,Oberarzt,"Ltd. OA, Chefarzt, Standortleiter",Facharzt,"Radiologie, Neuroradiologie",Ruhrgebiet oder HH,"Tel. SP Interventionelle Neuroradiologie
Kennt die Stelle in Lübeck und auch Dr. Dyzmann. kommt für ihn nicht infrage.",laura.hartmann@outlook.com,+49 1738278534,,2025-04-03 23:59:00,0f6f56nuqq0o26js4u1i2qqm1artr3,Tel.
173,Becker,Maria,Dr.,interested,,,,,,,,,,köln,,,,Oberarzt,"Ltd. OA, Standortleiter",Facharzt,"Radiologie, Neuroradiologie",OA Köln Merheim,"Lüdenscheid per Email angeboten

12.04.2023 - TP:
Sehr geehrte Frau Boss.

Vielen Dank für die Zusendung des Stellenangebotes.

Ich bin derzeit aber nicht an einem Arbeitsplatzwechsel interessiert.

Bei ähnlich attraktiven Angeboten dürfen Sie mich aber gerne wieder kontaktieren.


Mit freundlichen Grüßen.",maria.becker@yahoo.de,+49 1521802612,,2025-08-26 23:59:00,1f4rw53xhb1dgszenm2r0x63uxgise,Email
194,Müller,Isabella,Dr.,interested,,,,,,,,,,,,,,Ltd. OA,"Ltd. OA, Chefarzt",Facharzt,"Radiologie, Neuroradiologie",Ltd. OA Neuroradiologie,"St. Gallen angeboten

endovaskulärer Neurointerventionen und neuroradiologischer Schnittbildgebung",isabella.müller@web.de,+49 1808092160,,2025-11-10 23:59:00,0ubo8asvn70vdbrj0u811uwdwd7tim,LinkedIn
196,Weber,Lena,,contacted,,,,,,,,,,,,,,,,Facharzt,"Radiologie, Neuroradiologie",,Neuroradiologie,lena.weber@yahoo.de,+49 1871623683,,48113-11-21 00:00:01,2qqaxypoyn0hqhv8xyxm1i61ii8y8e,
199,Krüger,Julia,Dr.,contacted,,,,,,,,,,,,,,,,Facharzt,"Radiologie, Neuroradiologie",,,julia.krüger@web.de,+49 1604989914,,48113-11-21 00:00:01,104lmd9ujw284rwowk6k1249jhbnzg,
200,Schneider,Sarah,Dr.,contacted,,,,,,,,,,,,,,,,Facharzt,"Radiologie, Neuroradiologie",,,sarah.schneider@web.de,+49 1050412103,,48113-11-21 00:00:01,18333oefwm25z6puapr61eirr17xil,
201,Koch,Paula,Dr.,contacted,,,,,,,,,,,,,,,,Facharzt,"Radiologie, Neuroradiologie",,,paula.koch@yahoo.de,+49 1589502911,,48113-11-21 00:00:01,1r5p1egsqp08v9t0e16a2amc6r6xx3,
202,Becker,Lisa,,contacted,,,,,,,,,,,,,,,,Facharzt,"Radiologie, Neuroradiologie",,"interessiert Gesellschafter oder eine Leitungsfunktion (Schnittbilddiagnostik, Neuroradiologie, MSK, Thorax- und Abdominalradiologie)",lisa.becker@web.de,+49 1169403348,,48113-11-21 00:00:01,2nrpuc6y7y1orlhedaio10yzmtt3dc,
204,Wagner,Mara,,contacted,,,,,,,,,,,,,,,,Facharzt,"Radiologie, Neuroradiologie",will Selbstständig werden,,mara.wagner@web.de,+49 1831981188,,48113-11-21 00:00:01,0gw6ef4bdb0b4ye8y2jt25gqi2r0de,
206,Hartmann,Mara,Dr.,interested,,,,,,,,,,,,,,,,Facharzt,"Radiologie, Neuroradiologie",Ltd. OA Neuroradiologie,"grundsätzlich an interessanten Angeboten interessiert

St. Gallen angebiten",mara.hartmann@outlook.com,+49 1195148258,,2025-11-10 23:59:00,1a8o07vc33052f57qlzl2k4kxrqt1r,LinkedIn
208,Bauer,Mila,Dr.,contacted,,,,,,,,,,,,,,,,Facharzt,"Radiologie, Neuroradiologie",,,mila.bauer@yahoo.de,+49 1691715998,,48113-11-21 00:00:01,28f349vxaw2kcxem3ggt1zew58sbzb,
209,Schwarz,Lea,Dr.,contacted,,,,,,,,,,,,,,,,Facharzt,"Radiologie, Neuroradiologie",,Neuroradiologie,lea.schwarz@yahoo.de,+49 1545565552,,48113-11-21 00:00:01,1zsrxk0ath13o06mvshp126m3dtnfr,
210,Becker,Elena,Dr.,contacted,,,,,,,,,,,,,,,,Facharzt,"Radiologie, Neuroradiologie",,,elena.becker@gmail.com,+49 1114317667,,48113-11-21 00:00:01,2k4153q4pc21ph6bj7zh134bmg4k95,
212,Wolf,Anna,Dr.,contacted,,,,,,,,,,,,,,Chefarzt,"Chefarzt, Standortleiter",Facharzt,"Radiologie, Neuroradiologie",,ist seit 07/2020 Chefarzt dort,anna.wolf@web.de,+49 1026308405,,48113-11-21 00:00:01,2ebbj93atz12i1s8u7bg2qy522dc7h,
213,Schneider,Lena,,contacted,,,,,,,,,,,,,,,,Facharzt,"Radiologie, Neuroradiologie",,,lena.schneider@yahoo.de,+49 1480193500,,48113-11-21 00:00:01,1rxr3bomzw0byfbr692s0bevvkvemr,
211,Koch,Mara,Dr.,interested,,,,,,,,,,hamburg,False,Hamburg,,"Ltd. OA, Standortleiter","Ltd. OA, Chefarzt, Standortleiter, Gesellschafter",Facharzt,"Radiologie, Neuroradiologie",will CA Radiologie und Neuroradiologie in HH und Umbebung,"erst 06/2020 neue OA Stelle angefangen

02/2025: Alex: Kontakt nur über Linkedin: Hamburg und nähere Umgebung, Zunächst grundsätzlich orientierend an dem Gehalt eines Standortleiters",mara.koch@web.de,+49 1746784614,,2025-02-19 23:59:00,0hpdtvb9ag2r1knxg8a91am3l7at9x,LinkedIn
195,Bauer,Elena,Dr.,interested,,,,,,,,,,koblenz,,,,,,Facharzt,"Radiologie, Neuroradiologie",sucht in Koblenz,sucht in Koblenz,elena.bauer@outlook.com,+49 1945618805,,48113-11-21 00:00:01,1wvj6rklmt2gr9kwo9z517okbgzbuw,
197,Neumann,Laura,,interested,,,,,,,,,,dortmund,,,,,,Facharzt,"Radiologie, Neuroradiologie",interventionell und nur um Dortmund Radius 50km,interventionell und nur um Dortmund Radius 50km,laura.neumann@web.de,+49 1423928682,,48113-11-21 00:00:01,1yawcn4ste2af76ejb8u1zu0f39kty,
205,Schwarz,Paula,,contacted,,,,,,,,,,stuttgart,,,,,,Facharzt,"Radiologie, Neuroradiologie",med360 Stuttgart Leitung,,paula.schwarz@gmail.com,+49 1497442597,,48113-11-21 00:00:01,1y1ow1arur2pnb6a5qhl09mdeqlqqf,
220,Krüger,Lisa,Dr.,interested,,,,,,,,,,,,,,Ltd. OA,"Ltd. OA, Chefarzt, Standortleiter, Gesellschafter",Facharzt,"Radiologie, Neuroradiologie",verhandelt mit seinem AG,"Tel. am 24.04.2025
Kennt den aktuellen Leitenden OA in Lübeck Hr. Dyzmann (Bitte diese Info vertraulich behandeln)

Kann sich gut vorstellen nach Lübeck umzuziehen. Findet die Region schön. 
Kann auch auf elektive Neurointerventionen verzichten. 
Macht im Momant max 7 Dienste pro Monat. Bei 10 wäre KO Kriterium. 
Verhandelt mit dem aktuellen AG in den nächsten 14 Tagen
Hat außerdem ein Angebot aus einer Praxis mit 300k p.a. ohne Dienste und ohne WE
Habe gesagt, dass unsere Range 200-240k liegt. Ist auch bereit für weniger als 300k zu arbeiten. 

Unsere einzige Chance ist, wenn seine Frau auch eine Stelle am Klinikum bekommt. Sie ich Abdominal- und Thorax- Chirurgin!!!",lisa.krüger@outlook.com,+49 1833144059,,2025-04-23 23:59:00,2hvjnlea3u07sx0bts7a03qd8sfiq4,
222,Müller,Laura,Dr.,interested,,,,,,,,,,,,,,Ltd. OA,"Ltd. OA, Chefarzt",Facharzt,"Radiologie, Neuroradiologie",will CA Radiologie und Neuroradiologie,"Tel. am 18.03.2025
Arbeitet als Ltd. OA in Dortmund. Für ihn wäre Lüdenscheid ein „Abstieg“. Er findet, dass nicht jedes KH versuchen muss unbedingt eine eigene Stroke-Unit aufzubauen. 
Er kann alles, auch AVM, Aneurysma und Fistel. Familie hat ein Haus in Halver aber ist privat mit dem Rheinland verbunden. 
Für ihn wäre der nächste Schritt entweder Münster, Krupp oder Merheim. Vielleicht auch in Leverkusen möglich. Kann gerne eine neue Abteilung aufbauen. 
Kommt selbst aus der Neurologie. Hat aber FA in Radiologie und Neuroradiologie. Will keine Diagnostik machen, nur Interventionen.
Machen am Klinikum Dortmund aktuell 150-200 Aneurysmen und ca. 400 Thrombektomien. 
Suchen selbst auch einfache Radiologen und Radiologen die Weiterbildung in Neuroradiologie machen wollen. 
Sehr angenehmer Kontakt. Wir bleiben in Verbindung. 

St. Gallen angefragt",laura.müller@gmail.com,+49 1856360305,,2025-03-18 23:59:00,14pqo4wo0q0w9uvlnuxy23jfabg9j5,Tel.
227,Hartmann,Elena,Dr.,contacted,,,,,,,,,,,,,,Ltd. OA,"Ltd. OA, Chefarzt, Standortleiter",Facharzt,"Radiologie, Neuroradiologie",sucht in Tschechien,,elena.hartmann@gmail.com,+49 1484180512,,2025-05-29 23:59:00,248k8yzaec2en6b6bm320l6zjr5n82,LinkedIn
307,Becker,Klara,,contacted,,,,,,,,,,,,,,,,Facharzt,Radiologie,,aktuell kein Interesse 11/2020,klara.becker@outlook.com,+49 1024816574,,48113-11-21 00:00:01,1w0pjel6im0vdt7yll191m81vp4ggl,
221,Weber,Alina,Dr.,interested,,,,,,,,,,hamburg,,Hamburg,,Ltd. OA,"Ltd. OA, Chefarzt",Facharzt,"Radiologie, Neuroradiologie",offen in HH,"16.03.2025: vielen Dank für die Nachfrage. Ein Wechsel nach Lübeck kommt für mich aktuell leider nicht in Frage.

Tel. am 23.02.2025                        
seit 2021 FA

Arbeitet als Ltd. OA Neuroradiologie
Wohnen im Norden HH, Frau ist Dermatologin und arbeitet in HH Zentrum
Wollen gerade Haus kaufen und deshalb Umzug noch möglich
Hat seine Habilitation schon fertig, kann aber nicht einreichen, weil schon weg aus Eppendorf. Das wäre ein wichtiger Punkt, ob man sie in Lübeck an der Uni machen könnte? 

Würde gerne mehr Interventionen machen als er jetzt macht. Dafür hat er jetzt auch Homeoffice. 
Verdient auch jetzt ca 220-230k p.a. all in
Wichtig ist, welche Interventionen gemacht werden (Aneurysmen, Fisteln…etc?) und wie die Zahlen im letzten Jahr waren? 

Vereinbart, dass ich mir die Infors hole und dann ihm per Email schreibe. 

St. Gallen angefragt",alina.weber@outlook.com,+49 1469085323,,2025-03-16 23:59:00,18c3976hbo25c5vmhnqk010yvhu5q3,Tel.
224,Wolf,Clara,Prof. Dr.,interested,,,,,,,,,,baden-württemberg,,Baden-Württemberg,,Ltd. OA,"Ltd. OA, Chefarzt",Facharzt,"Radiologie, Neuroradiologie",Würzburg / Heidelberg / BW  / CH - nur CA / Ltd. OA,"Ist in Gesprächen mit einer andern Klinik

St Gallen und Rems Murr abgelehnt.

Tel. am 19.03.2025
01794388694

Er ist familiär an Würzburg bzw. die Region Baden (Heidelberg / BW) gebunden. Will eine Ltd. OA Stelle und 270k. CA muss noch nicht sein. Kann Interventionell alles. 
Ich frage im Robert Bosch für ihn nach. Kann da alles allgm. Radiologie und Interventionelle Neuroradiologie ausbauen (Thrombektomien, Carotisstents und Emolisationen machen). zB als Ltd. OA Neuroradiologie, vereinbart, dass wir in Verbindung bleiben.",clara.wolf@web.de,+49 1119251008,,2025-11-03 23:59:00,2ax1molmxj1djuafmlej1t7v93ungh,Email
223,Becker,Elena,Dr.,contacted,,,,,,,,,,lübeck,,,,Ltd. OA,"Ltd. OA, Chefarzt",Facharzt,"Radiologie, Neuroradiologie",Lübeck und Umgebung,"Tel. 19.03.2025
Ist an Lübeck und Umkreis gebunden. Würde gerne wechseln, weil mit der aktuellen Stelle unglücklich. 
Macht gerne Notfall Interventionen, Optional auch gerne elektive Interventionen. Will wissen, welche Stelle wir ausgeschrieben haben. Ich habe ihm Lüdenscheid angeboten.
Vereinbart, dass ich mich melde, wenn ich etwas im Umkreis habe.",elena.becker@outlook.com,+49 1096307102,,2025-03-19 23:59:00,1rmtpm8n7k0njokp9ctm00w78jzt06,Tel.
225,Becker,Emma,Dr.,interested,,anrufen,,,,,,,,"düsseldorf, essen, nordrhein-westfalen",False,NRW,,Oberarzt,"Oberarzt, Ltd. OA, Standortleiter",Facharzt,"Radiologie, Neuroradiologie",Düsseldorf und Essen und Umgebung,"KF: 3 Monate Quartalsende 
Zieht nach Düsseldorf oder Essen
kann auf Interventionen verzichten wenn dafür keine Dienste. Oder Interventionen aber ohne DIenste an einem MVZ. 
Hat viel Neurointerventionen gemacht und ist dann an die Uni für Diagn. Neuro. 
haben aktuell 180 Stroke. 
Chapeau hat 300.
Will Kardio, Neuro, keine Dienste
gerne Leitung, muss aber nicht. 
gerne auch Prostata",emma.becker@yahoo.de,+49 1913022999,,2025-05-12 23:59:00,03avovywp60xi9w7xe6d2l1l3998g2,Email
226,Zimmermann,Mara,Dr.,contacted,,,,,,,,,,CH,,Schweiz,,Ltd. OA,"Ltd. OA, Chefarzt, Standortleiter, Gesellschafter",Facharzt,"Radiologie, Neuroradiologie",,,mara.zimmermann@yahoo.de,+49 1599494771,,2025-05-29 23:59:00,0ce42w9qkz2mksehaytd1zssuxxdch,LinkedIn
231,Schulz,Lea,,Hot / is searching,,warte auf Rückmeldung,,,,,,,,,,,,Oberarzt,"Ltd. OA, Chefarzt, Standortleiter",Facharzt,"Radiologie, Neuroradiologie",Interventionelle Neuroradiologie,"will sich Anfang Januar melden

tel. Will sich über den Ort weiter informieren, Vereinbart, dass wir telefonieren, sobald ich neue Informationen von Prof.Kramer habe.

schafft es nicht bis zu der Einschulung seiner Tochter nach Lübeck umzuziehen. Vereinbart, dass ich Anfang 2026 wegen Lübeck oder anderer Vakanzen nochmal sprechen, weil sie dann im Sommerferien (Juli 2026) umziehen können. Gerne vorher auch andere Stellen anbieten. 
Segali hat 225k p.a. für Lübeck angeboten. 

macht 200-240 Thrombektomien pa. ist OA an der MHH Hanover. macht 7-10 Dienste. Hat die Zusatzbezeichnung in Neuroradiologie. KFrist ist nur 6 Wochen. 
Hat ein schulpflichtiges Kind. will CV für Lübeck senden diese Woche. 

Rems Murr angeboten",lea.schulz@web.de,+49 1590640996,,2025-11-27 23:59:00,0t5b16jfdp1aheni4h9j1dl6l2dabu,Email
232,Müller,Mila,,interested,,,,,,,,,,,,,,,,Facharzt,"Radiologie, Neuroradiologie",arbeitet im Krupp,Alex hat Bild bei WhatsApp gesendet. Hat bei seinem Lin angeschrieben. Nochmal ansprechen.,mila.müller@yahoo.de,+49 1381885462,,2025-06-22 23:59:00,1zovocmni52nu3nyinci1kvha6fj7z,LinkedIn
236,Schmidt,Paula,,contacted,,,,,,,,,,,,,,Oberarzt,"Ltd. OA, Chefarzt",Facharzt,"Radiologie, Neuroradiologie",Neuroradiologie mit Modul E,,paula.schmidt@gmail.com,+49 1892824031,,2025-07-15 23:59:00,180tkgj76t00m1s22j1m2qh2h97v8k,LinkedIn
237,Müller,Alina,PD Dr.,interested,,,,,,,,,,,,,,Oberarzt,"Ltd. OA, Chefarzt",Facharzt,"Radiologie, Neuroradiologie",Interventionelle Neuroradiologie,"will mit Neurochirurgie

St. Gallen angeboten",alina.müller@yahoo.de,+49 1474508708,,2025-11-11 23:59:00,103ra9qi4b1rtfr3uv0720ua923mh2,LinkedIn
252,Wolf,Clara,PD Dr.,contacted,,warte auf Rückmeldung,,,,,,,,,,,,Oberarzt,"Ltd. OA, Chefarzt",Facharzt,"Radiologie, Neuroradiologie",Interventionelle Neuroradiologie,"hat Modul E.

bei Lin Rems Murr angeboten",clara.wolf@web.de,+49 1465573943,,2025-11-28 23:59:00,28ivctfjm30n88pkj2lw235722qt3n,LinkedIn
243,Hoffmann,Emma,,contacted,,,,,,,,,,,,,,Oberarzt,"Oberarzt, Ltd. OA",Facharzt,"Radiologie, Neuroradiologie",Interventionelle Radiologie,Wien,emma.hoffmann@outlook.com,+49 1094687111,,2025-07-31 23:59:00,0t8cqyzk1l18sbqm4cw31n3ma1zsqa,LinkedIn
244,Krüger,Clara,Dr.,contacted,,,,,,,,,,,,,,Facharzt,"Oberarzt, Ltd. OA",Facharzt,"Radiologie, Neuroradiologie",Neuroradiologie,,clara.krüger@yahoo.de,+49 1346970095,,2025-07-31 23:59:00,0epekbz3pg0bfvlc4p6o1s6fdzvu9i,LinkedIn
241,Klein,Lea,Dr.,interested,,,,,,,,,,"berlin, brandenburg, mecklenburg-vorpommern, schleswig, schleswig-holstein",True,"Brandenburg, Mecklenburg-Vorpommern, Schleswig-Holstein, Berlin",,Oberarzt,Ltd. OA,Facharzt,"Radiologie, Neuroradiologie",Berlin und Norddeutschland,"SP ist Diagnostik und Thorax / Lunge
hat Q1 Herz und will Q2 machen
ungern Prostata
kein Mamma, nur für CA
FA seit 2013
ist 55, geschieden, Kind ist groß
hat MBA gemacht
will keine Anwesenheitsdienste, Rufbereitschaften ist ok
vollzeit
K Frist  1 Monat
aktuell OA mbF
will 220k
Punktieren alles, Tumorablationen, PRT auch alles 
War 3 jahre in Lungenklinik

Hat Becken-Bein Angios nur in der Ausbildung 

Gerne Interventionen / Thrombektomien lernen aber Nuero ZWB muss nicht sein

Per E-Mail Uhrzeit für Telefonat ausmachen",lea.klein@outlook.com,+49 1873932956,,2025-07-26 23:59:00,1dios1jqji0pw8yrgh2o0f78k02u56,Tel.
239,Koch,Lisa,,interested,,,,,,,,,,"heidelberg, mannheim",,,,Oberarzt,"Ltd. OA, Chefarzt, Gesellschafter",Facharzt,"Radiologie, Neuroradiologie",will Ltd. OA mit interv. Neuroradiologie - Mannheim und Umgebung Heidelberg,"wohnt in Mannheim, auch Heidelberg wäre ok
Ende 2023 FA und immer nur an Unis
macht aktuell WB Neuroradiologie
Auch gerne CH
Mitte 2027 ist feritg mit Weiterildung
kann auch allg. Interventionen machen
gerne im ambulanen Bereich ohne Interventionen für Familienzeit
keine Mamma, will weg von der Uni. will gutes Leben aber mit Familienzeit
von interventionen in die niederlassung 
genre gesellschafter

Hallo Herr Likhachev, vielen Dank für Ihre Nachricht. Ich wohne in Mannheim. Falls Sie in Zukunft Angebote in der Region haben, würde ich mich sehr darüber freuen.
Ich werde meinen Schwerpunkt in der Neuroradiologie erst absolvieren. Denken Sie, dass sich das auf das Gehalt auswirkt?",lisa.koch@yahoo.de,+49 1936476240,,2025-07-14 23:59:00,2e9dl3390o2hnskgzfen0qg66m29xo,LinkedIn
245,Schwarz,Nina,Dr.,interested,,,,,,,,,,"düsseldorf, nordrhein-westfalen",,NRW,,Oberarzt,"Ltd. OA, Standortleiter",Facharzt,"Radiologie, Neuroradiologie",Düsseldorf und Umgebung,"Herz Q1 MR und CT
Seit 2022 FA 
SP Neuroradiologie, hat an der Uni HHU alles gemacht. 
Kann langfristig Thrombektomien
Pain point aktuell fahrzeit sehr weit
Gehalt ab 170
über Martinus und Langenfeld gesprochen. Das aktuell angebit ist interessant, weil sich dort viel auch interventionell entwickeln wird. hat auch einen tag HomeOffice",nina.schwarz@outlook.com,+49 1355918227,,2025-08-25 23:59:00,0lx78pusou0z99o7dg870a8f92fykc,Tel.
247,Schneider,Clara,,interested,,,,,,,,,,nordrhein-westfalen,False,NRW,,Ltd. OA,Chefarzt,Facharzt,"Radiologie, Neuroradiologie",nur CA mit interventioneller Neuroradiologie,"ist Ltd. OA in Solingen.
Hat Module E und F 
macht alles 
haben haus gekauft in Unterrath nur Düsseldorf und Umgebung
Wenn dann CA mit Interventionen und gerne auch Bauch und gelenkinterventionen",clara.schneider@web.de,+49 1912625657,,2025-08-27 23:59:00,0eitwqd21p07s15mlaum1ee55ddjwo,Tel.
248,Zimmermann,Anna,Dr.,interested,,,,,,,,,,CH,False,Schweiz,,Ltd. OA,"Ltd. OA, Chefarzt, Standortleiter, Gesellschafter",Facharzt,"Radiologie, Neuroradiologie",Luzern und Zentralschweiz,"Ltd. OA Emmental bei Dr. Knecht. 
Macht SP Neuroradiologie, aber will nur Diagnostisch arbeiten
Wenn dann nur mit HomeOffice interessant 
PainPoint sind Arbeitszeiten
will WorkLife Balance
Fokus Diagnostik
Keine Thrombektomien
Will familienfreundliche Stelle
Pensum 100% gerne weiter aber mit familienfreundlichen Zeiten
Nur CH und in Wohnen in Luzern
Also Zentralschweiz und rund um Luzern, Zürich, Aarau
Gerne auch in ambulante Versorgung
Diagnostik: MSK und Neuro, Sono
Herz nein, Mamma nein, Prostata nein
Hat ein gutes Gehalt , als OA schon 2xx
31 Urlaub und 10 FB Tage",anna.zimmermann@web.de,+49 1965488902,,2025-09-05 23:59:00,1lqrit8sjc130aizg12x0p7wjxbd35,Tel.
254,Schneider,Mara,PD Dr.,interested,,,,,,,,,,,False,,,Oberarzt,"Ltd. OA, Chefarzt",Facharzt,"Radiologie, Neuroradiologie",nur Ltd. OA oder CA Neuroradiologie,Nur Frankfurt und Umgebung. Kann alles Interventionelle Neuroradiologie. Hat Modul E und F. Ist früher aus München nach Frankfurt umgezogen und hat 2 Kinden denen er versprochen hat nicht mehr umzuziehen. Frankfurt und +100km pendeln. Macht auch Dienste. Machen bis 200 Thrombektomien p.a.,mara.schneider@yahoo.de,+49 1156489929,,2025-11-27 23:59:00,1xj1x2sift13ino8b5td00uyzp89jc,Tel.
255,Hoffmann,Lena,Dr.,interested,,,,,,,,,,,,,,Facharzt,"Oberarzt, Ltd. OA",Facharzt,"Radiologie, Neuroradiologie",Interventionelle Neuroradiologie,"nur Raum Frankfurt und rein Neuroradiologisch
bei Lin angeschrieben",lena.hoffmann@gmail.com,+49 1231730377,,2025-12-08 23:59:00,2ay234jd4g0smxv6i66d292wgbmjsk,LinkedIn
256,Bauer,Emma,Dr.,contacted,,,,,,,,,,,,,,Facharzt,Ltd. OA,Facharzt,"Radiologie, Neuroradiologie",Neuroradiologie,Lin geschrieben und Stuttgart angeboten,emma.bauer@yahoo.de,+49 1756968333,,2025-12-04 23:59:00,1t4v82w5fm1ljxedmyo92hv6vig2v7,LinkedIn
257,Weber,Lea,,interested,,anrufen,,,,,,,,,,,,Facharzt,"Oberarzt, Standortleiter",Facharzt,"Radiologie, Neuroradiologie",FA Rad und Neuroradiologie,"Niedersachsen und Mek-Pom.
Tel. Sieht sich eher im klinischen oder ambulant, dann aber mit SP Neuroradiologie. Kein Modul E und kann nur schlecht MSK und kein Mamma. Gerne",lea.weber@gmail.com,+49 1751411201,,2025-12-08 23:59:00,2eaw4vbzc50n0egj6r062foxhma7i5,Tel.
258,Koch,Lisa,PD Dr.,interested,,,,,,,,,,,True,,,Ltd. OA,Chefarzt,Facharzt,"Radiologie, Neuroradiologie",will CA Neuroradiologie,"ab 400k+ jetzt 300+. Modul E und F
Stv. Klinikdirektor und Ltd. OA Sektionsleiter Neuroradiologie. hat MBA
Geld ist wichtig.",lisa.koch@web.de,+49 1079980946,,2025-12-12 23:59:00,10k69ypu9k0w310qykam0japgv0mlm,Tel.
262,Schwarz,Klara,Dr.,contacted,,,,,,,,,,,,,,,,Facharzt,Radiologie,,,klara.schwarz@outlook.com,+49 1602000998,,48113-11-21 00:00:01,05z39q2ran2q7aujx5ti14l7qivxck,
264,Neumann,Klara,Dr.,contacted,,,,,,,,,,,,,,Ltd. OA,"Ltd. OA, Chefarzt, Standortleiter",Facharzt,Radiologie,,"26.01.2023 - TP:
Danach kein Interesse mehr aber gerne in Kontakt bleiben. 

Sehr geehrter Herr Putilin,
Danke für ihre Nachfrage. Sollten in Zukunft Vakanzen offen sein, dürfen sie mich gerne informieren.


Sehr geehrter Herr Putilin,
Ich habe ihre Ausschreibung im Deutschen Ärzteblatt gelesen und mich interessiert die Stellenbeschreibung.
Ich bin Radiologe mit den Schwerpunkten muskuloskelettale Diagnostik, CT und Mammographie. Ich arbeite aktuell in einer Praxis in München.
Ich bitte Sie, meine Anfrage diskret zu behandeln. Vielleicht können Sie mir mehr über die Stelle und den Ort erzählen? Gerne komme ich auch einmal bei ihnen vorbei.",klara.neumann@yahoo.de,+49 1725319980,,48113-11-21 00:00:01,1kmeyxe77l20kwbgtzaa2gys1250sy,
265,Wolf,Mila,,contacted,,,,,,,,,,,,,,,,Facharzt,Radiologie,,,mila.wolf@web.de,+49 1128456853,,48113-11-21 00:00:01,1fz7r37oo70mrk4r4s0916wfk3kh1l,
266,Schulz,Laura,,interested,,,,,,,,,,,,,,,,Facharzt,Radiologie,,ist OA in Helios Duisburg,laura.schulz@web.de,+49 1771656539,,48113-11-21 00:00:01,1g04l3pjmr241kp1u26e0petbz5e96,
267,Schneider,Lisa,Dr.,interested,,,,,,,,,,,,,,,,Facharzt,Radiologie,Ostwestphalen Lippe offen + Kollegen,"21.02.2023 - TP:
Martinus Leitung 
Berlin Leitung
angeboten

Ostwestphalen Lippe offen + Kollegen",lisa.schneider@gmail.com,+49 1870926578,,48113-11-21 00:00:01,1uf9zv34x50y5fzj276z06mkq7s303,
268,Bauer,Maria,,contacted,,,,,,,,,,,,,,Facharzt,"Facharzt, Standortleiter",Facharzt,Radiologie,FA bei ZRN,,maria.bauer@gmail.com,+49 1823623363,,48113-11-21 00:00:01,0n0e9qdplg1jy2d7tsvv19w30gm1zl,LinkedIn
269,Schwarz,Sarah,,contacted,,,,,,,,,,,,,,,,Facharzt,Radiologie,,,sarah.schwarz@yahoo.de,+49 1950500398,,48113-11-21 00:00:01,0quod1czmt0xp0i9zrqx20etff5lco,
270,Bauer,Elena,,contacted,,,,,,,,,,,,,,,,Assistenzarzt,Radiologie,,,elena.bauer@web.de,+49 1370553127,,48113-11-21 00:00:01,156fws8r6429ooo44ih52jvhbiqyew,
271,Schneider,Elena,,contacted,,,,,,,,,,,,,,,,Assistenzarzt,Radiologie,,,elena.schneider@web.de,+49 1871192502,,48113-11-21 00:00:01,05u6ifktdd2mdx445pw90ct0kozkgh,
272,Richter,Elena,,contacted,,,,,,,,,,,,,,,,Assistenzarzt,Radiologie,3 Jahre AA Radiologie im Irak,,elena.richter@web.de,+49 1351733350,,48113-11-21 00:00:01,2aenu8z70s0enjwy26of00u3xypoql,
273,Müller,Lea,Dr.,contacted,,,,,,,,,,,,,,,,Facharzt,Radiologie,,01.12.2022 - TP: Telefoniert. Sehr angenehmes Telefonat. Leiter Martinus angeboten. Ist im Moment sehr zufrieden mit seiner Arbeit und möchte nicht wechseln.,lea.müller@web.de,+49 1178042820,,48113-11-21 00:00:01,0jhh8pjr5e16wu04t7ll01ce0twdsr,
274,Schmidt,Anna,,contacted,,,,,,,,,,,,,,,,Facharzt,Radiologie,,hat aktuell 08/2022 kein Interesse an einem Wechsel,anna.schmidt@web.de,+49 1704587180,,48113-11-21 00:00:01,1kz9fpwqmi1qn9wusqx60akdtb8j9t,
306,Schulz,Mara,Dr.,contacted,,,,,,,,,,,,,,,,Facharzt,Radiologie,,,mara.schulz@gmail.com,+49 1161362232,,48113-11-21 00:00:01,1e824kgerm0yerhfm9812q0s98mwzr,
263,Hartmann,Elena,,interested,,,,,,,,,,münchen,,,,Ltd. OA,"Ltd. OA, Chefarzt, Standortleiter",Facharzt,Radiologie,westlich von München,"25.04.2024 - TP:
Tel. ist jetzt nicht aktiv auf der Suche aber gerne ansprechen wenn ich etwas in der Nähe habe

24.02.2024 - TP:
Tel. Ziehen mit Ehefrau nach Bad Wörnishofen. Frau ist Neurologie und Psychiatrie
hat PET-CT Kenntnisse aber keine Fachkunde. Kein Mamma, kein Angio. 
CT-Interventionen ja
SP MSK
eher Klinik aber kommt drauf an
150 jetzt, 165-175 will ohne Dienste",elena.hartmann@gmail.com,+49 1808250262,,48113-11-21 00:00:01,2ok7vn3l2t049qm7a8qj2db5ogqe2i,Email
275,Weber,Nina,Dr.,contacted,,,,,,,,,,,,,,,,Facharzt,Radiologie,,aktuell noch hauptberuflich vertraglich gebunden für mehr als 12 Monate.,nina.weber@outlook.com,+49 1210493857,,48113-11-21 00:00:01,2862cv8kn21ae4jasx6y1qvzgsq6p7,
276,Becker,Elena,,contacted,,,,,,,,,,,,,,,,Assistenzarzt,Radiologie,noch keine Erfahrung,,elena.becker@yahoo.de,+49 1790076201,,48113-11-21 00:00:01,17q3ntx8ll00593rprrf1eioql7kjo,
277,Schneider,Julia,,contacted,,,,,,,,,,,,,,,,Facharzt,Radiologie,,,julia.schneider@gmail.com,+49 1430279325,,48113-11-21 00:00:01,0ag53yfb3r1l2jmpnxuu24u6ccsq69,
278,Richter,Johanna,Dr.,contacted,,,,,,,,,,,,,,,,Facharzt,Radiologie,,,johanna.richter@outlook.com,+49 1822236449,,48113-11-21 00:00:01,240th8oqpw1k1eqkh8hm03juo0hx1i,
279,Zimmermann,Paula,,contacted,,,,,,,,,,,,,,,,Assistenzarzt,Radiologie,,muss noch DE Approbation bekommen,paula.zimmermann@yahoo.de,+49 1567098006,,48113-11-21 00:00:01,1mh05xha0c0chqqqlxii10u3w4yp0x,
281,Wagner,Sophie,,contacted,,,,,,,,,,,,,,,,Facharzt,Radiologie,,keine Interesse 11/2020 - wird bald FA!!!,sophie.wagner@yahoo.de,+49 1928801111,,48113-11-21 00:00:01,2fcb7bosm40mfmb3099a2j24rta2yj,
282,Meyer,Laura,Dr.,contacted,,,,,,,,,,,,,,,,Facharzt,Radiologie,aktuell 02/2022 nein,"21.02.2023 - TP:
vielen lieben Dank für diese Information! 
Ich bin aktuell in Neheim als Oberärztin tätig, habe einen AT-Vertrag, keine Dienste und einmal die Woche Homeoffice… dementsprechend bin ich mit meiner aktuellen Tätigkeit äußerst zufrieden und spiele nicht mit dem Gedanken meine Stelle zu wechseln! 

Vielen Dank dennoch, dass sie mich kontaktiert haben. 

Dortmund - kommt aus der Elternzeit - OLEG hatte Kontakt",laura.meyer@gmail.com,+49 1074925108,,48113-11-21 00:00:01,0jnir0n23v29qwqvhyt025ibgatchz,
283,Hartmann,Sophie,,interested,,,,,,,,,,,,,,,,Facharzt,Radiologie,will MSK Zeugnis haben,"will MSK Zeugnis haben und dann kündigen: 

Sehr geehrter Herr Putilin,
Es tut mir leid, dass ich jetzt erst schreibe.
Mein Plan ist das Zeugnis zu bekommen, und mein Ziel weiter zu verfolgen.
Zusammengefasst nach dem Zeugnis werde ich kündigen.

Ich weiß, es macht die Sache schwierig. Aber ich bin ehrlich.

Vielen Dank für Ihre Mühe
Mohammed Alashqar",sophie.hartmann@web.de,+49 1292704804,,48113-11-21 00:00:01,1358zn8crp1gfwydpand0hddmin9mw,
284,Schulz,Lisa,,contacted,,,,,,,,,,,,,,,,Facharzt,Radiologie,,,lisa.schulz@outlook.com,+49 1184604275,,48113-11-21 00:00:01,0y7f08fcxu1v63p9m5yh0w0ve87xmn,
285,Becker,Julia,Dr.,contacted,,,,,,,,,,,,,,Ltd. OA,"Ltd. OA, Chefarzt, Standortleiter",Facharzt,Radiologie,,,julia.becker@web.de,+49 1609879174,,48113-11-21 00:00:01,1bl1u0fugr13gzoyqc5d2bd0ihfpqu,
286,Schwarz,Johanna,,contacted,,,,,,,,,,,,,,,,Facharzt,Radiologie,,,johanna.schwarz@gmail.com,+49 1530782616,,48113-11-21 00:00:01,1ajhywunyo2n4zggc5gj2j4guhm113,
287,Weber,Maria,Dr.,contacted,,,,,,,,,,,,,,,,Facharzt,Radiologie,,,maria.weber@web.de,+49 1946602076,,48113-11-21 00:00:01,0wik5sget3218uie5b7p0p8q7w9ot0,
289,Wolf,Anna,,contacted,,,,,,,,,,,,,,,,Facharzt,Radiologie,,,anna.wolf@gmail.com,+49 1982252702,,48113-11-21 00:00:01,1ts56s7bld0yppgb37a60tjdq9cf6q,
290,Müller,Sarah,,contacted,,,,,,,,,,,,,,,,Facharzt,Radiologie,,,sarah.müller@web.de,+49 1189740056,,48113-11-21 00:00:01,2qfckbf2k3249zuzuyy529e2uuadqr,
291,Becker,Alina,,contacted,,,,,,,,,,,,,,,,Facharzt,Radiologie,,nur in Vollersode  - Bremen / Hamburg - will erst Weiterbildung Allgemeinmedizin zu Ende machen 11/2020,alina.becker@web.de,+49 1419815849,,48113-11-21 00:00:01,06tr3vmyaj24hn21s6a92pyyxz7vlp,
292,Fischer,Sarah,Dr.,contacted,,,,,,,,,,,,,,,,Facharzt,Radiologie,,an Wismar interessant,sarah.fischer@yahoo.de,+49 1562371947,,48113-11-21 00:00:01,2pk24qiwma2pr47vqxw804gtqsa97e,
294,Klein,Mila,Dr.,contacted,,,,,,,,,,,,,,,,Facharzt,Radiologie,,,mila.klein@gmail.com,+49 1784438806,,48113-11-21 00:00:01,01t4t2rgbp02d5m9gcyg1c8zzvtwtf,
295,Fischer,Johanna,,contacted,,,,,,,,,,,,,,,,Assistenzarzt,Radiologie,,,johanna.fischer@web.de,+49 1484649314,,48113-11-21 00:00:01,19vifncveb1lnr2d2e052gs9efc0pa,
297,Bauer,Anna,,contacted,,,,,,,,,,,,,,,,Assistenzarzt,Radiologie,,,anna.bauer@web.de,+49 1275222910,,48113-11-21 00:00:01,0xl8o12vje2p2knv6ixe16uovaluee,
298,Weber,Laura,,contacted,,,,,,,,,,,,,,,,Assistenzarzt,Radiologie,,,laura.weber@outlook.com,+49 1662674806,,48113-11-21 00:00:01,1ooqgaxpzc1oagsoh6sg031kob0h9z,
299,Richter,Sophie,,interested,,,,,,,,,,,,,,,,Facharzt,Radiologie,20.03.2024 - TP: WBA im letzten Jahr,20.03.2024 - TP: WBA im letzten Jahr,sophie.richter@web.de,+49 1000163317,,48113-11-21 00:00:01,2c97uahgyq248dykwkwg1rxcb5nnj0,
300,Müller,Lisa,,contacted,,,,,,,,,,,,,,,,Facharzt,Radiologie,,"ist aktuell 08/2022 dabei, sich beruflich umzuorientieren und kein Interesse",lisa.müller@web.de,+49 1895153498,,48113-11-21 00:00:01,1p3t1fwsab25iqx6sz7i07jf4nbe0w,
301,Fischer,Isabella,,contacted,,,,,,,,,,,,,,,,Facharzt,Radiologie,,kein Interesse,isabella.fischer@gmail.com,+49 1219200097,,48113-11-21 00:00:01,18prw5xn8w0mj7rgjnc100i7m569rp,
302,Bauer,Alina,Dr.,contacted,,,,,,,,,,,,,,,,Facharzt,Radiologie,,Kardiodiagnostik,alina.bauer@web.de,+49 1666845252,,48113-11-21 00:00:01,2mf08s9bu105j6yc4rsg2id7qoqrb1,
303,Becker,Paula,Dr.,contacted,,,,,,,,,,,,,,,,Facharzt,Radiologie,,"Freelancer, Rhein Main Gebiet",paula.becker@outlook.com,+49 1145723281,,48113-11-21 00:00:01,0j93xhcpdo0efvnbbzdf24e1uo4b7t,
304,Hoffmann,Laura,,contacted,,,,,,,,,,,,,,,,Facharzt,Radiologie,,"niedergelassene Ärztin, aktuell 07/2022 kein Interesse an einem Wechsel",laura.hoffmann@gmail.com,+49 1643058623,,48113-11-21 00:00:01,09ohnpqn0q2ozc5bakqk2jvu3errcl,
305,Fischer,Klara,,interested,,,,,,,,,,,,,,,,Facharzt,Radiologie,,,klara.fischer@web.de,+49 1671511286,,48113-11-21 00:00:01,03wxrjzxu32musf9c0uy26va5wbikl,
308,Wolf,Laura,Dr.,contacted,,,,,,,,,,,,,,,,Facharzt,Radiologie,01/2023 bei Radiologische Allianz,,laura.wolf@web.de,+49 1564257079,,48113-11-21 00:00:01,2c3se2163k0ntqnwc3750fp2nffin0,
309,Schulz,Mila,Dr. med.,contacted,,,,,,,,,,,,,,,,Facharzt,Radiologie,,,mila.schulz@web.de,+49 1371693802,,48113-11-21 00:00:01,003se14wpb127ey9skfl2ggehtej3x,
310,Weber,Sophie,,contacted,,,,,,,,,,,,,,,,Facharzt,Radiologie,,"21.02.2023 - TP:
Leitung Martinus angeboten - Email


05.08.2021: Email gesendet. Hatte mit Morozov tel. 
https://www.radiologie-koeln-nord.de/aerzte-artikel/articles/carsten-bolm.html",sophie.weber@yahoo.de,+49 1998940097,,48113-11-21 00:00:01,19je3zvx4n1nisjo47a220r0efkvc3,
311,Schulz,Johanna,Dr.,contacted,,,,,,,,,,,,,,,,Facharzt,Radiologie,nur Management,"15.02.2023 - TP:
Sehr geehrter Herr Putilin,

Ihre Kollegin Frau Boss war diesbezüglich bereits auf mich zugekommen und wir haben festgestellt, dass es aktuell nicht passt.
Lassen Sie mich aber gern wissen, wenn Sie Angebote mit rein strategisch/operativen (nicht klinischen) Aufgaben erhalten.

Mit freundlichen Grüßen,
Georg Böning

ÄL in Berlin angeboten


ist PD Dr Dr - nur wenn CA Position",johanna.schulz@web.de,+49 1570930062,,48113-11-21 00:00:01,0zhaf3o4xw1kqe8qd7i70glei5cpta,
312,Hartmann,Mila,,contacted,,,,,,,,,,,,,,,,Facharzt,Radiologie,,,mila.hartmann@web.de,+49 1115201810,,48113-11-21 00:00:01,02mampkmb810d5mhv38d0rv73k6815,
313,Schneider,Isabella,Dr.,contacted,,,,,,,,,,,,,,,,Facharzt,Radiologie,,12/2020 fängt bei blikk Herne an,isabella.schneider@yahoo.de,+49 1433102271,,48113-11-21 00:00:01,1q2l1g2vit1zl1pr6cln202td7goka,
314,Becker,Lea,Dr.,contacted,,,,,,,,,,,,,,,,Facharzt,Radiologie,,,lea.becker@web.de,+49 1618147110,,48113-11-21 00:00:01,1pid8qs7y11noorokq1c1bahk76688,
315,Fischer,Sarah,,contacted,,,,,,,,,,,,,,,,Facharzt,Radiologie,,,sarah.fischer@web.de,+49 1894120324,,48113-11-21 00:00:01,1u7evkfzwh1dgd0viip01anwp97epn,
316,Zimmermann,Alina,Dr.,contacted,,,,,,,,,,,,,,,,Facharzt,Radiologie,,aktuell 08/2022 in Rente,alina.zimmermann@outlook.com,+49 1065502203,,48113-11-21 00:00:01,0nbnksp9yo0rkbzhh4en21a04zcho9,
317,Schneider,Paula,Dr.,contacted,,,,,,,,,,,,,,,,Facharzt,Radiologie,,,paula.schneider@gmail.com,+49 1464567361,,48113-11-21 00:00:01,1aj85pmdjd0s1dp0wq6w278js2zbjn,
318,Richter,Mila,Dr.,contacted,,,,,,,,,,,,,,,,Facharzt,Radiologie,,ist noch AA für Radiologie,mila.richter@gmail.com,+49 1903787148,,48113-11-21 00:00:01,0vsra57sk420edtdslnz1a97qarz5p,
319,Wolf,Klara,Dr.,interested,,,,,,,,,,,,,,,,Facharzt,Radiologie,nur Ruhrgebiet,"18.11.2020 - TP:
Düsseldorf kommt aktuell leider nicht in Frage für mich. Vielen Dank trotzdem für das Angebot. 
Viele Grüße aus Dortmund,",klara.wolf@yahoo.de,+49 1044400732,,48113-11-21 00:00:01,0g0tdqj0062p5y2m4znb1dpczaki3r,
320,Meyer,Lena,,contacted,,,,,,,,,,,,,,,,Facharzt,Radiologie,,,lena.meyer@web.de,+49 1530565610,,48113-11-21 00:00:01,02yob0ec3s1o160xq3081ojnclon5v,
321,Weber,Emma,,contacted,,,,,,,,,,,,,,,,Facharzt,Radiologie,braucht nur noch 100 Interventionen bis FA,"07.03.2024 - TP: fehlen nur noch 100 Interventionen bis FA.
Hatte sich in der Vergangenheit schon bei Prof. Tepe vorgestellt in Rosenheim aber nicht zusammengekommen
ist reiner Radiologe und will auch bleiben
kann auch gerne als AA starten",emma.weber@web.de,+49 1812453719,,48113-11-21 00:00:01,2ju9kthxxh03enadof471ao837fsoq,
322,Müller,Mila,,contacted,,,,,,,,,,,,,,,,Facharzt,Radiologie,,"22.12.2022 - vmartynenko:
sucht erst ab September 2023 in München.
Lebt in Münchener Westen",mila.müller@outlook.com,+49 1181231167,,48113-11-21 00:00:01,14tc4dl4sl0dzdlrmnfv0q0zo82bhk,
324,Fischer,Mila,Dr.,contacted,,,,,,,,,,,,,,,,Facharzt,Radiologie,,,mila.fischer@yahoo.de,+49 1742982251,,48113-11-21 00:00:01,1vmxvtx72z1tr97a9wqz126ujfy8tj,
325,Wolf,Lena,Dr.,interested,,,,,,,,,,,,,,Ltd. OA,"Ltd. OA, Chefarzt, Standortleiter",Facharzt,Radiologie,will Praxis-Klinikmanagement,"13.02.2023 - TP:
Aufgrund meiner Managementausbildung strebe ich eine verantwortungsvollere Aufgabe im Praxis-Klinikmanagement an, so dass Ihnen somit leider absagen muss. 

08.02.2023 - TP: 
Moin Frau Boss,

vielen Dank für Ihr Stellenangebot, welches wirklich sehr interessant klingt.

Ein paar Fragen hätte ich allerdings:
1. Wie wäre der zeitliche Anteil vom Tagesgeschäft, für den man für die organisatorischen Tätigkeiten freigestellt werden würde? 
2. Da ich seit 3 Jahren Chefarztvertretung bin, zudem Hygiene-Beauftragte Ärztin, TÜV-geprüfte QM-Beauftragte + -Auditorin, ein international abgeschlossenes Studium mit Doktortitel vorweisen kann und zur Zeit (in der Endphase) Krankenhausmanagement (MSc) studiere, fällt meine Gehaltsvorstellung allerdings deutlich höher aus als das aus Ihrem Angebot. Sehen Sie da einen Verhandlungspielraum? 
3. Mein Spezialgebiet ist MSK. Wäre das im betrieblichen Alltag umsetzbar? 

Über eine Rückmeldung würde ich mich sehr freuen.

Herzlichen Gruß aus HH

Melanie Buurman",lena.wolf@web.de,+49 1867116760,,48113-11-21 00:00:01,16pqw7tus701434a4mxv1b4h3tgk6r,
326,Müller,Klara,,contacted,,,,,,,,,,,,,,,,Facharzt,Radiologie,,,klara.müller@yahoo.de,+49 1947675922,,48113-11-21 00:00:01,15j2jsl1bs0yawus35181zqy8xc9cy,
327,Klein,Nina,,contacted,,,,,,,,,,,,,,,,Assistenzarzt,Radiologie,,,nina.klein@gmail.com,+49 1667823857,,48113-11-21 00:00:01,25c8rr1zei05z6dlslz212jwy23l1g,
328,Koch,Lena,,contacted,,,,,,,,,,,,,,,,Facharzt,Radiologie,,ist noch Assistenzärztin,lena.koch@yahoo.de,+49 1894052485,,48113-11-21 00:00:01,2q8azgx0ax1qw22v1ain11xstrk2ex,
329,Schmidt,Anna,Dr.,contacted,,,,,,,,,,,,,,,,Facharzt,Radiologie,,Neurochirurgie,anna.schmidt@web.de,+49 1230436165,,48113-11-21 00:00:01,25upl2l4b71syaxkabay29hou471b2,
330,Schneider,Johanna,,contacted,,,,,,,,,,,,,,,,Facharzt,Radiologie,,,johanna.schneider@yahoo.de,+49 1724284248,,48113-11-21 00:00:01,0eeleqdk5h0r59tsgsms0q2ai8i819,
331,Bauer,Mara,Dr.,contacted,,,,,,,,,,,,,,,,Facharzt,Radiologie,will einen Anteil Home Office,,mara.bauer@outlook.com,+49 1387826439,,48113-11-21 00:00:01,0ubnadrxpk14qh2ua5xw14uybdql6p,
332,Becker,Alina,Dr.,contacted,,,,,,,,,,,,,,,,Facharzt,Radiologie,,aktuell 07/2022 kein Interesse,alina.becker@web.de,+49 1656394445,,48113-11-21 00:00:01,0re3r2ky100nx6kucg9e2aun2sp9eq,
333,Becker,Paula,,contacted,,,,,,,,,,,,,,,,Facharzt,Radiologie,,kein Interesse,paula.becker@web.de,+49 1906523742,,48113-11-21 00:00:01,2k17efctic0s1smx5rda2868y7surd,
337,Krüger,Julia,,contacted,,,,,,,,,,,,,,,,Assistenzarzt,Radiologie,noch keine Erfahrung,,julia.krüger@gmail.com,+49 1361974964,,48113-11-21 00:00:01,2b5lc7du9w2p8c9wvx4l0651fb82rk,
338,Wagner,Klara,,contacted,,,,,,,,,,,,,,,,Facharzt,Radiologie,,aktuell 07/2022 zufrieden mit Stelle und kein Interesse an einem Wechsel,klara.wagner@outlook.com,+49 1560602474,,48113-11-21 00:00:01,10iv8l3ems2kxnoocnob1o9ubrrz19,
339,Schmidt,Alina,Dr.,interested,,,,,,,,,,,,,,,,Facharzt,Radiologie,,05.04.2023 - TP:,alina.schmidt@outlook.com,+49 1122972389,,48113-11-21 00:00:01,1ycpk1qloe19nbmxszz71vdgfd9dta,
340,Wolf,Lea,Dr.,contacted,,,,,,,,,,,,,,Freelancer,,Facharzt,Radiologie,Türkei - Freelancer,Freelancer,lea.wolf@web.de,+49 1134869178,,48113-11-21 00:00:01,1lgay4udm92ab5z2r50529le24493h,
341,Hoffmann,Mara,Dr.,contacted,,,,,,,,,,,,,,Freelancer,,Facharzt,Radiologie,schlechtes Benehmen med360 Straßlach Termin,19.09.2024 - TP: ist 80 Jahre alt. Hatte eine eigene Praxis in München. Kann alles,mara.hoffmann@yahoo.de,+49 1017719980,,48113-11-21 00:00:01,1jmg53shua0o1kefnff50kcpzehubr,
342,Hoffmann,Elena,Dr.,interested,,,,,,,,,,,,,,,,Facharzt,Radiologie,will mit Beteiligung,"09.02.2023 - TP: Berlin Conradia angeschrieben


07.10.2022 - TP: Lin geschrieben. Will als Gesellschafter irgendwo einsteigen. Vereibart, dass ich ihm etwas anbieten kann, wenn mit Beteiligugnsoption. 


neue Stelle 04/2022 Facharzt Radiologie bei Diagnostikum Wildau.",elena.hoffmann@yahoo.de,+49 1525514772,,48113-11-21 00:00:01,1gw1yd0ptc1b7ml3fs602a31p3jorp,
343,Schneider,Lisa,,contacted,,,,,,,,,,,,,,,,Facharzt,Radiologie,,,lisa.schneider@web.de,+49 1422387731,,48113-11-21 00:00:01,2b96ae5cxi2jyxm1rrth0hb3g56eye,
344,Klein,Paula,Dr.,interested,,,,,,,,,,,,,,Ltd. OA,"Ltd. OA, Chefarzt, Standortleiter",Facharzt,Radiologie,SP MSK,"15.02.2023 - TP: ÄL Conradia Berlin angeboten


will erst APL zuende machen",paula.klein@web.de,+49 1522758741,,48113-11-21 00:00:01,09p51gkeco05ly2m0ol50fwhq47zfi,
345,Hoffmann,Alina,,interested,,,,,,,,,,,,,,,,Assistenzarzt,Radiologie,AA Radiologie,"20.03.2024 - TP:
mein Name ist Nora Dimitrova und derzeit bin ich auf der suche nach eine Stelle als Assistenzärztin für Radiologie. Ich habe Ihre Anzeige im Internet gelesen, dass Ärzte für MVZ gesucht werden. Könnten Sie mir bitte noch darüber erzählen ?",alina.hoffmann@gmail.com,+49 1298675196,,48113-11-21 00:00:01,2mb78bd48827hz7otwm72bxzib7ff8,
346,Wagner,Klara,Dr.,contacted,,,,,,,,,,,,,,,,Facharzt,Radiologie,,Freelancer,klara.wagner@outlook.com,+49 1324995350,,48113-11-21 00:00:01,1mlmv18cvw1y1ismjoll0se612in72,
347,Weber,Julia,,contacted,,,,,,,,,,,,,,,,Facharzt,Radiologie,,nur in Bayern oder Österreich,julia.weber@web.de,+49 1299810236,,48113-11-21 00:00:01,13p66726170qpkzs4yb51nhw5mw6q4,
348,Klein,Emma,Dr.,contacted,,,,,,,,,,,,,,Ltd. OA,"Ltd. OA, Chefarzt, Standortleiter",Facharzt,Radiologie,,,emma.klein@gmail.com,+49 1647096079,,48113-11-21 00:00:01,03p3tp7qvu1og0ym3c0121356ss87h,
349,Zimmermann,Klara,Dr.,contacted,,,,,,,,,,,,,,,,Facharzt,Radiologie,,,klara.zimmermann@gmail.com,+49 1916726696,,48113-11-21 00:00:01,0np0wh3n7j0ivvmd95dw1l2rufq8ex,
350,Meyer,Laura,,contacted,,,,,,,,,,,,,,,,Facharzt,Radiologie,seit 08/2024 Die Radiologie,,laura.meyer@yahoo.de,+49 1234141924,,48113-11-21 00:00:01,1wcydj4gmo2pinytl93z2f00phwiq3,
351,Schmidt,Mila,,contacted,,,,,,,,,,,,,,,,Facharzt,Radiologie,,"legt aktuell noch Facharztprüfung ab, Mitte 2023 wieder kontaktieren",mila.schmidt@web.de,+49 1343452204,,48113-11-21 00:00:01,1zz7sm1y000axuaphldm0ds7rvlxk7,
353,Koch,Nina,Dr.,contacted,,,,,,,,,,,,,,,,Facharzt,Radiologie,,HH oder nördlich. Gerne auch OA in Klinik mit Diensten,nina.koch@yahoo.de,+49 1047081433,,48113-11-21 00:00:01,0flt52f71m1klew9pj9214ze2xxzo8,
354,Koch,Elena,,contacted,,,,,,,,,,,,,,,,Facharzt,Radiologie,,,elena.koch@yahoo.de,+49 1355690183,,48113-11-21 00:00:01,2esfs0u8mm1hg2gwol510t8ndzgpci,
355,Fischer,Anna,,interested,,,,,,,,,,,,,,,,Facharzt,Radiologie,,,anna.fischer@outlook.com,+49 1160355112,,48113-11-21 00:00:01,0eksqu2n8x2od5ks5np50jb4x1fwem,
356,Krüger,Elena,Dr.,contacted,,,,,,,,,,,,,,,,Facharzt,Radiologie,,aktuell 06/2022 kein Interesse,elena.krüger@yahoo.de,+49 1478336023,,48113-11-21 00:00:01,0e6hv1y6090kt7j4c1os0vroy18mk8,
357,Klein,Sarah,,contacted,,,,,,,,,,,,,,,,Assistenzarzt,Radiologie,,,sarah.klein@gmail.com,+49 1911542600,,48113-11-21 00:00:01,16gfk3yspm2jg5o1o2pd02215msae1,
358,Richter,Lena,,interested,,,,,,,,,,,True,,,Facharzt,Gesellschafter,Facharzt,Radiologie,Frankfurt und Umgebung,"letzte Praxis wurde Beteiligung versprochen und dann an Investor verkauft. will Beteiligung 
von Bader abgelehnt
SP MSK und Prostata, von den 500 für Q2 fehlen noch 300. Wie viele Prosstata machen die da? 
Kann kein Herz und keine Mamma. 
Ehefrau arbeitet auch 100% und haben ein kleines Kind. Großeltern sind in der Nähe. 
Wie viel Prozent kann man übernehmen? Minderheitsbeteiligung oder gleichwertig?",lena.richter@gmail.com,+49 1923214385,,2025-07-17 23:59:00,1zc1fbywyx1p4n93adrp0f3ztr9pfm,Tel.
359,Krüger,Anna,Dr.,interested,,,,,,,,,,,,,,,,Facharzt,Radiologie,Rhein-Main oder Rhein-Neckar Gebiet,nur Rhein-Main oder Rhein-Neckar Gebiet,anna.krüger@web.de,+49 1527459804,,48113-11-21 00:00:01,01vcxrle7o1w215030qz0ra7ogbaip,
360,Klein,Laura,,contacted,,,,,,,,,,,,,,,,Facharzt,Radiologie,,,laura.klein@web.de,+49 1238643582,,48113-11-21 00:00:01,2mmjwenncd1lnjnhl9t9008bpxfncu,
361,Schneider,Sarah,Dr.,contacted,,,,,,,,,,,,,,,,Facharzt,Radiologie,,interessiert an NRW,sarah.schneider@outlook.com,+49 1337396971,,48113-11-21 00:00:01,09cwl1vdvg2r9abdnnnx18n0945ru7,
404,Hartmann,Anna,Dr.,contacted,,,,,,,,,,,,,,,,Facharzt,Radiologie,,aktuell 07/2022 kein Interesse an einem Wechsel,anna.hartmann@gmail.com,+49 1632268752,,48113-11-21 00:00:01,1px59jjcum0dchvwwl7h2i6y9df6pl,
405,Hartmann,Paula,,contacted,,,,,,,,,,,,,,,,Facharzt,Radiologie,,,paula.hartmann@web.de,+49 1566163993,,48113-11-21 00:00:01,1vwmtp2uq90ucdt4i0fx2g22xdtyjm,
406,Hartmann,Klara,Dr.,contacted,,,,,,,,,,,,,,,,Facharzt,Radiologie,,,klara.hartmann@gmail.com,+49 1982779936,,48113-11-21 00:00:01,2cz7q2apqv29yatb7c0s0vfmldaxoy,
407,Bauer,Julia,Dr.,contacted,,,,,,,,,,,,,,,,Facharzt,Radiologie,,,julia.bauer@gmail.com,+49 1680475134,,48113-11-21 00:00:01,0n242s9ijr19sgfgtutp157ly59z38,
363,Wagner,Emma,Dr.,contacted,,,,,,,,,,,,,,,,Facharzt,Radiologie,,,emma.wagner@yahoo.de,+49 1900726467,,48113-11-21 00:00:01,1uqpegns0s1s6i8kcb011dkhihgirv,
364,Schwarz,Lisa,Dr.,contacted,,,,,,,,,,,,,,,,Facharzt,Radiologie,,,lisa.schwarz@outlook.com,+49 1123503088,,48113-11-21 00:00:01,1o5s6mnsvd1c4hqs9k6k2ml9oeeof6,
365,Bauer,Lena,,contacted,,,,,,,,,,,,,,,,Facharzt,Radiologie,,"05.04.2023 - TP:
Wunschposition: FA in einer Praxis oder einem MVZ
Wechselmotivation: Will keine Dienste mehr weil geheiratet

aktuelles Gehalt:
Wunschgehalt: 150k

Verfügbarkeit zeitlich: 6 Wochen zum Q Ende
Verfügbarkeit räumlich: Schleswig Holstein oder HH

Wo schon selbst beworben: in Kiel 2 Praxen

01.01.22 FA in Kiel
Will Praxis
Hat OA Stellen und müsste dann Hintergrund machen
Angionotfälle müsste er kommen
Richtung Praxis
Will in Kiel bleiben
Ist seit 7 Jahre da
Bis HH geht aber lieber im Norden
AT will und Gemütlichkeit und Kollegen nette
In Kiel schon beworben, aber nicht interessant
40-50 CT und MRT befunden
Schnittbild interesant
Q1 und Q2 Herz MRT Kunse hat er schon
Interesse Herzdiagnostik
MSK auch weiter vertiefen
Im KH ist viele onkologie und trauma und ist langweilig
6 Wochen zum Q-Ende
150k pro Monat in Kiel
Wichtig kollegen und atmosphäre",lena.bauer@web.de,+49 1389064084,,48113-11-21 00:00:01,0ae2p64qyw2dje3418fh1nazmw1x2u,
366,Wagner,Lea,Dr.,contacted,,,,,,,,,,,,,,,,Facharzt,Radiologie,,,lea.wagner@yahoo.de,+49 1153465014,,48113-11-21 00:00:01,0u2lilq9ps0h9feprup82r0mdvhplq,
368,Bauer,Lea,Dr.,contacted,,,,,,,,,,,,,,,,Facharzt,Radiologie,,,lea.bauer@yahoo.de,+49 1085319345,,48113-11-21 00:00:01,2gwpc9vw4e13pjrsn61e1x4b4j78wx,
369,Schmidt,Sarah,,contacted,,,,,,,,,,,,,,,,Assistenzarzt,Radiologie,,,sarah.schmidt@gmail.com,+49 1678789291,,48113-11-21 00:00:01,20imke1ixc26uwtdflu30ta6e6zujg,
370,Hartmann,Sarah,Dr.,contacted,,,,,,,,,,,,,,,,Facharzt,Radiologie,,03/2022 in der Schweiz angefangen,sarah.hartmann@outlook.com,+49 1977287201,,48113-11-21 00:00:01,1umqa3uoi20k9ooq6b2416erljs435,
371,Bauer,Julia,,contacted,,,,,,,,,,,,,,,,Facharzt,Radiologie,,sh Anmerkungen,julia.bauer@gmail.com,+49 1295688919,,48113-11-21 00:00:01,0vd29u60900u9pb4p0j71xno3r760o,
372,Müller,Isabella,Dr.,contacted,,,,,,,,,,,,,,,,Facharzt,Radiologie,,,isabella.müller@outlook.com,+49 1498728305,,48113-11-21 00:00:01,1k2qn9205112ktbh583g0pice8xze3,
373,Wolf,Lisa,Dr.,contacted,,,,,,,,,,,,,,,,Facharzt,Radiologie,,"Raum Stuttgart und München, gerne Gesellschafter",lisa.wolf@web.de,+49 1761220479,,48113-11-21 00:00:01,2khqrspu0220sttzeoo3182horwhoi,
375,Klein,Julia,,contacted,,,,,,,,,,,,,,,,Facharzt,Radiologie,,,julia.klein@gmail.com,+49 1422189536,,48113-11-21 00:00:01,23jsc15dgb1xnoomzxw01vjc9cgd2m,
376,Hoffmann,Mara,Dr.,contacted,,,,,,,,,,,,,,,,Facharzt,Radiologie,aktuell bei Siemens,,mara.hoffmann@gmail.com,+49 1637029422,,48113-11-21 00:00:01,0r6wrhclts0zw89xdpdy131eu15g99,
377,Müller,Johanna,,contacted,,,,,,,,,,,,,,,,Facharzt,Radiologie,,,johanna.müller@outlook.com,+49 1984417246,,48113-11-21 00:00:01,1y32wd1fce1f0r7ntjzf1afas1pzjw,
379,Wagner,Clara,Dr.,interested,,,,,,,,,,,,,,,,Facharzt,Radiologie,Uni Düsserldorf,"22.09.2022 - TP:

vielen Dank für Ihr Angebot. Vorerst werde ich weiter am Universitätsklinikum Düsseldorf bleiben.",clara.wagner@outlook.com,+49 1744711299,,2025-08-26 23:59:00,05zhepoz2p0vtkkvdm9y0hjjarblak,LinkedIn
380,Wagner,Emma,,contacted,,,,,,,,,,,,,,,,Facharzt,Radiologie,,,emma.wagner@outlook.com,+49 1195633004,,48113-11-21 00:00:01,2n8ez5j5g11omb49qdkl2lsq7f39p9,
381,Klein,Klara,,contacted,,,,,,,,,,,,,,,,Facharzt,Radiologie,,Angebote nur Leipzig interessant,klara.klein@yahoo.de,+49 1124035411,,48113-11-21 00:00:01,0quepefer22ebynd9xh81r0vg7036t,
408,Wagner,Elena,Dr.,contacted,,,,,,,,,,,,,,,,Facharzt,Radiologie,Teleradiologie,,elena.wagner@web.de,+49 1465378442,,2025-07-16 23:59:00,016nf6zpc70kuuv1i9hy0k4q57wwyy,LinkedIn
409,Wagner,Clara,,contacted,,,,,,,,,,,,,,,,Facharzt,Radiologie,,,clara.wagner@gmail.com,+49 1548653269,,48113-11-21 00:00:01,27dt57bfcg0h0vfw86lf0x0r23k9hg,
378,Hartmann,Paula,Dr.,interested,,,,,,,,,,saarland,,,,Ltd. OA,"Ltd. OA, Chefarzt, Standortleiter",Facharzt,Radiologie,Saarland und Umgebung,20.04.2023 - TP:,paula.hartmann@yahoo.de,+49 1614474486,,48113-11-21 00:00:01,2jweisrupx1i802gf3p31d75qptwxc,
384,Weber,Maria,Dr.,contacted,,,,,,,,,,,,,,,,Facharzt,Radiologie,Süddeutschland,aktuell 06/2021 kein Interesse,maria.weber@outlook.com,+49 1639362116,,48113-11-21 00:00:01,1q7ke6mqev0zvs1efxpw02cyfd79kb,
385,Richter,Elena,,contacted,,,,,,,,,,,,,,,,Facharzt,Radiologie,,hat sich damals gegen Haan und für Radprax entschieden - nur Ruhrgebiet,elena.richter@outlook.com,+49 1970395427,,48113-11-21 00:00:01,1h9226upf10utj6pebuw0opkv38wfy,
387,Bauer,Klara,Dr.,interested,,,,,,,,,,,True,,,Ltd. OA,"Ltd. OA, Chefarzt, Standortleiter",Facharzt,Radiologie,ist Ü60,,klara.bauer@web.de,+49 1543360000,,48113-11-21 00:00:01,26bp6hpl461fi70vo6a00zmn1wcria,
388,Neumann,Sarah,Dr.,contacted,,,,,,,,,,,,,,Ltd. OA,"Ltd. OA, Chefarzt, Standortleiter",Facharzt,Radiologie,aktuell,,sarah.neumann@gmail.com,+49 1805823104,,48113-11-21 00:00:01,2k6wfku5z00vq29le3q000e3a9yev0,
389,Bauer,Sarah,,contacted,,,,,,,,,,,,,,,,Facharzt,Radiologie,,,sarah.bauer@web.de,+49 1147543122,,48113-11-21 00:00:01,1tmtklpyzp15my88pm6501j9ap09e9,
390,Wagner,Lisa,,contacted,,,,,,,,,,,,,,,,Facharzt,Radiologie,,gesprochen über gemeinsames Start-Up in Radiologie,lisa.wagner@outlook.com,+49 1705855349,,48113-11-21 00:00:01,0fxw0t305902i261v0tn160mztikja,
392,Richter,Anna,Dr.,contacted,,,,,,,,,,,,,,,,Facharzt,Radiologie,will Mitte/Ende 2023 in Praxis in Rhein-Main,"22.02.2023 - TP:
Vielen Dank für Ihre Email.
Berlin wäre aktuell aufgrund der örtlichen Bindung nicht realisierbar.
Gegen Mitte/ Ende des Jahres würde ich gerne hier im Umkreis in eine Praxis wechseln.
Inzwischen habe ich auch das Q2 Zertifikat für die Prostata.


30.06.2021: Tel. macht in Mainz gerade Weiterbildungen Prostata-MR Q2 Zertifikat + MSK Zertifikat. Will diese erstmal zu Ende machen. Hat dort 09/2020 für 3 Jahre unterschrieben. Kann auch früher raus. Macht Dienste und ist alleinerziehend. Will auch gerne Schweiz. Vereinbart, dass ich Mitte 2022 anrufe. 

ab Mitte 2022 - auch Schweiz!!!",anna.richter@outlook.com,+49 1935535074,,48113-11-21 00:00:01,10zqyk3rwg0zsv66u62b08lqc7vnot,
393,Becker,Emma,,contacted,,,,,,,,,,,,,,,,Facharzt,Radiologie,,,emma.becker@web.de,+49 1213151270,,48113-11-21 00:00:01,2ayjmtu6uc0gwnbs4bgf087grpsdz2,
394,Bauer,Mila,,contacted,,,,,,,,,,,,,,,,Facharzt,Radiologie,,mehr als 25J. Facharzt,mila.bauer@web.de,+49 1370757360,,48113-11-21 00:00:01,13aps46onu19ebe6jlh01g5k1m84dc,
395,Hoffmann,Clara,Dr.,contacted,,,,,,,,,,,,,,,,Facharzt,Radiologie,,,clara.hoffmann@gmail.com,+49 1671214410,,48113-11-21 00:00:01,17z1z2pfjg15x6fd0b272ocya37u89,
396,Schwarz,Julia,Dr.,contacted,,,,,,,,,,,,,,,,Facharzt,Radiologie,,erst seit 01/2020 bei jetzigem AG in Führungsposition,julia.schwarz@yahoo.de,+49 1242782502,,48113-11-21 00:00:01,03khlzmefw29n03kzon71p1jxuizwv,
398,Schwarz,Elena,,contacted,,,,,,,,,,,,,,,,Facharzt,Radiologie,,Mutterschutz bis 01/2023,elena.schwarz@outlook.com,+49 1261601695,,48113-11-21 00:00:01,2hxpt9x8nh0ru2wq48nw00hr9dke8k,
399,Wolf,Julia,,contacted,,,,,,,,,,,,,,,,Facharzt,Radiologie,,"derzeit  08/222 nicht interessiert, da zurzeit in zweiter Weiterbildung zum FA Allgemeinmedizin befinde",julia.wolf@gmail.com,+49 1589395498,,48113-11-21 00:00:01,0faypa71gb04v6ax6ag42hcdrj0n8h,
400,Schwarz,Alina,,contacted,,,,,,,,,,,,,,,,Facharzt,Radiologie,,,alina.schwarz@yahoo.de,+49 1727451357,,48113-11-21 00:00:01,0dr3jk1fqm0toeq0x22u24gq79z903,
401,Koch,Julia,Dr.,contacted,,,,,,,,,,,,,,Ltd. OA,"Ltd. OA, Chefarzt, Standortleiter",Facharzt,Radiologie,Kardiovaskuläre Q3 Herz Zertifizierung,,julia.koch@yahoo.de,+49 1651855756,,48113-11-21 00:00:01,12ejdjfizw0e9mh9unqq1kojvyfbqm,
403,Hoffmann,Lena,Dr.,contacted,,,,,,,,,,,,,,,,Facharzt,Radiologie,,,lena.hoffmann@web.de,+49 1884410312,,48113-11-21 00:00:01,0hq696ytgy1mqalv04140svqyxhvak,
386,Becker,Mara,,interested,,,,,,,,,,"hattingen, velbert",,,,,,Facharzt,Radiologie,Umkreis Velbert / Hattingen,"22.02.2023 - TP:
Hat Grönemeyer abgelehnt weil er nicht an das Konzept mit dem Standort glaubt. 

Tel. Möchte keine großen Ketten. Möchte ohne Dienste und nur im Umkreis Hattingen/Velbert. Gerne auch kleines Krankenhaus. Kein Umzug möglich. Hat selbst aktuell 3 Alternativen. Vereinbart, dass ich mich in 1 Monat melde. Kein Mammo - nur Schrittbild. SP Neuroradiologie

im Moment kommt ein Ortswechsel für mich und meine Familie nicht in Frage, daher ist das Stellenangebot für mich nicht interessant.",mara.becker@yahoo.de,+49 1865951498,,48113-11-21 00:00:01,1513tpeuk918rye3pmsr0xlabvk76c,
397,Wolf,Lea,Dr.,interested,,,,,,,,,,CH,,Schweiz,,Assistenzarzt,"Facharzt, Oberarzt",Assistenzarzt,Radiologie,Lin: offen für AA Radiologie in CH,"13.03.2025: 
KSA - Absage
USZ - Bei Joldic nachgefragt
Uniklinik Balgrist - Absage

Herr Dr. Gollnast ist offen für Angebote in der Radiologie und der Pharmaindustrie, sodass ich mich über deine Unterstützung seitens der Pharma freuen würde. 
Er hat aktuell eine Kündigungsfrist von 6 Monaten (ggf. auch nach Absprache etwas früher) und möchte mit seiner Familie langfristig in die Schweiz umziehen. 
Regional kommt Zürich und Umgebung (Radius ca. Baden, Winterthur, Zug) infrage, wobei sich der Radius bei einem Home Office Anteil auch vergrößern kann.  


18.10.2024 - TP:
Tel. Frau ist Kieferorthopädin. Wollen nach CH

15.10.2024 - TP: ist offen für AA",lea.wolf@web.de,+49 1662809031,,2025-03-13 23:59:00,03l94ep50d1agxw9brk62au03uodlz,Email
402,Weber,Lea,Dr.,contacted,,,,,,,,,,stuttgart,,,,Ltd. OA,"Ltd. OA, Chefarzt, Standortleiter",Facharzt,Radiologie,Raum Stuttgart auch Teilzeit,"13.02.2023 - TP:
war für Leiter Stuttgart im Prozess

30.01.2023 - TP:

 
26.01.2023 - TP:

keine Zertifikate

2016 Schnittbild

FA 2016 in die Niederlassung

keine Lust auf Interventionen

Richtung 200k im Jahr",lea.weber@outlook.com,+49 1159708404,,48113-11-21 00:00:01,2neacef6mr10no8v5yt529y0f685ce,
410,Bauer,Mila,Dr.,contacted,,,,,,,,,,,,,,,,Facharzt,Radiologie,,aktuell 11/2020 keine Interesse,mila.bauer@web.de,+49 1006158364,,48113-11-21 00:00:01,23d96grj7p1l4ex4e46629upt6sm3i,
411,Klein,Emma,,contacted,,,,,,,,,,,,,,,,Facharzt,Radiologie,,aktuell 11/2020 kein Interesse - aber wer weiß in Zukunft,emma.klein@gmail.com,+49 1448127582,,48113-11-21 00:00:01,0svue7zdal2dnxccp08m0yf3ggzu2w,
412,Koch,Nina,,contacted,,,,,,,,,,,,,,,,Facharzt,Radiologie,,,nina.koch@gmail.com,+49 1915322957,,48113-11-21 00:00:01,2l28uem36o1cmwray9a90gicp0wekp,
413,Müller,Sophie,,contacted,,,,,,,,,,,,,,,,Facharzt,Radiologie,,,sophie.müller@gmail.com,+49 1786910819,,48113-11-21 00:00:01,0ov592qgmb2j4imkyw3a1zxmv2in53,
415,Meyer,Lisa,,contacted,,,,,,,,,,,,,,,,Facharzt,Radiologie,,,lisa.meyer@yahoo.de,+49 1393550329,,48113-11-21 00:00:01,04y4fxuoa5291rs23m0w19eem61iud,
417,Becker,Elena,,contacted,,,,,,,,,,,,,,,,Assistenzarzt,Radiologie,,AA im 3. WB Jahr,elena.becker@web.de,+49 1354908297,,48113-11-21 00:00:01,1q04n1i18i1jejqug1ic2iwuoi6qoq,
418,Schulz,Clara,,contacted,,,,,,,,,,,,,,,,Facharzt,Radiologie,,aktuell 08/2022 kein Interesse,clara.schulz@outlook.com,+49 1719134324,,48113-11-21 00:00:01,2r7z48hwqm15sexay41v2cj13de8qh,
419,Becker,Julia,Dr.,contacted,,,,,,,,,,,,,,,,Assistenzarzt,Radiologie,,will interventionelle Radiologie,julia.becker@outlook.com,+49 1033763301,,48113-11-21 00:00:01,2lr8qzz2hc2h6sg06h5i0b3iyi6ltj,
421,Schulz,Emma,Dr.,interested,,,,,,,,,,,,,,,,Facharzt,Radiologie,,möchte Gesellschafter in NRW,emma.schulz@web.de,+49 1231102999,,48113-11-21 00:00:01,043vvhtfhw22a4se1kk21tzum7xfva,
423,Becker,Laura,Dr.,contacted,,,,,,,,,,,,,,,,Facharzt,Radiologie,,"ab 2022 neuer Job
Hat Q3 Herz",laura.becker@outlook.com,+49 1824912089,,48113-11-21 00:00:01,0u3dbwbfb522vixy3v4m2f1btwqfa4,
424,Krüger,Emma,,contacted,,,,,,,,,,,,,,,,Facharzt,Radiologie,,will Gesellschafter werden,emma.krüger@gmail.com,+49 1400531329,,48113-11-21 00:00:01,156x7zdrnv0a2iffjygz0qa3rl9du1,
425,Schmidt,Emma,,contacted,,,,,,,,,,,,,,,,Facharzt,Radiologie,,,emma.schmidt@gmail.com,+49 1735090674,,48113-11-21 00:00:01,0e8s6493vl1y5do8etmb0ux01ygkqd,
427,Bauer,Clara,,contacted,,,,,,,,,,,,,,,,Assistenzarzt,Radiologie,,"23.11.2022 - TP:
med360 Bochum angeboten


vermutlich im letzten Weiterbildungsjahr",clara.bauer@web.de,+49 1584771782,,48113-11-21 00:00:01,2k8qdzikye0gs1x5hlsn16oc4zhudi,
428,Richter,Lena,Dr.,contacted,,,,,,,,,,,,,,,,Facharzt,Radiologie,,,lena.richter@outlook.com,+49 1400317746,,48113-11-21 00:00:01,2qhbohby1z1s6r4kfsyg2gcslavmt9,
430,Koch,Laura,Dr.,contacted,,,,,,,,,,,,,,"Ltd. OA, Chefarzt","Ltd. OA, Chefarzt, Standortleiter",Facharzt,Radiologie,,"Möchte auf keinen Fall zu Helios, sonst offen",laura.koch@yahoo.de,+49 1741592914,,48113-11-21 00:00:01,00q0ebq3n90iuvj7cc0l0wqyb6rsp6,
431,Klein,Mila,Dr.,contacted,,,,,,,,,,,,,,,,Facharzt,Radiologie,,Leitender Arzt / CA,mila.klein@outlook.com,+49 1751870894,,48113-11-21 00:00:01,1lnl47geid02ziktm8cs01te144wcy,
432,Hartmann,Alina,Dr.,interested,,,,,,,,,,,,,,,,Assistenzarzt,Radiologie,AA Radiologie,aktuell noch Amtsärztin,alina.hartmann@yahoo.de,+49 1743090674,,2025-08-28 23:59:00,0u7uoqfw471gwrxes8vk29b372rct6,XING
433,Meyer,Johanna,Dr.,contacted,,,,,,,,,,,,,,,,Facharzt,Radiologie,,22.12.2023 - TP: Lin Radevormwald vorgeschlagen,johanna.meyer@web.de,+49 1019779932,,48113-11-21 00:00:01,0v8zojx42311p2l1947y1eubk2qrw4,
434,Weber,Clara,,contacted,,,,,,,,,,,,,,,,Facharzt,Radiologie,,keine Antwort,clara.weber@gmail.com,+49 1952935731,,48113-11-21 00:00:01,288ov8db0s13wn8we4je0mtgr2aecy,
435,Schneider,Johanna,Dr.,contacted,,,,,,,,,,,,,,,,Facharzt,Radiologie,,,johanna.schneider@web.de,+49 1807187173,,48113-11-21 00:00:01,0510dc2enp1ixwf0cxnj1waejrdd54,
436,Koch,Paula,Dr.,contacted,,,,,,,,,,,,,,,,Facharzt,Radiologie,,letztes Jahr AA,paula.koch@web.de,+49 1593469702,,48113-11-21 00:00:01,06kvwzcfge0c9lmynqjn0vjhr8trcm,
437,Krüger,Lena,,interested,,,,,,,,,,,,,,,,Facharzt,Radiologie,,Tritt eine neue Stelle am 1.1.2021. Daher derzeit kein Interesse.,lena.krüger@web.de,+49 1874586310,,48113-11-21 00:00:01,0oa58xt1he0ko2o8b9xt1blddvppo4,
438,Richter,Sophie,Dr.,contacted,,,,,,,,,,,,,,,,Facharzt,Radiologie,aktuell 02/2023 nein,"16.02.2023 - TP:
Sehr geehrter Herr Putilin, herzlichen Dank für Ihr Angebot. Im Moment bin ich nicht interessiert. Herzliche Grüße, Dorett Hoffmann",sophie.richter@web.de,+49 1151174838,,48113-11-21 00:00:01,2jlepmz73b2h0k3v54ux0dvtw9i99p,
439,Hoffmann,Johanna,Dr.,contacted,,,,,,,,,,,,,,,,Facharzt,Radiologie,,,johanna.hoffmann@gmail.com,+49 1999319094,,48113-11-21 00:00:01,0y6qlcjjgb1l6bb8g14l00vjyo588z,
441,Hoffmann,Sophie,,contacted,,,,,,,,,,,,,,,,Facharzt,Radiologie,,"24.11.2022 - TP: Ich bin zur Zeit sehr zufrieden mit meiner Arbeitsstelle und suche im Moment keine weitere.
Trotzdem danke für Ihr Angebot.


21.11.2022 - TP: XING Leitung Martinus KH med360 angeboten",sophie.hoffmann@web.de,+49 1182749338,,48113-11-21 00:00:01,1fwzkhoa211yed8wet1z1iz9yp7yyy,
443,Becker,Elena,Dr.,contacted,,,,,,,,,,,,,,,,Facharzt,Radiologie,,11/2020 - kein Interesse,elena.becker@yahoo.de,+49 1019804438,,48113-11-21 00:00:01,1nv459ego42l8m0zgow62hg2rl46m2,
444,Zimmermann,Mara,Dr.,contacted,,,,,,,,,,,,,,,,Facharzt,Radiologie,,,mara.zimmermann@web.de,+49 1955851189,,48113-11-21 00:00:01,1h5mo3kk8c2eub5hedtu106sevwcie,
445,Wagner,Julia,,interested,,,,,,,,,,,,,,Freelancer,,Facharzt,Radiologie,Freelancer,"15.02.2023 - TP:
Hallo Hr. Putilin
Danke sehr für ihr Angebot, das Angebot ist gut, aber momentan ich vertrete Ärzte in Praxen und suche nicht nach einer Festanstellung.
Ich wünsche Ihnen als Gute bei der Suche.",julia.wagner@gmail.com,+49 1160249665,,2025-09-10 23:59:00,1d2n6klfm92gztwa74gd0dxu1i4l5v,LinkedIn
446,Meyer,Lena,,contacted,,,,,,,,,,,,,,,,Facharzt,Radiologie,,,lena.meyer@yahoo.de,+49 1002776849,,48113-11-21 00:00:01,11928c27oi1sdrucnrd10m671ddsjz,
447,Wagner,Isabella,Dr.,contacted,,,,,,,,,,,,,,,,Facharzt,Radiologie,,"18.03.2024 - TP:
aktuell 50% medneo und 50% Honorararzt
80-90% ambulant 
seit 11 Jahren FA 
will Vollzeit oder TZ 
150-160k
kennt alle Hersteller
hat keine Kündigungsfrist
Frankfurt und radius Wiesbaden, Gießen, Mainz, Darmstadt
ohne Interventionen
MRT CT Rö Sono
will ambulant bleiben - keine Dienste
langfristig",isabella.wagner@gmail.com,+49 1327971210,,48113-11-21 00:00:01,020tyrelms29nuf5p0kp1gbueow0xl,
448,Neumann,Lisa,Dr.,contacted,,,,,,,,,,,,,,,,Facharzt,Radiologie,,Ltd. OA Hamburg Eppendorf,lisa.neumann@yahoo.de,+49 1773697191,,48113-11-21 00:00:01,051ygntz281q3aryart60z643w1e61,
450,Müller,Laura,Dr.,interested,,,,,,,,,,,,,,Oberarzt,"Ltd. OA, Standortleiter",Facharzt,Radiologie,,Engelskirchen angefragt,laura.müller@gmail.com,+49 1906544994,,2025-08-28 23:59:00,0upnor2oc72dr2l2ugjv0zla5hx3hq,Email
451,Wolf,Johanna,Dr.,contacted,,,,,,,,,,,,,,,,Facharzt,Radiologie,,aktuell 11/2020 kein Interesse,johanna.wolf@outlook.com,+49 1786791846,,48113-11-21 00:00:01,0bye85lcqf0n3wkotex818c2dn732p,
454,Müller,Clara,Dr.,contacted,,,,,,,,,,,,,,,,Facharzt,Radiologie,,kürzlich neuen Job angetreten,clara.müller@web.de,+49 1828423827,,48113-11-21 00:00:01,16hhepy7861j0bt3ar790vvlpwb0ky,
455,Weber,Clara,Dr.,contacted,,,,,,,,,,,,,,,,Facharzt,Radiologie,,hat ein Buch geschrieben,clara.weber@yahoo.de,+49 1025114990,,48113-11-21 00:00:01,2eek8voopc2iqadre31b0mj0d2yllv,
456,Fischer,Sophie,,contacted,,,,,,,,,,,,,,,,Facharzt,Radiologie,,interventionelle Radiologie,sophie.fischer@yahoo.de,+49 1736227162,,48113-11-21 00:00:01,1il1ih0d1g00mep4ufg807ofow4sg3,
458,Meyer,Sarah,Dr.,contacted,,,,,,,,,,,,,,,,Facharzt,Radiologie,,nur Teilzeit - bundesweit,sarah.meyer@outlook.com,+49 1934874960,,48113-11-21 00:00:01,23cym9r6tq2olpa78krk24w8flvsgr,
459,Schwarz,Emma,Dr.,contacted,,,,,,,,,,,,,,,,Facharzt,Radiologie,,,emma.schwarz@gmail.com,+49 1688572508,,48113-11-21 00:00:01,0ccy05b5e60ca6ffa70k2je61a6l3v,
460,Becker,Lena,,contacted,,,,,,,,,,,,,,,,Facharzt,Radiologie,,,lena.becker@web.de,+49 1001254635,,48113-11-21 00:00:01,2eez0by8co1cvggbtui11fn0ihkxyo,
461,Schwarz,Emma,,contacted,,,,,,,,,,,,,,,,Facharzt,Radiologie,,,emma.schwarz@outlook.com,+49 1646344591,,48113-11-21 00:00:01,1uea1gqfx215nexetpy3249e57lx1s,
462,Fischer,Clara,Dr.,contacted,,,,,,,,,,,,,,,,Facharzt,Radiologie,,"22.02.2023 - TP:
Leitung Martinus angeboten",clara.fischer@gmail.com,+49 1587753655,,48113-11-21 00:00:01,2178g4scn71i3ii5rtgz1tllwe9zyi,
463,Schulz,Paula,Dr.,interested,,,,,,,,,,,,,,,,Facharzt,Radiologie,,Engelskirchen angefragt,paula.schulz@yahoo.de,+49 1606547144,,2025-08-28 23:59:00,1swawg9m0g0brfcaqdaz2ey9yfddqc,Email
464,Schulz,Maria,,contacted,,,,,,,,,,,,,,,,Assistenzarzt,Radiologie,,,maria.schulz@yahoo.de,+49 1982304802,,48113-11-21 00:00:01,0mcxgbv8xr0ryui7c3ox1uvx6crhzt,
465,Schmidt,Laura,Dr.,contacted,,,,,,,,,,,,,,,,Facharzt,Radiologie,,,laura.schmidt@outlook.com,+49 1166726690,,48113-11-21 00:00:01,0d3fese1iy26q4jyt5f30pneppsl7r,
466,Richter,Maria,Dr.,contacted,,,,,,,,,,,,,,,,Facharzt,Radiologie,,aktuell 05/2021 nein,maria.richter@outlook.com,+49 1233534019,,48113-11-21 00:00:01,13ndwnpsj71b1932b6cf1qt4hbnc30,
467,Schmidt,Alina,,contacted,,,,,,,,,,,,,,,,Assistenzarzt,Radiologie,,,alina.schmidt@gmail.com,+49 1243795247,,48113-11-21 00:00:01,19hm87ryet0yee2rro571vie2o8res,
468,Koch,Julia,,contacted,,,,,,,,,,,,,,,,Facharzt,Radiologie,,,julia.koch@web.de,+49 1678501526,,48113-11-21 00:00:01,2njpzz5wrt0zjdy4d1yl0f2woqws3u,
469,Wolf,Anna,Dr.,contacted,,,,,,,,,,,,,,,,Facharzt,Radiologie,,,anna.wolf@outlook.com,+49 1661909343,,48113-11-21 00:00:01,17pb7dhmny1hp8uyacaw20tnjq39vx,
470,Schwarz,Alina,,interested,,,,,,,,,,,,,,,,Facharzt,Radiologie,,nur Süddeutschland,alina.schwarz@web.de,+49 1906043893,,48113-11-21 00:00:01,259yhc71mk22j8jqzht71dopzp7l1t,
471,Hoffmann,Mara,Dr.,contacted,,,,,,,,,,,,,,,,Facharzt,Radiologie,,"aktuell 05/2021 kein Interesse, vielleicht später",mara.hoffmann@outlook.com,+49 1778117748,,48113-11-21 00:00:01,0p04uq7ffh28s983ykgx1d315pyhex,
472,Klein,Klara,Dr.,contacted,,,,,,,,,,,,,,,,Facharzt,Radiologie,,regional gebunden,klara.klein@web.de,+49 1029831352,,48113-11-21 00:00:01,2n094yg5sn0mjx7s0h271cn0ltpuag,
474,Krüger,Mara,Dr.,contacted,,,,,,,,,,,,,,,,Facharzt,Radiologie,,,mara.krüger@yahoo.de,+49 1407602743,,48113-11-21 00:00:01,1n9oi0oefg14xzo5xtbd28384fymtn,
475,Becker,Klara,,interested,,,,,,,,,,,,,,,,Facharzt,Radiologie,,Engelskirchen angefragt,klara.becker@web.de,+49 1688938072,,2025-08-28 23:59:00,2k8yxziopu12ucd33d1k10yuanrqp6,Email
476,Hartmann,Paula,,contacted,,,,,,,,,,,,,,,,Facharzt,Radiologie,,,paula.hartmann@yahoo.de,+49 1266248949,,48113-11-21 00:00:01,1r9hwwqhu311yp59py220ni2ubsy5s,
478,Schneider,Maria,Dr.,contacted,,,,,,,,,,,,,,,,Facharzt,Radiologie,,,maria.schneider@outlook.com,+49 1797590538,,48113-11-21 00:00:01,25pwn55ty411g1j18p6b1n0l6n2f7p,
479,Weber,Mara,Dr.,contacted,,,,,,,,,,,,,,,,Facharzt,Radiologie,,,mara.weber@yahoo.de,+49 1444822668,,48113-11-21 00:00:01,0vgu6eyuzb0dr6bnburx23q1zigkzv,
480,Zimmermann,Lea,,contacted,,,,,,,,,,,,,,,,Facharzt,Radiologie,,,lea.zimmermann@gmail.com,+49 1122745627,,48113-11-21 00:00:01,2b0n31j8qc103ud5ptbc2lfl7sqnw9,
481,Fischer,Elena,,contacted,,,,,,,,,,,,,,,,Facharzt,Radiologie,,Leiterin Mammographie,elena.fischer@gmail.com,+49 1702726166,,48113-11-21 00:00:01,0bxxfiqi3x10qpfmbiig0j5jst5bo7,
482,Hartmann,Isabella,Dr.,contacted,,,,,,,,,,,,,,,,Facharzt,Radiologie,,,isabella.hartmann@gmail.com,+49 1353651143,,48113-11-21 00:00:01,1q62zklngn24mrqa8lwi2ft66il0fg,
483,Wagner,Lisa,Dr.,contacted,,,,,,,,,,,,,,,,Facharzt,Radiologie,,,lisa.wagner@outlook.com,+49 1354639901,,48113-11-21 00:00:01,0qir77d7xc1ntr0v4pf8200kahzyo6,
484,Hoffmann,Julia,,contacted,,,,,,,,,,,,,,,,Facharzt,Radiologie,,,julia.hoffmann@yahoo.de,+49 1936363331,,48113-11-21 00:00:01,16jamj830x2mcnfn6czb14mkxcwo4m,
485,Fischer,Sophie,Dr.,contacted,,,,,,,,,,,,,,,,Facharzt,Radiologie,seit 07/2022 bei Röntgeninstitut,,sophie.fischer@web.de,+49 1775268106,,48113-11-21 00:00:01,139lq0dq1c0j3y8u5yq11dbceg2b72,
486,Schwarz,Emma,Dr.,contacted,,,,,,,,,,,,,,,,Facharzt,Radiologie,,aktuell 07/2022 kein Interesse an Wechsel,emma.schwarz@web.de,+49 1235810353,,48113-11-21 00:00:01,1ukodh1ymu2473bwvr7j0dqemhksfw,
487,Hoffmann,Klara,Dr.,contacted,,,,,,,,,,,,,,,,Facharzt,Radiologie,,,klara.hoffmann@gmail.com,+49 1571541076,,48113-11-21 00:00:01,0hpi45rljj0tnbvg3tvz06ugjweou2,
489,Hoffmann,Isabella,Dr.,contacted,,,,,,,,,,,,,,,,Facharzt,Radiologie,,,isabella.hoffmann@outlook.com,+49 1157850613,,48113-11-21 00:00:01,0g5q8n3iig09msamvkkf0w2x1k71im,
490,Krüger,Emma,,contacted,,,,,,,,,,,,,,,,Assistenzarzt,Radiologie,,AA Radiologie,emma.krüger@web.de,+49 1634372523,,48113-11-21 00:00:01,0rzxk0n2ub2fh9xmo1yo20qmsuaiin,
491,Bauer,Isabella,,contacted,,,,,,,,,,,,,,,,Assistenzarzt,Radiologie,,22.07.2024 - TP:  Tel. Ganz DE ok. asap,isabella.bauer@web.de,+49 1005169355,,48113-11-21 00:00:01,0vmimpufw71cewiigss619vsi3iltp,
492,Schmidt,Sophie,,contacted,,,,,,,,,,,,,,,,Facharzt,Radiologie,,,sophie.schmidt@gmail.com,+49 1041604043,,48113-11-21 00:00:01,209xeyd8jm2hfq1t4zg41n4nx9b685,
493,Wagner,Mila,Dr.,contacted,,,,,,,,,,,,,,,,Facharzt,Radiologie,,,mila.wagner@web.de,+49 1452504538,,48113-11-21 00:00:01,2f036c3sa42d4vxqwuq2104hpu902b,
516,Schulz,Nina,Dr.,contacted,,,,,,,,,,,,,,,,Facharzt,Radiologie,,,nina.schulz@outlook.com,+49 1115128854,,48113-11-21 00:00:01,1dr7id7t5j1u63v76yq62iib7gpzve,
457,Richter,Sarah,Dr.,interested,,,,,,,,,,berlin,,,,,,Facharzt,Radiologie,nur Berlin,nur Berlin,sarah.richter@yahoo.de,+49 1771993103,,48113-11-21 00:00:01,2derrak8ei1guua79lhq0gjlvijb27,
473,Bauer,Klara,Dr.,interested,,,,,,,,,,düsseldorf,,,,,,Facharzt,Radiologie,Düsseldorf und Umgebung,"verdient jetzt 130 für 45h bzw jetzt 120 für 40h

04.04.2025: Tel. Gerne ab jetzt Augen offenhalten. Wichtig ist, dass nur Düsseldorf und Umgebung. Hat Q1 Thorax, Basis Zertifikat Interventionen, Prostata Q2 kommt Ende des Jahres, hat HerzMRT Q1 - Q2 wäre erst nächstes oder übernächstes Jahr möglich. Mindestprogramm will er noch Q2 Prostata fertigmachen. Bekommen PET/CT und will vllt Fachkunde Nuk für Radiologen machen. Dauer ca 2 Jahre. 
Für neue Stelle wäre wichtig, Work-Life Bakance mit Home Office, Herz + Prostata.   

15.03.2023 - TP:
wichtig

weiterbildung - zusatzbezeichnung Nuklearmedizin für radiologen

neuroradiologie auch spanned

etwas neues lernen und bisherige

keine nachtschichten oder von zuhause dann

teaching für andere

klinik oder das gleiche an einem MVZ

großraum düsseldorf bleiben

wohnt in heerdt

hat eine unbefristete stelle als keinen druck

jetzt augen offne halten

gerne ab sommer damit 1 jahr bcg

langfristig neuen arbeitgeber

onkologische bildgebung deswegen auch PET/CT

neuroradiologie spoannend

traumabildgebung

mamma nicht ale einer der schwerpunte

und auch kinderradiologie nicht SP

sono geringe rolle gespelt in der UNI

teamgröße ist egal

gerne teaching für junge assistenten

130k ohne dienste wäre ok

prostata einiges gemacht mit lars schirmbänder

kardio CT hat gemacht aber geringer erfahrung weil kurz vor ende aber da gerne mit einarbeitung im

email und whatsapp termin ausmachen

freitag bester telefontag

maximilan.klingebiel@gmail.com

gerne möchte ich Ihnen im Folgenden, wie versprochen, Herrn Dr. Klingebiel, als jungen und ambitionierten Facharzt für Radiologie, für Ihren Standort am Klinikum Leverkusen vorstellen. Bitte finden Sie seinen Lebenslauf dazu vorab im Anhang. Wie immer an dieser Stelle bitte ich Sie im Folgenden um Diskretion, weil er aktuell noch in einem unbefristeten Arbeitsverhältnis steht.  

Herr Dr. Klingebiel wünscht sich im kommenden Sommer (Zeitpunkt nach Vereinbarung) eine neue berufliche Herausforderung in Vollzeit, wobei er als junger Arzt großes Interesse an einer beruflichen und persönlichen Weiterentwicklung hat. 

Er ist nach seinem Facharzt in die Unternehmensberatung gegangen, um seinen persönlichen und beruflichen Horizont zu erweitern, neue Erfahrungen zu machen und die wirtschaftlichen Kompetenzen, vor dem Hintergrund seines nebenberuflichen Studiums, zu schärfen und anzuwenden. Nach nunmehr einem Jahr und vielen interessanten Projekten im Bereich HealthCare und Gesundheitsmanagement, möchte Herr Dr. Klingebiel zurück in ein klinisches Umfeld, wobei er sich eine Tätigkeit an einem MVZ ohne Dienste, dafür aber weiterhin mit viel Abwechslung, sehr gut vorstellen kann. Hinsichtlich der Vergütung würde Dr. Klingebiel sich über ein Angebot von 120.000€-130.000€ p.a. sehr freuen.  

Als junger Facharzt bring er sichere Fachkenntnisse in der Schnittbilddiagnostik und dem Röntgen mit, wobei er zusätzlich auch Fachkenntnisse bei der Prostatauntersuchung vorweisen kann (Q1 Zertifikat mpMRT Prostatographie). Hier verwies Herr Dr. Klingebiel auf seine Zeit bei Herrn Prof. Schimmöller in der Uroradiologie am UKD. 
Des Weiteren besitzt er auch bereits das Q1 Zertifikat kardiovaskuläre Radiologie, wobei ihm hier noch die praktische Erfahrung fehlt.  
Sonographie, Kinderradiologie und Mammadiagnostik waren in seiner Zeit am UKD nur im Rahmen seiner Facharztweiterbildung präsent. 

Herr Dr. Klingebiel hat in unseren Telefonaten unterstrichen, dass ihm bei der Wahl einer beruflichen Herausforderung die fachliche Weiterentwicklung sehr wichtig ist. Vor diesem Hintergrund hatte er mir nach unserem letzten Telefonat bestätigt, dass Kardio- und Prostata-Bildgebung für ihn sehr spannend klingt und er sich auf das Kennenlernen und den Austausch mit Ihnen freut.",klara.bauer@gmail.com,+49 1247953615,,2025-04-04 23:59:00,19017aq91z1tko3f7lj21pqudbc6jd,Tel.
494,Müller,Julia,,contacted,,,,,,,,,,,,,,,,Facharzt,Radiologie,,mit Viktor Kontakt gehabt. Hat nur 5 min bis zu ihrer Arbeit und flexible Arbeitszeiten. War schon bei med360! Gerne Angebote in NRW,julia.müller@gmail.com,+49 1586054457,,48113-11-21 00:00:01,1lsretr16b2ibdda2dud0bapp0shre,
496,Hartmann,Anna,Dr.,contacted,,,,,,,,,,,,,,,,Facharzt,Radiologie,,gerade neue FA stelle bekommen 10.2020,anna.hartmann@web.de,+49 1690999747,,48113-11-21 00:00:01,0uokd9x4m60eczedacmm2i0c4vdb5m,
497,Neumann,Isabella,Dr.,contacted,,,,,,,,,,,,,,,,Facharzt,Radiologie,,10/2020 neue Position als OA angefangen,isabella.neumann@web.de,+49 1869652605,,48113-11-21 00:00:01,0zawdtzlk00p4rzvodfb1ri9s5bymb,
498,Schulz,Anna,,interested,,,,,,,,,,,,,,,,Facharzt,Radiologie,"linksrheinisch, kein Med360","Strahleninstitut angefragt - abgelehnt

kein med360 - nur linksrheinisch. s.h. Email.",anna.schulz@web.de,+49 1615972288,,2025-08-28 23:59:00,1gcgmrci150sdy4yhek41hy6cq9rpc,Email
500,Krüger,Clara,Dr.,contacted,,,,,,,,,,,,,,,,Facharzt,Radiologie,,,clara.krüger@outlook.com,+49 1202018945,,48113-11-21 00:00:01,1nk2rcjcgc2247wxv3542gq90y0z21,
501,Krüger,Nina,,contacted,,,,,,,,,,,,,,,,Facharzt,Radiologie,,"02.12.2022 - TP:Ja ich habe schon Approbationsurkunde erhalten und den Antrag auf Weiterbildungszeitenanerkennung gestellt. Hoffentlich kann ich innerhalb nächsten 6-12 Monaten die Facharztprüfung beantragen.


01.12.2022 - TP:
Sehr geehrter Herr Putilin,
Ich entschuldige mich für die verspätete Antwort.
Die vorgestellte Vakanz ist für mich interessant, aber ich bin als Facharzt in Deutschland noch nicht anerkannt.
Zur Zeit ich warte auf die Kenntnissprüfung zur Approbation. Nur nach Kenntnissprüfung kann ich meine Facharztanerkennung in Deutschland beschleunigen.
Mit freundlichen Grüßen,
M. Liubchak",nina.krüger@outlook.com,+49 1771945321,,48113-11-21 00:00:01,0z8lqcmv670f018v98zu1spz1zhsw8,
502,Hartmann,Nina,,contacted,,,,,,,,,,,,,,,,Facharzt,Radiologie,,,nina.hartmann@gmail.com,+49 1877107716,,48113-11-21 00:00:01,2d0gawfh8k0sdnsdwcvo0whh358nbl,
503,Weber,Sarah,,contacted,,,,,,,,,,,,,,,,Facharzt,Radiologie,,"10.07.2023 - EB:
""Ich habe aktuell jedoch keinerlei Interesse, da ich selbständig in eigener Praxis mit operativem Schwerpunkt arbeite.
Da ich vollendst ausgelastet bin und mich wirtschaftlich nicht beschweren möchte stehe ich nicht zur Verfügung.
Ihr Klient dürfte, meines Erachtens nach, ja aus dem Umfeld der 360Grad- Kliniken kommen.
In diesem Fall könnte man sich eher über langfristige Konzepte unterhalten, was dann unsere Gemeinschaftspraxis mit einbeziehen sollte.
Ich würde mich freuen von Ihnen zu hören.
Mit freundlichen Grüßen""",sarah.weber@web.de,+49 1283087427,,48113-11-21 00:00:01,0n8rbt6u5s0m4l0zgqbt1fillpkwii,
504,Krüger,Elena,Dr.,contacted,,,,,,,,,,,,,,,,Facharzt,Radiologie,,arbeitet bei Neo Q Quality in Imaging GmbH,elena.krüger@gmail.com,+49 1096676926,,48113-11-21 00:00:01,0y89l7fyal0wo2jikp060mab4x3l5y,
505,Hoffmann,Laura,Dr.,contacted,,,,,,,,,,,,,,,,Facharzt,Radiologie,,,laura.hoffmann@gmail.com,+49 1901169872,,48113-11-21 00:00:01,0hobowsup51j0wcbrzvx0rgphr72ox,
506,Zimmermann,Lea,,contacted,,,,,,,,,,,,,,,,Facharzt,Radiologie,,kein Interesse,lea.zimmermann@gmail.com,+49 1711502093,,48113-11-21 00:00:01,0v706z443m0q53z5yq3e16cmb6pd9r,
507,Schmidt,Lea,Dr.,interested,,,,,,,,,,,,,,,,Facharzt,Radiologie,will CA ab 230k,"14.03.2023 - TP:
Hallo Frau Boss,

Das klingt schon interessant aber das Gehalt ist zu wenig … ich suche etwas ab 230 tsd. Danke",lea.schmidt@yahoo.de,+49 1743900914,,48113-11-21 00:00:01,2i7xqgs8nl2rooxffw880kewye18k0,
508,Schmidt,Elena,,contacted,,,,,,,,,,,,,,,,Facharzt,Radiologie,,,elena.schmidt@web.de,+49 1218429266,,48113-11-21 00:00:01,1enivu7av60cviwxrjoo2rnu75wcs6,
509,Müller,Sarah,,interested,,,,,,,,,,,,,,,,Facharzt,Radiologie,placed nach Spital Biel über Stephan. Ihm gefällt es leider nicht.,"31.05.2023 - TP:
Name:
Tel. Nr.:
Email:

aktuelle Position:
aktueller Arbeitgeber:

Wunschposition:
Welche Fachbereiche offen:
Wechselmotivation:

aktuelles Gehalt:
Wunschgehalt:

Verfügbarkeit zeitlich: Anfang 2024 01.01.
Verfügbarkeit räumlich: Basel oder nördliche Region

Lebenslauf:
MEBEKO beantragt:
Zeugnisse:

Wo schon selbst beworben:

FA im Oktober

Fokus MSK, Herz Q1 CT und MRT, Prostata Q1Status erfüllt.

ist Allrounder

ungerne Kinderradiologie und Mamma und interventionen

abdominal oderbody immagind oder kardiovaskul#r ildgebung

nein

1,5 Jahre in KSB

Hintergrunddienste ist ok aber keine Vordergrunddianste

will OA Stelle

kleines und großes haus, da ist der dienstfaktor

Baden + Kinderspital Basel

Unispital in Basel

will später sektionsleiter mit spezialisierung

gerne forschund und fortbildunge und lehre bei assistenzärzten

dr in planung

französisch und arabisch

Schweiz",sarah.müller@gmail.com,+49 1691910035,,48113-11-21 00:00:01,2c9pscdjjk0iqj79lnj127t64j0w3h,
510,Meyer,Clara,,contacted,,,,,,,,,,,,,,,,Facharzt,Radiologie,,,clara.meyer@outlook.com,+49 1574547007,,48113-11-21 00:00:01,1cbxiuaij32fpom9e12c2m0g23c4a7,
513,Hoffmann,Isabella,,contacted,,,,,,,,,,,,,,,,Facharzt,Radiologie,,,isabella.hoffmann@gmail.com,+49 1638249122,,48113-11-21 00:00:01,2m6tvtqfa026ufyeqwgt16849om6cz,
514,Richter,Lea,,contacted,,,,,,,,,,,,,,,,Facharzt,Radiologie,,,lea.richter@web.de,+49 1293791437,,48113-11-21 00:00:01,2e1c4iht7h2ennwkxxla09rkqs098v,
515,Fischer,Julia,Dr.,contacted,,,,,,,,,,,,,,,,Facharzt,Radiologie,,,julia.fischer@gmail.com,+49 1085134589,,48113-11-21 00:00:01,1lj9lw0ymm14s5pyq0nl011u5f22ow,
517,Hartmann,Mila,Dr.,interested,,,,,,,,,,,,,,,,Facharzt,Radiologie,,"05.04.2023 - TP:
Guten Tag Frau Boss, 
das Angebot klingt durchaus interessant, passt nur leider (im Hinblick auf die Interventionen) in mein Spektrum. 
Falls Ihr Klient ein anderweitiges Angebot (angestellte Ärztin in besagtem MVZ) bietet oder Sie ein vergleichbares Angebot haben, kommen Sie gerne noch einmal auf mich zu.",mila.hartmann@yahoo.de,+49 1188091470,,2025-08-28 23:59:00,2pifnqgpih1020x665q70nu6ubks92,Email
518,Richter,Mara,Dr.,contacted,,,,,,,,,,,,,,,,Facharzt,Radiologie,02/2023 aktuell nein,,mara.richter@web.de,+49 1063574385,,48113-11-21 00:00:01,110opfsorf0pwzv1770p2igpfbvt72,
519,Koch,Clara,,contacted,,,,,,,,,,,,,,,,Facharzt,Radiologie,,"05.12.2022 - TP:
keine Rückmeldung per Email

01.12.2022 - TP: Email Leiter Martinus vorgestellt",clara.koch@gmail.com,+49 1272693775,,48113-11-21 00:00:01,0lq5e4hpxy2d91dv82z61hvu19h05y,
520,Klein,Clara,Dr.,contacted,,,,,,,,,,,,,,,,Facharzt,Radiologie,,,clara.klein@yahoo.de,+49 1924352240,,48113-11-21 00:00:01,1j9n73qwww01tq8p9rwc12rgz6mrwy,
521,Wagner,Anna,,contacted,,,,,,,,,,,,,,,,Assistenzarzt,Radiologie,,"10.05.2023 - TP:
Hallo Herr Putilin,
Vielen Dank für die Nachfrage! Ich werde mich demnächst erst nach meinem Facharzt umgucken. Und das wird noch sicherlich ein Jahr dauern.
Viele Grüße,
Ekaterina Maksimova",anna.wagner@web.de,+49 1645087670,,48113-11-21 00:00:01,04ddrbgduo2o9lzim7z20rr1u5gdm5,
522,Wagner,Lisa,,contacted,,,,,,,,,,,,,,,,Facharzt,Radiologie,,"05.09.2024 - TP:
RD TH Absage    hatte sich selbst veworben
Radprax Absage   13.06. aktuell kein Bedarf
Radiologie Darmstadt Warten  50% 23.07. will sich im August melden
Conradia Hamburg Absage    Team ist voll
Dr. Hanken Warten   23.07. will sich im August melden

22.07.2024 - TP:


10.06.2024 - TP: Tel. Sehr angenehm
kann ab 01.08./01.09. anfangen je nach Wohnung. Ggf. Hotel pder AirBnb
Hat einen Hund, keine Partner, keine Kinder. Kann man den Hund in die Praxis mitnehmen
Will an die NL Grenze, Rheinland, Frankfurt, HH
aktuell arbeitslos 
Will sich später spezialisieren Herz, Prostata, Mamma PVA, gerne auch interventionell wenn mit Hund und Dienste klappt 
1. Jahr will ambulant kennenlernen und MSK 
genre 5 Tage Vollzeit und dann 4 Tage vollzeit nach 1 Jahr
kein Wismar
130k wäre OK
hat 06/2024 FA gemacht

Hallo Frau Kijan,

ich hoffe, Sie hatten ein schönes Wochenende! Gerne wollte ich mich erkundigen, ob Sie aktuell noch eine junge Fachärztin für Radiologie für Ihr Team suchen? 

Bei Interesse würde ich Ihnen gerne eine Dame vorstellen, die kurzfristig zur Verfügung steht und dieses Jahr ihren Facharzt bestanden hat. 

Sie würde gerne in Vollzeit arbeiten und wünscht sich eine Spezialisierung auf MSK und auf einen weiteren Bereich wie z.B. Herz, Prostata oder Mammographie – gerne dann auch später als PVÄ.  Sie wäre potenziell ab dem 01.08.24 und in Vollzeit verfügbar, wobei Ihre Gehaltsvorstellungen bei 130k p.a. liegen. 

Über eine kurze Rückmeldung würde ich mich sehr freuen. 

Herzlichen Dank im Voraus und viele Grüße nach Hamburg",lisa.wagner@yahoo.de,+49 1929499269,,48113-11-21 00:00:01,13s3byj9dd1rl8215uzd1xryrsldw8,
523,Koch,Elena,,contacted,,,,,,,,,,,,,,,,Facharzt,Radiologie,,,elena.koch@web.de,+49 1688104183,,48113-11-21 00:00:01,22ixc6yzsd0qzji0juvc0p0ej1xjny,
524,Klein,Clara,,contacted,,,,,,,,,,,,,,,,Assistenzarzt,Radiologie,,,clara.klein@gmail.com,+49 1491014496,,48113-11-21 00:00:01,1ptuy4eb2o0sq7fvslz20uvi0zqvnp,
525,Fischer,Clara,,contacted,,,,,,,,,,,,,,,,Assistenzarzt,Radiologie,braucht noch 3000 MRT und 1500 Mamma bis FA,"18.09.2024 - TP:
Umzug OK
will Diagnostik bleiben MSK etc. kein Mamma",clara.fischer@yahoo.de,+49 1300974822,,48113-11-21 00:00:01,2huc8robhj17p3m2umwm1n690w1cn5,
527,Hoffmann,Mila,Dr.,interested,,,,,,,,,,,,,,,,Facharzt,Radiologie,private Situation: Nur von Zuhause,"11.09.2024 - TP:
vielen Dank für Ihr Angebot, das normalerweise für mich von Interesse wäre. Aufgrund meiner derzeitigen privaten Situation suche ich jedoch eine Tätigkeit, die ich von Zuhause im Home Office mit flexiblen Arbeitszeiten ausüben kann, allerdings ohne teleradiologische Dienste.",mila.hoffmann@yahoo.de,+49 1650050150,,48113-11-21 00:00:01,0745yk4wef1ozl0m87nm26ri43tiwq,
529,Müller,Maria,Dr.,interested,,,,,,,,,,,,,,,,Facharzt,Radiologie,Rheinland - interventionelle Radiologie - Leitung - 200k+,"15.03.2023 - TP:
Arbeitszeiten und Besetzung des MRT

Familienzeit

AT-

200k + Bonus

Stroke Unit etablieren oder Neuroradiologie

minimalinversiv

Shunt zentrun

Gefäßchirurgie

Klinisches Denken

Tumorgeschichten metastasen mikrochirurgie

schmerztherapie PRT

so wird sich die radiologie entwickeln und oartner mit der Klinik mit zukunft vision

spezialisierung wird überlegen

regelhaft bis 20 Uhr arbeiten geht nicht , nicht immer Spätdienste

in die Zukunft gerichtet

Auflösungsvertrag

arbeitszeitmodell geräte taktung und

03.03.2023 - TP:
vielen Dank für Ihr interessantes Stellenangebot.
Ich bin in der Tat interessiert und würde mich über nähere Informationen, gerne auch telefonisch sehr freuen.",maria.müller@web.de,+49 1663461144,,48113-11-21 00:00:01,1xii7m0hvd2jyxn9na391e8xi4too3,
530,Hoffmann,Sophie,Dr.,contacted,,,,,,,,,,,,,,,,Facharzt,Radiologie,,Sektionsleiter interventionelle Radiologie,sophie.hoffmann@web.de,+49 1157046812,,48113-11-21 00:00:01,26v0yovlgx0rgygvd9t30zsfslbgjg,
531,Hartmann,Emma,,contacted,,,,,,,,,,,,,,,,Facharzt,Radiologie,,,emma.hartmann@yahoo.de,+49 1596204309,,48113-11-21 00:00:01,011og8ywl31j0awz2hf00r17mgrtnw,
532,Fischer,Paula,,contacted,,,,,,,,,,,,,,,,Assistenzarzt,Radiologie,,,paula.fischer@yahoo.de,+49 1322441142,,48113-11-21 00:00:01,20rhjt9p5i25oleyhnf72jt8p0nouo,
533,Wagner,Paula,,contacted,,,,,,,,,,,,,,,,Facharzt,Radiologie,,,paula.wagner@outlook.com,+49 1403880896,,48113-11-21 00:00:01,2fyo4kb2fd13h2eyjtl217yyfr79xe,
534,Meyer,Elena,Dr.,contacted,,,,,,,,,,,,,,,,Facharzt,Radiologie,,fängt am 07/2022 neue Stelle in Köln an,elena.meyer@gmail.com,+49 1713132070,,48113-11-21 00:00:01,1xp5tjwnbt1kkznphyya1nhpwom1em,
536,Neumann,Mila,,contacted,,,,,,,,,,,,,,,,Facharzt,Radiologie,,,mila.neumann@outlook.com,+49 1701570362,,48113-11-21 00:00:01,0t8sp7swol0zbucx8jyg0w62ufp0a7,
537,Fischer,Lisa,,contacted,,,,,,,,,,,,,,,,Assistenzarzt,Radiologie,,,lisa.fischer@yahoo.de,+49 1666569976,,48113-11-21 00:00:01,1oucsfwtp625ljmtttc30andle9kpp,
539,Schneider,Mara,Dr.,contacted,,,,,,,,,,,,,,,,Facharzt,Radiologie,,aktuell 06/2021 kein Interesse,mara.schneider@outlook.com,+49 1255450276,,48113-11-21 00:00:01,22yim6y30s15nqa9a0211dplsvq8ad,
540,Richter,Paula,,contacted,,,,,,,,,,,,,,,,Facharzt,Radiologie,,,paula.richter@yahoo.de,+49 1057279122,,48113-11-21 00:00:01,0tcmk2ep1e2hla4jhq1n0tnvqqygqx,
542,Weber,Klara,Dr.,contacted,,,,,,,,,,,,,,,,Facharzt,Radiologie,Mammographie,,klara.weber@yahoo.de,+49 1748743184,,48113-11-21 00:00:01,1i6afm4tap0mfrlkclpm0h2q16pvfp,
546,Richter,Lisa,Dr.,contacted,,,,,,,,,,,,,,,,Facharzt,Radiologie,,,lisa.richter@web.de,+49 1250013725,,48113-11-21 00:00:01,04ooo2t22w0cuaomj8ll0hlgshg7zm,
547,Wolf,Julia,Dr.,contacted,,,,,,,,,,,,,,,,Facharzt,Radiologie,,,julia.wolf@outlook.com,+49 1334523386,,48113-11-21 00:00:01,2cgkahvjxv21sfll7bmr0i8xed0j9o,
548,Fischer,Mara,,contacted,,,,,,,,,,,,,,,,Facharzt,Radiologie,,ist bereits 63 Jahre alt und ist aktuell 07/2022 nicht an einer neuen Anstellung interessiert,mara.fischer@yahoo.de,+49 1713169216,,48113-11-21 00:00:01,1rh1z2mvpb04j0s0k1gl1hr8hebyn5,
549,Richter,Mila,,contacted,,,,,,,,,,,,,,,,Assistenzarzt,Radiologie,,,mila.richter@yahoo.de,+49 1823182733,,48113-11-21 00:00:01,2h3m1qaowa1noledbu3n1ie080ba8e,
550,Weber,Isabella,,contacted,,,,,,,,,,,,,,,,Facharzt,Radiologie,,,isabella.weber@web.de,+49 1975743021,,48113-11-21 00:00:01,1hcpbmork32ozfd866kk03i6t8p2dw,
551,Fischer,Lea,,contacted,,,,,,,,,,,,,,,,Facharzt,Radiologie,,08/2022 an Ingolstadt gebunden und aktuell kein Interese,lea.fischer@gmail.com,+49 1050370910,,48113-11-21 00:00:01,0m11z2l7dj2nhxo3q1ai074jalklu6,
552,Richter,Julia,,contacted,,,,,,,,,,,,,,,,Facharzt,Radiologie,,,julia.richter@gmail.com,+49 1407570554,,48113-11-21 00:00:01,1n4cl4we3y0qjzskegox25snn2elob,
553,Neumann,Alina,,contacted,,,,,,,,,,,,,,,,Facharzt,Radiologie,,,alina.neumann@gmail.com,+49 1251041902,,48113-11-21 00:00:01,2lxwki48oz144lww56fi19p5gok8lc,
555,Zimmermann,Mila,Dr.,interested,,,,,,,,,,,,,,,,Facharzt,Radiologie,Rhein-Main-Gebiet (Frankfurt),"nur Rhein-Main-Gebiet (Frankfurt) - SP MRT , kein Mammo",mila.zimmermann@gmail.com,+49 1606385649,,48113-11-21 00:00:01,1l4reh8y0c2ltiaa7y6z1agjf1sm6u,
556,Neumann,Paula,,contacted,,,,,,,,,,,,,,,,Facharzt,Radiologie,,,paula.neumann@web.de,+49 1812124232,,48113-11-21 00:00:01,0spyprpamh2mcewyo74q2nqr3vss2r,
557,Hartmann,Maria,Dr.,contacted,,,,,,,,,,,,,,,,Facharzt,Radiologie,Freelancer und Unternehmensberater,Freelancer,maria.hartmann@web.de,+49 1679426843,,48113-11-21 00:00:01,25z9221cy11b2c1lffh60yy8her7io,
558,Wolf,Lena,Dr.,contacted,,,,,,,,,,,,,,,,Facharzt,Radiologie,,,lena.wolf@outlook.com,+49 1367513161,,48113-11-21 00:00:01,2m5953l6tm12sntsh3ay1f4c6i7ywg,
559,Meyer,Anna,Dr.,contacted,,,,,,,,,,,,,,,,Facharzt,Radiologie,,,anna.meyer@yahoo.de,+49 1168847366,,48113-11-21 00:00:01,0wi8u34sr111knc7upef1ffk16wm27,
560,Wolf,Julia,,contacted,,,,,,,,,,,,,,,,Facharzt,Radiologie,bei med360,med360,julia.wolf@gmail.com,+49 1130362729,,48113-11-21 00:00:01,2knq63up8g2lzspglhnn2hay59vkrb,
561,Fischer,Lisa,Dr.,contacted,,,,,,,,,,,,,,,,Facharzt,Radiologie,,,lisa.fischer@yahoo.de,+49 1004622273,,48113-11-21 00:00:01,0u6tvjkpm02b039y2cc71jhszn78t6,
562,Krüger,Sophie,,contacted,,,,,,,,,,,,,,,,Facharzt,Radiologie,,,sophie.krüger@outlook.com,+49 1849373865,,48113-11-21 00:00:01,067t8xr7ay1nhvmz3y4f0tlv5tcpac,
563,Krüger,Julia,Dr.,contacted,,,,,,,,,,,,,,,,Facharzt,Radiologie,,,julia.krüger@gmail.com,+49 1614555827,,48113-11-21 00:00:01,28sww81n5910bj5h24hg0425jxkbro,
564,Zimmermann,Anna,Dr.,contacted,,,,,,,,,,,,,,,,Facharzt,Radiologie,,,anna.zimmermann@gmail.com,+49 1482951873,,48113-11-21 00:00:01,1dubz6jrgg1kq7fdlk0k25ei9dxfs1,
565,Becker,Emma,Dr.,contacted,,,,,,,,,,,,,,,,Facharzt,Radiologie,,,emma.becker@outlook.com,+49 1434263834,,48113-11-21 00:00:01,0aotr2i89t03kppg0ood0xnhceplq9,
566,Weber,Mila,,contacted,,,,,,,,,,,,,,,,Facharzt,Radiologie,,10/2021 kein Interesse,mila.weber@yahoo.de,+49 1065384895,,48113-11-21 00:00:01,0qjia4thn00cnwctkcuy15jjvhhm0s,
567,Klein,Lisa,,contacted,,,,,,,,,,,,,,,,Assistenzarzt,Radiologie,,,lisa.klein@outlook.com,+49 1338935219,,48113-11-21 00:00:01,2dboa1wj1k0pz7ph6im12nevuerxzh,
568,Schwarz,Elena,,contacted,,,,,,,,,,,,,,,,Facharzt,Radiologie,,aktuell 07/2022 kein Interesse,elena.schwarz@yahoo.de,+49 1429179037,,48113-11-21 00:00:01,2jday2w9d51z8wqqtzce0aovddkce4,
543,Becker,Sophie,Dr.,interested,,,,,,,,,,düsseldorf,,,,Facharzt,"Standortleiter, Gesellschafter",Facharzt,Radiologie,Düsseldorf,"ist bei Radios 
Schnittbildgebung (MRT und CT), Muskuloskelettale Radiologie, Onkologische Bildgebung",sophie.becker@outlook.com,+49 1141054594,,2025-09-04 23:59:00,1foz62lsz41xrtts3wr80wg0r8x2m5,LinkedIn
554,Krüger,Isabella,,interested,,,,,,,,,,herne,,,,,,Facharzt,Radiologie,in Herne und Umgebung,,isabella.krüger@yahoo.de,+49 1053360606,,48113-11-21 00:00:01,1y2m56pa4i2ace6yve3z0ng5phw5t3,
570,Wolf,Nina,Dr.,contacted,,,,,,,,,,,,,,,,Facharzt,Radiologie,,"aktuell 08/2022 kein Interesse, fest an Traunstein gebunden",nina.wolf@outlook.com,+49 1070530451,,48113-11-21 00:00:01,1j5te2vylj1ilvviuw6h0rgdsih5v7,
572,Klein,Lea,Dr.,contacted,,,,,,,,,,,,,,,,Facharzt,Radiologie,,Freelancer,lea.klein@yahoo.de,+49 1556480760,,48113-11-21 00:00:01,1oscxqya150tvrjo4wvd22ety7nysi,
574,Schwarz,Lena,,contacted,,,,,,,,,,,,,,,,Facharzt,Radiologie,,,lena.schwarz@gmail.com,+49 1045589415,,48113-11-21 00:00:01,2gppch0zso0wsfup5xo005wq6u4931,
576,Becker,Nina,,contacted,,,,,,,,,,,,,,,,Assistenzarzt,Radiologie,,,nina.becker@web.de,+49 1727708802,,48113-11-21 00:00:01,206j6qjhbx2dc1mtsoxb1uul7u5nm2,
577,Hartmann,Emma,,contacted,,,,,,,,,,,,,,,,Facharzt,Radiologie,,,emma.hartmann@yahoo.de,+49 1484950767,,48113-11-21 00:00:01,0ksbnxzf2j1060rzzm0y1laaafkanq,
578,Schwarz,Lena,,contacted,,,,,,,,,,,,,,,,Assistenzarzt,Radiologie,,,lena.schwarz@gmail.com,+49 1538933922,,48113-11-21 00:00:01,0nzs0c53l01ak2wg2boc1oeo79k1dt,
579,Müller,Isabella,Dr.,contacted,,,,,,,,,,,,,,,,Facharzt,Radiologie,ab 2024,"12.07.2023 - TP:
Guten Tag Herr Putilin,

ich bin zur Zeit nicht an der angebotenen Stelle interessiert, da ich an einer Zusatzqualifizierung für Herzbildgebung arbeite.

Sie können mir aber gerne weitere Angebote schicken, ich bin ab Frühjahr nächsten Jahres für einen beruflichen Wechsel offen. 

Darf ich fragen wie Sie bzw. Frau Rusakov an meinen Kontakt gekommen sind? 

Mit freundlichen Grüßen,
Aurelia Oberbeck



26.06.2023 - TP:
Guten Tag Frau Rusakov,

die Stellenbeschreibung klingt tatsächlich interessant. Haben sie noch mehrere Informationen darüber insbesondere wo sich das MVZ befindet?

Ich freue mich von Ihnen zu hören.

Mit freundlichen Grüßen",isabella.müller@outlook.com,+49 1956356330,,48113-11-21 00:00:01,11lgd5g9en1xc1qgs9pp1ja4bobpq7,
580,Hartmann,Johanna,Dr.,interested,,,,,,,,,,,,,,,"Ltd. OA, Standortleiter, Gesellschafter",Facharzt,Radiologie,Frankfurt und Umgebung,ist Ltd. OA bei Helios für Rad nuk und Strahlen,johanna.hartmann@web.de,+49 1836771074,,2022-09-16 23:59:00,1283irrjhk06t7xnnyta03bxehzi1x,LinkedIn
581,Krüger,Laura,,contacted,,,,,,,,,,,,,,,,Facharzt,Radiologie,,erst in 2022 verfügbar,laura.krüger@gmail.com,+49 1924065584,,48113-11-21 00:00:01,1jm4eu6y070ooaujziri1962s7smxp,
582,Klein,Alina,,contacted,,,,,,,,,,,,,,,,Facharzt,Radiologie,,aktuell 11/2020 kein Interesse,alina.klein@yahoo.de,+49 1486703777,,48113-11-21 00:00:01,251jhygjt5195qrruant096ogr8ef0,
583,Hartmann,Elena,,interested,,,,,,,,,,,,,,,,Facharzt,Radiologie,Rheinland,"hatte aus gesungheitlichen Gründen stelle nicht angetreten.

20.03.2024 - TP:
hat aktuell 13800 inkl Dienste OA Stufe 2 Tarif
will 10000+ ohne Dienste 
kann ab 01.06.2024 anfangen
ist seit 2017 FA für Radiologie",elena.hartmann@web.de,+49 1874754291,,2025-09-04 23:59:00,16byr88kfn0dch50tg31014xgazpss,Email
584,Schmidt,Klara,,contacted,,,,,,,,,,,,,,,,Assistenzarzt,Radiologie,,,klara.schmidt@web.de,+49 1506468463,,48113-11-21 00:00:01,0m9wc728rr2l6hms67qe1wz9hymin2,
586,Schmidt,Clara,Dr.,contacted,,,,,,,,,,,,,,,,Facharzt,Radiologie,,,clara.schmidt@gmail.com,+49 1657210687,,48113-11-21 00:00:01,049r8by5px13wksszsgr159my6cy85,
588,Becker,Laura,,contacted,,,,,,,,,,,,,,,,Facharzt,Radiologie,,,laura.becker@outlook.com,+49 1520488049,,48113-11-21 00:00:01,07hdbcy3v712pegi726l2o1xtey8z9,
589,Schmidt,Paula,,contacted,,,,,,,,,,,,,,,,Facharzt,Radiologie,,"ist noch in Bulgarien, will Hausärztin werden.",paula.schmidt@gmail.com,+49 1855116558,,48113-11-21 00:00:01,26fk2ly4c91f11gqamk52kpv3malwt,
591,Schmidt,Johanna,Dr.,contacted,,,,,,,,,,,,,,,,Facharzt,Radiologie,,aktuell 11/2020 kein Interesse,johanna.schmidt@outlook.com,+49 1228216526,,48113-11-21 00:00:01,1cj5jb1e7z1gef2x1vwt0imunckdv0,
592,Meyer,Lisa,,contacted,,,,,,,,,,,,,,,,Facharzt,Radiologie,,Schweiz,lisa.meyer@yahoo.de,+49 1948529466,,48113-11-21 00:00:01,0mo62qbzx527aex20fgw1y5fxxovte,
593,Wagner,Anna,,contacted,,,,,,,,,,,,,,,,Facharzt,Radiologie,,,anna.wagner@yahoo.de,+49 1067789077,,48113-11-21 00:00:01,1ukzwx6atf0agvomp9co064caacmd2,
594,Müller,Clara,Dr.,contacted,,,,,,,,,,,,,,,,Facharzt,Radiologie,"AA 3,5 Wbj 09/2024",,clara.müller@gmail.com,+49 1279097351,,48113-11-21 00:00:01,10o2y0un5z19p5mzms3h2924vkmkwl,
595,Koch,Isabella,,contacted,,,,,,,,,,,,,,,,Facharzt,Radiologie,,,isabella.koch@gmail.com,+49 1251676982,,48113-11-21 00:00:01,1wzd3a2k8o1fbay95jsc0j7xagpstz,
596,Koch,Sarah,,contacted,,,,,,,,,,,,,,,,Facharzt,Radiologie,,familiär an das Ruhrgebiet gebunden,sarah.koch@yahoo.de,+49 1282243124,,48113-11-21 00:00:01,1au1t1iw8h2ozxwsjs7q2itwi729u5,
597,Hoffmann,Lisa,Dr.,contacted,,,,,,,,,,,,,,,,Facharzt,Radiologie,,"nur Rhein-Main-Gebiet (Köln, Bonn, Frankfurt) - gerne wieder Uniklinik",lisa.hoffmann@web.de,+49 1447062740,,48113-11-21 00:00:01,1n0nyvhosb0l56kx6ak306botqiim3,
599,Koch,Laura,,contacted,,,,,,,,,,,,,,,,Facharzt,Radiologie,,,laura.koch@yahoo.de,+49 1177813587,,48113-11-21 00:00:01,2o62p9jai31g8i5geqfc1q7qru2v00,
600,Bauer,Paula,,contacted,,,,,,,,,,,,,,,,Facharzt,Radiologie,,,paula.bauer@outlook.com,+49 1126044536,,48113-11-21 00:00:01,24i6423sav1ejy8j8utx1itz4zku2r,
601,Zimmermann,Mila,Dr.,contacted,,,,,,,,,,,,,,,,Facharzt,Radiologie,,#NAME?,mila.zimmermann@web.de,+49 1476374123,,48113-11-21 00:00:01,168iwt47qs2ro9prvk7g27lkgi7acb,
602,Koch,Klara,,contacted,,,,,,,,,,,,,,,,Facharzt,Radiologie,,sucht nur in München und Umgebung 80% Stelle,klara.koch@yahoo.de,+49 1885916612,,48113-11-21 00:00:01,22pty925iq2aldo7qtjj265ibhrawk,
603,Neumann,Maria,,contacted,,,,,,,,,,,,,,,,sonstige,Radiologie,,,maria.neumann@outlook.com,+49 1486867311,,48113-11-21 00:00:01,0i4iayunxq0rjhu4e40g13pxskmpr0,
604,Zimmermann,Lena,,contacted,,,,,,,,,,,,,,,,Facharzt,Radiologie,,,lena.zimmermann@web.de,+49 1729776200,,48113-11-21 00:00:01,1oefakfdkt29rl4xt38c1wow6uctub,
605,Hoffmann,Julia,,contacted,,,,,,,,,,,,,,,,Facharzt,Radiologie,,,julia.hoffmann@outlook.com,+49 1325852398,,48113-11-21 00:00:01,1ici3g6tsn2kwjsf93x81v1bc3kg63,
606,Schneider,Sophie,,contacted,,,,,,,,,,,,,,,,Assistenzarzt,Radiologie,,,sophie.schneider@yahoo.de,+49 1109434941,,48113-11-21 00:00:01,2l7nk89gvk2py7qf2et31j5u9e40ti,
607,Bauer,Elena,Dr.,contacted,,,,,,,,,,,,,,,,Facharzt,Radiologie,,,elena.bauer@yahoo.de,+49 1839770955,,48113-11-21 00:00:01,208hse8tju26hw7zral90lp5cywcju,
608,Wolf,Alina,,contacted,,,,,,,,,,,,,,,,Assistenzarzt,Radiologie,,,alina.wolf@outlook.com,+49 1975251611,,48113-11-21 00:00:01,08jaiqh7f50x022kf1qr06jic2go9k,
610,Schneider,Paula,Dr.,contacted,,,,,,,,,,,,,,,,Facharzt,Radiologie,,,paula.schneider@outlook.com,+49 1056352701,,48113-11-21 00:00:01,0mga4kl7552g2t8le4cr14hfh2tjf4,
611,Fischer,Maria,Dr.,contacted,,,,,,,,,,,,,,,,Facharzt,Radiologie,,,maria.fischer@yahoo.de,+49 1449785085,,48113-11-21 00:00:01,0yu47ebx572r3yas6fsg0uktvurz83,
612,Zimmermann,Sophie,,contacted,,,,,,,,,,,,,,,,Assistenzarzt,Radiologie,,"01.03.2024 - TP: Tel. 
hat 2 Jahre mit Berufserlaubnis gearbeitet. 
Seit 09/2023 Approbation
will von 0 auf Radiologie Weiterbildung machen. 
kann 01.07.2024 anfangen
will DoppelFA werden
Urlaub 09.03.-31.04. nach Indien
offen in ganz DE",sophie.zimmermann@yahoo.de,+49 1700620277,,48113-11-21 00:00:01,0uekfgfa9t1bob2iln7g20x7y9ozm8,
613,Wagner,Anna,Dr.,contacted,,,,,,,,,,,,,,,,Facharzt,Radiologie,aktuell TZ - aktuell 05/2023 nein,,anna.wagner@gmail.com,+49 1366131185,,48113-11-21 00:00:01,0uqdse1rxo0sgctj52yb1b5ssylzuu,
614,Schulz,Maria,Dr.,contacted,,,,,,,,,,,,,,,,Facharzt,Radiologie,,,maria.schulz@gmail.com,+49 1687740202,,48113-11-21 00:00:01,1mmfy2nazt1crb5mvdzt0mwpp996wx,
615,Schmidt,Sophie,Dr.,contacted,,,,,,,,,,,,,,,,Facharzt,Radiologie,,,sophie.schmidt@outlook.com,+49 1246296980,,48113-11-21 00:00:01,1aniqs41e81cq3zbj09i056dxcutrj,
616,Bauer,Clara,,contacted,,,,,,,,,,,,,,,,Facharzt,Radiologie,,09.12.2022 - TP: Xing Düsseldorf angeboten,clara.bauer@gmail.com,+49 1419220394,,48113-11-21 00:00:01,0p0p688q3h2glsjtyrfa22wi0gi23l,
617,Koch,Elena,Dr.,contacted,,,,,,,,,,,,,,,,Facharzt,Radiologie,,,elena.koch@outlook.com,+49 1423969134,,48113-11-21 00:00:01,0m5a5kb57w0p4757te532iul4kujym,
618,Klein,Lena,,contacted,,,,,,,,,,,,,,,,Facharzt,Radiologie,,plant Auslandsaufenthalt von 2023-2024 - gerne ab Mitte 2024 nochmal Kontakt aufnehmen (siehe Anmerkungen),lena.klein@yahoo.de,+49 1131866320,,48113-11-21 00:00:01,1l44p5n5zm2prffymzu81gbpa34xat,
619,Weber,Isabella,,contacted,,,,,,,,,,,,,,,,Facharzt,Radiologie,,aktuell 08/2022 kein Interesse an einem Stellenwechsel,isabella.weber@yahoo.de,+49 1759925295,,48113-11-21 00:00:01,2f63h1x6a807pskzxrov23t5zn3qih,
620,Bauer,Julia,,contacted,,,,,,,,,,,,,,,,Facharzt,Radiologie,,,julia.bauer@gmail.com,+49 1822377483,,48113-11-21 00:00:01,0fmk86qd0k2co8ztxi3h04av3eemms,
621,Hoffmann,Lisa,Dr.,contacted,,,,,,,,,,,,,,,,Facharzt,Radiologie,,ist Gesellschafter,lisa.hoffmann@yahoo.de,+49 1113770896,,48113-11-21 00:00:01,2rkzz0t6x60cw07elg8q10zlpcoalg,
622,Weber,Mara,Dr.,contacted,,,,,,,,,,,,,,,,Facharzt,Radiologie,,,mara.weber@web.de,+49 1873645201,,48113-11-21 00:00:01,0xi71rdtay1t5ak2eigx2puhe1r4uz,
623,Bauer,Lea,Dr.,contacted,,,,,,,,,,,,,,,,Facharzt,Radiologie,mach noch ihre Habilitation 10/2024,,lea.bauer@yahoo.de,+49 1335639038,,48113-11-21 00:00:01,28p9pjnp78090g1p3uwa1g7epke4bs,
625,Meyer,Paula,Dr.,contacted,,,,,,,,,,,,,,,,Facharzt,Radiologie,,,paula.meyer@gmail.com,+49 1101678985,,48113-11-21 00:00:01,1cecc4fiir1nzd4e7imr1i5oxk7sv5,
646,Koch,Isabella,,contacted,,,,,,,,,,,,,,Chefarzt,"Chefarzt, Standortleiter",Facharzt,Radiologie,war im Prozess - hat neuen Job 02/2023,,isabella.koch@outlook.com,+49 1038297540,,48113-11-21 00:00:01,18be7ijgca1zufg5lz8z0z7f6t4x4t,
647,Hartmann,Anna,,contacted,,,,,,,,,,,,,,,,Facharzt,Radiologie,,macht SP Kinderradiologie - aktuell 06/2021 nein,anna.hartmann@web.de,+49 1047207220,,48113-11-21 00:00:01,0t3irucpsd2jec6e7c302iib2kjuag,
648,Becker,Johanna,Dr.,contacted,,,,,,,,,,,,,,,,Facharzt,Radiologie,,,johanna.becker@yahoo.de,+49 1132741201,,48113-11-21 00:00:01,1veh0okr101ka953mke71pcm3njehi,
649,Wolf,Lisa,Dr.,contacted,,,,,,,,,,,,,,,,Facharzt,Radiologie,,,lisa.wolf@web.de,+49 1034779151,,48113-11-21 00:00:01,10inqpkvme0h7lhvmqa41zhn4kqc3l,
628,Richter,Lea,Dr.,contacted,,,,,,,,,,,,,,,,Facharzt,Radiologie,,,lea.richter@outlook.com,+49 1906836592,,48113-11-21 00:00:01,1rz1yswvr51ybr7rh8zr1rzljfp18w,
629,Zimmermann,Mara,Dr.,contacted,,,,,,,,,,,,,,,,Facharzt,Radiologie,,aktuell 11/2020 kein Interesse,mara.zimmermann@web.de,+49 1513161998,,48113-11-21 00:00:01,2ojk4rq42c09c3n9siz8137vh038xx,
630,Hartmann,Isabella,,interested,,,,,,,,,,,,,,,,Assistenzarzt,Radiologie,letztes WbJ Radiologie,,isabella.hartmann@outlook.com,+49 1249373973,,48113-11-21 00:00:01,2hcc308jpg1bnjadx0qs1cwtj6m0ro,
631,Richter,Julia,,contacted,,,,,,,,,,,,,,,,Facharzt,Radiologie,,,julia.richter@yahoo.de,+49 1979780619,,48113-11-21 00:00:01,13ztum0mwz0v5l7bzm9524ctfn5lce,
632,Wolf,Lea,,contacted,,,,,,,,,,,,,,,,Facharzt,Radiologie,,,lea.wolf@yahoo.de,+49 1701297858,,48113-11-21 00:00:01,188d0npmfe0xlljwhylg1jk5x71bxt,
633,Schneider,Anna,Dr.,contacted,,,,,,,,,,,,,,,,Facharzt,Radiologie,,,anna.schneider@web.de,+49 1355136472,,48113-11-21 00:00:01,2o3qc995ej0j9f47mogz29lt7babul,
635,Wagner,Lisa,,contacted,,,,,,,,,,,,,,,,Facharzt,Radiologie,,,lisa.wagner@web.de,+49 1636161772,,48113-11-21 00:00:01,1yetchtzf20uaetwuo9j06fdq3ln96,
636,Schwarz,Klara,,contacted,,,,,,,,,,,,,,,,Assistenzarzt,Radiologie,,,klara.schwarz@web.de,+49 1617617644,,48113-11-21 00:00:01,1nng1nfp3r1ts22cdch01mz9accs5o,
637,Wolf,Maria,,contacted,,,,,,,,,,,,,,,,Facharzt,Radiologie,,,maria.wolf@outlook.com,+49 1014995950,,48113-11-21 00:00:01,0a4wayu7f3070nhvym0y2kuxohtrv0,
638,Weber,Mila,,interested,,,,,,,,,,,,,,,,Facharzt,Radiologie,"war bei Conradia in vorstellung, gerne in 1 Jahr 03/2023","30.01.2023 - TP: 
mpMR 3 Tesla protokoll implementiert Q1 könnte bestätigen lassen gerne bei Conradia Q2 mag das gerne
Cardio-MR Q1 
Herz CT Q1
MSK Q1 ob man machen kann?  gerne und viele Fortbildungen und immer mehr protikommt avanto wird zu fit
Ist lexibel
Perspektivisch flex tag
Stelle hat eigenes Gerät und ist auch attraktiv und kann zeitgrößere sequenzen fahren und kompromiss finden
Knie 20-23 min und darf nicht 15 min sein und qualität ist wichtig

Tel. Nr.: 017682030119
Email: alexander.schippers@vivantes.de

aktuelle Position: OA - wurde nach FA direkt OA - CA wollte das er min 2 Jahre bleibt
aktueller Arbeitgeber: Vivantes

Wunschposition:
Wechselmotivation: möchte gerne interesasnte Projekte machen und Aufgaben

aktuelles Gehalt:
Wunschgehalt: 165k €

Verfügbarkeit zeitlich: 6 Monate Kündigungsfrist
Verfügbarkeit räumlich: Berlin flexibel

KH hat komplette Freiheit

gerne MSK und musste erst die Zahlen sehen und Anforderung

haben auch unflexible abeiten

6 Monate Kündigungsfrist zum monatsende

FA dez 2021

165

Folbildungen zeit frei und bezahlt

zahlen und befunde am Tag

vorstellung implementiereug

und konkretes Projekt ?neues MT R



dürfen ärzte ihre eigenen Protokolle haben?",mila.weber@outlook.com,+49 1473720231,,48113-11-21 00:00:01,2mwbwgy1c918xetaf18f1op58xqefj,
639,Schmidt,Sarah,,contacted,,,,,,,,,,,,,,,,Assistenzarzt,Radiologie,,,sarah.schmidt@gmail.com,+49 1316104278,,48113-11-21 00:00:01,2277keh3p70bzrlw5qkg2qn6v1amd1,
644,Meyer,Anna,Dr.,contacted,,,,,,,,,,,,,,,,Facharzt,Radiologie,Praxisniederlasssung nur als Partner und frühestens in 5 Jahren oder als stiller Teilhaber,verhandelt gerade als OA an Maximal/Uni,anna.meyer@outlook.com,+49 1149129678,,48113-11-21 00:00:01,112uyvd8xi0adb7pvtne1sr0vqw0vh,
650,Schneider,Mara,Dr.,contacted,,,,,,,,,,,,,,,,Facharzt,Radiologie,,02/22 neue Stelle,mara.schneider@outlook.com,+49 1750977495,,48113-11-21 00:00:01,2hb6fhct4822l4j6f6kn07k7vvjwzg,
651,Schneider,Lea,Dr.,interested,,,,,,,,,,,,,,,,Facharzt,Radiologie,,,lea.schneider@outlook.com,+49 1229746973,,48113-11-21 00:00:01,0lj7yx5di2267f6rcu8j1mhswz1oc9,
653,Neumann,Emma,,contacted,,,,,,,,,,,,,,,,Assistenzarzt,Radiologie,"viel Erfahrung, kommt aus der Gefäßchirurgie und Viszeralchirurgie",,emma.neumann@outlook.com,+49 1773107954,,48113-11-21 00:00:01,0ell0rtjhm1n73mlaclw166qcbvsi0,
654,Fischer,Emma,,contacted,,,,,,,,,,,,,,,,Assistenzarzt,Radiologie,,,emma.fischer@yahoo.de,+49 1285962421,,48113-11-21 00:00:01,0nw42v4dpk103in7s40b1yjoxxx1hz,
655,Schwarz,Mara,,contacted,,,,,,,,,,,,,,,,Facharzt,Radiologie,,,mara.schwarz@yahoo.de,+49 1779539163,,48113-11-21 00:00:01,1tn1gokn5w0sz4kxvlhq0wlhwl5nvx,
656,Bauer,Johanna,,contacted,,,,,,,,,,,,,,,,Facharzt,Radiologie,,selbstständig,johanna.bauer@outlook.com,+49 1544995615,,48113-11-21 00:00:01,1blnhw5m3n1wc0i9gim41r4eo1z1ag,
658,Müller,Isabella,,contacted,,,,,,,,,,,,,,,,Facharzt,Radiologie,,,isabella.müller@outlook.com,+49 1688089780,,48113-11-21 00:00:01,0z8r1z8ca91fdv8fps1g0jl4qdjnaf,
659,Hartmann,Klara,,contacted,,,,,,,,,,,,,,,,Facharzt,Radiologie,,gerade OA angetreten 10/2020 - wenn dann nur Umkreis Lübeck - HH zu weit!,klara.hartmann@yahoo.de,+49 1040041024,,48113-11-21 00:00:01,2lx29br05l1pl6kl9cug1d0706o2zv,
660,Müller,Elena,,contacted,,,,,,,,,,,,,,,,Assistenzarzt,Radiologie,,AA in 2 WB Jahr,elena.müller@gmail.com,+49 1904693856,,48113-11-21 00:00:01,1irjaaag1225iicx27ok1n2j8h64mf,
661,Hoffmann,Sophie,Dr.,contacted,,,,,,,,,,,,,,,,Facharzt,Radiologie,,Köln / Bonn,sophie.hoffmann@outlook.com,+49 1378283781,,48113-11-21 00:00:01,2h5bxqb49u2h4xjiwwgk1aw7wr3izd,
664,Schmidt,Maria,,contacted,,,,,,,,,,,,,,,,Facharzt,Radiologie,,,maria.schmidt@yahoo.de,+49 1283678345,,48113-11-21 00:00:01,1ngid3hfxe104vf9nnfi09h70y02qn,
665,Schulz,Laura,,contacted,,,,,,,,,,,,,,,,Facharzt,Radiologie,,,laura.schulz@gmail.com,+49 1956656089,,48113-11-21 00:00:01,0krk80n8zu1fzjtggm0r2makr0muh5,
666,Bauer,Klara,Dr.,contacted,,,,,,,,,,,,,,Ltd. OA,"Ltd. OA, Chefarzt, Standortleiter",Facharzt,Radiologie,Rhein-Main Gebiet,"26.01.2023 - TP:
Niederlassung angestellt raxis heilbronn

haben dort 2 MR und 1 CT und Sono

Schilddrüsen ja aber kein mamma

will leitende Stelle

Nähe Wohnort

Praxis oder MVZ ohne Dienste

will ca. 185k

wenn Gelegenheit dann gerne wieder anbieten

seit 2013 FA",klara.bauer@web.de,+49 1361564170,,48113-11-21 00:00:01,0j662i8wvc1oz6599dpn12mpprbq9h,
667,Schmidt,Lisa,,contacted,,,,,,,,,,,,,,,,Facharzt,Radiologie,,21.10.2022 - TP: Arbeitet jetzt nicht mehr aus Ärztin,lisa.schmidt@yahoo.de,+49 1320607260,,48113-11-21 00:00:01,1p1nm9n2l31871ghk27x1sxr35g5yl,
668,Müller,Mila,Dr.,contacted,,,,,,,,,,,,,,,,Facharzt,Radiologie,AA 09/2024,,mila.müller@gmail.com,+49 1191879078,,48113-11-21 00:00:01,1xgztj0ntf0wzq5dpujk23pdprtds4,
669,Hartmann,Nina,Dr.,interested,,,,,,,,,,,,,,,,Facharzt,Radiologie,,Schweiz,nina.hartmann@web.de,+49 1366654601,,48113-11-21 00:00:01,2l8ktv6fqu2hurlngk6n08wgzns3w0,
671,Müller,Clara,Dr.,contacted,,,,,,,,,,,,,,,,Facharzt,Radiologie,,Bereichsleitung MRT,clara.müller@web.de,+49 1842671648,,48113-11-21 00:00:01,0fb2yl10m429f8kamlgq0dpcnh200b,
672,Koch,Laura,,contacted,,,,,,,,,,,,,,,,Facharzt,Radiologie,,,laura.koch@gmail.com,+49 1581372611,,48113-11-21 00:00:01,089lnkyo2x0c8ivza5160x4kmep5to,
673,Klein,Sophie,,contacted,,,,,,,,,,,,,,,,Facharzt,Radiologie,,,sophie.klein@yahoo.de,+49 1086938627,,48113-11-21 00:00:01,1ko7j3nziq09rcxz7xak264vfauc2r,
674,Schneider,Alina,Dr.,contacted,,,,,,,,,,,,,,,,Facharzt,Radiologie,,,alina.schneider@outlook.com,+49 1881587834,,48113-11-21 00:00:01,0kogkl91k31e8cetrxc80u5bllr12y,
675,Meyer,Lena,,contacted,,,,,,,,,,,,,,,,Facharzt,Radiologie,,,lena.meyer@web.de,+49 1714855891,,48113-11-21 00:00:01,0mxx6lqtex17m450n6wu2nfl5v05n5,
676,Weber,Klara,Dr.,contacted,,,,,,,,,,,,,,,,Facharzt,Radiologie,,Leitender Arzt,klara.weber@outlook.com,+49 1807891049,,48113-11-21 00:00:01,2kjmrxq0rx1u2n7vevls1j6a457u26,
677,Weber,Paula,Dr.,contacted,,,,,,,,,,,,,,,,Facharzt,Radiologie,,aktuell 07/2022 kein Interesse,paula.weber@yahoo.de,+49 1051192780,,48113-11-21 00:00:01,0lc8z8uys00zvrbpp26w007qcppspf,
680,Koch,Lea,,contacted,,,,,,,,,,,,,,,,Facharzt,Radiologie,,,lea.koch@outlook.com,+49 1721046560,,48113-11-21 00:00:01,1jc2f1c1ar0jiy8q21yy075emmblc9,
681,Schulz,Paula,Dr.,contacted,,,,,,,,,,,,,,,,Facharzt,Radiologie,,ltd. OA,paula.schulz@yahoo.de,+49 1527659852,,48113-11-21 00:00:01,1gx95x4v2n1eizlxdsnt1a6kkimwln,
785,Wolf,Johanna,,contacted,,,,,,,,,,,,,,Facharzt,"Facharzt, Standortleiter",Facharzt,Radiologie,,Lin keine Rückmeldung,johanna.wolf@web.de,+49 1241754173,,2025-07-15 23:59:00,2jiw90esi70kqyzrjycn0h3w0fcxkx,LinkedIn
683,Hoffmann,Sophie,,contacted,,,,,,,,,,,,,,,,Facharzt,Radiologie,aktuell 10/2024 nein,"16.10.2024 - TP:
vielen Dank für Ihre Nachrichten.
Das Angebot ist sehr verlockend, leider bin ich nicht in der Lage meine Stelle zu wechseln.",sophie.hoffmann@outlook.com,+49 1890433782,,48113-11-21 00:00:01,10ptsnqya40y4cwepg6c1u9r7flvhf,
684,Schneider,Mila,,contacted,,,,,,,,,,,,,,,,Assistenzarzt,Radiologie,,in den letzten Jahren der Weiterbildung,mila.schneider@outlook.com,+49 1583834297,,48113-11-21 00:00:01,11k61qyl4h1eq8eqr6ft14pv43lw0e,
686,Hartmann,Paula,Dr.,interested,,,,,,,,,,,,,,,,Facharzt,Radiologie,,will erst ab 05/2021 wechseln,paula.hartmann@gmail.com,+49 1828418777,,48113-11-21 00:00:01,0wane49f810cma0azpns22qvpy4wo7,
687,Hoffmann,Johanna,,interested,,,,,,,,,,,,,,,,Facharzt,Radiologie,,Selbstständig,johanna.hoffmann@yahoo.de,+49 1365942100,,48113-11-21 00:00:01,0mtw41i19a16wj0s0yll2aeztdsl96,
688,Klein,Julia,,interested,,,,,,,,,,,,,,,,Facharzt,Radiologie,,nur nördliches Ruhrgebiet,julia.klein@gmail.com,+49 1167125957,,48113-11-21 00:00:01,1oqxabu4ij28glbcevy92bphrqnd9r,
689,Hoffmann,Mara,,contacted,,,,,,,,,,,,,,,,Facharzt,Radiologie,,aktuell 07/2022 kein Interesse,mara.hoffmann@gmail.com,+49 1946707398,,48113-11-21 00:00:01,1bjizz3od20zklwd3vqg10hka2niyy,
690,Weber,Lea,,contacted,,,,,,,,,,,,,,,,Facharzt,Radiologie,,,lea.weber@gmail.com,+49 1222363398,,48113-11-21 00:00:01,187y8n0hus2ehntfeh560mwu78xm5q,
691,Wagner,Isabella,Dr.,interested,,,,,,,,,,,,,,,,Facharzt,Radiologie,,nur in Spanien oder Portugal,isabella.wagner@gmail.com,+49 1517477656,,48113-11-21 00:00:01,14zt4rfdg30e1ae5j8i11hnz9hof60,
692,Neumann,Julia,,contacted,,,,,,,,,,,,,,,,Facharzt,Radiologie,,,julia.neumann@gmail.com,+49 1586180048,,48113-11-21 00:00:01,2l7mufb4wj0nsjcqd51l123umwnrlw,
693,Becker,Lea,,interested,,,,,,,,,,,,,,,,"MTRA, sonstige",Radiologie,Praxismanager,"25.04.2024 - TP:
Sohn macht ABI in Frankreich, will dann ab 01.07./01.08. wieder in Deutschland arbeiten
Praxismanager Ultraschall, Echographie, Röntgen
jetzt 2 Ärzte und 4 MTRA
aktuelle Augabe Effizienz steigern in FR
Teleradiologie, Home Office, optimierung",lea.becker@gmail.com,+49 1963701709,,48113-11-21 00:00:01,12eflvvbyd00ixspbzau1ten71ltee,
694,Krüger,Clara,Dr.,interested,,,,,,,,,,,,,,,,Facharzt,Radiologie,,,clara.krüger@web.de,+49 1507342623,,48113-11-21 00:00:01,21tfm8qgzu1msees11oy2rr0ui00pe,
695,Weber,Julia,,contacted,,,,,,,,,,,,,,,,Facharzt,Radiologie,,aktuell 08/22022 nur Interesse an Stellen in Berlin,julia.weber@outlook.com,+49 1462330393,,48113-11-21 00:00:01,2muyab78cf1uys8urcwy2pl779652e,
696,Koch,Clara,,contacted,,,,,,,,,,,,,,,,Facharzt,Radiologie,,,clara.koch@yahoo.de,+49 1406723934,,48113-11-21 00:00:01,1z0nwjmze41e0vuka7b72540n253cf,
697,Schulz,Nina,,contacted,,,,,,,,,,,,,,,,Facharzt,Radiologie,,,nina.schulz@yahoo.de,+49 1510856754,,48113-11-21 00:00:01,2j3eb8i42u02qhl2hkq12b09heugj2,
698,Krüger,Sophie,,contacted,,,,,,,,,,,,,,,,Assistenzarzt,Radiologie,,,sophie.krüger@gmail.com,+49 1864458820,,48113-11-21 00:00:01,2r962kldr31tmbbqc74o2geqq57nzf,
699,Bauer,Lena,Dr.,contacted,,,,,,,,,,,,,,,,Facharzt,Radiologie,,ab 10/2021 ldt. OA,lena.bauer@yahoo.de,+49 1607942882,,48113-11-21 00:00:01,0p0jb9t7a12rqwmwuvam0fkdn2l2cj,
700,Fischer,Elena,Dr.,interested,,,,,,,,,,,,,,,,Facharzt,Radiologie,Süddeutschland und Westdeutschland,"Tel. 
Macht intervertionen seit 1990
Ist 63 
will keine Interventionen mehr 
Lange an der Uni, hauptsächlich Interventionen
17 Jahre Praxis
Sabbaticak
Hatte eigene Klinik in Rastadt
Aktuell Honorar
MSK und Neuro SP
will keine Interventionen mehr machen
War an Olympiastandort
Hat Spaß am arbeiten, wenn es passt, dann ohne Ende
Frau Arbiete in Mainz, treffen sich am WE
Hat am 31.03. gekündigt. Ist auf Jobsuche
Asap könnte anfangen
Hat einen Hund


macht 2021 ein Sabbatjahr! Ende 2021 ansprechen",elena.fischer@gmail.com,+49 1446759442,,2025-07-14 23:59:00,1tp0anasq7070rq27bwd2maoqpe40l,Tel.
701,Müller,Clara,,contacted,,,,,,,,,,,,,,,,Facharzt,Radiologie,,,clara.müller@web.de,+49 1471570450,,48113-11-21 00:00:01,1v0yhlc69u1f4w0a6mpe05wr5olld5,
702,Zimmermann,Lea,Dr.,contacted,,,,,,,,,,,,,,,,Facharzt,Radiologie,,,lea.zimmermann@yahoo.de,+49 1558952257,,48113-11-21 00:00:01,0eisgawtl00o1rzb151q10nu9wj6n8,
703,Schulz,Lea,Dr.,contacted,,,,,,,,,,,,,,,,Facharzt,Radiologie,,,lea.schulz@outlook.com,+49 1736893840,,48113-11-21 00:00:01,2p8hk9avik1mk75avrii12iawrrpjy,
704,Schulz,Johanna,Dr.,contacted,,,,,,,,,,,,,,,,Facharzt,Radiologie,,08/2022 kein Interesse,johanna.schulz@web.de,+49 1292960908,,48113-11-21 00:00:01,0qf8r0t9uv15ib6vymg61972fggl4n,
706,Krüger,Laura,Dr.,interested,,,,,,,,,,,,,,,,Facharzt,Radiologie,,hat gerade das Angebot seines jetzigen AG angenommen.,laura.krüger@outlook.com,+49 1307834346,,48113-11-21 00:00:01,15kpbxtypp0idu5cz7rb28su861u1n,
709,Fischer,Sarah,Dr.,contacted,,,,,,,,,,,,,,,,Facharzt,Radiologie,,Grönemeyer angeboten aber abgelehnt,sarah.fischer@outlook.com,+49 1266667489,,48113-11-21 00:00:01,0a11wsyjtz0daipilbef0drrf56tff,
710,Schulz,Sarah,,contacted,,,,,,,,,,,,,,,,Facharzt,Radiologie,,,sarah.schulz@gmail.com,+49 1453563576,,48113-11-21 00:00:01,1otxax5bf218ugebguvh1gvsyu1u7z,
711,Koch,Lena,,contacted,,,,,,,,,,,,,,,,Facharzt,Radiologie,,,lena.koch@yahoo.de,+49 1537536208,,48113-11-21 00:00:01,0wkezrgj9k27l7b4mvow0wpskw8mp2,
712,Schwarz,Maria,Dr.,contacted,,,,,,,,,,,,,,,,Facharzt,Radiologie,,,maria.schwarz@gmail.com,+49 1052175925,,48113-11-21 00:00:01,1vtsopd35z1r0e1e8nyx0ytuwoaqga,
713,Krüger,Elena,Dr.,interested,,,,,,,,,,,,,,,,Facharzt,Radiologie,,,elena.krüger@web.de,+49 1842144568,,48113-11-21 00:00:01,2kwvev2fu20ny4rmuoog2lkre7fnlk,
682,Bauer,Isabella,Dr.,contacted,,,,,,,,,,geldern,,,,Chefarzt,"Chefarzt, Standortleiter",Facharzt,Radiologie,12/2022 CA in Geldern,"09.12.2022 - TP:
Tel. sehr angenehmes Telefonat. Wir sind so verblieben, dass wir gerne in Kontakt bleiben. Wird CA in Geldern

30.11.2022 - TP:
wird CA an Klinik

18.11.2022 - TP: Ist an Leitung im Martinus Düsseldorf interessiert. Bitte in 2 Wochen nochmal ansprechen.",isabella.bauer@gmail.com,+49 1040778468,,48113-11-21 00:00:01,2br7vdz8pq14r5vpzdsn09ow7vvzr6,
705,Meyer,Maria,Dr.,contacted,,,,,,,,,,AT,,,,,,Facharzt,Radiologie,Österreich Freelancer,Freelancer,maria.meyer@yahoo.de,+49 1696614932,,48113-11-21 00:00:01,2r2pg4qg4m2orm1rsv7o08z70946ev,
714,Hartmann,Klara,Dr.,interested,,,,,,,,,,,,,,Ltd. OA,"Ltd. OA, Chefarzt, Standortleiter",Facharzt,Radiologie,,"12.04.2023 - TP:
Zur Zeit bin ich teils Leiter eines MVZ in Köln, teils interventionell tätiger OA in der angeschlossenen Klinik und gut versorgt, halte allerdings meine Augen in jede Richtung offen! 
Gerne dürfen Sie mich bei interessanten Positionen erneut kontaktieren, allerding besser unter der unten aufgeführten Email-Adresse, die ich täglich kontrolliere.",klara.hartmann@gmail.com,+49 1386780918,,48113-11-21 00:00:01,2r1b02t3oq1p1qjz8vfj0bs7qf0j8u,
715,Schwarz,Elena,Dr.,contacted,,,,,,,,,,,,,,,,Facharzt,Radiologie,,leitende FA,elena.schwarz@outlook.com,+49 1653543266,,48113-11-21 00:00:01,19rplmaozs15qrniup700bm82kgarn,
716,Becker,Lea,,contacted,,,,,,,,,,,,,,,,Facharzt,Radiologie,,ist bald in Rentenalter,lea.becker@gmail.com,+49 1723793344,,48113-11-21 00:00:01,0izn3rob9820tw1g33511fezz8i2bq,
717,Richter,Julia,Dr.,contacted,,,,,,,,,,,,,,Ltd. OA,"Ltd. OA, Chefarzt, Standortleiter",Facharzt,Radiologie,,Leitender Arzt Radiologie,julia.richter@outlook.com,+49 1615989096,,48113-11-21 00:00:01,1k88plgn63107d8afkk30u82ef7wrz,
718,Schwarz,Elena,Dr.,contacted,,,,,,,,,,,,,,,,Facharzt,Radiologie,,will im Osten bleiben - offen für Angebote,elena.schwarz@outlook.com,+49 1566661684,,48113-11-21 00:00:01,06biji3yig06cxh39tzh2l2jg3tezi,
719,Schwarz,Alina,Dr.,contacted,,,,,,,,,,,,,,,,Facharzt,Radiologie,,,alina.schwarz@yahoo.de,+49 1326856636,,48113-11-21 00:00:01,1uzvqs2lhp16sbmnevpt19djygznhc,
720,Müller,Nina,Dr.,interested,,,,,,,,,,,,,,,,Facharzt,Radiologie,,07/2022 neue Stelle in Frankfurt angetreten,nina.müller@outlook.com,+49 1970619732,,48113-11-21 00:00:01,1n6bnyo6d624085nw0ll0vyxsxe00t,
721,Schneider,Sophie,Dr.,contacted,,,,,,,,,,,,,,,,Facharzt,Radiologie,09/2024 neue Position,,sophie.schneider@web.de,+49 1890620530,,48113-11-21 00:00:01,0x9dagayou0uf4su9eqr0s6kmd7kba,
722,Schneider,Mila,Dr.,contacted,,,,,,,,,,,,,,,,Facharzt,Radiologie,,,mila.schneider@outlook.com,+49 1063835016,,48113-11-21 00:00:01,000pfyqavp0kweq3ugh41ypmuwm52t,
723,Zimmermann,Lea,Dr.,contacted,,,,,,,,,,,,,,,,Facharzt,Radiologie,,,lea.zimmermann@web.de,+49 1449691580,,48113-11-21 00:00:01,2b153amiyf1mdwguabh6070qqmrhie,
724,Hoffmann,Sarah,Dr.,contacted,,,,,,,,,,,,,,,,Facharzt,Radiologie,,,sarah.hoffmann@web.de,+49 1620266059,,48113-11-21 00:00:01,0r5l2tb1im2kko9xnwr52jfldxf6c4,
725,Hoffmann,Alina,Dr.,contacted,,,,,,,,,,,,,,,,Facharzt,Radiologie,,aktuell 06/2021 kein Interesse,alina.hoffmann@gmail.com,+49 1414310001,,48113-11-21 00:00:01,0m3hds134q1yfh48wsiz0hh0xbav0h,
726,Hoffmann,Mila,Dr.,interested,,,,,,,,,,,,,,,,Facharzt,Radiologie,,,mila.hoffmann@outlook.com,+49 1923869072,,48113-11-21 00:00:01,1xssk893lb25bwhk4z3a2dyods1jlw,
727,Neumann,Clara,Dr.,contacted,,,,,,,,,,,,,,,,Facharzt,Radiologie,,Freelancer - Praxisvertretungen - keine Kliniken -  bevorzugt im Raum Frankfurt,clara.neumann@yahoo.de,+49 1236219082,,48113-11-21 00:00:01,0g6xj4mm802kz2svs21v0bbwb26sgx,
728,Bauer,Mila,Dr.,interested,,,,,,,,,,,,,,,,Facharzt,Radiologie,,"interessiert an Weiterbildungen Neuroradio, Nuk oder Kinderradio - gerne in Hessen und auch KH möglich",mila.bauer@web.de,+49 1522049402,,48113-11-21 00:00:01,2jmzjl8nnh1tudibhek40er4in218n,
730,Wolf,Emma,Dr.,contacted,,,,,,,,,,,,,,,,Facharzt,Radiologie,Interventionelle Radiologie,,emma.wolf@gmail.com,+49 1153335682,,48113-11-21 00:00:01,0cp8i6ydxs2ckbsmynya0tr75p69s5,
731,Zimmermann,Mila,Dr.,contacted,,,,,,,,,,,,,,,,Facharzt,Radiologie,,,mila.zimmermann@outlook.com,+49 1259050935,,48113-11-21 00:00:01,04y58qaulc20xfy2k1e80dock22zxe,
732,Schneider,Laura,,contacted,,,,,,,,,,,,,,,,Facharzt,Radiologie,,,laura.schneider@gmail.com,+49 1394131842,,48113-11-21 00:00:01,2r7vezx95s0d4oj4ec3p0spnuax37c,
733,Becker,Julia,Dr.,contacted,,,,,,,,,,,,,,,,Facharzt,Radiologie,GF Evidia,ist Prof. und leider blikk in Berlin,julia.becker@outlook.com,+49 1438663872,,48113-11-21 00:00:01,0ti0onaicl2fzb57q41l2aubyk8ogw,
734,Müller,Lisa,Dr.,contacted,,,,,,,,,,,,,,,,Facharzt,Radiologie,,,lisa.müller@web.de,+49 1015371039,,48113-11-21 00:00:01,1xwx5aw8f60ewbzj46j71oc6sixf3y,
735,Wolf,Emma,Dr.,interested,,,,,,,,,,,,,,Ltd. OA,"Ltd. OA, Chefarzt, Standortleiter",Facharzt,Radiologie,"Leitungspositionen im ambulanten Umfeld bzw. Ltd. OA und CA, will ab 190k",27.09.2024 - TP: Ab 190-200000 €/Jahr mit Zusatzverdienstmöglichkeiten,emma.wolf@yahoo.de,+49 1958468211,,48113-11-21 00:00:01,0ahrpy7qg90rjt6ey6kf1w7ufvpukb,
736,Fischer,Mara,,contacted,,,,,,,,,,,,,,,,Facharzt,Radiologie,,,mara.fischer@web.de,+49 1449061882,,48113-11-21 00:00:01,17j3dfmhby1trvkmqy6k0ua4th4z08,
737,Zimmermann,Nina,,interested,,,,,,,,,,,,,,,,Facharzt,Radiologie,,Interesse an einer MVZ Stelle aber nur in Köln,nina.zimmermann@outlook.com,+49 1745750366,,48113-11-21 00:00:01,1i9wmbkxnm1qei0jeiwx2kojrfuegr,
738,Becker,Alina,Dr.,contacted,,,,,,,,,,,,,,,,Facharzt,Radiologie,,,alina.becker@web.de,+49 1698974872,,48113-11-21 00:00:01,02r3yqvfdl118prs9sd80mjbfekv9u,
743,Schulz,Julia,,contacted,,,,,,,,,,,,,,Freelancer,,Facharzt,Radiologie,Freelancer,nur Teleradiologie - Kontakt über Dr. Scholz,julia.schulz@yahoo.de,+49 1639329112,,48113-11-21 00:00:01,14pruzlojk2ea8scsinr1lvxyd5ypx,
742,Schwarz,Nina,Dr.,contacted,,,,,,,,,,"hamburg, niedersachsen, schleswig, schleswig-holstein",,"Niedersachsen, Schleswig-Holstein, Hamburg",,,,Facharzt,Radiologie,,nur Chefarztpositionen,nina.schwarz@gmail.com,+49 1687927688,,48113-11-21 00:00:01,1kihiut5gz1wu6gl8o242qcl55rlwu,
745,Klein,Laura,Dr.,contacted,,,,,,,,,,"berlin, brandenburg",,"Brandenburg, Berlin",,,"Ltd. OA, Standortleiter",Facharzt,Radiologie,,,laura.klein@yahoo.de,+49 1450269942,,48113-11-21 00:00:01,2l0hno60n50idpybuhjt1ljwlyc3lg,
746,Schulz,Laura,Dr.,interested,,,,,,,,,,hessen,,Hessen,,,"Ltd. OA, Standortleiter",Facharzt,Radiologie,,in Osthessen - Fulda zurzeit - offen für neues,laura.schulz@gmail.com,+49 1712361412,,48113-11-21 00:00:01,1z86z57d56057q6qjzm4183dh3uxcf,
748,Schmidt,Clara,,contacted,,,,,,,,,,baden-württemberg,,Baden-Württemberg,,MTRA / MFA / sonstige,,MTRA,Radiologie,MTRA,"befindet sich aktuell 05/2022 noch in Anerkennung, endet in 2 Monaten",clara.schmidt@gmail.com,+49 1336932464,,48113-11-21 00:00:01,24n6icizyf16ly32h49122vlvnweo7,
744,Weber,Paula,PD Dr.,interested,,,,,,,,,,nordrhein-westfalen,,NRW,,Ltd. OA,"Chefarzt, Gesellschafter",Facharzt,Radiologie,will CA oder Praxis mit Beteiligung,"Wird bald Professor an der Uni Essen. Will entweder CA an mittelgroßer Klinik oder Praxis mit Teilhaberschaft. 
Hat Q2 Herz und Q2 Prostata. 
keine Neuro-Interventionen
Frau ist verbeamtete Lehrerin.
alles in NRW OK. 
ab 01.01.2026
Kann Diagnostik alles.",paula.weber@web.de,+49 1790596099,,2025-07-02 23:59:00,0oz95zb4eh0mssx1iy7f0bfzadftki,Tel.
747,Weber,Lena,,contacted,,,,,,,,,,nordrhein-westfalen,,NRW,,Oberarzt,"Oberarzt, Ltd. OA, Standortleiter",Facharzt,Radiologie,,,lena.weber@web.de,+49 1079244203,,48113-11-21 00:00:01,0vjhh19fba1puk04k1m91z5rdmvxqd,
783,Bauer,Mara,,contacted,,,,,,,,,,hamburg,,,,"Oberarzt, Standortleiter","Ltd. OA, Standortleiter, Gesellschafter",Facharzt,Radiologie,Hamburg,,mara.bauer@yahoo.de,+49 1360970000,,2025-07-15 23:59:00,2fod3cl7qj0hk9ddf3zw1m4pb8o3db,LinkedIn
758,Koch,Isabella,Dr.,interested,,,,,,,,,,mecklenburg-vorpommern,,Mecklenburg-Vorpommern,,Facharzt,"Ltd. OA, Standortleiter, Gesellschafter",Facharzt,Radiologie,Güstrow und Umgebung,"Tel. am 22.02.2025
leifels@mail.de
seit 2021 FA

Arbeitet bei Radiologie Packebusch - https://radiologie-packebusch.de/schwerpunkte/
Hat dort das Angebot als Gesellschafter einzusteigen. 
Familie hat dort gerade ein Haus gekauft

Pain-Point- will eigentlich auch interventionell arbeiten, was er in der Praxis aktuell nicht kann
Kann allgemeine interventionelle Radiologie. Würde akute interventionelle Neuroradiologie auch gerne lernen. 
Wismar und Lübeck leider zu weit weg. Rostock und Krakow am See schon selbst beworben. 
Gerne in Kontakt bleiben, falls wir etwas in der Umgebung sehen. 

Ansonsten falls er Gesellschafter wird unsere Konditionen mitgeteilt: 25% - 50% bei Vertrag/25 Antritt/25 3M.",isabella.koch@web.de,+49 1370215971,,2025-02-22 23:59:00,0gxvchnaqe01tgfuo4w8147cvj3jv7,Tel.
759,Schwarz,Lea,,interested,,,,,,,,,,"schleswig, schleswig-holstein",,Schleswig-Holstein,,Facharzt,"Facharzt, Oberarzt, Ltd. OA, Standortleiter",Facharzt,Radiologie,Flensburg 30 Min.,"Alex: Kontakt über Linkedin: Radiologe , MSK, kein Neuro, 30 Minuten um Flensburg da familiär gebunden.",lea.schwarz@yahoo.de,+49 1936906031,,2025-02-20 23:59:00,0dgpi3vnkk1584dgx32v13haprhopr,LinkedIn
755,Wagner,Alina,,Hot / is searching,,warte auf Rückmeldung,,,,,,,,nordrhein-westfalen,,NRW,,Oberarzt,"Facharzt, Oberarzt, Ltd. OA, Standortleiter",Facharzt,Radiologie,Ltd. OA / Standortleiter oder Teilhaberschaft,"Tel. Hilden Leiter MVZ angeboten. Email gesendet. Warte auf Rückmeldung.

Springer per Email aneboten aber abgelehnt weil zu wenig Gehalt. Verdient 170 will 180-190
allg interventionelle und diagnostische Radiologie. Keine interv Neuroradiologie. 
Umzug nur bei sehr gutem Angebot. Sonst 100 km Radius. Will Standortleiter, Praxis übernahme Option oder Ltd. OA Klinik.

16.04.2025 - Tel. Will erstmal in Uniklinik bleiben. will zum Jahresende 2025 nochmal überlegen. Gerne früher wenn wir ein anderes Angebot mit Angiograohie und Diagnostik haben. 

170 jetzt mit Dienste Rufbereitschaft
3 m zum qende oder 
FA De 3 Jahre
europäisches diplop

Arbeitet aktuell an der Uniklinik Köln. Pain Point ist die sehr hohe Arbeitsbelastung und möchte mehr verdienen. 
War in Ägypten Radiologe. Seit 2 Jahren jetzt in DE FA. Seit fast 2 Jahren macht an der Uni Interventionelle Radiologie alles, PTA, Embolisationen, Angios. Will weniger arbeiten und mehr Geld. 
Wohnt in Bergisch Gladbach.",alina.wagner@web.de,+49 1395554923,,2025-12-19 23:59:00,0nde53v1zn1f36fxxueh0zmuf93l5z,Tel.
756,Klein,Klara,Dr.,interested,,wir bekommen bis Ender der Woche Bescheid,,,,,,,,CH,True,Schweiz,,Oberarzt,Oberarzt,Facharzt,Radiologie,sucht in CH,"selbst bewoben bei: 
Spital Rheinfelden, GZF
Spital Wetzikon
Spital Bern
Spital Uster 
KSAaau
Spital Zollikoberg
KSBaden
KSObwalden in Samen
Spital FMI Interlaken
Scheizer paraplegiger zentrum notrie
USBasel
Spital Bülach
Spitla Zentrum Biel 
Zentrum für Bildiagnostik Basel
Bethesda Spital Bade  
St Clara Spital Basel
Radiologie Salempark 
Spital Mennedorf
Spital Schaffhausen
Spital Thun 
Hospital Morges

Der Kollege ist gebürtiger Deutscher, promoviert und hat den Grossteil (5 Jahre) seiner Weiterbildung zum Facharzt an unterschiedlichen Ausbildungsspitälern in der Schweiz absolviert. Im Anschluss daran war er drei Jahre als Oberarzt an einem Ausbildungsspital tätig, sodass die Berufsausübungsbewilligung kein Problem sein sollte. 

Er verfügt über fundierte Erfahrung in den Bereichen CT, Röntgen und Ultraschall, sowie im Schädel- und Wirbelsäule-MRI. Zu beachten bleibt, dass er sich eine kollegiale Einarbeitung im Bereich MSK-MRI wünschen würde, um anschließend auch dort selbstständig tätig zu sein. Gerne finde ich noch heraus, welche Erfahrung er in der Mammographie hat. 

Vor diesem Hintergrund passt es vielleicht gut, dass er ab sofort verfügbar ist. Meine Idee war, dass er bei einer kurzfristigen Anstellung bei Ihnen genau die Zeit bis Ende Juli /Ende September haben wird, um sich bestmöglich einzuarbeiten. 

Des Weiteren wurde in unserem Gespräch deutlich, dass er sich ein Pensum vom 80% wünscht und bei der Gestaltung flexibel ist. Für ihn wäre es von Interesse, bei Ihnen 80 % der Zeit durchgehend zu arbeiten und die verbleibenden 20 % am Stück als Freizeit zu nutzen. Selbstverständlich besteht zu einem späteren Zeitpunkt die Möglichkeit, in einem weiterführenden Gespräch die verschiedenen Modelle miteinander abzustimmen.
Gleichzeitig würde er sich freuen, wenn er bei Ihnen vorzugsweise in den Spätschichten arbeiten könnte. Vielleicht ist dieser Punkt interessant, weil mir eher Ärzte begegnen, die lieber früher anfangen, um dann früher Feierabend zu haben. 

Bezüglich der Vergütung sind wir so verblieben, dass zunächst die gewünschten Aufgaben und Rahmenbedingungen abgestimmt werden sollten, bevor man dann eine Aussage zur Vergütung geben kann. Zu diesem Zweck hatte er mich noch um Auskunft darüber gebeten, wie viele Kollegen es im Team gibt, welche Geräte eingesetzt werden und welche Untersuchungsanzahl man im Schnitt von einem Arzt erwartet.
Besteht bei Ihnen weiterhin die Möglichkeit, dass ein Arzt während der Arbeitswoche in einem zur Verfügung gestellten Dienstapartment lebt? 

Mein persönlicher Eindruck im Gespräch war, dass er sich sehr gut vorbereitet hat und genau wusste, welche Information ihm wichtig ist. Er ist in seiner Art eher ruhig und macht einen überlegten und disziplinierten Eindruck. Gleichzeitig wurde deutlich, dass er viel Wert auf Kollegialität und eine patienten- und mitarbeiterfreundliche Atmosphäre legt. Es wurde weiterhin klar, dass er sich aus einem bisher klinischen Umfeld gerne in ein ambulantes Umfeld entwickeln möchte. Er sieht sich selbst als einen Diagnostiker, wobei ich im Folgenden gerne herausfinde, welche Erfahrungen er in der Durchführung von Biopsien, Arthrographien und der Schmerztherapien hat.",klara.klein@yahoo.de,+49 1352815235,,2025-05-13 23:59:00,0vyqzwv1gh0mv77acln50y3k6xqorq,Email
757,Fischer,Alina,,interested,,,,,,,,,,nordrhein-westfalen,,NRW,,Assistenzarzt,"Facharzt, Oberarzt",Assistenzarzt,Radiologie,will Beteiligung oder Geld - junger FA,"Hat ein Angebot aus Dortmund für 150k. Segali kann max 130k anbieten. 

Die Weiterbildungszeit endet im Juni. Daher frühester Prüfungstermin leider erst in der zweiten Septemberwoche. Ende September können wir gerne nochmal in Kontakt treten!",alina.fischer@outlook.com,+49 1571544023,,2025-07-28 23:59:00,0wsjivdpge1zohrhyaez1ivzjt9oio,Email
770,Neumann,Alina,Dr.,interested,,,,,,,,,,,,,,Facharzt,"Facharzt, Ltd. OA, Standortleiter, Gesellschafter",Facharzt,Radiologie,SP Mammographie,s.h. Lin,alina.neumann@gmail.com,+49 1916049355,,2025-05-30 23:59:00,20z6lgaj3q169tff2vfn28aw4m523n,LinkedIn
778,Schneider,Mila,,interested,,,,,,,,,,,,,,Facharzt,"Facharzt, Oberarzt, Ltd. OA, Standortleiter, Gesellschafter",Facharzt,Radiologie,nur Teleradiologie,"Ist wieder in DE, hat eine Stelle, sucht Teleradiologisch

Aus familiären Gründen muss ich ins Ausland ( Aserbeidschan) umziehen und bin auf der Suche nach einer Stelle in der Teleradiologie. MfG Magsudov",mila.schneider@gmail.com,+49 1676198908,,2025-10-27 23:59:00,2g4kn9rba40okbf0xtcj2k6bw029qa,LinkedIn
775,Zimmermann,Lea,,interested,,,,,,,,,,thüringen,False,Thüringen,,Facharzt,"Facharzt, Ltd. OA, Standortleiter",Facharzt,Radiologie,nur Erfurt (Thüringen) oder Teleradiologie,ist mit Fam. in Erfurt Gebiet gebunden. Arbeitet 70%. Offen für Teleradiologie.,lea.zimmermann@web.de,+49 1325116820,,2025-07-14 23:59:00,0g854xnf520yk0kzrrtk0ogem47lo4,Tel.
765,Schulz,Mara,,interested,,bei Segali vorgestellt,,,,,,,,nordrhein-westfalen,True,NRW,,,Assistenzarzt,Assistenzarzt,Radiologie,AÄ i.A. NRW,"Frau Talakhadze hat über 10 Jahre Erfahrung als Radiologin in Georgien und der Ukraine und bring fundierte Fachkenntnisse in der Diagnostischen Radiologie mit. Sie hat Ihre Fachsprachprüfung bestanden und besitzt eine Berufserlaubnis in Bayern. Gerne möchte sie in Zukunft jedoch eine Vollzeitstelle in NRW antreten. 

Sie spricht ausreichend Deutsch, um sich ohne Probleme zu verständigen und lernt aktuell täglich 8 Stunden. Des Weiteren hat sie ihre Unterlagen im September 2024 zum Gutachten für ihre Approbation eingereicht und bereitet sich parallel auf die Fachkenntnisprüfung vor. Nach der Approbation würde sie ihre Unterlagen für die Anerkennung ihrer Erfahrung für den Facharzt einreichen.",mara.schulz@yahoo.de,+49 1839703624,,2025-05-07 23:59:00,2hfdy4knos0ntxem04we08pyugyts3,Tel.
766,Müller,Johanna,Dr.,contacted,,,,,,,,,,"bonn, nordrhein-westfalen",False,NRW,,Facharzt,"Facharzt, Standortleiter",Facharzt,Radiologie,Bonn und Umgebung,"Geht zu LifeLink nach Koblenz

Strahleninstitut angeboten - nein, haben ihn in Prüm lange hingehalten. in 1 Jahr geht dort die Leitung. 

Wohnort Bonn : 30 Minuten Fahrzeit 
Diagnostisch. Kann MSK, ganzkörper Voruntersuchung, onkologisch. Kann gerne Neuro + Kinder lernen. 
Kein mamma, herz, prostata
Wegen Düren schon mit Headhunter im Gespräch aber zu weit. 
will 162k
gernre HomeOffice
arbeitet jetzt bei GFO
KF ist 2 Wochen, ist in Probezeit
kann zum 01.07.25 anfangen.",johanna.müller@web.de,+49 1761595444,,2025-08-28 23:59:00,1d3c5chvsv0l7sgpm3180xryqi8cmg,Email
788,Müller,Isabella,Dr.,contacted,,,,,,,,,,,,,,,,Facharzt,Radiologie,keine Rückmeldung,Macht Reisemedizin,isabella.müller@outlook.com,+49 1959121818,,2025-07-15 23:59:00,0mldltuaxj0imstfcwjo1hx556agwv,LinkedIn
789,Krüger,Lena,,contacted,,,,,,,,,,,,,,,,Assistenzarzt,Radiologie,AA,,lena.krüger@web.de,+49 1966905918,,2025-07-15 23:59:00,0lisys2eh81t5m4oa2b519h9y9nd6d,LinkedIn
790,Wolf,Paula,,contacted,,,,,,,,,,,,,,Facharzt,"Facharzt, Standortleiter",Facharzt,Radiologie,bei Radprax,,paula.wolf@web.de,+49 1880430244,,2025-07-15 23:59:00,0aa9ctu150002crsrzg70u4q3jsh1j,LinkedIn
794,Klein,Emma,Dr.,interested,,,,,,,,,,,,,,Chefarzt,"Chefarzt, Gesellschafter",Facharzt,Radiologie,will Beteiligung,"Wien abgesagt. Aktuell uninteressant

ist CA in Graz 1 Tag pro Woche und rest teleradiologische. Macht noch komplett teleradiologisch für ein Institut dazu. 
Kann alles außer Herz-MR, hier Einarbeitung.
Kann MSK, Prostata und Mamma MR.
Kfrist 3 Monate
verdient jetzt 255k
will Beteiligung langfristig. Wohnt in Wien

Einziger der Schnittbilder befunden teleradoiolooisch für ein Institut",emma.klein@gmail.com,+49 1479305244,,2025-08-28 23:59:00,0sgn4x5qh82rr1kyvw0j19dcbp2ynj,Email
797,Richter,Mara,Dr.,contacted,,,,,,,,,,,,,,Facharzt,"Ltd. OA, Standortleiter",Facharzt,Radiologie,,,mara.richter@web.de,+49 1337951038,,2025-07-31 23:59:00,0axut2mtjl0e8n182t6s26rwui15l9,LinkedIn
786,Schwarz,Clara,,interested,,,,,,,,,,"berlin, brandenburg",,"Brandenburg, Berlin",,Oberarzt,"Ltd. OA, Chefarzt, Standortleiter, Gesellschafter",Facharzt,Radiologie,Berlin und Umgebung noch für 2 Jahre,"Aktuell und voraussichtlich auch in den nächsten zwei Jahren kommt ein Ortswechsel für mich allerdings nicht infrage, da ich weiterhin in Berlin bleiben möchte.


Zukünftig könnte für mich jedoch eine Position in Berlin von Interesse sein..Sollten Sie eine entsprechende Gelegenheit sehen, würde ich mich über eine Benachrichtigung freuen.",clara.schwarz@web.de,+49 1535849915,,2025-07-15 23:59:00,1mnycb8h2w1wihpe79mv1bdcpogjrf,LinkedIn
787,Wolf,Elena,,contacted,,,,,,,,,,bremen,,Bremen,,Oberarzt,"Ltd. OA, Chefarzt, Standortleiter, Gesellschafter",Facharzt,Radiologie,Bremen und Umgebung,"Allerdings bin ich sowohl familiär als auch beruflich fest in Bremen verwurzelt. Zudem bietet meine aktuelle Position mir bereits ein breites Spektrum an Untersuchungen und fachlichen Herausforderungen. 
Daher sehe ich derzeit keine Veranlassung für einen Wechsel, möchte mich aber dennoch für Ihr Interesse und die Kontaktaufnahme bedanken. Ich wünsche Ihnen viel Erfolg bei der Besetzung der Stelle.",elena.wolf@outlook.com,+49 1914768089,,2025-07-15 23:59:00,09vh51f23c1l8d68jqv729q4az3r0a,LinkedIn
791,Hartmann,Julia,,contacted,,,,,,,,,,duisburg,,,,Oberarzt,"Oberarzt, Ltd. OA, Standortleiter",Facharzt,Radiologie,Duisburg,Duisburg,julia.hartmann@gmail.com,+49 1352855087,,2025-07-16 23:59:00,2cmt6ryrdt0kimjikq8n0wlhqbice7,LinkedIn
793,Koch,Lena,Dr.,interested,,,,,,,,,,nordrhein-westfalen,False,NRW,,Standortleiter,"Standortleiter, Gesellschafter",Facharzt,Radiologie,will Ärztlicher Direktor / Regionalleiter,"tel. ist Standortleiter ZRN. 
Frau ist Neurologin mit eigener Praxis und haben Kinder in der Schule. 
Kann sich vorstellen, ärztliche Leitung für mehrere Standorte zu übernehmen. Clusterleitung, Regionalleiter oder Beteiligung an Praxis. Alles in Rheinland oder NRW.
Aktuell ist das Team bei ZRN voll.",lena.koch@gmail.com,+49 1129843101,,2025-07-22 23:59:00,2kuytdbbbm24a91aflm41r96g22b78,Tel.
795,Hartmann,Paula,Dr.,interested,,,,,,,,,,"köln, nordrhein-westfalen",False,NRW,,Oberarzt,"Oberarzt, Standortleiter",Facharzt,Radiologie,Köln und Umgebung,"Tel. Engelskirchen ist zu weit. Gerne in Kontakt bleiben

62 Jahre alt seit 20 Jahren als OA 
will Keine Dienste mehr
Muss nicht leitend sein
OA Gehalt jetzt  140-150 inkl. Dienste 
Schnittbilddiagnostik seit 20 Jahren 
Auch Angios auch Rö und Sono
War 2 Jahre in Praxis 
Keine Mamma 
Kein Gyn
Kein Herz und kein Prostata
nur KH Spektrum",paula.hartmann@yahoo.de,+49 1094121585,,2025-07-28 23:59:00,0zzjzkoepc25drfgw4ni26w10to6qd,Tel.
796,Müller,Laura,Dr.,contacted,,,,,,,,,,lübeck,,,,Facharzt,"Oberarzt, Standortleiter",Facharzt,Radiologie,ist FA bei Uni Lübeck,Lin,laura.müller@outlook.com,+49 1076177677,,2025-07-24 23:59:00,1txju2fzr40njuy4f8rj2ascmhdsuw,LinkedIn
806,Zimmermann,Sophie,,interested,,,,,,,,,,,,,,"Oberarzt, Freelancer","Ltd. OA, Standortleiter",Facharzt,Radiologie,will Honorararzt,"mein Name ist Filip Albert Svoboda, derzeit Oberarzt am Klinikum Fichtelgebirge. Ihre Kontaktdaten habe ich von meiner ehemaligen Kollegin, Frau Dr. Asal Amaei, erhalten. Sie hat mir nämlich empfohlen, Sie bezüglich eines Arbeitsangebots zu kontaktieren.

Da die aktuelle Personalsituation im Klinikum mit einer sehr hohen Dienstbelastung verbunden ist, möchte ich mich nach Möglichkeiten einer Tätigkeit als Honorararzt erkundigen und wäre Ihnen für entsprechende Informationen oder Angebote dankbar.",sophie.zimmermann@web.de,+49 1552545553,,2025-09-09 23:59:00,1pqj9j4j6u1w1mfw020k26umdxm9uk,Email
809,Wagner,Lisa,,interested,,,,,,,,,,,,,,Freelancer,,MTRA,Radiologie,Freelancer,MTRA - ist ab November verfügbar,lisa.wagner@yahoo.de,+49 1225036174,,2025-09-16 23:59:00,0j0p1t6nqu1d53rxeo0u1fbvf10fo4,Tel.
802,Wagner,Mara,,interested,,,,,,,,,,hessen,,Hessen,,Standortleiter,"Facharzt, Oberarzt, Standortleiter",Facharzt,Radiologie,Frankfurt und Umgebung,"Vorgestellt bei Bader - Absage Email

alles bis 80km aber nur ambulant-
haben 2 Wohnungen in Offenbach
kann Prostata und MSK, Gefäße, Kopf, 
kein Sono
hat schon gekündigt. ab 01.01.2026 oder früher
FA seit 2008
will 185k",mara.wagner@web.de,+49 1877825018,,2025-08-29 23:59:00,0sofuzsm9u0m8g1750ei07kfonkiev,Email
803,Hartmann,Isabella,Dr.,interested,,,,,,,,,,hessen,False,Hessen,,Facharzt,"Standortleiter, Gesellschafter",Facharzt,Radiologie,Frankfurt und Umgebung,"wohnt in Norden Bad Nauheim, pendelradius
Leitung oder Beteiligung
Keine Klinik
Q1 Prostata und in dem Thema promoviert
Q2 Lungen
Kein Mamma 
Herz-CT an der Uni gemacht 
Herz-MRT auch könnte einarbeitern",isabella.hartmann@gmail.com,+49 1604592221,,2025-08-19 23:59:00,1m6tssgifj26e3kuct5g129geidb37,Tel.
805,Müller,Mara,,interested,,,,,,,,,,AT,,Österreich,,,,Facharzt,Radiologie,Radiologe in Wien,"Bader angebiten - will es sich überlegen und per Email CV senden

SP MSK 
hat Kardio Q1 und teilnahmebescheining herz
Bescheinigung für prostata auch

Zertifikat für mamma hat er nicht aber kann er mitmachen Mamma MRT hat auch Erfahrung
Lebt in Wien",mara.müller@web.de,+49 1767895617,,2025-09-03 23:59:00,24m65u4vmt0qa7jlr25d2cf5ouvex0,Tel.
807,Wolf,Clara,,interested,,,,,,,,,,AT,,Österreich,,Facharzt,"Oberarzt, Standortleiter, Gesellschafter",Facharzt,Radiologie,Wien,"gerade FA gemacht
sind vor 3 Jahren aus DE nach Wien gezogen. Sie kommt aus Norddeutschland und Mann ist Chirirg aus München. 
Hat eine super Stelle. in AUT werden die Dienste aus Arbeitszeit bezahlt. Also macht Sie eine Nacht und dann hat Sie schon 25 Str und restliche Tage geht sie um 13 nach hausen. Nur wien. haben kinder
Kennt selbst Bader",clara.wolf@web.de,+49 1824937886,,2025-09-10 23:59:00,0bs97poaod2b9o5ya7fx1mnk7e4171,Tel.
810,Klein,Elena,,interested,,,,,,,,,,"düsseldorf, nordrhein-westfalen",,NRW,,,,MTRA,Radiologie,Düsseldorf und Umgebung,"Bei FNK Düsseldorf abgelehnt weil sie keine Dienste machen will.

Frau Atashafroozneh wünscht sich eine neue berufliche Herausforderung in Düsseldorf, ab dem 01.01.2026 in Teilzeit – 32h/Woche, wobei sie gerne aus familiären Gründen einen ganzen Tag pro Woche frei hätte. Sie bringt fundierte Erfahrung im gesamten diagnostischen Spektrum inkl. MRT, CT, Röntgen und Digitale Mammographie mit, wobei sie viel Wert auf eine kollegiale und patientenorientierte Umgebung legt. 

Ihr Wunschgehalt auf eine Vollzeitstelle gerechnet sind 4600€.",elena.klein@web.de,+49 1329195483,,2025-09-29 23:59:00,0f8bi9ckib1r1xcnu4cp1558tept7t,Tel.
816,Schulz,Clara,Dr.,contacted,,,,,,,,,,,,,,Facharzt,"Facharzt, Standortleiter",Facharzt,Radiologie,,geschrieben weil er bei radiologie3 arbeitet.,clara.schulz@outlook.com,+49 1801512866,,2025-11-19 23:59:00,0sn10psou427z4ox4z240z7z4pjkzk,LinkedIn
817,Müller,Julia,,contacted,,,,,,,,,,,,,,Chefarzt,Chefarzt,Facharzt,Radiologie,CA,ist CA bei Städtisches Klinikum Görlitz gGmbH,julia.müller@yahoo.de,+49 1627022113,,2025-11-21 23:59:00,12spo6wp801ckbayf2ui1t1zefgtvn,LinkedIn
819,Hartmann,Alina,,interested,,,,,,,,,,,,,,"Facharzt, Oberarzt","Oberarzt, Standortleiter",Facharzt,Radiologie,FÄ Radiologie,"wohnt in Neuss. Wollte sich grundsätzlich orientieren und Ihren Preis auf dem Markt erfahren. Macht in der Klinik aktuell Mamma und will sich als Ärztin breit aufstellen. Kann auch Schnittbild und hat Q1 Herz MR, Q2 Herz CT. Man es in der Klinik zu arbeiten. Man Nofalldiagnostik. Macht Dienste aus dem Home Office. 
Springer Med360 angeboten. Gerne bei Lin in Verbindung bleiben.",alina.hartmann@yahoo.de,+49 1233980054,,2025-11-21 23:59:00,1zyg3r93xf2domi0ba9q0bla7ztcp1,Tel.
820,Schulz,Mila,,interested,,,,,,,,,,,,,,Facharzt,,Facharzt,Radiologie,nur Teleradiologie,"Will nach Dubai, deshalb nur Interesse an der Teleradiologie.
Ist bei Med360 als Springer",mila.schulz@web.de,+49 1299996321,,2025-11-27 23:59:00,0ap8anxttu1fg7j14f8w0pkdn3nz93,Tel.
821,Hoffmann,Johanna,,contacted,,,,,,,,,,,,,,Facharzt,Ltd. OA,Facharzt,Radiologie,Interventionelle Radiologie,bei Lin geschrieben,johanna.hoffmann@gmail.com,+49 1401802776,,2025-11-28 23:59:00,0oxb088tnw18sc0wk5h514egaw3q0a,LinkedIn
822,Fischer,Lena,,contacted,,,,,,,,,,,,,,Assistenzarzt,"Facharzt, Oberarzt",Assistenzarzt,Radiologie,AA Radiologie,Lin,lena.fischer@web.de,+49 1985034051,,2025-11-28 23:59:00,0n070jfv9p189o5embpp03rgltabyb,LinkedIn
823,Schneider,Isabella,Dr.,interested,,,,,,,,,,,,,,Facharzt,"Oberarzt, Ltd. OA",Facharzt,Radiologie,FA Rad und Interventionelle Radiologie,"Modul D
Vielen Dank für ihre Nachricht und die Vermittlung des Angebotes. Kurz- bis Mittelfristig werde ich eine neuroradiologische Aausbildung nicht realisieren, daher fehlen mir leider sehr spezifische Skills für die beschriebene Stelle.",isabella.schneider@outlook.com,+49 1846247507,,2025-12-08 23:59:00,0p7h1856vj1ebtcowbhp21faj22g5o,LinkedIn
824,Krüger,Maria,PD Dr.,contacted,,,,,,,,,,,,,,Oberarzt,"Ltd. OA, Chefarzt",Facharzt,Radiologie,FA Rad,wg Mergen angeschrieben,maria.krüger@web.de,+49 1592922617,,2025-12-08 23:59:00,0p9we40skl20spa471xy094y0je824,LinkedIn
825,Schwarz,Johanna,PD Dr.,contacted,,,,,,,,,,,,,,Oberarzt,"Ltd. OA, Chefarzt, Standortleiter, Gesellschafter",Facharzt,Radiologie,FA Rad,"Oberärztin
Stv. Leitung Computertomographie
Lehr-Koordinatorin
Fachärztin für Radiologie
Stufe-1-Zertifikat der DeGIR
Q2-Zertifikat der DRG für Herz CT und Herz MRT
Q2-Zertifikat der DRG für Lungenkrebsfrüherkennung
Q1-Zertifikat der DRG für Prostata MRT und Muskuloskelettale Radiologie",johanna.schwarz@outlook.com,+49 1455867583,,2025-12-10 23:59:00,1i4yvo7e7f1tktexgnb00c3maq792b,LinkedIn
826,Schwarz,Mara,,Hot / is searching,,warte auf Rückmeldung,,,,,,,,,,,,Oberarzt,"Ltd. OA, Standortleiter",Facharzt,Radiologie,FA Rad,"verdient jetzt mit Diensten 210k
Wismar angeboten. Will es sich überlegen und sich melden.",mara.schwarz@yahoo.de,+49 1914861563,,2026-01-05 23:59:00,028b4mxmx9060j5klt3b13roa598jh,Tel.
829,Weber,Nina,,,,,,,,,,,,,,,,,,,,,,nina.weber@yahoo.de,+49 1242636801,,48113-11-21 00:00:01,,
830,Wagner,Paula,,,,,,,,,,,,,,,,,,,,,,paula.wagner@gmail.com,+49 1044967735,,48113-11-21 00:00:01,,
813,Zimmermann,Nina,Dr.,interested,,,,,,,,,,DE,True,"ganz Deutschland, Österreich, Schweiz",,Facharzt,"Facharzt, Oberarzt, Standortleiter",Facharzt,Radiologie,Mannheim Heidelberg,"Springer Rheinland abgesagt wg Familie und Umzug. 144k gesagt.
Wohnt mit Familie bei Mannheim
3M zum QEnde
01.04.2026 Anfang wäre möglich",nina.zimmermann@web.de,+49 1966468766,,2025-10-27 23:59:00,0zhkrtljbl0617vm5uvw0fbeo8bygu,Email
814,Klein,Mila,Dr.,interested,,,,,,,,,,DE,,"ganz Deutschland, Österreich, Schweiz",,Freelancer,Ltd. OA,Facharzt,Radiologie,Freelancer,"Mein Name ist Dr. Lateri , ich bin Facharzt für Radiologie mit umfassender und langjähriger Erfahrung im gesamten Spektrum der diagnostischen Radiologie – insbesondere in der Schnittbilddiagnostik mittels CT und MRT.
 
Aktuell bin ich deutschlandweit sowie in der Schweiz als Oberarzt und Chefarztvertretung tätig. Gerne möchte ich Sie sowohl im Regel- als auch im Rufdienst unterstützen und biete Ihnen meine Einsatzbereitschaft flexibel an.
 
Ein befristeter Vertrag direkt mit Ihnen – ohne Einschaltung einer Vermittlungsagentur oder Vermittlungsgebühren – ist für mich jederzeit möglich. Die Abrechnung kann gerne auf Stundenbasis und je nach Bedarf erfolgen.
Meine Handynummer lautet 017626950358
 
Ich freue mich auf Ihre Rückmeldung und eine mögliche Zusammenarbeit",mila.klein@web.de,+49 1630113354,,2025-11-10 23:59:00,1trxgr6jx90zfy6ha0ew0bs3yn16zq,Email
815,Hartmann,Clara,Prof. Dr.,interested,,,,,,,,,,DE,True,ganz Deutschland,,Facharzt,Facharzt,Facharzt,Radiologie,"ist 83J alt, für alles offen",ist für alles offen. Albert hat abgelehnt,clara.hartmann@yahoo.de,+49 1163545132,,2025-11-10 23:59:00,0suq4362ua2d44fmjj5y1ze8veo3jr,Email
818,Zimmermann,Klara,PD Dr.,interested,,,,,,,,,,nordrhein-westfalen,,NRW,,Chefarzt,"Chefarzt, Standortleiter, Gesellschafter",Facharzt,Radiologie,ist ÄL bei Evidia,Alex sieht bei Recruiter Pro dass er offen ist und sich umschaut,klara.zimmermann@gmail.com,+49 1086938959,,2025-11-21 23:59:00,25320lxve801kcxztmrh24vbqy8d9t,LinkedIn
